date,state,energy_met_mu
2013-04-01,Karnataka,159.4
2013-04-02,Karnataka,164.6
2013-04-03,Karnataka,163.7
2013-04-04,Karnataka,161.8
2013-04-05,Karnataka,163.3
2013-04-06,Karnataka,161.1
2013-04-07,Karnataka,161.2
2013-04-08,Karnataka,169.6
2013-04-09,Karnataka,172.1
2013-04-10,Karnataka,169.7
2013-04-11,Karnataka,162.4
2013-04-12,Karnataka,169.3
2013-04-13,Karnataka,172.2
2013-04-14,Karnataka,167.2
2013-04-15,Karnataka,170.8
2013-04-16,Karnataka,169.6
2013-04-17,Karnataka,170.7
2013-04-18,Karnataka,171.2
2013-04-19,Karnataka,166.7
2013-04-20,Karnataka,169.5
2013-04-21,Karnataka,161.7
2013-04-22,Karnataka,167.4
2013-04-23,Karnataka,169.4
2013-04-24,Karnataka,164.2
2013-04-25,Karnataka,156.8
2013-04-26,Karnataka,149.4
2013-04-27,Karnataka,156.3
2013-04-28,Karnataka,149.0
2013-04-29,Karnataka,153.8
2013-04-30,Karnataka,158.6
2013-05-01,Karnataka,153.7
2013-05-02,Karnataka,160.2
2013-05-03,Karnataka,163.2
2013-05-04,Karnataka,167.7
2013-05-05,Karnataka,164.2
2013-05-06,Karnataka,165.5
2013-05-07,Karnataka,168.9
2013-05-08,Karnataka,167.7
2013-05-09,Karnataka,146.4
2013-05-10,Karnataka,149.5
2013-05-11,Karnataka,147.1
2013-05-12,Karnataka,141.8
2013-05-13,Karnataka,156.8
2013-05-14,Karnataka,159.4
2013-05-15,Karnataka,162.4
2013-05-16,Karnataka,162.3
2013-05-17,Karnataka,168.5
2013-05-18,Karnataka,162.9
2013-05-19,Karnataka,146.3
2013-05-20,Karnataka,149.4
2013-05-21,Karnataka,142.3
2013-05-22,Karnataka,152.8
2013-05-23,Karnataka,150.8
2013-05-24,Karnataka,160.8
2013-05-25,Karnataka,159.0
2013-05-26,Karnataka,148.5
2013-05-27,Karnataka,147.7
2013-05-28,Karnataka,146.4
2013-05-29,Karnataka,141.9
2013-05-31,Karnataka,139.9
2013-06-02,Karnataka,117.4
2013-06-04,Karnataka,131.1
2013-06-05,Karnataka,135.5
2013-06-06,Karnataka,132.6
2013-06-07,Karnataka,134.9
2013-06-08,Karnataka,130.9
2013-06-09,Karnataka,121.8
2013-06-10,Karnataka,136.7
2013-06-11,Karnataka,138.6
2013-06-12,Karnataka,137.7
2013-06-13,Karnataka,135.7
2013-06-14,Karnataka,136.6
2013-06-15,Karnataka,135.6
2013-06-16,Karnataka,127.0
2013-06-17,Karnataka,140.9
2013-06-18,Karnataka,146.8
2013-06-19,Karnataka,147.9
2013-06-20,Karnataka,148.5
2013-06-21,Karnataka,151.2
2013-06-22,Karnataka,148.6
2013-06-23,Karnataka,140.7
2013-06-24,Karnataka,145.9
2013-06-25,Karnataka,141.3
2013-06-26,Karnataka,142.7
2013-06-27,Karnataka,143.9
2013-06-29,Karnataka,148.0
2013-06-30,Karnataka,140.8
2013-07-01,Karnataka,148.8
2013-07-02,Karnataka,150.4
2013-07-03,Karnataka,147.4
2013-07-04,Karnataka,145.0
2013-07-05,Karnataka,150.0
2013-07-06,Karnataka,149.0
2013-07-07,Karnataka,137.8
2013-07-08,Karnataka,144.5
2013-07-09,Karnataka,148.1
2013-07-10,Karnataka,147.1
2013-07-11,Karnataka,140.5
2013-07-12,Karnataka,138.8
2013-07-13,Karnataka,136.2
2013-07-14,Karnataka,130.3
2013-07-15,Karnataka,141.9
2013-07-16,Karnataka,141.1
2013-07-17,Karnataka,141.4
2013-07-18,Karnataka,138.6
2013-07-19,Karnataka,137.0
2013-07-20,Karnataka,132.5
2013-07-21,Karnataka,124.5
2013-07-22,Karnataka,136.5
2013-07-23,Karnataka,129.8
2013-07-24,Karnataka,131.5
2013-07-25,Karnataka,136.3
2013-07-26,Karnataka,135.0
2013-07-28,Karnataka,124.0
2013-07-29,Karnataka,134.9
2013-07-30,Karnataka,137.4
2013-07-31,Karnataka,137.5
2013-08-01,Karnataka,137.2
2013-08-02,Karnataka,140.8
2013-08-03,Karnataka,140.6
2013-08-04,Karnataka,131.4
2013-08-05,Karnataka,138.2
2013-08-06,Karnataka,143.0
2013-08-07,Karnataka,145.5
2013-08-08,Karnataka,147.4
2013-08-09,Karnataka,146.3
2013-08-10,Karnataka,143.8
2013-08-11,Karnataka,139.2
2013-08-12,Karnataka,144.0
2013-08-14,Karnataka,147.3
2013-08-15,Karnataka,145.5
2013-08-16,Karnataka,141.5
2013-08-17,Karnataka,139.8
2013-08-18,Karnataka,137.2
2013-08-19,Karnataka,139.8
2013-08-20,Karnataka,148.6
2013-08-21,Karnataka,153.4
2013-08-22,Karnataka,155.4
2013-08-23,Karnataka,156.4
2013-08-24,Karnataka,155.1
2013-08-25,Karnataka,147.7
2013-08-26,Karnataka,161.8
2013-08-27,Karnataka,164.6
2013-08-30,Karnataka,171.9
2013-08-31,Karnataka,166.1
2013-09-01,Karnataka,150.0
2013-09-02,Karnataka,150.5
2013-09-03,Karnataka,144.2
2013-09-04,Karnataka,145.8
2013-09-05,Karnataka,148.9
2013-09-06,Karnataka,151.0
2013-09-07,Karnataka,146.0
2013-09-08,Karnataka,130.0
2013-09-09,Karnataka,119.1
2013-09-10,Karnataka,124.2
2013-09-11,Karnataka,126.1
2013-09-12,Karnataka,126.1
2013-09-13,Karnataka,124.7
2013-09-15,Karnataka,113.4
2013-09-16,Karnataka,124.6
2013-09-17,Karnataka,126.8
2013-09-18,Karnataka,127.3
2013-09-19,Karnataka,125.0
2013-09-21,Karnataka,123.0
2013-09-22,Karnataka,116.5
2013-09-24,Karnataka,139.7
2013-09-25,Karnataka,147.8
2013-09-26,Karnataka,152.6
2013-09-27,Karnataka,156.7
2013-09-28,Karnataka,156.6
2013-09-29,Karnataka,149.4
2013-09-30,Karnataka,157.9
2013-10-01,Karnataka,158.4
2013-10-02,Karnataka,147.8
2013-10-03,Karnataka,155.5
2013-10-04,Karnataka,160.3
2013-10-05,Karnataka,158.1
2013-10-06,Karnataka,148.5
2013-10-07,Karnataka,160.4
2013-10-08,Karnataka,158.6
2013-10-09,Karnataka,157.6
2013-10-10,Karnataka,159.8
2013-10-11,Karnataka,164.8
2013-10-12,Karnataka,158.7
2013-10-13,Karnataka,151.9
2013-10-14,Karnataka,150.8
2013-10-16,Karnataka,155.4
2013-10-17,Karnataka,155.2
2013-10-18,Karnataka,157.5
2013-10-19,Karnataka,156.2
2013-10-20,Karnataka,145.2
2013-10-21,Karnataka,151.2
2013-10-22,Karnataka,146.0
2013-10-23,Karnataka,138.1
2013-10-24,Karnataka,133.8
2013-10-25,Karnataka,132.9
2013-10-26,Karnataka,127.5
2013-10-27,Karnataka,121.4
2013-10-28,Karnataka,134.1
2013-10-29,Karnataka,140.8
2013-10-30,Karnataka,143.8
2013-10-31,Karnataka,150.8
2013-11-01,Karnataka,144.4
2013-11-02,Karnataka,144.5
2013-11-03,Karnataka,136.3
2013-11-04,Karnataka,137.0
2013-11-05,Karnataka,151.5
2013-11-06,Karnataka,159.5
2013-11-07,Karnataka,164.8
2013-11-08,Karnataka,168.6
2013-11-09,Karnataka,168.0
2013-11-10,Karnataka,161.1
2013-11-11,Karnataka,168.9
2013-11-12,Karnataka,172.6
2013-11-13,Karnataka,171.7
2013-11-14,Karnataka,172.4
2013-11-15,Karnataka,172.5
2013-11-16,Karnataka,166.4
2013-11-17,Karnataka,150.2
2013-11-18,Karnataka,162.0
2013-11-19,Karnataka,164.7
2013-11-20,Karnataka,168.4
2013-11-21,Karnataka,166.8
2013-11-22,Karnataka,172.0
2013-11-23,Karnataka,169.6
2013-11-24,Karnataka,152.9
2013-11-25,Karnataka,163.9
2013-11-26,Karnataka,166.3
2013-11-27,Karnataka,166.9
2013-11-28,Karnataka,168.1
2013-11-29,Karnataka,150.7
2013-11-30,Karnataka,160.4
2013-12-01,Karnataka,157.8
2013-12-02,Karnataka,160.8
2013-12-03,Karnataka,165.2
2013-12-04,Karnataka,167.1
2013-12-05,Karnataka,168.0
2013-12-06,Karnataka,170.2
2013-12-07,Karnataka,168.2
2013-12-08,Karnataka,161.6
2013-12-09,Karnataka,169.1
2013-12-10,Karnataka,168.9
2013-12-11,Karnataka,171.7
2013-12-12,Karnataka,169.4
2013-12-13,Karnataka,174.4
2013-12-14,Karnataka,171.8
2013-12-15,Karnataka,164.5
2013-12-16,Karnataka,167.5
2013-12-17,Karnataka,168.9
2013-12-18,Karnataka,165.7
2013-12-19,Karnataka,160.4
2013-12-20,Karnataka,163.3
2013-12-21,Karnataka,168.3
2013-12-22,Karnataka,165.5
2013-12-23,Karnataka,173.2
2013-12-24,Karnataka,173.5
2013-12-25,Karnataka,172.0
2013-12-26,Karnataka,176.6
2013-12-27,Karnataka,177.5
2013-12-28,Karnataka,174.8
2013-12-29,Karnataka,166.3
2013-12-30,Karnataka,174.8
2013-12-31,Karnataka,177.3
2014-01-08,Karnataka,181.5
2014-01-09,Karnataka,182.4
2014-01-10,Karnataka,184.9
2014-01-11,Karnataka,183.6
2014-01-12,Karnataka,175.4
2014-01-13,Karnataka,182.0
2014-01-14,Karnataka,181.5
2014-01-15,Karnataka,177.5
2014-01-16,Karnataka,182.0
2014-01-17,Karnataka,184.6
2014-01-18,Karnataka,182.4
2014-01-19,Karnataka,174.2
2014-01-20,Karnataka,181.4
2014-01-21,Karnataka,180.4
2014-01-22,Karnataka,182.1
2014-01-23,Karnataka,183.2
2014-01-24,Karnataka,185.8
2014-01-25,Karnataka,184.5
2014-01-26,Karnataka,173.2
2014-01-27,Karnataka,181.1
2014-01-28,Karnataka,185.9
2014-01-29,Karnataka,187.9
2014-01-30,Karnataka,180.4
2014-01-31,Karnataka,185.2
2014-02-01,Karnataka,184.4
2014-02-02,Karnataka,175.8
2014-02-03,Karnataka,187.3
2014-02-04,Karnataka,188.9
2014-02-05,Karnataka,188.6
2014-02-06,Karnataka,185.5
2014-02-07,Karnataka,186.6
2014-02-08,Karnataka,184.0
2014-02-09,Karnataka,178.2
2014-02-10,Karnataka,186.1
2014-02-11,Karnataka,193.2
2014-02-12,Karnataka,192.5
2014-02-13,Karnataka,194.0
2014-02-14,Karnataka,194.9
2014-02-15,Karnataka,191.1
2014-02-16,Karnataka,181.4
2014-02-17,Karnataka,190.0
2014-02-18,Karnataka,192.1
2014-02-19,Karnataka,192.8
2014-02-20,Karnataka,192.6
2014-02-21,Karnataka,192.6
2014-02-22,Karnataka,192.3
2014-02-23,Karnataka,187.9
2014-02-24,Karnataka,191.3
2014-02-25,Karnataka,194.0
2014-02-26,Karnataka,190.5
2014-02-27,Karnataka,187.4
2014-02-28,Karnataka,186.5
2014-03-01,Karnataka,182.4
2014-03-02,Karnataka,172.8
2014-03-03,Karnataka,176.7
2014-03-04,Karnataka,178.7
2014-03-05,Karnataka,181.4
2014-03-06,Karnataka,179.5
2014-03-07,Karnataka,175.2
2014-03-08,Karnataka,159.8
2014-03-09,Karnataka,151.1
2014-03-10,Karnataka,165.6
2014-03-11,Karnataka,173.6
2014-03-12,Karnataka,176.6
2014-03-13,Karnataka,182.1
2014-03-14,Karnataka,188.3
2014-03-15,Karnataka,187.6
2014-03-16,Karnataka,179.6
2014-03-17,Karnataka,189.5
2014-03-18,Karnataka,190.8
2014-03-19,Karnataka,192.3
2014-03-20,Karnataka,186.6
2014-03-21,Karnataka,188.4
2014-03-22,Karnataka,199.9
2014-03-23,Karnataka,193.2
2014-03-24,Karnataka,200.8
2014-03-25,Karnataka,199.2
2014-03-26,Karnataka,203.4
2014-03-27,Karnataka,203.2
2014-03-28,Karnataka,201.4
2014-03-29,Karnataka,202.4
2014-03-30,Karnataka,196.1
2014-03-31,Karnataka,194.8
2014-04-01,Karnataka,194.4
2014-04-02,Karnataka,197.2
2014-04-03,Karnataka,204.1
2014-04-04,Karnataka,205.0
2014-04-05,Karnataka,203.1
2014-04-06,Karnataka,193.3
2014-04-07,Karnataka,206.7
2014-04-08,Karnataka,201.2
2014-04-09,Karnataka,185.6
2014-04-10,Karnataka,185.9
2014-04-11,Karnataka,194.3
2014-04-12,Karnataka,191.6
2014-04-13,Karnataka,182.4
2014-04-14,Karnataka,190.0
2014-04-15,Karnataka,185.0
2014-04-16,Karnataka,188.5
2014-04-17,Karnataka,177.9
2014-04-18,Karnataka,168.2
2014-04-19,Karnataka,169.8
2014-04-20,Karnataka,159.8
2014-04-21,Karnataka,181.6
2014-04-22,Karnataka,191.4
2014-04-23,Karnataka,195.0
2014-04-24,Karnataka,196.3
2014-04-25,Karnataka,195.0
2014-04-26,Karnataka,181.8
2014-04-27,Karnataka,169.1
2014-04-28,Karnataka,179.9
2014-04-30,Karnataka,176.9
2014-05-01,Karnataka,162.3
2014-05-02,Karnataka,162.4
2014-05-03,Karnataka,162.7
2014-05-04,Karnataka,154.0
2014-05-05,Karnataka,170.2
2014-05-06,Karnataka,170.4
2014-05-07,Karnataka,169.3
2014-05-08,Karnataka,142.4
2014-05-09,Karnataka,134.0
2014-05-10,Karnataka,145.5
2014-05-11,Karnataka,145.0
2014-05-12,Karnataka,162.0
2014-05-13,Karnataka,170.0
2014-05-14,Karnataka,175.4
2014-05-15,Karnataka,182.1
2014-05-16,Karnataka,188.6
2014-05-17,Karnataka,178.5
2014-05-18,Karnataka,165.4
2014-05-19,Karnataka,171.2
2014-05-20,Karnataka,157.6
2014-05-21,Karnataka,154.3
2014-05-22,Karnataka,157.2
2014-05-23,Karnataka,168.5
2014-05-24,Karnataka,172.4
2014-05-25,Karnataka,159.4
2014-05-26,Karnataka,173.0
2014-05-27,Karnataka,166.4
2014-05-28,Karnataka,159.6
2014-05-29,Karnataka,158.0
2014-05-30,Karnataka,158.7
2014-05-31,Karnataka,158.6
2014-06-01,Karnataka,148.9
2014-06-02,Karnataka,153.8
2014-06-03,Karnataka,135.4
2014-06-04,Karnataka,149.2
2014-06-05,Karnataka,151.4
2014-06-06,Karnataka,145.0
2014-06-07,Karnataka,143.8
2014-06-08,Karnataka,136.4
2014-06-09,Karnataka,149.4
2014-06-10,Karnataka,156.0
2014-06-11,Karnataka,163.0
2014-06-12,Karnataka,164.4
2014-06-13,Karnataka,159.2
2014-06-14,Karnataka,156.6
2014-06-15,Karnataka,151.9
2014-06-16,Karnataka,160.6
2014-06-17,Karnataka,164.0
2014-06-18,Karnataka,165.0
2014-06-19,Karnataka,161.2
2014-06-20,Karnataka,164.3
2014-06-21,Karnataka,166.8
2014-06-22,Karnataka,153.6
2014-06-23,Karnataka,165.2
2014-06-24,Karnataka,168.7
2014-06-25,Karnataka,171.7
2014-06-26,Karnataka,176.1
2014-06-27,Karnataka,180.3
2014-06-28,Karnataka,173.3
2014-06-29,Karnataka,169.4
2014-06-30,Karnataka,175.2
2014-07-01,Karnataka,176.9
2014-07-02,Karnataka,180.6
2014-07-03,Karnataka,177.0
2014-07-04,Karnataka,175.4
2014-07-05,Karnataka,161.1
2014-07-06,Karnataka,150.2
2014-07-07,Karnataka,155.6
2014-07-08,Karnataka,156.3
2014-07-09,Karnataka,156.6
2014-07-10,Karnataka,147.0
2014-07-11,Karnataka,143.0
2014-07-12,Karnataka,143.8
2014-07-13,Karnataka,136.4
2014-07-14,Karnataka,147.4
2014-07-15,Karnataka,147.0
2014-07-16,Karnataka,147.2
2014-07-17,Karnataka,151.5
2014-07-18,Karnataka,155.0
2014-07-19,Karnataka,150.4
2014-07-20,Karnataka,143.2
2014-07-21,Karnataka,156.5
2014-07-22,Karnataka,157.6
2014-07-23,Karnataka,150.6
2014-07-24,Karnataka,151.6
2014-07-25,Karnataka,155.0
2014-07-26,Karnataka,152.3
2014-07-27,Karnataka,144.2
2014-07-28,Karnataka,152.0
2014-07-29,Karnataka,155.2
2014-07-30,Karnataka,157.1
2014-07-31,Karnataka,148.6
2014-08-01,Karnataka,153.0
2014-08-02,Karnataka,150.8
2014-08-03,Karnataka,143.4
2014-08-04,Karnataka,153.4
2014-08-05,Karnataka,154.0
2014-08-06,Karnataka,155.0
2014-08-07,Karnataka,158.2
2014-08-08,Karnataka,159.4
2014-08-09,Karnataka,156.4
2014-08-10,Karnataka,148.8
2014-08-11,Karnataka,157.8
2014-08-12,Karnataka,159.6
2014-08-13,Karnataka,161.6
2014-08-14,Karnataka,162.1
2014-08-15,Karnataka,157.2
2014-08-16,Karnataka,159.7
2014-08-17,Karnataka,156.3
2014-08-18,Karnataka,158.3
2014-08-19,Karnataka,152.1
2014-08-20,Karnataka,147.8
2014-08-21,Karnataka,144.4
2014-08-22,Karnataka,141.8
2014-08-23,Karnataka,136.8
2014-08-24,Karnataka,126.4
2014-08-25,Karnataka,138.6
2014-08-26,Karnataka,136.9
2014-08-27,Karnataka,135.3
2014-08-28,Karnataka,133.0
2014-08-29,Karnataka,123.6
2014-08-30,Karnataka,121.6
2014-08-31,Karnataka,120.7
2014-09-01,Karnataka,129.7
2014-09-02,Karnataka,139.0
2014-09-03,Karnataka,143.8
2014-09-04,Karnataka,146.0
2014-09-05,Karnataka,150.9
2014-09-06,Karnataka,142.7
2014-09-07,Karnataka,133.5
2014-09-08,Karnataka,144.0
2014-09-09,Karnataka,150.5
2014-09-10,Karnataka,155.6
2014-09-11,Karnataka,160.5
2014-09-12,Karnataka,165.6
2014-09-13,Karnataka,165.9
2014-09-14,Karnataka,155.6
2014-09-15,Karnataka,160.0
2014-09-16,Karnataka,161.4
2014-09-17,Karnataka,160.2
2014-09-18,Karnataka,157.6
2014-09-19,Karnataka,156.4
2014-09-20,Karnataka,150.9
2014-09-21,Karnataka,145.8
2014-09-22,Karnataka,156.5
2014-09-23,Karnataka,153.5
2014-09-24,Karnataka,150.2
2014-09-25,Karnataka,143.8
2014-09-26,Karnataka,144.3
2014-09-27,Karnataka,143.9
2014-09-28,Karnataka,140.8
2014-09-29,Karnataka,143.8
2014-09-30,Karnataka,147.6
2014-10-01,Karnataka,142.8
2014-10-02,Karnataka,139.9
2014-10-03,Karnataka,141.7
2014-10-04,Karnataka,146.2
2014-10-05,Karnataka,143.4
2014-10-06,Karnataka,140.6
2014-10-07,Karnataka,143.5
2014-10-08,Karnataka,142.4
2014-10-09,Karnataka,142.9
2014-10-10,Karnataka,145.7
2014-10-11,Karnataka,143.8
2014-10-12,Karnataka,136.0
2014-10-13,Karnataka,150.5
2014-10-14,Karnataka,157.5
2014-10-15,Karnataka,161.2
2014-10-16,Karnataka,164.5
2014-10-17,Karnataka,162.2
2014-10-18,Karnataka,151.9
2014-10-19,Karnataka,148.3
2014-10-20,Karnataka,154.3
2014-10-21,Karnataka,156.4
2014-10-22,Karnataka,158.3
2014-10-23,Karnataka,151.6
2014-10-24,Karnataka,147.6
2014-10-25,Karnataka,128.4
2014-10-26,Karnataka,112.2
2014-10-27,Karnataka,128.4
2014-10-28,Karnataka,132.6
2014-10-29,Karnataka,137.2
2014-10-30,Karnataka,142.0
2014-10-31,Karnataka,149.2
2014-11-01,Karnataka,140.3
2014-11-02,Karnataka,138.2
2014-11-03,Karnataka,155.0
2014-11-04,Karnataka,161.0
2014-11-05,Karnataka,161.5
2014-11-06,Karnataka,166.9
2014-11-07,Karnataka,169.5
2014-11-08,Karnataka,168.1
2014-11-09,Karnataka,162.2
2014-11-10,Karnataka,166.4
2014-11-11,Karnataka,166.8
2014-11-12,Karnataka,166.4
2014-11-13,Karnataka,152.6
2014-11-14,Karnataka,142.6
2014-11-15,Karnataka,139.0
2014-11-16,Karnataka,131.5
2014-11-17,Karnataka,147.0
2014-11-18,Karnataka,152.8
2014-11-19,Karnataka,156.5
2014-11-20,Karnataka,161.2
2014-11-21,Karnataka,162.8
2014-11-22,Karnataka,163.0
2014-11-23,Karnataka,155.4
2014-11-24,Karnataka,164.1
2014-11-25,Karnataka,166.7
2014-11-26,Karnataka,168.9
2014-11-27,Karnataka,171.0
2014-11-28,Karnataka,168.0
2014-11-29,Karnataka,166.8
2014-11-30,Karnataka,158.8
2014-12-01,Karnataka,164.4
2014-12-02,Karnataka,166.8
2014-12-03,Karnataka,168.8
2014-12-04,Karnataka,170.7
2014-12-05,Karnataka,173.7
2014-12-06,Karnataka,171.5
2014-12-07,Karnataka,166.1
2014-12-08,Karnataka,177.3
2014-12-09,Karnataka,181.8
2014-12-10,Karnataka,180.5
2014-12-11,Karnataka,171.4
2014-12-12,Karnataka,161.6
2014-12-13,Karnataka,151.8
2014-12-15,Karnataka,158.0
2014-12-16,Karnataka,162.5
2014-12-17,Karnataka,162.2
2014-12-18,Karnataka,163.4
2014-12-19,Karnataka,166.4
2014-12-20,Karnataka,166.9
2014-12-21,Karnataka,158.1
2014-12-22,Karnataka,168.0
2014-12-23,Karnataka,175.2
2014-12-24,Karnataka,175.1
2014-12-25,Karnataka,172.3
2014-12-26,Karnataka,175.6
2014-12-27,Karnataka,173.4
2014-12-28,Karnataka,164.0
2014-12-29,Karnataka,173.6
2014-12-30,Karnataka,177.3
2014-12-31,Karnataka,178.9
2015-01-01,Karnataka,166.1
2015-01-02,Karnataka,173.8
2015-01-03,Karnataka,175.0
2015-01-04,Karnataka,167.4
2015-01-05,Karnataka,176.1
2015-01-06,Karnataka,179.1
2015-01-07,Karnataka,179.6
2015-01-08,Karnataka,179.8
2015-01-09,Karnataka,180.4
2015-01-10,Karnataka,180.8
2015-01-11,Karnataka,168.0
2015-01-12,Karnataka,174.6
2015-01-13,Karnataka,178.3
2015-01-14,Karnataka,179.8
2015-01-15,Karnataka,174.1
2015-01-16,Karnataka,176.4
2015-01-17,Karnataka,179.5
2015-01-18,Karnataka,174.0
2015-01-19,Karnataka,179.4
2015-01-20,Karnataka,179.3
2015-01-21,Karnataka,180.5
2015-01-22,Karnataka,184.8
2015-01-23,Karnataka,187.0
2015-01-24,Karnataka,181.9
2015-01-25,Karnataka,170.0
2015-01-26,Karnataka,172.0
2015-01-27,Karnataka,181.0
2015-01-28,Karnataka,186.3
2015-01-29,Karnataka,189.8
2015-01-30,Karnataka,189.4
2015-01-31,Karnataka,187.5
2015-02-01,Karnataka,178.3
2015-02-02,Karnataka,185.9
2015-02-03,Karnataka,188.4
2015-02-04,Karnataka,189.0
2015-02-05,Karnataka,190.6
2015-02-06,Karnataka,191.0
2015-02-07,Karnataka,193.0
2015-02-08,Karnataka,179.3
2015-02-09,Karnataka,189.6
2015-02-10,Karnataka,189.7
2015-02-11,Karnataka,192.2
2015-02-12,Karnataka,190.8
2015-02-13,Karnataka,197.5
2015-02-14,Karnataka,194.7
2015-02-15,Karnataka,186.1
2015-02-16,Karnataka,193.6
2015-02-17,Karnataka,199.1
2015-02-18,Karnataka,195.6
2015-02-19,Karnataka,192.9
2015-02-20,Karnataka,199.8
2015-02-21,Karnataka,195.5
2015-02-22,Karnataka,187.4
2015-02-23,Karnataka,193.3
2015-02-24,Karnataka,194.7
2015-02-25,Karnataka,195.8
2015-02-26,Karnataka,200.8
2015-02-27,Karnataka,200.1
2015-02-28,Karnataka,191.0
2015-03-01,Karnataka,168.3
2015-03-02,Karnataka,183.4
2015-03-03,Karnataka,186.3
2015-03-04,Karnataka,183.6
2015-03-05,Karnataka,189.8
2015-03-06,Karnataka,183.1
2015-03-07,Karnataka,176.7
2015-03-08,Karnataka,163.6
2015-03-09,Karnataka,168.8
2015-03-10,Karnataka,178.5
2015-03-11,Karnataka,184.2
2015-03-12,Karnataka,189.1
2015-03-13,Karnataka,194.8
2015-03-14,Karnataka,192.4
2015-03-15,Karnataka,181.2
2015-03-16,Karnataka,194.0
2015-03-17,Karnataka,198.1
2015-03-18,Karnataka,201.0
2015-03-19,Karnataka,205.1
2015-03-21,Karnataka,193.6
2015-03-22,Karnataka,186.7
2015-03-23,Karnataka,199.9
2015-03-24,Karnataka,200.0
2015-03-25,Karnataka,206.9
2015-03-26,Karnataka,211.7
2015-03-27,Karnataka,207.7
2015-03-28,Karnataka,202.9
2015-03-29,Karnataka,196.0
2015-03-30,Karnataka,199.1
2015-03-31,Karnataka,196.4
2015-04-01,Karnataka,196.8
2015-04-02,Karnataka,199.0
2015-04-03,Karnataka,197.4
2015-04-04,Karnataka,199.8
2015-04-05,Karnataka,190.4
2015-04-07,Karnataka,198.9
2015-04-08,Karnataka,195.7
2015-04-09,Karnataka,193.1
2015-04-10,Karnataka,197.9
2015-04-11,Karnataka,180.4
2015-04-12,Karnataka,157.7
2015-04-13,Karnataka,158.1
2015-04-14,Karnataka,161.9
2015-04-15,Karnataka,166.7
2015-04-16,Karnataka,171.8
2015-04-17,Karnataka,170.1
2015-04-18,Karnataka,163.1
2015-04-19,Karnataka,170.9
2015-04-20,Karnataka,185.1
2015-04-21,Karnataka,186.3
2015-04-22,Karnataka,181.0
2015-04-23,Karnataka,169.4
2015-04-24,Karnataka,165.1
2015-04-25,Karnataka,163.6
2015-04-26,Karnataka,158.1
2015-04-27,Karnataka,174.8
2015-04-28,Karnataka,178.3
2015-04-29,Karnataka,176.2
2015-04-30,Karnataka,167.9
2015-05-01,Karnataka,161.1
2015-05-03,Karnataka,155.5
2015-05-04,Karnataka,170.6
2015-05-05,Karnataka,172.8
2015-05-06,Karnataka,170.6
2015-05-07,Karnataka,174.7
2015-05-08,Karnataka,179.3
2015-05-09,Karnataka,172.1
2015-05-10,Karnataka,164.1
2015-05-11,Karnataka,174.6
2015-05-12,Karnataka,170.2
2015-05-13,Karnataka,164.6
2015-05-14,Karnataka,163.8
2015-05-15,Karnataka,166.2
2015-05-16,Karnataka,150.5
2015-05-17,Karnataka,137.4
2015-05-18,Karnataka,145.4
2015-05-19,Karnataka,147.0
2015-05-20,Karnataka,155.0
2015-05-21,Karnataka,163.8
2015-05-22,Karnataka,173.2
2015-05-23,Karnataka,172.1
2015-05-24,Karnataka,164.4
2015-05-25,Karnataka,181.5
2015-05-26,Karnataka,190.5
2015-05-27,Karnataka,185.0
2015-05-28,Karnataka,162.7
2015-05-29,Karnataka,162.0
2015-05-30,Karnataka,141.8
2015-05-31,Karnataka,136.5
2015-06-01,Karnataka,133.9
2015-06-02,Karnataka,145.2
2015-06-03,Karnataka,150.5
2015-06-07,Karnataka,143.9
2015-06-08,Karnataka,159.1
2015-06-09,Karnataka,160.2
2015-06-10,Karnataka,161.4
2015-06-11,Karnataka,167.0
2015-06-12,Karnataka,164.6
2015-06-13,Karnataka,159.4
2015-06-14,Karnataka,145.4
2015-06-15,Karnataka,153.1
2015-06-16,Karnataka,157.5
2015-06-17,Karnataka,156.6
2015-06-18,Karnataka,153.9
2015-06-19,Karnataka,148.0
2015-06-20,Karnataka,138.5
2015-06-21,Karnataka,124.6
2015-06-22,Karnataka,138.0
2015-06-23,Karnataka,141.2
2015-06-24,Karnataka,144.4
2015-06-25,Karnataka,152.4
2015-06-26,Karnataka,157.8
2015-06-27,Karnataka,154.3
2015-06-28,Karnataka,151.6
2015-06-29,Karnataka,165.8
2015-06-30,Karnataka,168.0
2015-07-01,Karnataka,170.1
2015-07-02,Karnataka,171.9
2015-07-04,Karnataka,172.6
2015-07-05,Karnataka,165.4
2015-07-06,Karnataka,177.1
2015-07-07,Karnataka,181.7
2015-07-08,Karnataka,180.9
2015-07-09,Karnataka,179.6
2015-07-10,Karnataka,178.8
2015-07-11,Karnataka,175.2
2015-07-14,Karnataka,188.6
2015-07-15,Karnataka,187.3
2015-07-16,Karnataka,186.7
2015-07-17,Karnataka,184.3
2015-07-18,Karnataka,173.4
2015-07-19,Karnataka,151.4
2015-07-20,Karnataka,161.5
2015-07-21,Karnataka,164.3
2015-07-22,Karnataka,169.8
2015-07-23,Karnataka,170.4
2015-07-24,Karnataka,175.6
2015-07-25,Karnataka,172.7
2015-07-26,Karnataka,159.9
2015-07-27,Karnataka,173.3
2015-07-28,Karnataka,178.7
2015-07-29,Karnataka,181.9
2015-07-30,Karnataka,181.4
2015-07-31,Karnataka,174.9
2015-08-01,Karnataka,167.8
2015-08-02,Karnataka,160.9
2015-08-03,Karnataka,175.0
2015-08-04,Karnataka,176.9
2015-08-05,Karnataka,173.5
2015-08-06,Karnataka,167.4
2015-08-07,Karnataka,174.8
2015-08-08,Karnataka,174.3
2015-08-09,Karnataka,166.6
2015-08-10,Karnataka,171.0
2015-08-11,Karnataka,166.2
2015-08-12,Karnataka,161.7
2015-08-13,Karnataka,161.9
2015-08-14,Karnataka,159.9
2015-08-15,Karnataka,159.8
2015-08-16,Karnataka,159.5
2015-08-17,Karnataka,155.6
2015-08-18,Karnataka,154.5
2015-08-19,Karnataka,150.3
2015-08-20,Karnataka,152.3
2015-08-21,Karnataka,152.1
2015-08-22,Karnataka,147.9
2015-08-23,Karnataka,147.6
2015-08-24,Karnataka,157.6
2015-08-25,Karnataka,161.8
2015-08-26,Karnataka,159.2
2015-08-27,Karnataka,155.1
2015-08-28,Karnataka,161.9
2015-08-29,Karnataka,160.2
2015-08-30,Karnataka,153.7
2015-08-31,Karnataka,161.5
2015-09-01,Karnataka,163.1
2015-09-02,Karnataka,159.0
2015-09-03,Karnataka,157.9
2015-09-06,Karnataka,137.3
2015-09-07,Karnataka,132.9
2015-09-08,Karnataka,132.9
2015-09-09,Karnataka,128.0
2015-09-10,Karnataka,130.6
2015-09-11,Karnataka,133.0
2015-09-12,Karnataka,140.6
2015-09-13,Karnataka,141.4
2015-09-14,Karnataka,151.9
2015-09-15,Karnataka,155.2
2015-09-16,Karnataka,159.0
2015-09-17,Karnataka,148.2
2015-09-18,Karnataka,149.6
2015-09-19,Karnataka,154.0
2015-09-20,Karnataka,146.7
2015-09-21,Karnataka,154.0
2015-09-23,Karnataka,153.2
2015-09-24,Karnataka,153.4
2015-09-25,Karnataka,152.1
2015-09-26,Karnataka,142.9
2015-09-27,Karnataka,140.0
2015-09-28,Karnataka,144.2
2015-09-29,Karnataka,150.5
2015-09-30,Karnataka,147.7
2015-10-01,Karnataka,150.5
2015-10-02,Karnataka,141.0
2015-10-03,Karnataka,144.2
2015-10-04,Karnataka,130.1
2015-10-05,Karnataka,129.3
2015-10-06,Karnataka,134.6
2015-10-07,Karnataka,134.4
2015-10-08,Karnataka,139.8
2015-10-09,Karnataka,142.7
2015-10-10,Karnataka,143.1
2015-10-11,Karnataka,136.7
2015-10-12,Karnataka,140.1
2015-10-13,Karnataka,146.5
2015-10-14,Karnataka,152.0
2015-10-15,Karnataka,149.8
2015-10-16,Karnataka,149.2
2015-10-17,Karnataka,149.5
2015-10-18,Karnataka,144.6
2015-10-19,Karnataka,155.7
2015-10-20,Karnataka,162.4
2015-10-21,Karnataka,167.1
2015-10-22,Karnataka,163.6
2015-10-23,Karnataka,159.4
2015-10-24,Karnataka,162.4
2015-10-25,Karnataka,163.3
2015-10-26,Karnataka,167.4
2015-10-27,Karnataka,171.9
2015-10-28,Karnataka,166.2
2015-10-30,Karnataka,165.8
2015-10-31,Karnataka,165.5
2015-11-01,Karnataka,164.6
2015-11-02,Karnataka,165.2
2015-11-03,Karnataka,155.6
2015-11-04,Karnataka,153.8
2015-11-05,Karnataka,157.5
2015-11-06,Karnataka,159.8
2015-11-07,Karnataka,159.5
2015-11-08,Karnataka,155.9
2015-11-09,Karnataka,163.0
2015-11-10,Karnataka,154.5
2015-11-11,Karnataka,152.7
2015-11-12,Karnataka,147.8
2015-11-13,Karnataka,151.6
2015-11-14,Karnataka,154.9
2015-11-15,Karnataka,153.1
2015-11-16,Karnataka,154.8
2015-11-17,Karnataka,157.4
2015-11-18,Karnataka,162.0
2015-11-19,Karnataka,158.4
2015-11-20,Karnataka,155.6
2015-11-21,Karnataka,153.1
2015-11-22,Karnataka,145.6
2015-11-23,Karnataka,150.6
2015-11-24,Karnataka,152.6
2015-11-25,Karnataka,154.8
2015-11-26,Karnataka,157.8
2015-11-27,Karnataka,155.8
2015-11-28,Karnataka,158.1
2015-11-29,Karnataka,154.4
2015-11-30,Karnataka,152.8
2015-12-01,Karnataka,152.0
2015-12-02,Karnataka,154.0
2015-12-03,Karnataka,156.7
2015-12-04,Karnataka,158.7
2015-12-05,Karnataka,162.0
2015-12-06,Karnataka,155.7
2015-12-07,Karnataka,161.1
2015-12-08,Karnataka,163.9
2015-12-09,Karnataka,165.0
2015-12-10,Karnataka,167.3
2015-12-11,Karnataka,165.2
2015-12-12,Karnataka,159.6
2015-12-13,Karnataka,165.5
2015-12-14,Karnataka,171.4
2015-12-15,Karnataka,170.1
2015-12-16,Karnataka,168.3
2015-12-17,Karnataka,169.1
2015-12-18,Karnataka,171.8
2015-12-19,Karnataka,171.8
2015-12-20,Karnataka,166.7
2015-12-21,Karnataka,173.9
2015-12-22,Karnataka,173.4
2015-12-23,Karnataka,171.0
2015-12-24,Karnataka,172.1
2015-12-25,Karnataka,170.4
2015-12-26,Karnataka,171.7
2015-12-27,Karnataka,174.1
2015-12-28,Karnataka,175.3
2015-12-29,Karnataka,175.0
2015-12-30,Karnataka,177.7
2015-12-31,Karnataka,181.2
2016-01-01,Karnataka,174.7
2016-01-02,Karnataka,179.7
2016-01-03,Karnataka,173.6
2016-01-04,Karnataka,182.4
2016-01-05,Karnataka,182.5
2016-01-06,Karnataka,184.9
2016-01-07,Karnataka,185.1
2016-01-08,Karnataka,183.0
2016-01-09,Karnataka,184.4
2016-01-10,Karnataka,176.8
2016-01-11,Karnataka,183.5
2016-01-12,Karnataka,182.5
2016-01-13,Karnataka,186.6
2016-01-14,Karnataka,186.0
2016-01-15,Karnataka,180.4
2016-01-16,Karnataka,183.3
2016-01-17,Karnataka,182.3
2016-01-18,Karnataka,187.6
2016-01-19,Karnataka,181.8
2016-01-20,Karnataka,175.4
2016-01-21,Karnataka,177.0
2016-01-22,Karnataka,180.2
2016-01-23,Karnataka,179.8
2016-01-24,Karnataka,177.3
2016-01-25,Karnataka,187.2
2016-01-26,Karnataka,178.4
2016-01-27,Karnataka,189.6
2016-01-28,Karnataka,191.2
2016-01-29,Karnataka,194.0
2016-01-30,Karnataka,193.0
2016-01-31,Karnataka,184.2
2016-02-01,Karnataka,191.8
2016-02-02,Karnataka,194.3
2016-02-03,Karnataka,193.6
2016-02-04,Karnataka,196.2
2016-02-05,Karnataka,194.5
2016-02-06,Karnataka,192.1
2016-02-07,Karnataka,188.7
2016-02-08,Karnataka,197.0
2016-02-09,Karnataka,200.0
2016-02-10,Karnataka,190.6
2016-02-11,Karnataka,199.6
2016-02-12,Karnataka,201.8
2016-02-13,Karnataka,198.3
2016-02-14,Karnataka,183.6
2016-02-15,Karnataka,195.0
2016-02-16,Karnataka,197.7
2016-02-17,Karnataka,197.2
2016-02-18,Karnataka,194.0
2016-02-19,Karnataka,197.0
2016-02-20,Karnataka,199.7
2016-02-21,Karnataka,194.8
2016-02-22,Karnataka,204.3
2016-02-23,Karnataka,201.3
2016-02-24,Karnataka,204.1
2016-02-25,Karnataka,206.1
2016-02-26,Karnataka,207.0
2016-02-27,Karnataka,202.6
2016-02-28,Karnataka,193.0
2016-03-01,Karnataka,205.8
2016-03-02,Karnataka,203.9
2016-03-03,Karnataka,201.2
2016-03-04,Karnataka,207.6
2016-03-05,Karnataka,202.6
2016-03-06,Karnataka,195.3
2016-03-08,Karnataka,209.4
2016-03-09,Karnataka,210.4
2016-03-10,Karnataka,210.1
2016-03-11,Karnataka,208.4
2016-03-12,Karnataka,207.8
2016-03-13,Karnataka,192.6
2016-03-14,Karnataka,205.5
2016-03-15,Karnataka,199.3
2016-03-16,Karnataka,200.9
2016-03-17,Karnataka,198.7
2016-03-18,Karnataka,194.3
2016-03-19,Karnataka,197.7
2016-03-20,Karnataka,195.1
2016-03-21,Karnataka,206.0
2016-03-22,Karnataka,209.8
2016-03-24,Karnataka,209.5
2016-03-26,Karnataka,210.7
2016-03-27,Karnataka,199.9
2016-03-28,Karnataka,209.6
2016-03-29,Karnataka,214.6
2016-03-30,Karnataka,210.9
2016-03-31,Karnataka,213.0
2016-04-01,Karnataka,208.7
2016-04-02,Karnataka,207.6
2016-04-03,Karnataka,198.0
2016-04-04,Karnataka,209.8
2016-04-05,Karnataka,208.7
2016-04-06,Karnataka,207.9
2016-04-07,Karnataka,210.1
2016-04-08,Karnataka,200.6
2016-04-09,Karnataka,195.0
2016-04-10,Karnataka,191.1
2016-04-12,Karnataka,208.9
2016-04-13,Karnataka,211.2
2016-04-14,Karnataka,209.5
2016-04-15,Karnataka,200.6
2016-04-16,Karnataka,205.2
2016-04-17,Karnataka,194.8
2016-04-18,Karnataka,207.5
2016-04-19,Karnataka,211.7
2016-04-20,Karnataka,212.6
2016-04-21,Karnataka,210.8
2016-04-22,Karnataka,207.0
2016-04-23,Karnataka,204.7
2016-04-24,Karnataka,201.4
2016-04-25,Karnataka,205.1
2016-04-26,Karnataka,205.1
2016-04-27,Karnataka,208.9
2016-04-28,Karnataka,209.9
2016-04-29,Karnataka,209.6
2016-04-30,Karnataka,205.1
2016-05-01,Karnataka,194.3
2016-05-02,Karnataka,203.7
2016-05-03,Karnataka,204.4
2016-05-04,Karnataka,203.1
2016-05-05,Karnataka,196.7
2016-05-06,Karnataka,183.2
2016-05-07,Karnataka,183.1
2016-05-08,Karnataka,170.5
2016-05-09,Karnataka,188.7
2016-05-10,Karnataka,193.8
2016-05-11,Karnataka,178.8
2016-05-12,Karnataka,171.7
2016-05-13,Karnataka,180.5
2016-05-14,Karnataka,176.9
2016-05-15,Karnataka,157.9
2016-05-16,Karnataka,174.1
2016-05-17,Karnataka,177.2
2016-05-18,Karnataka,156.8
2016-05-19,Karnataka,149.0
2016-05-20,Karnataka,145.1
2016-05-21,Karnataka,180.9
2016-05-22,Karnataka,177.6
2016-05-23,Karnataka,191.2
2016-05-24,Karnataka,198.8
2016-05-25,Karnataka,185.7
2016-05-26,Karnataka,141.4
2016-05-27,Karnataka,186.1
2016-05-28,Karnataka,177.0
2016-05-29,Karnataka,166.1
2016-05-30,Karnataka,177.8
2016-05-31,Karnataka,175.9
2016-06-01,Karnataka,171.6
2016-06-02,Karnataka,160.1
2016-06-03,Karnataka,165.9
2016-06-04,Karnataka,147.8
2016-06-05,Karnataka,143.4
2016-06-06,Karnataka,160.0
2016-06-07,Karnataka,163.0
2016-06-08,Karnataka,154.0
2016-06-09,Karnataka,145.0
2016-06-10,Karnataka,144.0
2016-06-11,Karnataka,138.0
2016-06-12,Karnataka,132.0
2016-06-13,Karnataka,141.0
2016-06-14,Karnataka,148.0
2016-06-15,Karnataka,154.0
2016-06-16,Karnataka,162.0
2016-06-17,Karnataka,165.0
2016-06-18,Karnataka,159.0
2016-06-19,Karnataka,142.0
2016-06-20,Karnataka,159.0
2016-06-23,Karnataka,137.7
2016-06-24,Karnataka,144.4
2016-06-25,Karnataka,143.9
2016-06-27,Karnataka,151.5
2016-06-28,Karnataka,148.9
2016-06-29,Karnataka,135.0
2016-06-30,Karnataka,140.0
2016-07-01,Karnataka,140.0
2016-07-02,Karnataka,139.0
2016-07-03,Karnataka,136.0
2016-07-04,Karnataka,152.4
2016-07-05,Karnataka,150.0
2016-07-07,Karnataka,149.6
2016-07-08,Karnataka,146.7
2016-07-09,Karnataka,141.0
2016-07-11,Karnataka,139.4
2016-07-12,Karnataka,149.3
2016-07-13,Karnataka,161.7
2016-07-14,Karnataka,166.0
2016-07-15,Karnataka,169.7
2016-07-16,Karnataka,167.1
2016-07-17,Karnataka,157.6
2016-07-18,Karnataka,161.7
2016-07-19,Karnataka,159.7
2016-07-20,Karnataka,157.9
2016-07-21,Karnataka,151.5
2016-07-22,Karnataka,151.5
2016-07-23,Karnataka,150.8
2016-07-24,Karnataka,137.9
2016-07-25,Karnataka,151.4
2016-07-26,Karnataka,150.2
2016-07-27,Karnataka,146.5
2016-07-28,Karnataka,147.2
2016-07-29,Karnataka,140.0
2016-07-30,Karnataka,123.0
2016-07-31,Karnataka,124.3
2016-08-01,Karnataka,135.8
2016-08-02,Karnataka,136.7
2016-08-03,Karnataka,140.2
2016-08-04,Karnataka,147.9
2016-08-05,Karnataka,151.3
2016-08-06,Karnataka,148.3
2016-08-07,Karnataka,146.2
2016-08-08,Karnataka,161.3
2016-08-09,Karnataka,168.0
2016-08-10,Karnataka,173.2
2016-08-11,Karnataka,177.1
2016-08-12,Karnataka,175.2
2016-08-13,Karnataka,173.2
2016-08-14,Karnataka,163.1
2016-08-15,Karnataka,163.7
2016-08-16,Karnataka,170.6
2016-08-17,Karnataka,176.9
2016-08-18,Karnataka,186.4
2016-08-19,Karnataka,185.1
2016-08-20,Karnataka,188.4
2016-08-21,Karnataka,183.6
2016-08-22,Karnataka,187.5
2016-08-23,Karnataka,189.0
2016-08-24,Karnataka,193.9
2016-08-25,Karnataka,196.7
2016-08-26,Karnataka,197.0
2016-08-27,Karnataka,188.3
2016-08-28,Karnataka,175.0
2016-08-29,Karnataka,190.7
2016-08-30,Karnataka,189.0
2016-08-31,Karnataka,177.3
2016-09-01,Karnataka,176.8
2016-09-02,Karnataka,172.2
2016-09-03,Karnataka,181.8
2016-09-04,Karnataka,172.3
2016-09-05,Karnataka,170.7
2016-09-06,Karnataka,190.0
2016-09-07,Karnataka,197.4
2016-09-08,Karnataka,203.5
2016-09-09,Karnataka,192.5
2016-09-10,Karnataka,203.4
2016-09-11,Karnataka,194.6
2016-09-12,Karnataka,196.8
2016-09-13,Karnataka,193.6
2016-09-14,Karnataka,177.5
2016-09-15,Karnataka,169.8
2016-09-16,Karnataka,171.4
2016-09-17,Karnataka,171.4
2016-09-18,Karnataka,169.8
2016-09-19,Karnataka,184.2
2016-09-20,Karnataka,183.4
2016-09-21,Karnataka,176.8
2016-09-22,Karnataka,174.5
2016-09-23,Karnataka,175.5
2016-09-24,Karnataka,173.2
2016-09-25,Karnataka,163.0
2016-09-26,Karnataka,172.4
2016-09-27,Karnataka,177.3
2016-09-28,Karnataka,170.0
2016-09-29,Karnataka,166.3
2016-09-30,Karnataka,175.7
2016-10-01,Karnataka,181.8
2016-10-02,Karnataka,165.4
2016-10-03,Karnataka,182.3
2016-10-04,Karnataka,190.9
2016-10-05,Karnataka,193.1
2016-10-06,Karnataka,192.9
2016-10-07,Karnataka,197.0
2016-10-08,Karnataka,195.1
2016-10-09,Karnataka,185.4
2016-10-10,Karnataka,183.0
2016-10-11,Karnataka,177.3
2016-10-12,Karnataka,180.5
2016-10-13,Karnataka,179.7
2016-10-14,Karnataka,186.0
2016-10-15,Karnataka,190.0
2016-10-16,Karnataka,184.5
2016-10-17,Karnataka,200.5
2016-10-18,Karnataka,206.4
2016-10-19,Karnataka,203.9
2016-10-20,Karnataka,200.0
2016-10-21,Karnataka,202.0
2016-10-22,Karnataka,189.9
2016-10-23,Karnataka,196.0
2016-10-24,Karnataka,196.0
2016-10-25,Karnataka,204.9
2016-10-26,Karnataka,208.4
2016-10-27,Karnataka,205.4
2016-10-28,Karnataka,205.7
2016-10-29,Karnataka,207.7
2016-10-30,Karnataka,197.0
2016-10-31,Karnataka,192.6
2016-11-02,Karnataka,193.1
2016-11-03,Karnataka,199.1
2016-11-04,Karnataka,198.6
2016-11-05,Karnataka,205.8
2016-11-06,Karnataka,198.0
2016-11-07,Karnataka,204.7
2016-11-08,Karnataka,205.4
2016-11-09,Karnataka,206.1
2016-11-10,Karnataka,206.0
2016-11-11,Karnataka,206.1
2016-11-12,Karnataka,199.5
2016-11-13,Karnataka,194.5
2016-11-14,Karnataka,198.6
2016-11-16,Karnataka,198.7
2016-11-17,Karnataka,200.5
2016-11-18,Karnataka,202.4
2016-11-19,Karnataka,198.4
2016-11-20,Karnataka,190.0
2016-11-21,Karnataka,200.0
2016-11-22,Karnataka,202.5
2016-11-24,Karnataka,202.7
2016-11-25,Karnataka,201.5
2016-11-26,Karnataka,197.6
2016-11-27,Karnataka,190.9
2016-11-28,Karnataka,201.2
2016-11-29,Karnataka,202.1
2016-11-30,Karnataka,200.1
2016-12-01,Karnataka,192.8
2016-12-02,Karnataka,190.3
2016-12-03,Karnataka,179.1
2016-12-04,Karnataka,173.2
2016-12-05,Karnataka,189.2
2016-12-06,Karnataka,192.1
2016-12-07,Karnataka,191.8
2016-12-08,Karnataka,195.7
2016-12-09,Karnataka,204.9
2016-12-10,Karnataka,195.3
2016-12-11,Karnataka,183.7
2016-12-12,Karnataka,186.0
2016-12-13,Karnataka,155.0
2016-12-14,Karnataka,161.7
2016-12-16,Karnataka,173.5
2016-12-17,Karnataka,176.4
2016-12-18,Karnataka,167.5
2016-12-19,Karnataka,183.9
2016-12-20,Karnataka,186.8
2016-12-21,Karnataka,191.6
2016-12-22,Karnataka,195.4
2016-12-23,Karnataka,195.8
2016-12-24,Karnataka,194.6
2016-12-25,Karnataka,178.6
2016-12-26,Karnataka,194.0
2016-12-27,Karnataka,194.2
2016-12-28,Karnataka,202.8
2016-12-29,Karnataka,195.4
2016-12-30,Karnataka,194.5
2016-12-31,Karnataka,195.6
2017-01-02,Karnataka,193.0
2017-01-03,Karnataka,195.8
2017-01-04,Karnataka,199.1
2017-01-05,Karnataka,197.0
2017-01-06,Karnataka,199.7
2017-01-07,Karnataka,199.1
2017-01-09,Karnataka,198.0
2017-01-10,Karnataka,199.1
2017-01-11,Karnataka,201.1
2017-01-12,Karnataka,203.2
2017-01-13,Karnataka,201.2
2017-01-14,Karnataka,189.9
2017-01-15,Karnataka,178.7
2017-01-16,Karnataka,195.2
2017-01-17,Karnataka,191.7
2017-01-18,Karnataka,194.7
2017-01-19,Karnataka,195.6
2017-01-20,Karnataka,199.0
2017-01-21,Karnataka,196.8
2017-01-22,Karnataka,187.3
2017-01-23,Karnataka,198.9
2017-01-24,Karnataka,201.5
2017-01-25,Karnataka,202.3
2017-01-26,Karnataka,191.6
2017-01-27,Karnataka,198.3
2017-01-28,Karnataka,198.2
2017-01-29,Karnataka,190.7
2017-01-30,Karnataka,200.8
2017-01-31,Karnataka,208.3
2017-02-01,Karnataka,208.1
2017-02-02,Karnataka,210.3
2017-02-03,Karnataka,211.4
2017-02-04,Karnataka,209.4
2017-02-05,Karnataka,198.5
2017-02-07,Karnataka,211.7
2017-02-08,Karnataka,212.8
2017-02-09,Karnataka,214.9
2017-02-10,Karnataka,214.9
2017-02-20,Karnataka,211.5
2017-02-21,Karnataka,213.8
2017-02-22,Karnataka,217.7
2017-02-23,Karnataka,219.9
2017-02-24,Karnataka,221.6
2017-02-25,Karnataka,209.0
2017-02-26,Karnataka,199.0
2017-02-27,Karnataka,210.8
2017-03-01,Karnataka,215.5
2017-03-03,Karnataka,221.8
2017-03-04,Karnataka,224.5
2017-03-05,Karnataka,211.4
2017-03-06,Karnataka,217.8
2017-03-07,Karnataka,214.3
2017-03-08,Karnataka,212.5
2017-03-09,Karnataka,217.3
2017-03-10,Karnataka,214.4
2017-03-11,Karnataka,216.8
2017-03-12,Karnataka,209.3
2017-03-13,Karnataka,215.3
2017-03-14,Karnataka,217.0
2017-03-16,Karnataka,205.0
2017-03-24,Karnataka,224.6
2017-03-25,Karnataka,224.9
2017-03-26,Karnataka,213.5
2017-03-27,Karnataka,216.5
2017-03-28,Karnataka,229.2
2017-03-30,Karnataka,219.4
2017-03-31,Karnataka,227.9
2017-04-01,Karnataka,225.6
2017-04-02,Karnataka,214.7
2017-04-03,Karnataka,221.4
2017-04-04,Karnataka,222.4
2017-04-05,Karnataka,234.1
2017-04-06,Karnataka,214.4
2017-04-07,Karnataka,214.2
2017-04-08,Karnataka,214.0
2017-04-09,Karnataka,202.1
2017-04-10,Karnataka,215.3
2017-04-11,Karnataka,212.8
2017-04-12,Karnataka,215.3
2017-04-13,Karnataka,217.8
2017-04-14,Karnataka,215.9
2017-04-16,Karnataka,198.0
2017-04-17,Karnataka,198.5
2017-04-18,Karnataka,211.2
2017-04-19,Karnataka,214.2
2017-04-20,Karnataka,210.4
2017-04-21,Karnataka,204.3
2017-04-22,Karnataka,205.1
2017-04-23,Karnataka,198.0
2017-04-24,Karnataka,214.6
2017-04-25,Karnataka,212.2
2017-04-26,Karnataka,213.8
2017-04-27,Karnataka,214.3
2017-04-28,Karnataka,208.3
2017-04-29,Karnataka,192.6
2017-04-30,Karnataka,183.6
2017-05-01,Karnataka,178.2
2017-05-02,Karnataka,192.8
2017-05-03,Karnataka,200.4
2017-05-04,Karnataka,205.2
2017-05-05,Karnataka,207.5
2017-05-06,Karnataka,196.7
2017-05-07,Karnataka,160.0
2017-05-08,Karnataka,168.0
2017-05-09,Karnataka,179.8
2017-05-10,Karnataka,182.9
2017-05-11,Karnataka,182.0
2017-05-12,Karnataka,188.4
2017-05-13,Karnataka,190.7
2017-05-14,Karnataka,168.9
2017-05-15,Karnataka,161.2
2017-05-16,Karnataka,182.6
2017-05-17,Karnataka,177.1
2017-05-18,Karnataka,178.2
2017-05-19,Karnataka,163.9
2017-05-20,Karnataka,172.9
2017-05-22,Karnataka,175.1
2017-05-23,Karnataka,171.6
2017-05-24,Karnataka,167.2
2017-05-25,Karnataka,175.2
2017-05-26,Karnataka,175.7
2017-05-27,Karnataka,150.0
2017-05-28,Karnataka,143.7
2017-05-29,Karnataka,160.5
2017-05-30,Karnataka,163.1
2017-05-31,Karnataka,175.2
2017-06-01,Karnataka,183.9
2017-06-02,Karnataka,188.0
2017-06-03,Karnataka,180.3
2017-06-04,Karnataka,170.6
2017-06-05,Karnataka,182.3
2017-06-06,Karnataka,179.3
2017-06-07,Karnataka,164.3
2017-06-08,Karnataka,166.3
2017-06-09,Karnataka,166.8
2017-06-10,Karnataka,159.8
2017-06-11,Karnataka,145.6
2017-06-12,Karnataka,150.0
2017-06-13,Karnataka,157.7
2017-06-14,Karnataka,168.7
2017-06-15,Karnataka,169.6
2017-06-17,Karnataka,158.9
2017-06-18,Karnataka,150.1
2017-06-19,Karnataka,161.1
2017-06-20,Karnataka,165.2
2017-06-21,Karnataka,168.9
2017-06-22,Karnataka,172.5
2017-06-23,Karnataka,171.2
2017-06-24,Karnataka,164.2
2017-06-25,Karnataka,146.5
2017-06-26,Karnataka,150.4
2017-06-27,Karnataka,155.2
2017-06-28,Karnataka,155.4
2017-06-29,Karnataka,167.3
2017-06-30,Karnataka,170.7
2017-07-01,Karnataka,166.5
2017-07-02,Karnataka,159.4
2017-07-03,Karnataka,173.7
2017-07-04,Karnataka,173.9
2017-07-06,Karnataka,179.0
2017-07-07,Karnataka,182.0
2017-07-08,Karnataka,181.0
2017-07-09,Karnataka,173.0
2017-07-10,Karnataka,185.0
2017-07-11,Karnataka,184.0
2017-07-12,Karnataka,179.0
2017-07-13,Karnataka,177.0
2017-07-14,Karnataka,174.0
2017-07-15,Karnataka,169.0
2017-07-16,Karnataka,155.0
2017-07-17,Karnataka,169.0
2017-07-18,Karnataka,168.0
2017-07-19,Karnataka,159.0
2017-07-20,Karnataka,154.0
2017-07-21,Karnataka,164.0
2017-07-22,Karnataka,167.0
2017-07-23,Karnataka,162.0
2017-07-24,Karnataka,176.0
2017-07-25,Karnataka,184.0
2017-07-26,Karnataka,190.0
2017-07-27,Karnataka,192.0
2017-07-28,Karnataka,192.0
2017-07-29,Karnataka,189.0
2017-07-30,Karnataka,179.0
2017-07-31,Karnataka,194.0
2017-08-01,Karnataka,196.0
2017-08-02,Karnataka,199.0
2017-08-03,Karnataka,204.0
2017-08-04,Karnataka,193.0
2017-08-05,Karnataka,186.0
2017-08-06,Karnataka,187.0
2017-08-07,Karnataka,192.0
2017-08-08,Karnataka,199.0
2017-08-09,Karnataka,195.0
2017-08-10,Karnataka,184.0
2017-08-11,Karnataka,184.0
2017-08-12,Karnataka,172.0
2017-08-13,Karnataka,164.0
2017-08-14,Karnataka,181.0
2017-08-15,Karnataka,164.0
2017-08-16,Karnataka,171.0
2017-08-17,Karnataka,175.0
2017-08-18,Karnataka,176.0
2017-08-19,Karnataka,164.0
2017-08-20,Karnataka,145.0
2017-08-21,Karnataka,161.0
2017-08-22,Karnataka,167.0
2017-08-23,Karnataka,171.0
2017-08-24,Karnataka,170.0
2017-08-25,Karnataka,147.0
2017-08-26,Karnataka,151.0
2017-08-27,Karnataka,141.0
2017-08-28,Karnataka,150.0
2017-08-29,Karnataka,148.0
2017-08-30,Karnataka,155.0
2017-08-31,Karnataka,164.0
2017-09-01,Karnataka,170.0
2017-09-02,Karnataka,169.0
2017-09-03,Karnataka,158.0
2017-09-04,Karnataka,175.0
2017-09-05,Karnataka,176.0
2017-09-06,Karnataka,165.0
2017-09-07,Karnataka,157.0
2017-09-08,Karnataka,151.0
2017-09-09,Karnataka,148.0
2017-09-10,Karnataka,134.0
2017-09-11,Karnataka,152.0
2017-09-12,Karnataka,162.0
2017-09-13,Karnataka,164.0
2017-09-14,Karnataka,154.4
2017-09-15,Karnataka,149.3
2017-09-16,Karnataka,146.7
2017-09-17,Karnataka,126.6
2017-09-18,Karnataka,130.7
2017-09-19,Karnataka,138.1
2017-09-20,Karnataka,145.5
2017-09-21,Karnataka,159.8
2017-09-22,Karnataka,163.6
2017-09-23,Karnataka,168.0
2017-09-24,Karnataka,158.4
2017-09-25,Karnataka,148.9
2017-09-26,Karnataka,151.2
2017-09-27,Karnataka,142.2
2017-09-28,Karnataka,136.2
2017-09-29,Karnataka,123.0
2017-09-30,Karnataka,115.2
2017-10-01,Karnataka,113.1
2017-10-02,Karnataka,114.9
2017-10-03,Karnataka,132.7
2017-10-04,Karnataka,141.0
2017-10-05,Karnataka,141.4
2017-10-06,Karnataka,141.7
2017-10-07,Karnataka,137.7
2017-10-08,Karnataka,127.5
2017-10-09,Karnataka,139.6
2017-10-10,Karnataka,141.5
2017-10-11,Karnataka,140.3
2017-10-12,Karnataka,138.4
2017-10-13,Karnataka,141.8
2017-10-14,Karnataka,133.4
2017-10-15,Karnataka,120.3
2017-10-16,Karnataka,134.4
2017-10-17,Karnataka,141.0
2017-10-18,Karnataka,140.9
2017-10-19,Karnataka,137.4
2017-10-20,Karnataka,132.9
2017-10-21,Karnataka,138.5
2017-10-22,Karnataka,137.1
2017-10-23,Karnataka,153.2
2017-10-24,Karnataka,162.0
2017-10-25,Karnataka,165.5
2017-10-26,Karnataka,167.8
2017-10-27,Karnataka,170.7
2017-10-28,Karnataka,171.0
2017-10-29,Karnataka,164.2
2017-10-30,Karnataka,173.4
2017-10-31,Karnataka,178.8
2017-11-01,Karnataka,168.1
2017-11-02,Karnataka,182.7
2017-11-03,Karnataka,192.7
2017-11-04,Karnataka,186.9
2017-11-05,Karnataka,172.7
2017-11-06,Karnataka,167.7
2017-11-07,Karnataka,163.0
2017-11-08,Karnataka,180.0
2017-11-09,Karnataka,185.6
2017-11-10,Karnataka,190.6
2017-11-11,Karnataka,186.9
2017-11-12,Karnataka,175.9
2017-11-13,Karnataka,189.0
2017-11-14,Karnataka,202.8
2017-11-15,Karnataka,197.6
2017-11-16,Karnataka,202.5
2017-11-17,Karnataka,205.2
2017-11-18,Karnataka,199.9
2017-11-19,Karnataka,184.1
2017-11-20,Karnataka,192.3
2017-11-21,Karnataka,197.2
2017-11-22,Karnataka,199.9
2017-11-23,Karnataka,203.6
2017-11-24,Karnataka,215.1
2017-11-25,Karnataka,199.6
2017-11-26,Karnataka,185.6
2017-11-27,Karnataka,198.3
2017-11-30,Karnataka,196.3
2017-12-01,Karnataka,182.5
2017-12-02,Karnataka,183.2
2017-12-03,Karnataka,173.0
2017-12-04,Karnataka,186.3
2017-12-05,Karnataka,189.7
2017-12-06,Karnataka,192.6
2017-12-07,Karnataka,196.1
2017-12-08,Karnataka,200.8
2017-12-09,Karnataka,201.4
2017-12-10,Karnataka,187.6
2017-12-11,Karnataka,198.7
2017-12-12,Karnataka,207.2
2017-12-13,Karnataka,207.3
2017-12-14,Karnataka,205.5
2017-12-15,Karnataka,200.9
2017-12-16,Karnataka,197.2
2017-12-17,Karnataka,187.0
2017-12-18,Karnataka,197.9
2017-12-19,Karnataka,198.9
2017-12-20,Karnataka,201.2
2017-12-21,Karnataka,203.1
2017-12-22,Karnataka,206.1
2017-12-23,Karnataka,201.4
2017-12-24,Karnataka,190.1
2017-12-25,Karnataka,196.3
2017-12-26,Karnataka,200.7
2017-12-27,Karnataka,203.1
2017-12-28,Karnataka,201.4
2017-12-29,Karnataka,205.7
2017-12-30,Karnataka,203.8
2017-12-31,Karnataka,193.5
2018-01-01,Karnataka,197.1
2018-01-02,Karnataka,205.0
2018-01-03,Karnataka,208.5
2018-01-04,Karnataka,209.0
2018-01-05,Karnataka,210.1
2018-01-06,Karnataka,206.9
2018-01-07,Karnataka,194.8
2018-01-08,Karnataka,202.6
2018-01-09,Karnataka,204.7
2018-01-10,Karnataka,206.6
2018-01-11,Karnataka,211.5
2018-01-12,Karnataka,213.5
2018-01-13,Karnataka,210.0
2018-01-14,Karnataka,196.9
2018-01-15,Karnataka,200.4
2018-01-16,Karnataka,210.5
2018-01-17,Karnataka,210.6
2018-01-18,Karnataka,210.4
2018-01-19,Karnataka,209.4
2018-01-20,Karnataka,210.6
2018-01-21,Karnataka,196.9
2018-01-22,Karnataka,205.8
2018-01-23,Karnataka,210.3
2018-01-24,Karnataka,210.2
2018-01-25,Karnataka,203.6
2018-01-26,Karnataka,198.1
2018-01-27,Karnataka,202.6
2018-01-28,Karnataka,200.7
2018-01-29,Karnataka,207.6
2018-01-30,Karnataka,209.6
2018-01-31,Karnataka,211.4
2018-02-01,Karnataka,207.9
2018-02-02,Karnataka,214.8
2018-02-03,Karnataka,207.2
2018-02-04,Karnataka,190.5
2018-02-05,Karnataka,205.3
2018-02-06,Karnataka,213.8
2018-02-07,Karnataka,210.3
2018-02-08,Karnataka,206.9
2018-02-09,Karnataka,209.2
2018-02-10,Karnataka,202.4
2018-02-11,Karnataka,192.2
2018-02-12,Karnataka,206.9
2018-02-13,Karnataka,214.5
2018-02-14,Karnataka,210.7
2018-02-15,Karnataka,211.2
2018-02-16,Karnataka,214.5
2018-02-17,Karnataka,214.2
2018-02-18,Karnataka,203.7
2018-02-19,Karnataka,213.1
2018-02-20,Karnataka,217.1
2018-02-21,Karnataka,219.5
2018-02-22,Karnataka,220.8
2018-02-23,Karnataka,222.5
2018-02-24,Karnataka,221.5
2018-02-25,Karnataka,213.6
2018-02-26,Karnataka,218.6
2018-02-27,Karnataka,220.9
2018-02-28,Karnataka,221.6
2018-03-01,Karnataka,225.9
2018-03-02,Karnataka,223.2
2018-03-03,Karnataka,225.1
2018-03-04,Karnataka,213.7
2018-03-05,Karnataka,224.1
2018-03-06,Karnataka,229.6
2018-03-07,Karnataka,227.3
2018-03-08,Karnataka,226.9
2018-03-09,Karnataka,236.0
2018-03-10,Karnataka,234.8
2018-03-11,Karnataka,219.1
2018-03-12,Karnataka,232.3
2018-03-13,Karnataka,234.4
2018-03-14,Karnataka,231.8
2018-03-15,Karnataka,214.1
2018-03-16,Karnataka,196.9
2018-03-17,Karnataka,188.7
2018-03-18,Karnataka,185.2
2018-03-19,Karnataka,193.1
2018-03-20,Karnataka,200.5
2018-03-21,Karnataka,214.4
2018-03-22,Karnataka,219.8
2018-03-23,Karnataka,229.7
2018-03-24,Karnataka,228.0
2018-03-25,Karnataka,218.8
2018-03-26,Karnataka,234.6
2018-03-27,Karnataka,240.1
2018-03-28,Karnataka,241.2
2018-03-29,Karnataka,238.8
2018-03-30,Karnataka,228.9
2018-03-31,Karnataka,219.2
2018-04-01,Karnataka,208.7
2018-04-02,Karnataka,215.0
2018-04-03,Karnataka,214.6
2018-04-04,Karnataka,224.3
2018-04-05,Karnataka,228.8
2018-04-06,Karnataka,230.8
2018-04-07,Karnataka,216.7
2018-04-08,Karnataka,199.6
2018-04-09,Karnataka,224.6
2018-04-10,Karnataka,229.2
2018-04-11,Karnataka,228.8
2018-04-12,Karnataka,229.6
2018-04-13,Karnataka,230.5
2018-04-14,Karnataka,226.6
2018-04-15,Karnataka,204.6
2018-04-16,Karnataka,211.5
2018-04-17,Karnataka,215.7
2018-04-18,Karnataka,220.1
2018-04-19,Karnataka,221.4
2018-04-20,Karnataka,208.3
2018-04-21,Karnataka,212.9
2018-04-22,Karnataka,195.1
2018-04-23,Karnataka,204.9
2018-04-24,Karnataka,212.3
2018-04-25,Karnataka,209.3
2018-04-26,Karnataka,216.7
2018-04-27,Karnataka,225.7
2018-04-28,Karnataka,223.1
2018-04-29,Karnataka,208.5
2018-04-30,Karnataka,215.5
2018-05-01,Karnataka,202.2
2018-05-02,Karnataka,209.5
2018-05-03,Karnataka,196.9
2018-05-04,Karnataka,187.0
2018-05-05,Karnataka,203.0
2018-05-06,Karnataka,193.2
2018-05-07,Karnataka,206.4
2018-05-08,Karnataka,208.3
2018-05-09,Karnataka,197.0
2018-05-10,Karnataka,190.4
2018-05-11,Karnataka,175.8
2018-05-12,Karnataka,157.5
2018-05-13,Karnataka,153.3
2018-05-14,Karnataka,169.3
2018-05-15,Karnataka,175.3
2018-05-16,Karnataka,177.3
2018-05-17,Karnataka,183.5
2018-05-18,Karnataka,182.6
2018-05-19,Karnataka,183.7
2018-05-20,Karnataka,154.5
2018-05-21,Karnataka,169.3
2018-05-22,Karnataka,168.4
2018-05-23,Karnataka,172.5
2018-05-24,Karnataka,170.8
2018-05-25,Karnataka,171.5
2018-05-26,Karnataka,165.8
2018-05-27,Karnataka,152.8
2018-05-28,Karnataka,172.2
2018-05-29,Karnataka,170.2
2018-05-30,Karnataka,172.7
2018-05-31,Karnataka,173.6
2018-06-01,Karnataka,171.4
2018-06-02,Karnataka,157.4
2018-06-03,Karnataka,146.7
2018-06-04,Karnataka,156.0
2018-06-05,Karnataka,161.9
2018-06-06,Karnataka,161.9
2018-06-07,Karnataka,160.2
2018-06-08,Karnataka,156.6
2018-06-09,Karnataka,144.7
2018-06-10,Karnataka,136.5
2018-06-11,Karnataka,147.4
2018-06-12,Karnataka,151.1
2018-06-13,Karnataka,162.1
2018-06-14,Karnataka,166.2
2018-06-15,Karnataka,167.6
2018-06-16,Karnataka,168.8
2018-06-17,Karnataka,155.9
2018-06-18,Karnataka,164.6
2018-06-19,Karnataka,171.6
2018-06-20,Karnataka,178.6
2018-06-21,Karnataka,180.3
2018-06-22,Karnataka,181.0
2018-06-23,Karnataka,171.8
2018-06-24,Karnataka,163.4
2018-06-25,Karnataka,173.7
2018-06-26,Karnataka,174.6
2018-06-27,Karnataka,174.2
2018-06-28,Karnataka,179.2
2018-06-29,Karnataka,183.3
2018-06-30,Karnataka,180.2
2018-07-01,Karnataka,169.3
2018-07-02,Karnataka,183.0
2018-07-03,Karnataka,188.4
2018-07-04,Karnataka,189.3
2018-07-05,Karnataka,193.2
2018-07-06,Karnataka,194.7
2018-07-07,Karnataka,183.7
2018-07-08,Karnataka,163.5
2018-07-09,Karnataka,168.8
2018-07-10,Karnataka,168.6
2018-07-11,Karnataka,163.9
2018-07-12,Karnataka,160.3
2018-07-13,Karnataka,156.1
2018-07-14,Karnataka,152.8
2018-07-15,Karnataka,145.8
2018-07-16,Karnataka,157.3
2018-07-17,Karnataka,160.4
2018-07-18,Karnataka,169.4
2018-07-19,Karnataka,170.6
2018-07-20,Karnataka,173.3
2018-07-21,Karnataka,171.5
2018-07-22,Karnataka,162.8
2018-07-23,Karnataka,176.5
2018-07-24,Karnataka,177.0
2018-07-25,Karnataka,180.3
2018-07-26,Karnataka,183.1
2018-07-27,Karnataka,183.0
2018-07-28,Karnataka,180.4
2018-07-29,Karnataka,172.5
2018-07-30,Karnataka,190.2
2018-07-31,Karnataka,191.6
2018-08-01,Karnataka,190.2
2018-08-02,Karnataka,189.0
2018-08-03,Karnataka,191.1
2018-08-04,Karnataka,187.1
2018-08-05,Karnataka,175.6
2018-08-06,Karnataka,183.2
2018-08-07,Karnataka,183.9
2018-08-08,Karnataka,183.5
2018-08-09,Karnataka,185.0
2018-08-10,Karnataka,189.3
2018-08-11,Karnataka,180.2
2018-08-12,Karnataka,161.9
2018-08-13,Karnataka,158.8
2018-08-14,Karnataka,164.5
2018-08-15,Karnataka,147.6
2018-08-16,Karnataka,146.7
2018-08-17,Karnataka,155.2
2018-08-23,Karnataka,181.5
2018-08-24,Karnataka,186.9
2018-08-25,Karnataka,182.8
2018-08-26,Karnataka,179.7
2018-08-27,Karnataka,178.3
2018-08-28,Karnataka,176.1
2018-08-29,Karnataka,176.5
2018-08-30,Karnataka,180.1
2018-08-31,Karnataka,184.9
2018-09-01,Karnataka,178.0
2018-09-02,Karnataka,170.4
2018-09-03,Karnataka,184.4
2018-09-04,Karnataka,194.4
2018-09-05,Karnataka,199.0
2018-09-06,Karnataka,201.4
2018-09-07,Karnataka,206.0
2018-09-08,Karnataka,201.8
2018-09-09,Karnataka,196.1
2018-09-10,Karnataka,201.3
2018-09-11,Karnataka,206.7
2018-09-12,Karnataka,204.3
2018-09-13,Karnataka,193.8
2018-09-14,Karnataka,203.3
2018-09-15,Karnataka,203.7
2018-09-16,Karnataka,190.6
2018-09-17,Karnataka,193.0
2018-09-18,Karnataka,195.6
2018-09-19,Karnataka,200.3
2018-09-20,Karnataka,201.9
2018-09-21,Karnataka,199.2
2018-09-22,Karnataka,199.1
2018-09-23,Karnataka,196.2
2018-09-24,Karnataka,193.6
2018-09-25,Karnataka,192.0
2018-09-26,Karnataka,172.4
2018-09-27,Karnataka,167.6
2018-09-28,Karnataka,171.8
2018-09-29,Karnataka,164.3
2018-09-30,Karnataka,162.2
2018-10-01,Karnataka,175.6
2018-10-02,Karnataka,168.7
2018-10-03,Karnataka,186.0
2018-10-04,Karnataka,183.1
2018-10-05,Karnataka,181.4
2018-10-06,Karnataka,176.9
2018-10-07,Karnataka,166.8
2018-10-08,Karnataka,187.3
2018-10-09,Karnataka,192.9
2018-10-10,Karnataka,197.4
2018-10-11,Karnataka,199.7
2018-10-12,Karnataka,208.7
2018-10-13,Karnataka,215.1
2018-10-14,Karnataka,205.5
2018-10-15,Karnataka,203.5
2018-10-16,Karnataka,194.3
2018-10-17,Karnataka,169.2
2018-10-18,Karnataka,151.5
2018-10-19,Karnataka,149.6
2018-10-20,Karnataka,157.8
2018-10-21,Karnataka,164.5
2018-10-22,Karnataka,185.0
2018-10-23,Karnataka,199.9
2018-10-24,Karnataka,204.0
2018-10-25,Karnataka,206.0
2018-10-26,Karnataka,205.2
2018-10-27,Karnataka,204.0
2018-10-28,Karnataka,194.8
2018-10-29,Karnataka,209.0
2018-10-30,Karnataka,215.6
2018-10-31,Karnataka,220.1
2018-11-01,Karnataka,206.2
2018-11-02,Karnataka,212.3
2018-11-03,Karnataka,205.2
2018-11-04,Karnataka,192.1
2018-11-05,Karnataka,210.3
2018-11-06,Karnataka,214.8
2018-11-07,Karnataka,205.4
2018-11-08,Karnataka,197.2
2018-11-09,Karnataka,210.8
2018-11-10,Karnataka,215.5
2018-11-11,Karnataka,206.8
2018-11-12,Karnataka,219.1
2018-11-13,Karnataka,220.2
2018-11-14,Karnataka,220.1
2018-11-15,Karnataka,219.0
2018-11-16,Karnataka,213.8
2018-11-17,Karnataka,218.7
2018-11-18,Karnataka,205.0
2018-11-19,Karnataka,203.1
2018-11-20,Karnataka,204.3
2018-11-21,Karnataka,205.3
2018-11-22,Karnataka,194.8
2018-11-23,Karnataka,192.8
2018-11-24,Karnataka,193.4
2018-11-25,Karnataka,186.1
2018-11-27,Karnataka,201.0
2018-11-28,Karnataka,203.5
2018-11-29,Karnataka,206.5
2018-11-30,Karnataka,211.3
2018-12-01,Karnataka,209.4
2018-12-02,Karnataka,195.6
2018-12-03,Karnataka,209.3
2018-12-04,Karnataka,207.2
2018-12-05,Karnataka,204.2
2018-12-06,Karnataka,207.5
2018-12-07,Karnataka,209.6
2018-12-08,Karnataka,205.2
2018-12-09,Karnataka,193.9
2018-12-10,Karnataka,206.5
2018-12-11,Karnataka,209.3
2018-12-12,Karnataka,211.5
2018-12-13,Karnataka,213.7
2018-12-14,Karnataka,212.0
2018-12-15,Karnataka,203.5
2018-12-16,Karnataka,187.9
2018-12-17,Karnataka,199.3
2018-12-18,Karnataka,200.9
2018-12-19,Karnataka,200.8
2018-12-20,Karnataka,207.5
2018-12-21,Karnataka,211.1
2018-12-22,Karnataka,204.9
2018-12-23,Karnataka,190.2
2018-12-24,Karnataka,204.6
2018-12-25,Karnataka,206.8
2018-12-26,Karnataka,214.4
2018-12-27,Karnataka,213.2
2018-12-28,Karnataka,211.2
2018-12-29,Karnataka,204.8
2018-12-30,Karnataka,192.1
2018-12-31,Karnataka,203.1
2019-01-01,Karnataka,199.3
2019-01-02,Karnataka,200.3
2019-01-03,Karnataka,204.2
2019-01-04,Karnataka,208.5
2019-01-05,Karnataka,204.8
2019-01-06,Karnataka,195.7
2019-01-07,Karnataka,207.6
2019-01-08,Karnataka,207.5
2019-01-09,Karnataka,206.0
2019-01-10,Karnataka,213.3
2019-01-11,Karnataka,219.0
2019-01-12,Karnataka,215.2
2019-01-13,Karnataka,201.9
2019-01-14,Karnataka,210.7
2019-01-15,Karnataka,204.2
2019-01-16,Karnataka,212.2
2019-01-17,Karnataka,215.5
2019-01-18,Karnataka,215.6
2019-01-19,Karnataka,211.7
2019-01-20,Karnataka,197.4
2019-01-21,Karnataka,211.9
2019-01-22,Karnataka,216.2
2019-01-23,Karnataka,216.0
2019-01-24,Karnataka,218.7
2019-01-25,Karnataka,219.4
2019-01-26,Karnataka,202.8
2019-01-27,Karnataka,197.3
2019-01-28,Karnataka,205.3
2019-01-29,Karnataka,204.5
2019-01-30,Karnataka,211.1
2019-01-31,Karnataka,213.0
2019-02-01,Karnataka,217.6
2019-02-02,Karnataka,212.9
2019-02-03,Karnataka,200.4
2019-02-04,Karnataka,213.1
2019-02-05,Karnataka,218.6
2019-02-06,Karnataka,223.4
2019-02-07,Karnataka,223.3
2019-02-08,Karnataka,229.9
2019-02-09,Karnataka,215.2
2019-02-10,Karnataka,205.1
2019-02-11,Karnataka,207.9
2019-02-12,Karnataka,212.3
2019-02-13,Karnataka,219.5
2019-02-14,Karnataka,223.2
2019-02-15,Karnataka,226.2
2019-02-16,Karnataka,226.8
2019-02-17,Karnataka,210.2
2019-02-18,Karnataka,220.3
2019-02-19,Karnataka,233.1
2019-02-20,Karnataka,234.9
2019-02-21,Karnataka,231.5
2019-02-22,Karnataka,229.0
2019-02-23,Karnataka,228.6
2019-02-24,Karnataka,215.4
2019-02-25,Karnataka,235.1
2019-02-27,Karnataka,237.7
2019-02-28,Karnataka,246.3
2019-03-01,Karnataka,251.6
2019-03-02,Karnataka,247.3
2019-03-03,Karnataka,222.6
2019-03-04,Karnataka,237.1
2019-03-05,Karnataka,239.4
2019-03-06,Karnataka,242.5
2019-03-07,Karnataka,240.4
2019-03-08,Karnataka,243.4
2019-03-09,Karnataka,244.0
2019-03-10,Karnataka,231.5
2019-03-11,Karnataka,244.2
2019-03-12,Karnataka,248.9
2019-03-13,Karnataka,247.0
2019-03-14,Karnataka,247.8
2019-03-15,Karnataka,249.9
2019-03-16,Karnataka,242.1
2019-03-17,Karnataka,230.0
2019-03-18,Karnataka,247.7
2019-03-19,Karnataka,252.8
2019-03-20,Karnataka,250.4
2019-03-21,Karnataka,247.6
2019-03-22,Karnataka,248.4
2019-03-23,Karnataka,249.4
2019-03-24,Karnataka,240.6
2019-03-25,Karnataka,252.5
2019-03-26,Karnataka,273.3
2019-03-27,Karnataka,256.3
2019-03-28,Karnataka,254.3
2019-03-29,Karnataka,255.8
2019-03-30,Karnataka,253.5
2019-03-31,Karnataka,232.7
2019-04-01,Karnataka,243.7
2019-04-02,Karnataka,247.8
2019-04-03,Karnataka,248.6
2019-04-04,Karnataka,246.5
2019-04-05,Karnataka,242.8
2019-04-06,Karnataka,226.7
2019-04-07,Karnataka,218.6
2019-04-08,Karnataka,235.1
2019-04-09,Karnataka,228.9
2019-04-10,Karnataka,233.5
2019-04-11,Karnataka,234.8
2019-04-12,Karnataka,239.3
2019-04-13,Karnataka,237.8
2019-04-14,Karnataka,223.6
2019-04-15,Karnataka,243.1
2019-04-16,Karnataka,249.3
2019-04-17,Karnataka,241.5
2019-04-18,Karnataka,217.0
2019-04-19,Karnataka,220.7
2019-04-20,Karnataka,228.6
2019-04-21,Karnataka,216.0
2019-04-22,Karnataka,235.4
2019-04-23,Karnataka,230.6
2019-04-24,Karnataka,233.1
2019-04-25,Karnataka,241.9
2019-04-26,Karnataka,246.0
2019-04-27,Karnataka,236.5
2019-04-28,Karnataka,219.1
2019-04-29,Karnataka,230.1
2019-04-30,Karnataka,214.8
2019-05-01,Karnataka,180.6
2019-05-02,Karnataka,209.6
2019-05-03,Karnataka,223.4
2019-05-04,Karnataka,224.5
2019-05-05,Karnataka,215.5
2019-05-06,Karnataka,236.2
2019-05-07,Karnataka,226.9
2019-05-08,Karnataka,220.8
2019-05-09,Karnataka,228.3
2019-05-10,Karnataka,236.2
2019-05-11,Karnataka,232.3
2019-05-12,Karnataka,214.9
2019-05-13,Karnataka,219.6
2019-05-14,Karnataka,223.6
2019-05-15,Karnataka,225.7
2019-05-16,Karnataka,225.0
2019-05-17,Karnataka,222.2
2019-05-18,Karnataka,220.9
2019-05-19,Karnataka,211.5
2019-05-20,Karnataka,225.8
2019-05-21,Karnataka,221.7
2019-05-22,Karnataka,219.4
2019-05-23,Karnataka,218.9
2019-05-24,Karnataka,205.3
2019-05-25,Karnataka,194.1
2019-05-26,Karnataka,176.0
2019-05-27,Karnataka,194.9
2019-05-28,Karnataka,214.1
2019-05-29,Karnataka,206.3
2019-05-30,Karnataka,213.1
2019-05-31,Karnataka,212.7
2019-06-01,Karnataka,198.9
2019-06-02,Karnataka,184.8
2019-06-03,Karnataka,175.5
2019-06-04,Karnataka,197.4
2019-06-05,Karnataka,199.3
2019-06-06,Karnataka,175.5
2019-06-07,Karnataka,179.1
2019-06-08,Karnataka,180.8
2019-06-09,Karnataka,173.7
2019-06-11,Karnataka,185.6
2019-06-12,Karnataka,179.2
2019-06-13,Karnataka,178.9
2019-06-14,Karnataka,190.3
2019-06-15,Karnataka,198.1
2019-06-16,Karnataka,192.8
2019-06-17,Karnataka,218.2
2019-06-18,Karnataka,217.5
2019-06-19,Karnataka,218.4
2019-06-20,Karnataka,218.4
2019-06-21,Karnataka,218.9
2019-06-22,Karnataka,203.3
2019-06-23,Karnataka,182.3
2019-06-24,Karnataka,191.5
2019-06-25,Karnataka,199.2
2019-06-26,Karnataka,198.1
2019-06-27,Karnataka,198.2
2019-06-28,Karnataka,195.2
2019-06-29,Karnataka,191.8
2019-06-30,Karnataka,170.3
2019-07-01,Karnataka,184.6
2019-07-02,Karnataka,192.6
2019-07-03,Karnataka,195.9
2019-07-04,Karnataka,195.4
2019-07-05,Karnataka,191.5
2019-07-06,Karnataka,183.5
2019-07-07,Karnataka,172.9
2019-07-08,Karnataka,188.5
2019-07-09,Karnataka,195.2
2019-07-10,Karnataka,188.8
2019-07-11,Karnataka,190.0
2019-07-12,Karnataka,196.5
2019-07-13,Karnataka,196.1
2019-07-14,Karnataka,182.3
2019-07-15,Karnataka,194.8
2019-07-16,Karnataka,201.1
2019-07-17,Karnataka,202.6
2019-07-18,Karnataka,199.3
2019-07-19,Karnataka,195.4
2019-07-20,Karnataka,186.6
2019-07-21,Karnataka,168.0
2019-07-22,Karnataka,171.9
2019-07-23,Karnataka,164.5
2019-07-24,Karnataka,172.9
2019-07-25,Karnataka,163.7
2019-07-26,Karnataka,174.8
2019-07-27,Karnataka,165.4
2019-07-28,Karnataka,160.8
2019-07-29,Karnataka,175.2
2019-07-30,Karnataka,167.1
2019-07-31,Karnataka,182.5
2019-08-01,Karnataka,185.0
2019-08-02,Karnataka,184.7
2019-08-03,Karnataka,179.9
2019-08-04,Karnataka,157.5
2019-08-05,Karnataka,170.9
2019-08-06,Karnataka,155.7
2019-08-07,Karnataka,150.1
2019-08-08,Karnataka,145.9
2019-08-09,Karnataka,145.6
2019-08-10,Karnataka,142.7
2019-08-11,Karnataka,141.4
2019-08-12,Karnataka,154.5
2019-08-13,Karnataka,160.5
2019-08-14,Karnataka,161.3
2019-08-15,Karnataka,149.9
2019-08-16,Karnataka,164.2
2019-08-17,Karnataka,158.1
2019-08-18,Karnataka,142.7
2019-08-19,Karnataka,158.5
2019-08-20,Karnataka,160.1
2019-08-21,Karnataka,169.0
2019-08-22,Karnataka,168.4
2019-08-23,Karnataka,168.0
2019-08-24,Karnataka,160.0
2019-08-25,Karnataka,155.9
2019-08-26,Karnataka,172.7
2019-08-27,Karnataka,182.3
2019-08-28,Karnataka,186.2
2019-08-29,Karnataka,191.8
2019-08-30,Karnataka,192.7
2019-08-31,Karnataka,184.8
2019-09-01,Karnataka,172.1
2019-09-02,Karnataka,171.9
2019-09-03,Karnataka,174.9
2019-09-04,Karnataka,172.6
2019-09-05,Karnataka,170.5
2019-09-06,Karnataka,179.2
2019-09-07,Karnataka,177.7
2019-09-08,Karnataka,167.9
2019-09-09,Karnataka,187.0
2019-09-10,Karnataka,191.6
2019-09-11,Karnataka,189.5
2019-09-12,Karnataka,194.7
2019-09-13,Karnataka,193.9
2019-09-14,Karnataka,190.9
2019-09-15,Karnataka,185.5
2019-09-16,Karnataka,188.3
2019-09-17,Karnataka,179.8
2019-09-18,Karnataka,177.7
2019-09-19,Karnataka,171.9
2019-09-20,Karnataka,177.6
2019-09-21,Karnataka,180.1
2019-09-22,Karnataka,169.8
2019-09-23,Karnataka,177.3
2019-09-24,Karnataka,158.3
2019-09-25,Karnataka,159.2
2019-09-26,Karnataka,154.8
2019-09-27,Karnataka,164.7
2019-09-28,Karnataka,163.0
2019-09-29,Karnataka,156.0
2019-09-30,Karnataka,173.6
2019-10-01,Karnataka,176.0
2019-10-02,Karnataka,157.0
2019-10-03,Karnataka,163.5
2019-10-04,Karnataka,162.4
2019-10-05,Karnataka,156.7
2019-10-06,Karnataka,138.7
2019-10-07,Karnataka,136.3
2019-10-08,Karnataka,137.1
2019-10-09,Karnataka,145.7
2019-10-10,Karnataka,153.5
2019-10-11,Karnataka,156.5
2019-10-12,Karnataka,155.1
2019-10-13,Karnataka,147.2
2019-10-14,Karnataka,160.2
2019-10-15,Karnataka,160.7
2019-10-16,Karnataka,158.1
2019-10-17,Karnataka,161.8
2019-10-18,Karnataka,162.5
2019-10-19,Karnataka,154.6
2019-10-20,Karnataka,138.3
2019-10-21,Karnataka,146.0
2019-10-23,Karnataka,147.4
2019-10-24,Karnataka,147.2
2019-10-25,Karnataka,141.8
2019-10-26,Karnataka,140.1
2019-10-27,Karnataka,132.6
2019-10-28,Karnataka,128.2
2019-10-29,Karnataka,133.8
2019-10-30,Karnataka,136.9
2019-10-31,Karnataka,146.8
2019-11-01,Karnataka,121.0
2019-11-02,Karnataka,142.8
2019-11-03,Karnataka,141.7
2019-11-04,Karnataka,159.9
2019-11-05,Karnataka,165.2
2019-11-06,Karnataka,171.6
2019-11-07,Karnataka,171.4
2019-11-08,Karnataka,168.5
2019-11-09,Karnataka,166.9
2019-11-10,Karnataka,155.8
2019-11-11,Karnataka,168.5
2019-11-12,Karnataka,173.2
2019-11-13,Karnataka,177.3
2019-11-14,Karnataka,175.6
2019-11-15,Karnataka,172.8
2019-11-16,Karnataka,172.0
2019-11-17,Karnataka,164.1
2019-11-18,Karnataka,180.4
2019-11-19,Karnataka,183.5
2019-11-20,Karnataka,186.2
2019-11-21,Karnataka,186.2
2019-11-22,Karnataka,186.4
2019-11-23,Karnataka,188.0
2019-11-24,Karnataka,176.5
2019-11-25,Karnataka,196.3
2019-11-26,Karnataka,182.1
2019-11-27,Karnataka,185.8
2019-11-28,Karnataka,190.8
2019-11-29,Karnataka,195.3
2019-11-30,Karnataka,190.9
2019-12-01,Karnataka,162.3
2019-12-02,Karnataka,167.4
2019-12-03,Karnataka,165.0
2019-12-04,Karnataka,172.9
2019-12-05,Karnataka,174.5
2019-12-06,Karnataka,179.9
2019-12-07,Karnataka,177.1
2019-12-08,Karnataka,169.7
2019-12-09,Karnataka,184.5
2019-12-10,Karnataka,188.0
2019-12-11,Karnataka,196.1
2019-12-12,Karnataka,196.6
2019-12-13,Karnataka,204.2
2019-12-14,Karnataka,197.7
2019-12-15,Karnataka,178.7
2019-12-16,Karnataka,195.5
2019-12-17,Karnataka,198.9
2019-12-18,Karnataka,196.4
2019-12-19,Karnataka,202.9
2019-12-20,Karnataka,204.9
2019-12-21,Karnataka,202.6
2019-12-22,Karnataka,192.6
2019-12-23,Karnataka,203.7
2019-12-24,Karnataka,209.0
2019-12-25,Karnataka,204.1
2019-12-26,Karnataka,207.2
2019-12-27,Karnataka,211.6
2019-12-28,Karnataka,208.1
2019-12-29,Karnataka,193.3
2019-12-30,Karnataka,206.3
2019-12-31,Karnataka,212.2
2020-01-01,Karnataka,205.3
2020-01-02,Karnataka,212.4
2020-01-03,Karnataka,217.5
2020-01-04,Karnataka,217.4
2020-01-05,Karnataka,201.0
2020-01-06,Karnataka,213.2
2020-01-07,Karnataka,215.4
2020-01-08,Karnataka,216.7
2020-01-09,Karnataka,225.6
2020-01-10,Karnataka,226.8
2020-01-11,Karnataka,222.3
2020-01-12,Karnataka,207.3
2020-01-13,Karnataka,222.7
2020-01-14,Karnataka,230.7
2020-01-15,Karnataka,220.5
2020-01-16,Karnataka,227.3
2020-01-17,Karnataka,233.0
2020-01-18,Karnataka,228.3
2020-01-19,Karnataka,192.3
2020-01-20,Karnataka,233.6
2020-01-21,Karnataka,233.8
2020-01-22,Karnataka,234.8
2020-01-23,Karnataka,233.2
2020-01-24,Karnataka,233.6
2020-01-25,Karnataka,228.6
2020-01-26,Karnataka,214.7
2020-01-27,Karnataka,228.3
2020-01-28,Karnataka,233.3
2020-01-29,Karnataka,235.8
2020-01-30,Karnataka,239.4
2020-01-31,Karnataka,240.7
2020-02-01,Karnataka,233.8
2020-02-02,Karnataka,217.7
2020-02-03,Karnataka,233.6
2020-02-04,Karnataka,233.9
2020-02-05,Karnataka,239.1
2020-02-06,Karnataka,239.5
2020-02-07,Karnataka,238.3
2020-02-08,Karnataka,230.7
2020-02-09,Karnataka,214.3
2020-02-10,Karnataka,231.5
2020-02-11,Karnataka,233.9
2020-02-12,Karnataka,237.7
2020-02-13,Karnataka,240.9
2020-02-14,Karnataka,244.6
2020-02-15,Karnataka,242.0
2020-02-16,Karnataka,225.3
2020-02-17,Karnataka,240.0
2020-02-18,Karnataka,244.1
2020-02-19,Karnataka,247.8
2020-02-20,Karnataka,246.6
2020-02-21,Karnataka,243.4
2020-02-22,Karnataka,236.8
2020-02-23,Karnataka,230.0
2020-02-24,Karnataka,242.7
2020-02-25,Karnataka,250.1
2020-02-26,Karnataka,249.6
2020-02-27,Karnataka,252.0
2020-02-28,Karnataka,253.3
2020-02-29,Karnataka,248.0
2020-03-01,Karnataka,224.3
2020-03-02,Karnataka,237.2
2020-03-03,Karnataka,245.1
2020-03-04,Karnataka,244.5
2020-03-05,Karnataka,251.9
2020-03-06,Karnataka,248.5
2020-03-07,Karnataka,247.7
2020-03-08,Karnataka,237.4
2020-03-09,Karnataka,253.3
2020-03-10,Karnataka,248.6
2020-03-11,Karnataka,255.2
2020-03-12,Karnataka,257.9
2020-03-13,Karnataka,259.2
2020-03-14,Karnataka,253.5
2020-03-15,Karnataka,239.0
2020-03-16,Karnataka,255.6
2020-03-17,Karnataka,256.9
2020-03-18,Karnataka,256.0
2020-03-19,Karnataka,258.6
2020-03-20,Karnataka,251.1
2020-03-21,Karnataka,244.8
2020-03-22,Karnataka,226.4
2020-03-23,Karnataka,238.3
2020-03-24,Karnataka,231.2
2020-03-25,Karnataka,214.9
2020-03-26,Karnataka,213.6
2020-03-27,Karnataka,217.4
2020-03-28,Karnataka,214.6
2020-03-29,Karnataka,215.7
2020-03-30,Karnataka,218.2
2020-03-31,Karnataka,221.6
2020-04-01,Karnataka,220.7
2020-04-02,Karnataka,226.7
2020-04-03,Karnataka,226.2
2020-04-04,Karnataka,228.8
2020-04-05,Karnataka,214.5
2020-04-06,Karnataka,199.8
2020-04-07,Karnataka,182.0
2020-04-08,Karnataka,187.8
2020-04-09,Karnataka,186.6
2020-04-10,Karnataka,184.1
2020-04-11,Karnataka,197.1
2020-04-12,Karnataka,198.4
2020-04-13,Karnataka,206.6
2020-04-14,Karnataka,208.4
2020-04-15,Karnataka,217.0
2020-04-16,Karnataka,219.8
2020-04-17,Karnataka,219.0
2020-04-18,Karnataka,204.4
2020-04-19,Karnataka,196.4
2020-04-20,Karnataka,207.4
2020-04-21,Karnataka,207.2
2020-04-22,Karnataka,207.9
2020-04-23,Karnataka,205.5
2020-04-24,Karnataka,193.5
2020-04-25,Karnataka,198.2
2020-04-27,Karnataka,201.7
2020-04-28,Karnataka,206.8
2020-04-29,Karnataka,184.0
2020-04-30,Karnataka,189.7
2020-05-01,Karnataka,189.7
2020-05-02,Karnataka,187.9
2020-05-03,Karnataka,184.0
2020-05-04,Karnataka,195.8
2020-05-05,Karnataka,204.2
2020-05-06,Karnataka,204.0
2020-05-07,Karnataka,205.2
2020-05-08,Karnataka,199.3
2020-05-09,Karnataka,205.6
2020-05-10,Karnataka,192.6
2020-05-11,Karnataka,199.4
2020-05-13,Karnataka,214.7
2020-05-14,Karnataka,214.5
2020-05-15,Karnataka,209.5
2020-05-16,Karnataka,204.1
2020-05-17,Karnataka,192.5
2020-05-18,Karnataka,169.2
2020-05-19,Karnataka,174.0
2020-05-20,Karnataka,188.0
2020-05-21,Karnataka,196.5
2020-05-22,Karnataka,201.3
2020-05-23,Karnataka,201.2
2020-05-24,Karnataka,192.6
2020-05-25,Karnataka,200.9
2020-05-26,Karnataka,187.3
2020-05-27,Karnataka,187.0
2020-05-28,Karnataka,192.1
2020-05-29,Karnataka,192.8
2020-05-30,Karnataka,183.5
2020-05-31,Karnataka,168.5
2020-06-01,Karnataka,164.5
2020-06-02,Karnataka,155.9
2020-06-03,Karnataka,144.6
2020-06-04,Karnataka,166.4
2020-06-05,Karnataka,177.3
2020-06-06,Karnataka,175.2
2020-06-07,Karnataka,170.2
2020-06-08,Karnataka,187.7
2020-06-09,Karnataka,196.2
2020-06-10,Karnataka,194.6
2020-06-11,Karnataka,170.8
2020-06-12,Karnataka,165.3
2020-06-13,Karnataka,169.9
2020-06-14,Karnataka,162.4
2020-06-15,Karnataka,175.8
2020-06-16,Karnataka,178.9
2020-06-17,Karnataka,174.3
2020-06-18,Karnataka,176.4
2020-06-19,Karnataka,184.4
2020-06-20,Karnataka,186.1
2020-06-21,Karnataka,183.3
2020-06-22,Karnataka,190.7
2020-06-24,Karnataka,196.0
2020-06-25,Karnataka,192.5
2020-06-26,Karnataka,173.2
2020-06-27,Karnataka,174.9
2020-06-28,Karnataka,163.9
2020-06-29,Karnataka,174.8
2020-07-02,Karnataka,171.3
2020-07-03,Karnataka,161.2
2020-07-04,Karnataka,157.6
2020-07-05,Karnataka,149.5
2020-07-06,Karnataka,166.9
2020-07-07,Karnataka,171.6
2020-07-08,Karnataka,165.8
2020-07-09,Karnataka,157.7
2020-07-10,Karnataka,156.5
2020-07-11,Karnataka,158.9
2020-07-12,Karnataka,152.1
2020-07-13,Karnataka,169.2
2020-07-14,Karnataka,167.6
2020-07-15,Karnataka,155.1
2020-07-16,Karnataka,138.5
2020-07-17,Karnataka,143.6
2020-07-18,Karnataka,146.7
2020-07-19,Karnataka,140.3
2020-07-20,Karnataka,144.6
2020-07-21,Karnataka,146.2
2020-07-22,Karnataka,158.7
2020-07-23,Karnataka,162.1
2020-07-24,Karnataka,158.3
2020-07-25,Karnataka,149.3
2020-07-26,Karnataka,139.3
2020-07-27,Karnataka,156.9
2020-07-28,Karnataka,165.1
2020-07-29,Karnataka,163.9
2020-07-30,Karnataka,161.2
2020-07-31,Karnataka,164.8
2020-08-01,Karnataka,156.6
2020-08-06,Karnataka,140.5
2020-08-07,Karnataka,149.4
2020-08-08,Karnataka,149.9
2020-08-09,Karnataka,137.9
2020-08-10,Karnataka,145.3
2020-08-13,Karnataka,156.9
2020-08-14,Karnataka,160.6
2020-08-15,Karnataka,150.2
2020-08-16,Karnataka,136.3
2020-08-17,Karnataka,149.5
2020-08-18,Karnataka,147.6
2020-08-19,Karnataka,154.2
2020-08-21,Karnataka,160.2
2020-08-22,Karnataka,151.6
2020-08-23,Karnataka,149.9
2020-08-30,Karnataka,184.2
2020-08-31,Karnataka,183.5
2020-09-01,Karnataka,179.2
2020-09-05,Karnataka,167.5
2020-09-06,Karnataka,158.7
2020-09-07,Karnataka,165.6
2020-09-08,Karnataka,164.5
2020-09-09,Karnataka,159.5
2020-09-10,Karnataka,155.3
2020-09-15,Karnataka,146.6
2020-09-16,Karnataka,150.6
2020-09-24,Karnataka,163.3
2020-09-25,Karnataka,166.5
2020-09-26,Karnataka,148.8
2020-09-29,Karnataka,160.3
2020-09-30,Karnataka,152.1
2020-10-01,Karnataka,154.9
2020-10-03,Karnataka,156.9
2020-10-04,Karnataka,146.9
2020-10-05,Karnataka,165.7
2020-10-06,Karnataka,176.3
2020-10-07,Karnataka,180.5
2020-10-09,Karnataka,185.9
2020-10-10,Karnataka,159.4
2020-10-11,Karnataka,133.2
2020-10-12,Karnataka,149.8
2020-10-15,Karnataka,147.0
2020-10-16,Karnataka,155.0
2020-10-17,Karnataka,156.7
2020-10-18,Karnataka,148.1
2020-10-21,Karnataka,142.0
2020-10-23,Karnataka,146.6
2020-10-24,Karnataka,143.3
2020-10-25,Karnataka,135.1
2020-10-26,Karnataka,136.0
2020-10-27,Karnataka,152.8
2020-10-28,Karnataka,163.2
2020-10-31,Karnataka,179.3
2020-11-02,Karnataka,184.1
2020-11-03,Karnataka,187.2
2020-11-04,Karnataka,191.5
2020-11-05,Karnataka,192.4
2020-11-06,Karnataka,185.9
2020-11-07,Karnataka,186.4
2020-11-09,Karnataka,188.7
2020-11-10,Karnataka,190.1
2020-11-11,Karnataka,193.0
2020-11-12,Karnataka,197.2
2020-11-13,Karnataka,194.6
2020-11-14,Karnataka,171.9
2020-11-15,Karnataka,160.6
2020-11-16,Karnataka,154.8
2020-11-17,Karnataka,164.3
2020-11-18,Karnataka,177.6
2020-11-19,Karnataka,181.5
2020-11-20,Karnataka,189.6
2020-11-22,Karnataka,181.5
2020-11-24,Karnataka,200.9
2020-11-25,Karnataka,198.6
2020-11-26,Karnataka,186.1
2020-11-27,Karnataka,186.4
2020-11-28,Karnataka,177.9
2020-11-29,Karnataka,174.9
2020-11-30,Karnataka,187.6
2020-12-01,Karnataka,193.6
2020-12-02,Karnataka,197.1
2020-12-03,Karnataka,196.2
2020-12-04,Karnataka,194.4
2020-12-05,Karnataka,191.1
2020-12-06,Karnataka,176.8
2020-12-07,Karnataka,185.2
2020-12-11,Karnataka,188.8
2020-12-12,Karnataka,192.9
2020-12-13,Karnataka,183.7
2020-12-14,Karnataka,199.3
2020-12-15,Karnataka,202.8
2020-12-16,Karnataka,200.4
2020-12-17,Karnataka,207.1
2020-12-18,Karnataka,212.3
2020-12-19,Karnataka,208.0
2020-12-20,Karnataka,192.5
2020-12-21,Karnataka,205.3
2020-12-22,Karnataka,206.1
2020-12-23,Karnataka,213.0
2020-12-24,Karnataka,214.6
2020-12-25,Karnataka,210.0
2020-12-26,Karnataka,212.0
2020-12-27,Karnataka,199.5
2020-12-28,Karnataka,212.2
2020-12-29,Karnataka,216.3
2020-12-30,Karnataka,216.7
2020-12-31,Karnataka,212.3
2021-01-01,Karnataka,207.0
2021-01-02,Karnataka,208.5
2021-01-03,Karnataka,198.9
2021-01-04,Karnataka,208.1
2021-01-05,Karnataka,208.8
2021-01-06,Karnataka,203.8
2021-01-07,Karnataka,174.5
2021-01-08,Karnataka,180.6
2021-01-09,Karnataka,172.7
2021-01-10,Karnataka,165.3
2021-01-11,Karnataka,179.4
2021-01-12,Karnataka,185.1
2021-01-13,Karnataka,193.1
2021-01-14,Karnataka,188.2
2021-01-15,Karnataka,202.6
2021-01-16,Karnataka,208.5
2021-01-17,Karnataka,199.0
2021-01-18,Karnataka,214.0
2021-01-19,Karnataka,220.3
2021-01-20,Karnataka,223.2
2021-01-21,Karnataka,224.4
2021-01-22,Karnataka,228.0
2021-01-23,Karnataka,228.5
2021-01-24,Karnataka,219.2
2021-01-25,Karnataka,229.8
2021-01-26,Karnataka,219.3
2021-01-27,Karnataka,230.0
2021-01-28,Karnataka,234.1
2021-01-29,Karnataka,237.0
2021-01-30,Karnataka,235.7
2021-01-31,Karnataka,223.6
2021-02-01,Karnataka,232.0
2021-02-03,Karnataka,236.6
2021-02-04,Karnataka,236.6
2021-02-05,Karnataka,239.5
2021-02-06,Karnataka,239.1
2021-02-07,Karnataka,221.3
2021-02-08,Karnataka,233.4
2021-02-09,Karnataka,239.2
2021-02-10,Karnataka,243.3
2021-02-11,Karnataka,240.9
2021-02-12,Karnataka,244.6
2021-02-13,Karnataka,243.0
2021-02-14,Karnataka,232.8
2021-02-15,Karnataka,244.2
2021-02-16,Karnataka,247.3
2021-02-17,Karnataka,249.1
2021-02-18,Karnataka,245.5
2021-02-19,Karnataka,219.9
2021-02-20,Karnataka,208.3
2021-02-21,Karnataka,189.4
2021-02-22,Karnataka,197.7
2021-02-23,Karnataka,207.1
2021-02-24,Karnataka,215.9
2021-02-25,Karnataka,226.0
2021-02-26,Karnataka,236.0
2021-02-27,Karnataka,236.0
2021-02-28,Karnataka,229.9
2021-03-01,Karnataka,244.6
2021-03-02,Karnataka,253.5
2021-03-03,Karnataka,247.3
2021-03-04,Karnataka,249.5
2021-03-05,Karnataka,259.9
2021-03-06,Karnataka,257.0
2021-03-07,Karnataka,245.1
2021-03-08,Karnataka,259.8
2021-03-09,Karnataka,265.0
2021-03-10,Karnataka,265.8
2021-03-11,Karnataka,265.8
2021-03-12,Karnataka,262.2
2021-03-13,Karnataka,260.4
2021-03-14,Karnataka,247.4
2021-03-16,Karnataka,264.6
2021-03-17,Karnataka,266.0
2021-03-18,Karnataka,265.6
2021-03-19,Karnataka,264.1
2021-03-20,Karnataka,260.6
2021-03-21,Karnataka,249.2
2021-03-22,Karnataka,262.0
2021-03-23,Karnataka,267.6
2021-03-24,Karnataka,269.4
2021-03-25,Karnataka,272.0
2021-03-26,Karnataka,272.0
2021-03-27,Karnataka,276.0
2021-03-28,Karnataka,259.2
2021-03-29,Karnataka,261.0
2021-03-30,Karnataka,265.1
2021-03-31,Karnataka,272.2
2021-04-01,Karnataka,273.0
2021-04-02,Karnataka,277.1
2021-04-03,Karnataka,277.5
2021-04-04,Karnataka,266.0
2021-04-05,Karnataka,276.0
2021-04-06,Karnataka,280.5
2021-04-07,Karnataka,277.7
2021-04-08,Karnataka,275.1
2021-04-09,Karnataka,271.9
2021-04-10,Karnataka,273.0
2021-04-11,Karnataka,259.9
2021-04-12,Karnataka,261.2
2021-04-13,Karnataka,242.6
2021-04-14,Karnataka,230.7
2021-04-17,Karnataka,241.3
2021-04-18,Karnataka,230.5
2021-04-19,Karnataka,240.6
2021-04-20,Karnataka,237.5
2021-04-21,Karnataka,238.8
2021-04-23,Karnataka,210.6
2021-04-24,Karnataka,201.4
2021-04-25,Karnataka,200.2
2021-04-26,Karnataka,214.8
2021-04-27,Karnataka,223.1
2021-04-28,Karnataka,223.3
2021-04-29,Karnataka,221.0
2021-04-30,Karnataka,210.1
2021-05-01,Karnataka,202.5
2021-05-02,Karnataka,198.3
2021-05-03,Karnataka,211.6
2021-05-04,Karnataka,213.7
2021-05-05,Karnataka,208.6
2021-05-06,Karnataka,208.9
2021-05-07,Karnataka,207.7
2021-05-08,Karnataka,203.1
2021-05-09,Karnataka,198.9
2021-05-10,Karnataka,196.8
2021-05-11,Karnataka,190.8
2021-05-12,Karnataka,188.3
2021-05-13,Karnataka,183.5
2021-05-14,Karnataka,180.9
2021-05-15,Karnataka,159.6
2021-05-16,Karnataka,144.3
2021-05-17,Karnataka,169.7
2021-05-18,Karnataka,176.7
2021-05-19,Karnataka,179.2
2021-05-20,Karnataka,180.3
2021-05-21,Karnataka,177.8
2021-05-22,Karnataka,172.6
2021-05-23,Karnataka,168.4
2021-05-24,Karnataka,177.1
2021-05-25,Karnataka,178.2
2021-05-26,Karnataka,171.3
2021-05-27,Karnataka,180.7
2021-05-28,Karnataka,194.0
2021-05-29,Karnataka,198.6
2021-05-30,Karnataka,192.6
2021-06-04,Karnataka,160.3
2021-06-05,Karnataka,151.5
2021-06-06,Karnataka,142.9
2021-06-07,Karnataka,160.5
2021-06-08,Karnataka,173.9
2021-06-09,Karnataka,177.2
2021-06-10,Karnataka,180.3
2021-06-11,Karnataka,182.7
2021-06-12,Karnataka,179.5
2021-06-13,Karnataka,162.3
2021-06-14,Karnataka,168.3
2021-06-15,Karnataka,167.9
2021-06-16,Karnataka,159.2
2021-06-17,Karnataka,153.7
2021-06-18,Karnataka,162.1
2021-06-19,Karnataka,161.7
2021-06-20,Karnataka,156.5
2021-06-21,Karnataka,176.4
2021-06-22,Karnataka,187.0
2021-06-23,Karnataka,195.5
2021-06-24,Karnataka,197.4
2021-06-25,Karnataka,195.4
2021-06-26,Karnataka,196.3
2021-06-27,Karnataka,164.9
2021-06-28,Karnataka,184.2
2021-06-29,Karnataka,199.4
2021-06-30,Karnataka,211.0
2021-07-01,Karnataka,215.9
2021-07-02,Karnataka,212.6
2021-07-03,Karnataka,210.5
2021-07-04,Karnataka,199.5
2021-07-05,Karnataka,196.4
2021-07-06,Karnataka,200.2
2021-07-07,Karnataka,194.8
2021-07-08,Karnataka,191.6
2021-07-09,Karnataka,185.9
2021-07-11,Karnataka,152.5
2021-07-12,Karnataka,165.7
2021-07-13,Karnataka,166.3
2021-07-14,Karnataka,160.3
2021-07-15,Karnataka,153.1
2021-07-16,Karnataka,159.2
2021-07-17,Karnataka,158.9
2021-07-18,Karnataka,136.2
2021-07-19,Karnataka,146.9
2021-07-20,Karnataka,147.5
2021-07-21,Karnataka,140.8
2021-07-22,Karnataka,145.6
2021-07-23,Karnataka,144.8
2021-07-24,Karnataka,145.6
2021-07-25,Karnataka,131.5
2021-07-26,Karnataka,149.1
2021-07-27,Karnataka,161.3
2021-07-28,Karnataka,170.0
2021-07-29,Karnataka,175.5
2021-07-30,Karnataka,182.1
2021-07-31,Karnataka,182.2
2021-08-01,Karnataka,170.1
2021-08-02,Karnataka,190.1
2021-08-03,Karnataka,195.6
2021-08-04,Karnataka,192.8
2021-08-05,Karnataka,194.8
2021-08-06,Karnataka,195.6
2021-08-07,Karnataka,194.4
2021-08-08,Karnataka,186.1
2021-08-09,Karnataka,201.6
2021-08-10,Karnataka,204.6
2021-08-11,Karnataka,203.6
2021-08-12,Karnataka,202.3
2021-08-13,Karnataka,198.4
2021-08-14,Karnataka,198.1
2021-08-15,Karnataka,181.8
2021-08-16,Karnataka,195.7
2021-08-17,Karnataka,191.7
2021-08-18,Karnataka,188.3
2021-08-19,Karnataka,191.9
2021-08-20,Karnataka,195.2
2021-08-21,Karnataka,192.5
2021-08-22,Karnataka,169.6
2021-08-23,Karnataka,180.4
2021-08-24,Karnataka,185.7
2021-08-25,Karnataka,188.8
2021-08-26,Karnataka,195.8
2021-08-27,Karnataka,191.0
2021-08-28,Karnataka,180.0
2021-08-29,Karnataka,154.7
2021-08-30,Karnataka,167.7
2021-08-31,Karnataka,176.6
2021-09-01,Karnataka,185.4
2021-09-02,Karnataka,185.6
2021-09-03,Karnataka,178.9
2021-09-04,Karnataka,169.3
2021-09-06,Karnataka,159.7
2021-09-07,Karnataka,160.3
2021-09-08,Karnataka,163.7
2021-09-09,Karnataka,177.5
2021-09-10,Karnataka,168.6
2021-09-11,Karnataka,176.9
2021-09-12,Karnataka,166.4
2021-09-13,Karnataka,178.8
2021-09-14,Karnataka,187.0
2021-09-15,Karnataka,195.0
2021-09-16,Karnataka,203.6
2021-09-17,Karnataka,211.3
2021-09-18,Karnataka,216.2
2021-09-19,Karnataka,209.8
2021-09-20,Karnataka,219.4
2021-09-21,Karnataka,205.7
2021-09-22,Karnataka,205.0
2021-09-24,Karnataka,207.9
2021-09-25,Karnataka,206.7
2021-09-26,Karnataka,192.6
2021-09-27,Karnataka,196.8
2021-09-28,Karnataka,193.4
2021-09-29,Karnataka,199.7
2021-09-30,Karnataka,208.7
2021-10-01,Karnataka,201.4
2021-10-02,Karnataka,170.4
2021-10-03,Karnataka,165.8
2021-10-04,Karnataka,182.2
2021-10-05,Karnataka,183.6
2021-10-06,Karnataka,169.1
2021-10-07,Karnataka,168.5
2021-10-08,Karnataka,170.6
2021-10-09,Karnataka,165.7
2021-10-10,Karnataka,152.2
2021-10-11,Karnataka,164.7
2021-10-12,Karnataka,166.4
2021-10-13,Karnataka,164.3
2021-10-14,Karnataka,162.8
2021-10-16,Karnataka,159.2
2021-10-17,Karnataka,155.8
2021-10-18,Karnataka,171.9
2021-10-19,Karnataka,180.2
2021-10-20,Karnataka,188.7
2021-10-21,Karnataka,185.9
2021-10-22,Karnataka,183.9
2021-10-23,Karnataka,182.8
2021-10-24,Karnataka,163.4
2021-10-25,Karnataka,177.7
2021-10-26,Karnataka,180.4
2021-10-27,Karnataka,180.8
2021-10-28,Karnataka,188.1
2021-10-29,Karnataka,187.7
2021-10-30,Karnataka,183.2
2021-10-31,Karnataka,172.2
2021-11-01,Karnataka,164.5
2021-11-02,Karnataka,174.7
2021-11-03,Karnataka,178.5
2021-11-04,Karnataka,173.4
2021-11-05,Karnataka,160.1
2021-11-06,Karnataka,165.6
2021-11-07,Karnataka,160.1
2021-11-08,Karnataka,172.4
2021-11-09,Karnataka,174.1
2021-11-10,Karnataka,178.6
2021-11-11,Karnataka,172.1
2021-11-12,Karnataka,169.4
2021-11-13,Karnataka,169.3
2021-11-14,Karnataka,155.4
2021-11-15,Karnataka,164.3
2021-11-16,Karnataka,161.7
2021-11-17,Karnataka,158.1
2021-11-18,Karnataka,155.6
2021-11-19,Karnataka,146.6
2021-11-20,Karnataka,143.4
2021-11-21,Karnataka,130.5
2021-11-22,Karnataka,147.9
2021-11-23,Karnataka,150.1
2021-11-24,Karnataka,147.3
2021-11-25,Karnataka,147.1
2021-11-26,Karnataka,151.0
2021-11-27,Karnataka,148.9
2021-11-28,Karnataka,132.9
2021-11-29,Karnataka,142.9
2021-11-30,Karnataka,141.1
2021-12-01,Karnataka,153.5
2021-12-02,Karnataka,155.3
2021-12-03,Karnataka,159.3
2021-12-04,Karnataka,155.6
2021-12-05,Karnataka,137.6
2021-12-06,Karnataka,155.2
2021-12-07,Karnataka,156.7
2021-12-08,Karnataka,160.7
2021-12-09,Karnataka,165.5
2021-12-10,Karnataka,163.7
2021-12-11,Karnataka,164.5
2021-12-12,Karnataka,149.0
2021-12-13,Karnataka,165.7
2021-12-14,Karnataka,170.9
2021-12-15,Karnataka,174.2
2021-12-16,Karnataka,177.9
2021-12-17,Karnataka,181.7
2021-12-18,Karnataka,180.6
2021-12-19,Karnataka,168.6
2021-12-20,Karnataka,182.4
2021-12-21,Karnataka,190.9
2021-12-22,Karnataka,193.9
2021-12-23,Karnataka,200.5
2021-12-24,Karnataka,203.2
2021-12-25,Karnataka,199.0
2021-12-26,Karnataka,187.1
2021-12-27,Karnataka,199.9
2021-12-28,Karnataka,204.3
2021-12-29,Karnataka,206.6
2021-12-30,Karnataka,207.5
2021-12-31,Karnataka,208.1
2022-01-01,Karnataka,201.0
2022-01-02,Karnataka,191.2
2022-01-03,Karnataka,209.3
2022-01-04,Karnataka,214.9
2022-01-05,Karnataka,216.6
2022-01-06,Karnataka,219.8
2022-01-07,Karnataka,221.3
2022-01-08,Karnataka,225.5
2022-01-09,Karnataka,209.7
2022-01-10,Karnataka,220.4
2022-01-11,Karnataka,223.9
2022-01-12,Karnataka,222.6
2022-01-13,Karnataka,224.2
2022-01-14,Karnataka,227.1
2022-01-15,Karnataka,216.6
2022-01-16,Karnataka,213.3
2022-01-17,Karnataka,234.7
2022-01-18,Karnataka,225.9
2022-01-19,Karnataka,229.0
2022-01-20,Karnataka,233.1
2022-01-21,Karnataka,232.1
2022-01-22,Karnataka,231.9
2022-01-23,Karnataka,213.8
2022-01-24,Karnataka,244.6
2022-01-25,Karnataka,245.2
2022-01-26,Karnataka,224.3
2022-01-27,Karnataka,229.4
2022-01-28,Karnataka,234.4
2022-01-29,Karnataka,234.6
2022-01-30,Karnataka,228.8
2022-01-31,Karnataka,240.7
2022-02-01,Karnataka,241.4
2022-02-02,Karnataka,244.1
2022-02-03,Karnataka,242.2
2022-02-04,Karnataka,241.3
2022-02-05,Karnataka,243.9
2022-02-06,Karnataka,229.9
2022-02-07,Karnataka,246.1
2022-02-08,Karnataka,249.8
2022-02-09,Karnataka,250.6
2022-02-10,Karnataka,249.2
2022-02-11,Karnataka,248.2
2022-02-12,Karnataka,250.1
2022-02-13,Karnataka,237.2
2022-02-14,Karnataka,250.6
2022-02-15,Karnataka,255.8
2022-02-16,Karnataka,256.2
2022-02-17,Karnataka,256.3
2022-02-18,Karnataka,256.4
2022-02-19,Karnataka,257.5
2022-02-20,Karnataka,245.0
2022-02-21,Karnataka,257.4
2022-02-22,Karnataka,265.1
2022-02-23,Karnataka,265.3
2022-02-24,Karnataka,266.5
2022-02-25,Karnataka,267.4
2022-02-26,Karnataka,265.0
2022-02-27,Karnataka,253.1
2022-02-28,Karnataka,265.1
2022-03-01,Karnataka,267.7
2022-03-02,Karnataka,266.9
2022-03-03,Karnataka,259.4
2022-03-04,Karnataka,268.2
2022-03-05,Karnataka,272.8
2022-03-06,Karnataka,255.7
2022-03-07,Karnataka,268.1
2022-03-08,Karnataka,269.5
2022-03-09,Karnataka,276.4
2022-03-10,Karnataka,280.0
2022-03-11,Karnataka,284.6
2022-03-12,Karnataka,279.7
2022-03-13,Karnataka,261.7
2022-03-14,Karnataka,282.0
2022-03-15,Karnataka,280.3
2022-03-16,Karnataka,280.5
2022-03-17,Karnataka,288.0
2022-03-18,Karnataka,277.5
2022-03-19,Karnataka,263.9
2022-03-20,Karnataka,241.5
2022-03-21,Karnataka,262.0
2022-03-22,Karnataka,255.3
2022-03-23,Karnataka,261.6
2022-03-24,Karnataka,254.4
2022-03-25,Karnataka,255.7
2022-03-26,Karnataka,257.3
2022-03-27,Karnataka,245.2
2022-03-28,Karnataka,257.9
2022-03-29,Karnataka,268.5
2022-03-30,Karnataka,272.6
2022-03-31,Karnataka,274.6
2022-04-01,Karnataka,276.2
2022-04-02,Karnataka,252.7
2022-04-03,Karnataka,245.1
2022-04-04,Karnataka,271.5
2022-04-05,Karnataka,270.9
2022-04-06,Karnataka,271.3
2022-04-07,Karnataka,277.4
2022-04-08,Karnataka,282.9
2022-04-09,Karnataka,271.5
2022-04-10,Karnataka,250.1
2022-04-11,Karnataka,270.5
2022-04-12,Karnataka,269.3
2022-04-13,Karnataka,262.1
2022-04-14,Karnataka,236.1
2022-04-15,Karnataka,213.2
2022-04-16,Karnataka,212.7
2022-04-17,Karnataka,190.5
2022-04-18,Karnataka,209.3
2022-04-19,Karnataka,207.2
2022-04-20,Karnataka,209.7
2022-04-21,Karnataka,230.5
2022-04-23,Karnataka,238.1
2022-04-24,Karnataka,225.8
2022-04-25,Karnataka,246.2
2022-04-26,Karnataka,246.4
2022-04-27,Karnataka,260.3
2022-04-28,Karnataka,257.4
2022-04-29,Karnataka,239.7
2022-04-30,Karnataka,244.6
2022-05-01,Karnataka,215.9
2022-05-02,Karnataka,234.4
2022-05-03,Karnataka,241.1
2022-05-04,Karnataka,234.2
2022-05-05,Karnataka,218.9
2022-05-06,Karnataka,219.3
2022-05-07,Karnataka,219.2
2022-05-08,Karnataka,199.6
2022-05-09,Karnataka,212.2
2022-05-10,Karnataka,210.3
2022-05-11,Karnataka,197.6
2022-05-12,Karnataka,188.5
2022-05-13,Karnataka,189.6
2022-05-14,Karnataka,199.5
2022-05-15,Karnataka,186.0
2022-05-16,Karnataka,202.2
2022-05-17,Karnataka,188.7
2022-05-18,Karnataka,175.8
2022-05-19,Karnataka,166.5
2022-05-20,Karnataka,152.8
2022-05-21,Karnataka,154.4
2022-05-22,Karnataka,150.1
2022-05-23,Karnataka,176.4
2022-05-24,Karnataka,188.2
2022-05-25,Karnataka,201.9
2022-05-26,Karnataka,207.9
2022-05-27,Karnataka,209.5
2022-05-28,Karnataka,215.8
2022-05-29,Karnataka,206.6
2022-05-30,Karnataka,230.8
2022-05-31,Karnataka,225.2
2022-06-01,Karnataka,217.8
2022-06-02,Karnataka,212.7
2022-06-03,Karnataka,204.5
2022-06-04,Karnataka,205.8
2022-06-05,Karnataka,193.0
2022-06-06,Karnataka,185.4
2022-06-07,Karnataka,195.6
2022-06-08,Karnataka,195.1
2022-06-09,Karnataka,202.8
2022-06-10,Karnataka,210.6
2022-06-11,Karnataka,208.5
2022-06-12,Karnataka,194.3
2022-06-13,Karnataka,212.4
2022-06-15,Karnataka,209.5
2022-06-16,Karnataka,211.8
2022-06-17,Karnataka,206.3
2022-06-18,Karnataka,202.5
2022-06-19,Karnataka,180.4
2022-06-20,Karnataka,195.2
2022-06-21,Karnataka,191.1
2022-06-22,Karnataka,192.4
2022-06-23,Karnataka,197.2
2022-06-24,Karnataka,193.3
2022-06-25,Karnataka,187.8
2022-06-26,Karnataka,178.3
2022-06-27,Karnataka,204.3
2022-06-28,Karnataka,210.9
2022-06-29,Karnataka,213.2
2022-06-30,Karnataka,206.9
2022-07-01,Karnataka,202.9
2022-07-02,Karnataka,195.5
2022-07-03,Karnataka,183.0
2022-07-04,Karnataka,194.6
2022-07-05,Karnataka,183.3
2022-07-06,Karnataka,177.3
2022-07-07,Karnataka,174.6
2022-07-08,Karnataka,168.8
2022-07-09,Karnataka,155.2
2022-07-10,Karnataka,135.9
2022-07-11,Karnataka,154.5
2022-07-12,Karnataka,159.0
2022-07-13,Karnataka,156.1
2022-07-14,Karnataka,155.4
2022-07-15,Karnataka,160.3
2022-07-16,Karnataka,159.3
2022-07-17,Karnataka,148.9
2022-07-18,Karnataka,162.1
2022-07-19,Karnataka,171.7
2022-07-20,Karnataka,179.0
2022-07-21,Karnataka,182.1
2022-07-22,Karnataka,188.2
2022-07-23,Karnataka,181.0
2022-07-24,Karnataka,166.8
2022-07-25,Karnataka,188.5
2022-07-26,Karnataka,195.0
2022-07-27,Karnataka,195.5
2022-07-28,Karnataka,182.5
2022-07-29,Karnataka,186.7
2022-07-30,Karnataka,171.9
2022-07-31,Karnataka,155.4
2022-08-01,Karnataka,169.2
2022-08-02,Karnataka,156.8
2022-08-03,Karnataka,162.3
2022-08-04,Karnataka,160.2
2022-08-05,Karnataka,159.2
2022-08-06,Karnataka,150.3
2022-08-07,Karnataka,156.6
2022-08-08,Karnataka,160.4
2022-08-09,Karnataka,151.4
2022-08-10,Karnataka,159.6
2022-08-11,Karnataka,172.3
2022-08-12,Karnataka,179.0
2022-08-13,Karnataka,164.7
2022-08-14,Karnataka,156.1
2022-08-15,Karnataka,158.2
2022-08-16,Karnataka,180.7
2022-08-17,Karnataka,211.8
2022-08-18,Karnataka,219.0
2022-08-19,Karnataka,226.9
2022-08-20,Karnataka,205.8
2022-08-21,Karnataka,184.8
2022-08-22,Karnataka,195.7
2022-08-23,Karnataka,202.3
2022-08-24,Karnataka,208.4
2022-08-25,Karnataka,204.2
2022-08-26,Karnataka,218.4
2022-08-27,Karnataka,199.8
2022-08-28,Karnataka,165.5
2022-08-29,Karnataka,180.3
2022-08-30,Karnataka,180.9
2022-08-31,Karnataka,159.8
2022-09-01,Karnataka,164.3
2022-09-02,Karnataka,172.6
2022-09-03,Karnataka,179.9
2022-09-04,Karnataka,162.2
2022-09-05,Karnataka,168.6
2022-09-06,Karnataka,163.7
2022-09-07,Karnataka,161.5
2022-09-08,Karnataka,162.4
2022-09-09,Karnataka,162.4
2022-09-10,Karnataka,155.1
2022-09-11,Karnataka,132.3
2022-09-12,Karnataka,150.0
2022-09-13,Karnataka,161.0
2022-09-14,Karnataka,163.5
2022-09-15,Karnataka,168.7
2022-09-16,Karnataka,174.2
2022-09-17,Karnataka,180.1
2022-09-18,Karnataka,172.0
2022-09-19,Karnataka,191.2
2022-09-20,Karnataka,195.4
2022-09-21,Karnataka,199.0
2022-09-22,Karnataka,205.4
2022-09-23,Karnataka,212.7
2022-09-24,Karnataka,209.7
2022-09-25,Karnataka,200.5
2022-09-26,Karnataka,207.9
2022-09-27,Karnataka,212.8
2022-09-28,Karnataka,216.3
2022-09-29,Karnataka,211.2
2022-09-30,Karnataka,190.1
2022-10-01,Karnataka,162.6
2022-10-02,Karnataka,149.2
2022-10-03,Karnataka,184.1
2022-10-04,Karnataka,160.2
2022-10-05,Karnataka,154.4
2022-10-06,Karnataka,163.1
2022-10-07,Karnataka,171.0
2022-10-08,Karnataka,175.1
2022-10-09,Karnataka,170.5
2022-10-10,Karnataka,171.3
2022-10-11,Karnataka,171.6
2022-10-12,Karnataka,173.5
2022-10-13,Karnataka,165.7
2022-10-14,Karnataka,157.3
2022-10-15,Karnataka,157.1
2022-10-16,Karnataka,142.7
2022-10-17,Karnataka,160.5
2022-10-18,Karnataka,166.4
2022-10-19,Karnataka,172.1
2022-10-20,Karnataka,171.9
2022-10-21,Karnataka,166.8
2022-10-22,Karnataka,157.0
2022-10-23,Karnataka,145.1
2022-10-24,Karnataka,152.1
2022-10-25,Karnataka,159.7
2022-10-26,Karnataka,164.2
2022-10-27,Karnataka,173.9
2022-10-28,Karnataka,183.9
2022-10-29,Karnataka,183.9
2022-10-30,Karnataka,168.2
2022-10-31,Karnataka,187.2
2022-11-01,Karnataka,174.8
2022-11-02,Karnataka,182.3
2022-11-03,Karnataka,185.2
2022-11-04,Karnataka,188.4
2022-11-05,Karnataka,189.9
2022-11-06,Karnataka,177.7
2022-11-07,Karnataka,196.6
2022-11-08,Karnataka,203.9
2022-11-09,Karnataka,207.4
2022-11-10,Karnataka,207.8
2022-11-11,Karnataka,203.7
2022-11-12,Karnataka,189.4
2022-11-13,Karnataka,168.3
2022-11-14,Karnataka,197.0
2022-11-15,Karnataka,209.5
2022-11-16,Karnataka,211.6
2022-11-17,Karnataka,213.1
2022-11-18,Karnataka,216.0
2022-11-19,Karnataka,213.9
2022-11-20,Karnataka,199.0
2022-11-21,Karnataka,214.5
2022-11-22,Karnataka,214.3
2022-11-23,Karnataka,207.3
2022-11-24,Karnataka,199.0
2022-11-25,Karnataka,206.2
2022-11-26,Karnataka,204.4
2022-11-27,Karnataka,192.7
2022-11-28,Karnataka,211.6
2022-11-29,Karnataka,198.3
2022-12-01,Karnataka,218.5
2022-12-03,Karnataka,219.0
2022-12-04,Karnataka,206.1
2022-12-05,Karnataka,224.3
2022-12-06,Karnataka,224.2
2022-12-07,Karnataka,223.9
2022-12-08,Karnataka,219.6
2022-12-09,Karnataka,214.5
2022-12-10,Karnataka,193.6
2022-12-11,Karnataka,152.3
2022-12-12,Karnataka,166.0
2022-12-13,Karnataka,169.3
2022-12-14,Karnataka,172.8
2022-12-15,Karnataka,179.3
2022-12-16,Karnataka,185.0
2022-12-17,Karnataka,192.5
2022-12-18,Karnataka,176.2
2022-12-19,Karnataka,199.8
2022-12-20,Karnataka,208.5
2022-12-21,Karnataka,212.0
2022-12-22,Karnataka,218.3
2022-12-23,Karnataka,222.6
2022-12-24,Karnataka,216.3
2022-12-25,Karnataka,196.8
2022-12-26,Karnataka,203.9
2022-12-27,Karnataka,209.8
2022-12-28,Karnataka,219.6
2022-12-29,Karnataka,223.2
2022-12-30,Karnataka,228.9
2022-12-31,Karnataka,227.7
2023-01-01,Karnataka,214.6
2023-01-02,Karnataka,225.3
2023-01-03,Karnataka,229.2
2023-01-04,Karnataka,231.6
2023-01-05,Karnataka,229.7
2023-01-06,Karnataka,233.7
2023-01-07,Karnataka,229.7
2023-01-08,Karnataka,214.9
2023-01-09,Karnataka,230.1
2023-01-10,Karnataka,236.9
2023-01-11,Karnataka,236.4
2023-01-12,Karnataka,240.8
2023-01-13,Karnataka,249.2
2023-01-14,Karnataka,241.8
2023-01-15,Karnataka,226.0
2023-01-16,Karnataka,237.2
2023-01-17,Karnataka,244.9
2023-01-18,Karnataka,242.6
2023-01-19,Karnataka,242.4
2023-01-20,Karnataka,249.7
2023-01-21,Karnataka,247.2
2023-01-22,Karnataka,228.8
2023-01-23,Karnataka,247.1
2023-01-24,Karnataka,250.1
2023-01-25,Karnataka,251.6
2023-01-26,Karnataka,233.1
2023-01-27,Karnataka,241.9
2023-01-28,Karnataka,242.8
2023-01-29,Karnataka,229.3
2023-01-30,Karnataka,247.4
2023-01-31,Karnataka,257.7
2023-02-01,Karnataka,252.0
2023-02-02,Karnataka,252.5
2023-02-03,Karnataka,258.6
2023-02-04,Karnataka,257.6
2023-02-05,Karnataka,245.0
2023-02-06,Karnataka,265.1
2023-02-07,Karnataka,269.0
2023-02-08,Karnataka,271.9
2023-02-09,Karnataka,271.9
2023-02-10,Karnataka,271.5
2023-02-11,Karnataka,269.4
2023-02-12,Karnataka,251.1
2023-02-13,Karnataka,267.4
2023-02-14,Karnataka,272.6
2023-02-15,Karnataka,272.2
2023-02-16,Karnataka,264.9
2023-02-17,Karnataka,273.5
2023-02-18,Karnataka,275.6
2023-02-19,Karnataka,258.5
2023-02-20,Karnataka,274.8
2023-02-21,Karnataka,281.2
2023-02-22,Karnataka,282.4
2023-02-23,Karnataka,276.6
2023-02-24,Karnataka,284.0
2023-02-25,Karnataka,281.2
2023-02-26,Karnataka,262.5
2023-02-27,Karnataka,273.7
2023-02-28,Karnataka,280.3
2023-03-01,Karnataka,285.0
2023-03-02,Karnataka,279.0
2023-03-03,Karnataka,277.8
2023-03-04,Karnataka,277.7
2023-03-05,Karnataka,269.0
2023-03-06,Karnataka,283.6
2023-03-07,Karnataka,280.4
2023-03-08,Karnataka,278.9
2023-03-09,Karnataka,281.6
2023-03-10,Karnataka,288.7
2023-03-11,Karnataka,284.3
2023-03-12,Karnataka,261.3
2023-03-13,Karnataka,286.4
2023-03-14,Karnataka,296.5
2023-03-15,Karnataka,295.5
2023-03-16,Karnataka,280.8
2023-03-17,Karnataka,266.4
2023-03-18,Karnataka,260.6
2023-03-19,Karnataka,239.6
2023-03-20,Karnataka,267.7
2023-03-21,Karnataka,281.8
2023-03-22,Karnataka,268.9
2023-03-23,Karnataka,281.0
2023-03-24,Karnataka,289.0
2023-03-25,Karnataka,288.8
2023-03-26,Karnataka,274.4
2023-03-27,Karnataka,290.5
2023-03-28,Karnataka,296.5
2023-03-29,Karnataka,300.5
2023-03-31,Karnataka,295.3
2023-04-01,Karnataka,288.9
2023-04-02,Karnataka,271.0
2023-04-03,Karnataka,291.8
2023-04-04,Karnataka,288.6
2023-04-05,Karnataka,292.9
2023-04-06,Karnataka,294.9
2023-04-07,Karnataka,277.1
2023-04-08,Karnataka,274.6
2023-04-09,Karnataka,268.4
2023-04-10,Karnataka,293.4
2023-04-11,Karnataka,297.7
2023-04-12,Karnataka,301.2
2023-04-13,Karnataka,304.8
2023-04-14,Karnataka,299.3
2023-04-15,Karnataka,289.1
2023-04-16,Karnataka,282.2
2023-04-17,Karnataka,301.3
2023-04-18,Karnataka,305.6
2023-04-19,Karnataka,307.8
2023-04-20,Karnataka,309.5
2023-04-21,Karnataka,298.1
2023-04-22,Karnataka,278.4
2023-04-23,Karnataka,267.0
2023-04-24,Karnataka,294.1
2023-04-25,Karnataka,287.6
2023-04-26,Karnataka,284.4
2023-04-27,Karnataka,289.5
2023-04-28,Karnataka,287.8
2023-04-29,Karnataka,275.0
2023-04-30,Karnataka,229.1
2023-05-01,Karnataka,223.7
2023-05-02,Karnataka,230.3
2023-05-03,Karnataka,242.4
2023-05-04,Karnataka,251.2
2023-05-05,Karnataka,253.1
2023-05-06,Karnataka,249.8
2023-05-07,Karnataka,222.8
2023-05-08,Karnataka,229.3
2023-05-09,Karnataka,216.9
2023-05-10,Karnataka,197.9
2023-05-11,Karnataka,218.4
2023-05-12,Karnataka,220.3
2023-05-13,Karnataka,219.4
2023-05-14,Karnataka,214.1
2023-05-15,Karnataka,245.9
2023-05-16,Karnataka,263.6
2023-05-17,Karnataka,274.4
2023-05-18,Karnataka,283.5
2023-05-19,Karnataka,286.2
2023-05-20,Karnataka,287.5
2023-05-21,Karnataka,243.3
2023-05-22,Karnataka,236.5
2023-05-23,Karnataka,246.1
2023-05-24,Karnataka,242.8
2023-05-25,Karnataka,245.8
2023-05-26,Karnataka,253.7
2023-05-27,Karnataka,259.8
2023-05-28,Karnataka,246.6
2023-05-29,Karnataka,265.6
2023-05-30,Karnataka,245.3
2023-05-31,Karnataka,243.1
2023-06-01,Karnataka,234.9
2023-06-02,Karnataka,241.6
2023-06-03,Karnataka,250.9
2023-06-04,Karnataka,231.9
2023-06-05,Karnataka,257.9
2023-06-06,Karnataka,262.0
2023-06-07,Karnataka,263.3
2023-06-08,Karnataka,264.8
2023-06-09,Karnataka,256.1
2023-06-10,Karnataka,238.5
2023-06-11,Karnataka,221.5
2023-06-12,Karnataka,245.2
2023-06-13,Karnataka,256.3
2023-06-14,Karnataka,261.1
2023-06-15,Karnataka,271.7
2023-06-16,Karnataka,276.6
2023-06-17,Karnataka,274.3
2023-06-18,Karnataka,259.4
2023-06-19,Karnataka,269.1
2023-06-20,Karnataka,253.5
2023-06-21,Karnataka,246.2
2023-06-22,Karnataka,241.6
2023-06-23,Karnataka,241.7
2023-06-24,Karnataka,221.8
2023-06-25,Karnataka,204.6
2023-06-26,Karnataka,219.1
2023-06-27,Karnataka,234.8
2023-06-28,Karnataka,235.8
2023-06-29,Karnataka,228.6
2023-06-30,Karnataka,218.6
2023-07-01,Karnataka,224.9
2023-07-02,Karnataka,211.4
2023-07-03,Karnataka,222.6
2023-07-04,Karnataka,219.1
2023-07-05,Karnataka,212.0
2023-07-06,Karnataka,203.1
2023-07-07,Karnataka,203.7
2023-07-08,Karnataka,203.1
2023-07-09,Karnataka,188.3
2023-07-10,Karnataka,215.0
2023-07-11,Karnataka,219.0
2023-07-12,Karnataka,221.7
2023-07-13,Karnataka,220.5
2023-07-14,Karnataka,222.7
2023-07-15,Karnataka,222.9
2023-07-16,Karnataka,202.9
2023-07-17,Karnataka,215.6
2023-07-18,Karnataka,207.0
2023-07-19,Karnataka,201.6
2023-07-20,Karnataka,195.9
2023-07-21,Karnataka,202.4
2023-07-22,Karnataka,193.6
2023-07-23,Karnataka,170.5
2023-07-24,Karnataka,177.9
2023-07-25,Karnataka,172.3
2023-07-26,Karnataka,170.4
2023-07-27,Karnataka,166.3
2023-07-28,Karnataka,175.3
2023-07-29,Karnataka,173.6
2023-07-30,Karnataka,166.3
2023-07-31,Karnataka,196.8
2023-08-01,Karnataka,201.4
2023-08-02,Karnataka,204.5
2023-08-03,Karnataka,212.9
2023-08-04,Karnataka,225.3
2023-08-05,Karnataka,226.5
2023-08-06,Karnataka,212.2
2023-08-07,Karnataka,235.8
2023-08-08,Karnataka,242.6
2023-08-09,Karnataka,249.3
2023-08-10,Karnataka,252.7
2023-08-11,Karnataka,254.2
2023-08-12,Karnataka,258.2
2023-08-13,Karnataka,245.9
2023-08-14,Karnataka,268.2
2023-08-15,Karnataka,258.0
2023-08-16,Karnataka,271.2
2023-08-17,Karnataka,282.1
2023-08-18,Karnataka,280.1
2023-08-19,Karnataka,257.4
2023-08-20,Karnataka,236.3
2023-08-21,Karnataka,260.6
2023-08-22,Karnataka,260.1
2023-08-23,Karnataka,291.0
2023-08-24,Karnataka,295.6
2023-08-25,Karnataka,295.5
2023-08-26,Karnataka,283.7
2023-08-27,Karnataka,272.0
2023-08-28,Karnataka,289.4
2023-08-29,Karnataka,284.7
2023-08-30,Karnataka,278.3
2023-08-31,Karnataka,268.3
2023-09-01,Karnataka,257.0
2023-09-02,Karnataka,253.3
2023-09-03,Karnataka,230.2
2023-09-04,Karnataka,221.8
2023-09-05,Karnataka,223.3
2023-09-06,Karnataka,219.6
2023-09-07,Karnataka,223.3
2023-09-08,Karnataka,233.3
2023-09-09,Karnataka,228.8
2023-09-10,Karnataka,218.5
2023-09-11,Karnataka,245.3
2023-09-12,Karnataka,252.6
2023-09-13,Karnataka,258.3
2023-09-14,Karnataka,263.4
2023-09-15,Karnataka,262.1
2023-09-16,Karnataka,254.4
2023-09-17,Karnataka,231.9
2023-09-18,Karnataka,226.6
2023-09-19,Karnataka,236.5
2023-09-20,Karnataka,255.8
2023-09-21,Karnataka,263.1
2023-09-22,Karnataka,262.3
2023-09-23,Karnataka,247.1
2023-09-24,Karnataka,222.3
2023-09-25,Karnataka,235.8
2023-09-26,Karnataka,233.1
2023-09-27,Karnataka,237.0
2023-09-28,Karnataka,236.7
2023-09-29,Karnataka,221.0
2023-09-30,Karnataka,225.5
2023-10-01,Karnataka,203.0
2023-10-02,Karnataka,214.4
2023-10-03,Karnataka,247.0
2023-10-04,Karnataka,264.2
2023-10-05,Karnataka,265.7
2023-10-06,Karnataka,256.7
2023-10-07,Karnataka,245.1
2023-10-08,Karnataka,247.2
2023-10-09,Karnataka,256.5
2023-10-10,Karnataka,255.7
2023-10-11,Karnataka,254.4
2023-10-12,Karnataka,247.3
2023-10-13,Karnataka,252.8
2023-10-14,Karnataka,259.8
2023-10-15,Karnataka,246.6
2023-10-16,Karnataka,266.2
2023-10-17,Karnataka,267.0
2023-10-18,Karnataka,269.8
2023-10-19,Karnataka,276.6
2023-10-20,Karnataka,277.3
2023-10-21,Karnataka,274.4
2023-10-22,Karnataka,259.6
2023-10-23,Karnataka,253.4
2023-10-24,Karnataka,248.2
2023-10-25,Karnataka,270.9
2023-10-26,Karnataka,282.3
2023-10-27,Karnataka,286.9
2023-10-28,Karnataka,283.4
2023-10-29,Karnataka,271.0
2023-10-30,Karnataka,273.4
2023-10-31,Karnataka,271.6
2023-11-01,Karnataka,253.6
2023-11-02,Karnataka,271.7
2023-11-03,Karnataka,275.4
2023-11-04,Karnataka,266.7
2023-11-05,Karnataka,239.0
2023-11-06,Karnataka,233.2
2023-11-07,Karnataka,220.2
2023-11-08,Karnataka,223.2
2023-11-09,Karnataka,206.1
2023-11-10,Karnataka,210.4
2023-11-11,Karnataka,205.6
2023-11-12,Karnataka,195.9
2023-11-13,Karnataka,199.1
2023-11-14,Karnataka,209.6
2023-11-15,Karnataka,229.5
2023-11-16,Karnataka,242.0
2023-11-17,Karnataka,252.3
2023-11-18,Karnataka,258.7
2023-11-19,Karnataka,235.5
2023-11-20,Karnataka,253.8
2023-11-21,Karnataka,262.2
2023-11-22,Karnataka,260.0
2023-11-23,Karnataka,259.2
2023-11-24,Karnataka,256.5
2023-11-25,Karnataka,246.3
2023-11-26,Karnataka,225.1
2023-11-27,Karnataka,249.7
2023-11-28,Karnataka,252.4
2023-11-29,Karnataka,250.9
2023-11-30,Karnataka,249.8
2023-12-01,Karnataka,254.7
2023-12-02,Karnataka,248.8
2023-12-03,Karnataka,228.8
2023-12-04,Karnataka,243.5
2023-12-05,Karnataka,248.6
2023-12-06,Karnataka,255.4
2023-12-07,Karnataka,258.9
2023-12-08,Karnataka,257.9
2023-12-09,Karnataka,247.0
2023-12-10,Karnataka,230.5
2023-12-11,Karnataka,252.2
2023-12-12,Karnataka,254.2
2023-12-13,Karnataka,256.1
2023-12-14,Karnataka,256.0
2023-12-15,Karnataka,259.4
2023-12-16,Karnataka,256.8
2023-12-17,Karnataka,235.2
2023-12-18,Karnataka,251.7
2023-12-19,Karnataka,256.6
2023-12-20,Karnataka,260.6
2023-12-21,Karnataka,263.3
2023-12-22,Karnataka,271.0
2023-12-23,Karnataka,261.6
2023-12-24,Karnataka,241.6
2023-12-25,Karnataka,254.0
2023-12-26,Karnataka,265.9
2023-12-27,Karnataka,263.6
2023-12-28,Karnataka,266.1
2023-12-29,Karnataka,269.0
2023-12-30,Karnataka,269.2
2023-12-31,Karnataka,254.0
2024-01-01,Karnataka,261.6
2024-01-02,Karnataka,271.1
2024-01-03,Karnataka,271.5
2024-01-04,Karnataka,262.8
2024-01-05,Karnataka,261.7
2024-01-06,Karnataka,257.4
2024-01-07,Karnataka,228.7
2024-01-08,Karnataka,245.2
2024-01-09,Karnataka,247.3
2024-01-10,Karnataka,252.6
2024-01-11,Karnataka,258.4
2024-01-12,Karnataka,261.8
2024-01-13,Karnataka,269.1
2024-01-14,Karnataka,258.7
2024-01-15,Karnataka,263.4
2024-01-16,Karnataka,277.5
2024-01-17,Karnataka,279.5
2024-01-18,Karnataka,282.9
2024-01-19,Karnataka,284.2
2024-01-20,Karnataka,281.6
2024-01-21,Karnataka,267.1
2024-01-22,Karnataka,280.5
2024-01-23,Karnataka,286.3
2024-01-24,Karnataka,290.1
2024-01-25,Karnataka,289.9
2024-01-26,Karnataka,273.0
2024-01-27,Karnataka,273.3
2024-01-28,Karnataka,262.9
2024-01-29,Karnataka,282.8
2024-01-30,Karnataka,291.2
2024-01-31,Karnataka,293.0
2024-02-01,Karnataka,293.4
2024-02-02,Karnataka,296.6
2024-02-03,Karnataka,294.6
2024-02-04,Karnataka,275.2
2024-02-05,Karnataka,294.3
2024-02-06,Karnataka,301.4
2024-02-07,Karnataka,301.1
2024-02-08,Karnataka,306.1
2024-02-09,Karnataka,308.1
2024-02-10,Karnataka,301.0
2024-02-11,Karnataka,284.9
2024-02-12,Karnataka,301.6
2024-02-13,Karnataka,306.6
2024-02-14,Karnataka,309.8
2024-02-15,Karnataka,309.1
2024-02-16,Karnataka,305.7
2024-02-17,Karnataka,302.2
2024-02-18,Karnataka,291.0
2024-02-19,Karnataka,308.6
2024-02-20,Karnataka,312.5
2024-02-21,Karnataka,312.8
2024-02-22,Karnataka,311.1
2024-02-23,Karnataka,316.0
2024-02-24,Karnataka,314.0
2024-02-25,Karnataka,296.6
2024-02-26,Karnataka,309.3
2024-02-27,Karnataka,318.8
2024-02-28,Karnataka,319.5
2024-02-29,Karnataka,320.9
2024-03-01,Karnataka,322.4
2024-03-02,Karnataka,317.8
2024-03-03,Karnataka,303.6
2024-03-04,Karnataka,323.1
2024-03-05,Karnataka,325.7
2024-03-06,Karnataka,323.9
2024-03-07,Karnataka,326.1
2024-03-08,Karnataka,328.9
2024-03-09,Karnataka,322.7
2024-03-10,Karnataka,307.3
2024-03-11,Karnataka,325.5
2024-03-12,Karnataka,328.7
2024-03-13,Karnataka,330.5
2024-03-14,Karnataka,329.1
2024-03-15,Karnataka,329.7
2024-03-16,Karnataka,322.4
2024-03-17,Karnataka,309.5
2024-03-18,Karnataka,327.7
2024-03-19,Karnataka,326.4
2024-03-20,Karnataka,328.1
2024-03-21,Karnataka,323.8
2024-03-22,Karnataka,331.4
2024-03-23,Karnataka,324.0
2024-03-24,Karnataka,309.2
2024-03-25,Karnataka,318.1
2024-03-26,Karnataka,324.7
2024-03-27,Karnataka,330.6
2024-03-28,Karnataka,328.9
2024-03-29,Karnataka,330.9
2024-03-30,Karnataka,327.4
2024-03-31,Karnataka,309.1
2024-04-01,Karnataka,325.2
2024-04-02,Karnataka,332.3
2024-04-03,Karnataka,334.3
2024-04-04,Karnataka,334.1
2024-04-05,Karnataka,336.9
2024-04-06,Karnataka,329.7
2024-04-07,Karnataka,316.3
2024-04-08,Karnataka,331.7
2024-04-09,Karnataka,312.9
2024-04-10,Karnataka,320.2
2024-04-11,Karnataka,319.4
2024-04-12,Karnataka,316.8
2024-04-13,Karnataka,301.3
2024-04-14,Karnataka,287.4
2024-04-15,Karnataka,311.2
2024-04-16,Karnataka,324.1
2024-04-17,Karnataka,328.3
2024-04-18,Karnataka,316.7
2024-04-19,Karnataka,298.6
2024-04-20,Karnataka,276.0
2024-04-21,Karnataka,272.6
2024-04-22,Karnataka,295.2
2024-04-23,Karnataka,307.8
2024-04-24,Karnataka,313.5
2024-04-25,Karnataka,322.6
2024-04-26,Karnataka,304.7
2024-04-27,Karnataka,319.4
2024-04-28,Karnataka,309.9
