date,state,energy_met_mu,lag_1,lag_7,roll_7,dow,day_name,month,year,is_weekend,t,holiday_name,is_holiday,temp_max_c,temp_min_c,rain_mm
2013-04-01,Karnataka,159.4,,,,0,Monday,4,2013,0,0,,0,32.1,23.1,6.3
2013-04-02,Karnataka,164.6,159.4,,,1,Tuesday,4,2013,0,1,,0,31.8,21.9,3.6
2013-04-03,Karnataka,163.7,164.6,,,2,Wednesday,4,2013,0,2,,0,31.8,22.1,0.4
2013-04-04,Karnataka,161.8,163.7,,,3,Thursday,4,2013,0,3,,0,33.4,21.3,0.0
2013-04-05,Karnataka,163.3,161.8,,,4,Friday,4,2013,0,4,,0,33.2,22.1,0.0
2013-04-06,Karnataka,161.1,163.3,,,5,Saturday,4,2013,1,5,,0,34.4,22.6,0.0
2013-04-07,Karnataka,161.2,161.1,,,6,Sunday,4,2013,1,6,,0,35.4,19.9,0.0
2013-04-08,Karnataka,169.6,161.2,159.4,162.15714285714284,0,Monday,4,2013,0,7,,0,34.7,21.3,0.0
2013-04-09,Karnataka,172.1,169.6,164.6,163.6142857142857,1,Tuesday,4,2013,0,8,,0,33.3,22.7,0.0
2013-04-10,Karnataka,169.7,172.1,163.7,164.68571428571428,2,Wednesday,4,2013,0,9,,0,34.1,22.1,0.0
2013-04-11,Karnataka,162.4,169.7,161.8,165.54285714285714,3,Thursday,4,2013,0,10,Ugadi,1,34.8,20.5,0.0
2013-04-12,Karnataka,169.3,162.4,163.3,165.62857142857143,4,Friday,4,2013,0,11,,0,35.6,20.9,0.0
2013-04-13,Karnataka,172.2,169.3,161.1,166.4857142857143,5,Saturday,4,2013,1,12,,0,34.4,19.4,0.0
2013-04-14,Karnataka,167.2,172.2,161.2,168.07142857142858,6,Sunday,4,2013,1,13,Dr. B. R. Ambedkar's Jayanti,1,34.5,21.1,0.0
2013-04-15,Karnataka,170.8,167.2,169.6,168.92857142857142,0,Monday,4,2013,0,14,,0,32.9,22.4,0.0
2013-04-16,Karnataka,169.6,170.8,172.1,169.1,1,Tuesday,4,2013,0,15,,0,34.5,21.9,0.0
2013-04-17,Karnataka,170.7,169.6,169.7,168.74285714285716,2,Wednesday,4,2013,0,16,,0,35.0,21.3,0.0
2013-04-18,Karnataka,171.2,170.7,162.4,168.8857142857143,3,Thursday,4,2013,0,17,,0,34.3,21.4,0.0
2013-04-19,Karnataka,166.7,171.2,169.3,170.14285714285714,4,Friday,4,2013,0,18,Ram Navami,1,32.9,21.7,0.0
2013-04-20,Karnataka,169.5,166.7,172.2,169.77142857142857,5,Saturday,4,2013,1,19,,0,32.9,21.3,0.0
2013-04-21,Karnataka,161.7,169.5,167.2,169.3857142857143,6,Sunday,4,2013,1,20,,0,33.4,21.7,0.0
2013-04-22,Karnataka,167.4,161.7,170.8,168.59999999999997,0,Monday,4,2013,0,21,,0,32.2,21.8,0.0
2013-04-23,Karnataka,169.4,167.4,169.6,168.1142857142857,1,Tuesday,4,2013,0,22,,0,31.4,21.9,0.0
2013-04-24,Karnataka,164.2,169.4,170.7,168.08571428571426,2,Wednesday,4,2013,0,23,Mahavir Jayanti,1,32.5,21.5,3.0
2013-04-25,Karnataka,156.8,164.2,171.2,167.15714285714284,3,Thursday,4,2013,0,24,,0,31.1,21.5,8.1
2013-04-26,Karnataka,149.4,156.8,166.7,165.1,4,Friday,4,2013,0,25,,0,31.4,21.0,1.0
2013-04-27,Karnataka,156.3,149.4,169.5,162.62857142857143,5,Saturday,4,2013,1,26,,0,31.3,21.0,0.0
2013-04-28,Karnataka,149.0,156.3,161.7,160.74285714285716,6,Sunday,4,2013,1,27,,0,32.1,21.7,0.2
2013-04-29,Karnataka,153.8,149.0,167.4,158.92857142857142,0,Monday,4,2013,0,28,,0,32.9,20.8,0.0
2013-04-30,Karnataka,158.6,153.8,169.4,156.9857142857143,1,Tuesday,4,2013,0,29,,0,34.8,21.7,0.0
2013-05-01,Karnataka,153.7,158.6,164.2,155.44285714285715,2,Wednesday,5,2013,0,30,,0,34.8,20.1,0.0
2013-05-02,Karnataka,160.2,153.7,156.8,153.94285714285712,3,Thursday,5,2013,0,31,,0,34.4,22.1,0.0
2013-05-03,Karnataka,163.2,160.2,149.4,154.42857142857142,4,Friday,5,2013,0,32,,0,34.2,22.3,0.7
2013-05-04,Karnataka,167.7,163.2,156.3,156.4,5,Saturday,5,2013,1,33,,0,33.5,22.9,2.2
2013-05-05,Karnataka,164.2,167.7,149.0,158.02857142857144,6,Sunday,5,2013,1,34,,0,32.7,22.1,3.2
2013-05-06,Karnataka,165.5,164.2,153.8,160.2,0,Monday,5,2013,0,35,,0,32.3,21.7,0.0
2013-05-07,Karnataka,168.9,165.5,158.6,161.87142857142857,1,Tuesday,5,2013,0,36,,0,33.0,22.5,0.0
2013-05-08,Karnataka,167.7,168.9,153.7,163.34285714285716,2,Wednesday,5,2013,0,37,,0,33.7,22.5,1.0
2013-05-09,Karnataka,146.4,167.7,160.2,165.34285714285713,3,Thursday,5,2013,0,38,,0,34.3,22.3,4.6
2013-05-10,Karnataka,149.5,146.4,163.2,163.37142857142857,4,Friday,5,2013,0,39,,0,33.2,22.3,0.3
2013-05-11,Karnataka,147.1,149.5,167.7,161.41428571428568,5,Saturday,5,2013,1,40,,0,33.7,22.1,7.7
2013-05-12,Karnataka,141.8,147.1,164.2,158.47142857142856,6,Sunday,5,2013,1,41,,0,30.5,21.7,0.6
2013-05-13,Karnataka,156.8,141.8,165.5,155.27142857142857,0,Monday,5,2013,0,42,,0,31.2,22.6,0.0
2013-05-14,Karnataka,159.4,156.8,168.9,154.02857142857144,1,Tuesday,5,2013,0,43,,0,31.9,21.5,0.0
2013-05-15,Karnataka,162.4,159.4,167.7,152.67142857142858,2,Wednesday,5,2013,0,44,,0,32.4,20.9,0.0
2013-05-16,Karnataka,162.3,162.4,146.4,151.91428571428574,3,Thursday,5,2013,0,45,,0,31.9,20.6,0.0
2013-05-17,Karnataka,168.5,162.3,149.5,154.18571428571428,4,Friday,5,2013,0,46,,0,33.2,21.5,0.0
2013-05-18,Karnataka,162.9,168.5,147.1,156.9,5,Saturday,5,2013,1,47,,0,33.4,22.8,7.2
2013-05-19,Karnataka,146.3,162.9,141.8,159.15714285714287,6,Sunday,5,2013,1,48,,0,32.1,21.5,21.9
2013-05-20,Karnataka,149.4,146.3,156.8,159.8,0,Monday,5,2013,0,49,,0,31.7,21.8,24.4
2013-05-21,Karnataka,142.3,149.4,159.4,158.74285714285716,1,Tuesday,5,2013,0,50,,0,31.3,20.2,66.4
2013-05-22,Karnataka,152.8,142.3,162.4,156.29999999999998,2,Wednesday,5,2013,0,51,,0,30.8,21.3,2.2
2013-05-23,Karnataka,150.8,152.8,162.3,154.92857142857142,3,Thursday,5,2013,0,52,,0,31.1,21.5,0.4
2013-05-24,Karnataka,160.8,150.8,168.5,153.28571428571428,4,Friday,5,2013,0,53,,0,30.9,20.6,0.0
2013-05-25,Karnataka,159.0,160.8,162.9,152.1857142857143,5,Saturday,5,2013,1,54,Buddha Purnima,1,30.3,20.8,0.4
2013-05-26,Karnataka,148.5,159.0,146.3,151.62857142857143,6,Sunday,5,2013,1,55,,0,29.7,20.8,1.1
2013-05-27,Karnataka,147.7,148.5,149.4,151.94285714285715,0,Monday,5,2013,0,56,,0,28.9,21.0,13.5
2013-05-28,Karnataka,146.4,147.7,142.3,151.70000000000002,1,Tuesday,5,2013,0,57,,0,27.3,21.1,11.3
2013-05-29,Karnataka,141.9,146.4,152.8,152.28571428571428,2,Wednesday,5,2013,0,58,,0,27.2,20.7,4.7
2013-05-30,Karnataka,,141.9,150.8,150.72857142857146,3,Thursday,5,2013,0,59,,0,28.0,20.6,18.0
2013-05-31,Karnataka,139.9,,160.8,,4,Friday,5,2013,0,60,,0,27.5,20.4,5.8
2013-06-01,Karnataka,,139.9,159.0,,5,Saturday,6,2013,1,61,,0,24.4,20.0,16.9
2013-06-02,Karnataka,117.4,,148.5,,6,Sunday,6,2013,1,62,,0,24.0,19.5,16.3
2013-06-03,Karnataka,,117.4,147.7,,0,Monday,6,2013,0,63,,0,23.9,19.4,0.8
2013-06-04,Karnataka,131.1,,146.4,,1,Tuesday,6,2013,0,64,,0,27.1,19.7,2.9
2013-06-05,Karnataka,135.5,131.1,141.9,,2,Wednesday,6,2013,0,65,,0,26.7,19.3,2.1
2013-06-06,Karnataka,132.6,135.5,,,3,Thursday,6,2013,0,66,,0,27.2,20.1,7.0
2013-06-07,Karnataka,134.9,132.6,139.9,,4,Friday,6,2013,0,67,,0,27.5,20.4,5.6
2013-06-08,Karnataka,130.9,134.9,,,5,Saturday,6,2013,1,68,,0,26.0,20.0,1.2
2013-06-09,Karnataka,121.8,130.9,117.4,,6,Sunday,6,2013,1,69,,0,26.7,20.4,0.0
2013-06-10,Karnataka,136.7,121.8,,,0,Monday,6,2013,0,70,,0,26.6,19.8,5.1
2013-06-11,Karnataka,138.6,136.7,131.1,131.92857142857142,1,Tuesday,6,2013,0,71,,0,25.2,20.5,16.2
2013-06-12,Karnataka,137.7,138.6,135.5,133.0,2,Wednesday,6,2013,0,72,,0,22.9,20.1,1.9
2013-06-13,Karnataka,135.7,137.7,132.6,133.31428571428572,3,Thursday,6,2013,0,73,,0,25.9,19.7,0.3
2013-06-14,Karnataka,136.6,135.7,134.9,133.75714285714284,4,Friday,6,2013,0,74,,0,26.4,20.4,3.9
2013-06-15,Karnataka,135.6,136.6,130.9,134.0,5,Saturday,6,2013,1,75,,0,26.4,20.7,1.7
2013-06-16,Karnataka,127.0,135.6,121.8,134.67142857142855,6,Sunday,6,2013,1,76,,0,26.5,20.3,1.2
2013-06-17,Karnataka,140.9,127.0,136.7,135.4142857142857,0,Monday,6,2013,0,77,,0,25.2,20.4,10.1
2013-06-18,Karnataka,146.8,140.9,138.6,136.0142857142857,1,Tuesday,6,2013,0,78,,0,24.6,19.8,4.6
2013-06-19,Karnataka,147.9,146.8,137.7,137.18571428571428,2,Wednesday,6,2013,0,79,,0,24.2,19.7,3.4
2013-06-20,Karnataka,148.5,147.9,135.7,138.64285714285714,3,Thursday,6,2013,0,80,,0,25.4,19.8,7.8
2013-06-21,Karnataka,151.2,148.5,136.6,140.4714285714286,4,Friday,6,2013,0,81,,0,25.1,20.2,0.7
2013-06-22,Karnataka,148.6,151.2,135.6,142.55714285714285,5,Saturday,6,2013,1,82,,0,25.5,20.3,8.6
2013-06-23,Karnataka,140.7,148.6,127.0,144.4142857142857,6,Sunday,6,2013,1,83,,0,25.3,20.3,3.6
2013-06-24,Karnataka,145.9,140.7,140.9,146.37142857142857,0,Monday,6,2013,0,84,,0,25.6,20.6,3.2
2013-06-25,Karnataka,141.3,145.9,146.8,147.08571428571426,1,Tuesday,6,2013,0,85,,0,25.6,20.1,5.3
2013-06-26,Karnataka,142.7,141.3,147.9,146.3,2,Wednesday,6,2013,0,86,,0,26.0,20.0,4.6
2013-06-27,Karnataka,143.9,142.7,148.5,145.55714285714285,3,Thursday,6,2013,0,87,,0,25.3,20.0,10.4
2013-06-28,Karnataka,,143.9,151.2,144.9,4,Friday,6,2013,0,88,,0,26.3,19.0,0.4
2013-06-29,Karnataka,148.0,,148.6,,5,Saturday,6,2013,1,89,,0,25.6,19.1,1.9
2013-06-30,Karnataka,140.8,148.0,140.7,,6,Sunday,6,2013,1,90,,0,26.0,19.0,0.6
2013-07-01,Karnataka,148.8,140.8,145.9,,0,Monday,7,2013,0,91,,0,25.9,19.7,0.1
2013-07-02,Karnataka,150.4,148.8,141.3,,1,Tuesday,7,2013,0,92,,0,25.9,19.5,5.7
2013-07-03,Karnataka,147.4,150.4,142.7,,2,Wednesday,7,2013,0,93,,0,26.2,19.6,7.0
2013-07-04,Karnataka,145.0,147.4,143.9,,3,Thursday,7,2013,0,94,,0,26.3,19.3,3.7
2013-07-05,Karnataka,150.0,145.0,,,4,Friday,7,2013,0,95,,0,25.7,20.0,0.6
2013-07-06,Karnataka,149.0,150.0,148.0,147.20000000000002,5,Saturday,7,2013,1,96,,0,25.8,20.4,1.0
2013-07-07,Karnataka,137.8,149.0,140.8,147.34285714285716,6,Sunday,7,2013,1,97,,0,26.0,19.7,6.9
2013-07-08,Karnataka,144.5,137.8,148.8,146.91428571428574,0,Monday,7,2013,0,98,,0,26.1,19.3,7.3
2013-07-09,Karnataka,148.1,144.5,150.4,146.29999999999998,1,Tuesday,7,2013,0,99,,0,25.7,20.1,2.9
2013-07-10,Karnataka,147.1,148.1,147.4,145.9714285714286,2,Wednesday,7,2013,0,100,,0,24.9,19.4,1.5
2013-07-11,Karnataka,140.5,147.1,145.0,145.92857142857142,3,Thursday,7,2013,0,101,,0,24.0,18.8,6.3
2013-07-12,Karnataka,138.8,140.5,150.0,145.28571428571428,4,Friday,7,2013,0,102,,0,23.2,18.9,9.2
2013-07-13,Karnataka,136.2,138.8,149.0,143.68571428571428,5,Saturday,7,2013,1,103,,0,25.9,19.2,3.0
2013-07-14,Karnataka,130.3,136.2,137.8,141.85714285714286,6,Sunday,7,2013,1,104,,0,26.4,20.2,1.9
2013-07-15,Karnataka,141.9,130.3,144.5,140.78571428571428,0,Monday,7,2013,0,105,,0,26.1,19.9,8.7
2013-07-16,Karnataka,141.1,141.9,148.1,140.4142857142857,1,Tuesday,7,2013,0,106,,0,26.1,19.7,8.9
2013-07-17,Karnataka,141.4,141.1,147.1,139.4142857142857,2,Wednesday,7,2013,0,107,,0,25.9,19.8,3.2
2013-07-18,Karnataka,138.6,141.4,140.5,138.6,3,Thursday,7,2013,0,108,,0,25.3,19.5,4.4
2013-07-19,Karnataka,137.0,138.6,138.8,138.32857142857145,4,Friday,7,2013,0,109,,0,22.0,19.5,10.1
2013-07-20,Karnataka,132.5,137.0,136.2,138.07142857142858,5,Saturday,7,2013,1,110,,0,24.9,18.8,4.6
2013-07-21,Karnataka,124.5,132.5,130.3,137.54285714285714,6,Sunday,7,2013,1,111,,0,24.6,19.4,6.9
2013-07-22,Karnataka,136.5,124.5,141.9,136.71428571428572,0,Monday,7,2013,0,112,,0,23.3,19.3,4.4
2013-07-23,Karnataka,129.8,136.5,141.1,135.94285714285715,1,Tuesday,7,2013,0,113,,0,23.9,18.5,4.1
2013-07-24,Karnataka,131.5,129.8,141.4,134.32857142857142,2,Wednesday,7,2013,0,114,,0,24.5,18.4,10.4
2013-07-25,Karnataka,136.3,131.5,138.6,132.91428571428574,3,Thursday,7,2013,0,115,,0,24.1,19.8,1.6
2013-07-26,Karnataka,135.0,136.3,137.0,132.5857142857143,4,Friday,7,2013,0,116,,0,24.2,19.6,2.3
2013-07-27,Karnataka,,135.0,132.5,132.3,5,Saturday,7,2013,1,117,,0,24.2,19.5,0.0
2013-07-28,Karnataka,124.0,,124.5,,6,Sunday,7,2013,1,118,,0,25.2,19.8,9.7
2013-07-29,Karnataka,134.9,124.0,136.5,,0,Monday,7,2013,0,119,,0,25.5,19.0,0.2
2013-07-30,Karnataka,137.4,134.9,129.8,,1,Tuesday,7,2013,0,120,,0,25.0,18.7,0.6
2013-07-31,Karnataka,137.5,137.4,131.5,,2,Wednesday,7,2013,0,121,,0,24.9,19.5,0.1
2013-08-01,Karnataka,137.2,137.5,136.3,,3,Thursday,8,2013,0,122,,0,24.3,19.9,2.6
2013-08-02,Karnataka,140.8,137.2,135.0,,4,Friday,8,2013,0,123,,0,25.7,20.3,1.3
2013-08-03,Karnataka,140.6,140.8,,,5,Saturday,8,2013,1,124,,0,25.3,19.5,4.3
2013-08-04,Karnataka,131.4,140.6,124.0,136.05714285714285,6,Sunday,8,2013,1,125,,0,26.1,20.2,2.5
2013-08-05,Karnataka,138.2,131.4,134.9,137.1142857142857,0,Monday,8,2013,0,126,,0,24.6,19.4,5.0
2013-08-06,Karnataka,143.0,138.2,137.4,137.5857142857143,1,Tuesday,8,2013,0,127,,0,25.9,19.6,4.0
2013-08-07,Karnataka,145.5,143.0,137.5,138.3857142857143,2,Wednesday,8,2013,0,128,,0,25.7,19.7,0.7
2013-08-08,Karnataka,147.4,145.5,137.2,139.52857142857144,3,Thursday,8,2013,0,129,,0,25.7,19.4,1.3
2013-08-09,Karnataka,146.3,147.4,140.8,140.9857142857143,4,Friday,8,2013,0,130,Id-ul-Fitr,1,26.2,19.0,1.2
2013-08-10,Karnataka,143.8,146.3,140.6,141.77142857142857,5,Saturday,8,2013,1,131,,0,25.9,19.4,7.0
2013-08-11,Karnataka,139.2,143.8,131.4,142.22857142857143,6,Sunday,8,2013,1,132,,0,25.9,18.6,1.5
2013-08-12,Karnataka,144.0,139.2,138.2,143.34285714285716,0,Monday,8,2013,0,133,,0,26.5,19.2,2.7
2013-08-13,Karnataka,,144.0,143.0,144.17142857142858,1,Tuesday,8,2013,0,134,,0,25.3,19.8,9.5
2013-08-14,Karnataka,147.3,,145.5,,2,Wednesday,8,2013,0,135,,0,25.0,19.6,5.3
2013-08-15,Karnataka,145.5,147.3,147.4,,3,Thursday,8,2013,0,136,Independence Day,1,23.7,18.7,10.2
2013-08-16,Karnataka,141.5,145.5,146.3,,4,Friday,8,2013,0,137,,0,23.2,19.4,17.7
2013-08-17,Karnataka,139.8,141.5,143.8,,5,Saturday,8,2013,1,138,,0,25.3,19.3,6.4
2013-08-18,Karnataka,137.2,139.8,139.2,,6,Sunday,8,2013,1,139,,0,24.3,19.6,9.6
2013-08-19,Karnataka,139.8,137.2,144.0,,0,Monday,8,2013,0,140,,0,24.4,19.0,3.8
2013-08-20,Karnataka,148.6,139.8,,,1,Tuesday,8,2013,0,141,,0,25.8,19.5,4.3
2013-08-21,Karnataka,153.4,148.6,147.3,142.81428571428572,2,Wednesday,8,2013,0,142,,0,25.8,20.2,1.2
2013-08-22,Karnataka,155.4,153.4,145.5,143.68571428571428,3,Thursday,8,2013,0,143,,0,25.5,18.9,0.7
2013-08-23,Karnataka,156.4,155.4,141.5,145.1,4,Friday,8,2013,0,144,,0,26.0,19.3,0.8
2013-08-24,Karnataka,155.1,156.4,139.8,147.22857142857146,5,Saturday,8,2013,1,145,,0,26.5,19.5,1.2
2013-08-25,Karnataka,147.7,155.1,137.2,149.41428571428574,6,Sunday,8,2013,1,146,,0,26.4,19.9,0.5
2013-08-26,Karnataka,161.8,147.7,139.8,150.91428571428574,0,Monday,8,2013,0,147,,0,26.5,18.4,0.0
2013-08-27,Karnataka,164.6,161.8,148.6,154.05714285714288,1,Tuesday,8,2013,0,148,,0,27.1,18.7,0.0
2013-08-28,Karnataka,,164.6,153.4,156.34285714285716,2,Wednesday,8,2013,0,149,Janmashtami (Vaishnava),1,26.9,18.8,0.0
2013-08-29,Karnataka,,,155.4,,3,Thursday,8,2013,0,150,,0,26.9,19.6,0.1
2013-08-30,Karnataka,171.9,,156.4,,4,Friday,8,2013,0,151,,0,27.4,19.5,2.0
2013-08-31,Karnataka,166.1,171.9,155.1,,5,Saturday,8,2013,1,152,,0,27.4,19.8,9.6
2013-09-01,Karnataka,150.0,166.1,147.7,,6,Sunday,9,2013,1,153,,0,28.3,19.3,14.3
2013-09-02,Karnataka,150.5,150.0,161.8,,0,Monday,9,2013,0,154,,0,27.7,19.5,14.2
2013-09-03,Karnataka,144.2,150.5,164.6,,1,Tuesday,9,2013,0,155,,0,27.1,19.4,11.1
2013-09-04,Karnataka,145.8,144.2,,,2,Wednesday,9,2013,0,156,,0,25.7,19.5,11.1
2013-09-05,Karnataka,148.9,145.8,,,3,Thursday,9,2013,0,157,,0,25.7,19.4,6.0
2013-09-06,Karnataka,151.0,148.9,171.9,153.91428571428574,4,Friday,9,2013,0,158,,0,25.7,19.1,3.3
2013-09-07,Karnataka,146.0,151.0,166.1,150.92857142857142,5,Saturday,9,2013,1,159,,0,24.6,18.8,10.5
2013-09-08,Karnataka,130.0,146.0,150.0,148.05714285714288,6,Sunday,9,2013,1,160,,0,23.0,19.1,3.3
2013-09-09,Karnataka,119.1,130.0,150.5,145.2,0,Monday,9,2013,0,161,,0,24.8,18.9,7.2
2013-09-10,Karnataka,124.2,119.1,144.2,140.71428571428572,1,Tuesday,9,2013,0,162,,0,24.9,18.7,2.8
2013-09-11,Karnataka,126.1,124.2,145.8,137.85714285714286,2,Wednesday,9,2013,0,163,,0,23.8,19.3,9.0
2013-09-12,Karnataka,126.1,126.1,148.9,135.04285714285714,3,Thursday,9,2013,0,164,,0,23.9,19.6,31.8
2013-09-13,Karnataka,124.7,126.1,151.0,131.78571428571428,4,Friday,9,2013,0,165,,0,25.3,18.8,18.5
2013-09-14,Karnataka,,124.7,146.0,128.02857142857144,5,Saturday,9,2013,1,166,,0,26.7,19.4,11.0
2013-09-15,Karnataka,113.4,,130.0,,6,Sunday,9,2013,1,167,,0,26.0,19.5,0.5
2013-09-16,Karnataka,124.6,113.4,119.1,,0,Monday,9,2013,0,168,,0,25.7,19.7,7.2
2013-09-17,Karnataka,126.8,124.6,124.2,,1,Tuesday,9,2013,0,169,,0,25.8,19.9,28.2
2013-09-18,Karnataka,127.3,126.8,126.1,,2,Wednesday,9,2013,0,170,,0,23.8,20.1,8.3
2013-09-19,Karnataka,125.0,127.3,126.1,,3,Thursday,9,2013,0,171,,0,26.2,19.9,1.0
2013-09-20,Karnataka,,125.0,124.7,,4,Friday,9,2013,0,172,,0,24.5,20.2,5.9
2013-09-21,Karnataka,123.0,,,,5,Saturday,9,2013,1,173,,0,26.1,20.0,0.8
2013-09-22,Karnataka,116.5,123.0,113.4,,6,Sunday,9,2013,1,174,,0,26.2,19.0,0.0
2013-09-23,Karnataka,,116.5,124.6,,0,Monday,9,2013,0,175,,0,26.9,17.5,0.0
2013-09-24,Karnataka,139.7,,126.8,,1,Tuesday,9,2013,0,176,,0,25.9,17.4,0.2
2013-09-25,Karnataka,147.8,139.7,127.3,,2,Wednesday,9,2013,0,177,,0,26.1,17.5,0.2
2013-09-26,Karnataka,152.6,147.8,125.0,,3,Thursday,9,2013,0,178,,0,27.5,18.1,0.0
2013-09-27,Karnataka,156.7,152.6,,,4,Friday,9,2013,0,179,,0,27.7,17.9,0.0
2013-09-28,Karnataka,156.6,156.7,123.0,,5,Saturday,9,2013,1,180,,0,26.3,19.1,0.0
2013-09-29,Karnataka,149.4,156.6,116.5,,6,Sunday,9,2013,1,181,,0,26.1,17.7,0.0
2013-09-30,Karnataka,157.9,149.4,,,0,Monday,9,2013,0,182,,0,25.2,18.1,2.4
2013-10-01,Karnataka,158.4,157.9,139.7,151.52857142857144,1,Tuesday,10,2013,0,183,,0,25.9,18.7,0.0
2013-10-02,Karnataka,147.8,158.4,147.8,154.20000000000002,2,Wednesday,10,2013,0,184,Mahatma Gandhi's Jayanti,1,26.4,18.8,0.4
2013-10-03,Karnataka,155.5,147.8,152.6,154.20000000000002,3,Thursday,10,2013,0,185,,0,26.6,19.3,0.0
2013-10-04,Karnataka,160.3,155.5,156.7,154.6142857142857,4,Friday,10,2013,0,186,,0,27.4,17.3,0.0
2013-10-05,Karnataka,158.1,160.3,156.6,155.12857142857143,5,Saturday,10,2013,1,187,,0,24.9,16.3,1.1
2013-10-06,Karnataka,148.5,158.1,149.4,155.34285714285716,6,Sunday,10,2013,1,188,,0,25.5,19.0,0.4
2013-10-07,Karnataka,160.4,148.5,157.9,155.21428571428572,0,Monday,10,2013,0,189,,0,27.3,18.6,6.6
2013-10-08,Karnataka,158.6,160.4,158.4,155.57142857142858,1,Tuesday,10,2013,0,190,,0,26.5,19.3,8.8
2013-10-09,Karnataka,157.6,158.6,147.8,155.6,2,Wednesday,10,2013,0,191,,0,25.2,19.3,7.2
2013-10-10,Karnataka,159.8,157.6,155.5,157.0,3,Thursday,10,2013,0,192,,0,26.1,18.8,0.1
2013-10-11,Karnataka,164.8,159.8,160.3,157.61428571428573,4,Friday,10,2013,0,193,,0,25.9,18.2,0.0
2013-10-12,Karnataka,158.7,164.8,158.1,158.25714285714284,5,Saturday,10,2013,1,194,,0,26.1,17.3,0.0
2013-10-13,Karnataka,151.9,158.7,148.5,158.34285714285716,6,Sunday,10,2013,1,195,Dussehra,1,26.1,19.1,0.4
2013-10-14,Karnataka,150.8,151.9,160.4,158.82857142857142,0,Monday,10,2013,0,196,,0,26.5,19.0,0.3
2013-10-15,Karnataka,,150.8,158.6,157.45714285714286,1,Tuesday,10,2013,0,197,,0,27.4,19.0,3.9
2013-10-16,Karnataka,155.4,,157.6,,2,Wednesday,10,2013,0,198,Id-ul-Zuha (Bakrid),1,27.0,19.6,10.2
2013-10-17,Karnataka,155.2,155.4,159.8,,3,Thursday,10,2013,0,199,,0,27.2,18.7,1.8
2013-10-18,Karnataka,157.5,155.2,164.8,,4,Friday,10,2013,0,200,,0,27.2,18.1,4.5
2013-10-19,Karnataka,156.2,157.5,158.7,,5,Saturday,10,2013,1,201,,0,26.2,16.9,0.3
2013-10-20,Karnataka,145.2,156.2,151.9,,6,Sunday,10,2013,1,202,,0,25.1,18.8,3.8
2013-10-21,Karnataka,151.2,145.2,150.8,,0,Monday,10,2013,0,203,,0,24.2,18.6,2.1
2013-10-22,Karnataka,146.0,151.2,,,1,Tuesday,10,2013,0,204,,0,22.0,18.5,6.0
2013-10-23,Karnataka,138.1,146.0,155.4,152.38571428571427,2,Wednesday,10,2013,0,205,,0,23.2,19.1,5.0
2013-10-24,Karnataka,133.8,138.1,155.2,149.91428571428568,3,Thursday,10,2013,0,206,,0,24.3,19.6,7.7
2013-10-25,Karnataka,132.9,133.8,157.5,146.85714285714286,4,Friday,10,2013,0,207,,0,24.8,19.5,10.5
2013-10-26,Karnataka,127.5,132.9,156.2,143.34285714285713,5,Saturday,10,2013,1,208,,0,25.8,19.2,0.3
2013-10-27,Karnataka,121.4,127.5,145.2,139.24285714285716,6,Sunday,10,2013,1,209,,0,25.4,18.5,0.0
2013-10-28,Karnataka,134.1,121.4,151.2,135.84285714285713,0,Monday,10,2013,0,210,,0,24.9,18.4,3.3
2013-10-29,Karnataka,140.8,134.1,146.0,133.4,1,Tuesday,10,2013,0,211,,0,26.1,19.1,0.5
2013-10-30,Karnataka,143.8,140.8,138.1,132.65714285714287,2,Wednesday,10,2013,0,212,,0,26.2,19.8,0.3
2013-10-31,Karnataka,150.8,143.8,133.8,133.47142857142856,3,Thursday,10,2013,0,213,,0,26.1,18.2,0.0
2013-11-01,Karnataka,144.4,150.8,132.9,135.9,4,Friday,11,2013,0,214,Karnataka Rajyotsava,1,26.5,17.4,0.1
2013-11-02,Karnataka,144.5,144.4,127.5,137.54285714285714,5,Saturday,11,2013,1,215,,0,26.3,19.9,1.5
2013-11-03,Karnataka,136.3,144.5,121.4,139.97142857142856,6,Sunday,11,2013,1,216,Diwali (Deepavali),1,25.8,19.4,1.6
2013-11-04,Karnataka,137.0,136.3,134.1,142.1,0,Monday,11,2013,0,217,,0,25.4,19.0,1.4
2013-11-05,Karnataka,151.5,137.0,140.8,142.51428571428573,1,Tuesday,11,2013,0,218,,0,25.6,17.0,0.0
2013-11-06,Karnataka,159.5,151.5,143.8,144.04285714285714,2,Wednesday,11,2013,0,219,,0,26.1,17.2,0.0
2013-11-07,Karnataka,164.8,159.5,150.8,146.28571428571428,3,Thursday,11,2013,0,220,,0,26.7,17.7,0.0
2013-11-08,Karnataka,168.6,164.8,144.4,148.28571428571428,4,Friday,11,2013,0,221,,0,26.2,17.5,0.0
2013-11-09,Karnataka,168.0,168.6,144.5,151.74285714285716,5,Saturday,11,2013,1,222,,0,25.9,15.4,0.0
2013-11-10,Karnataka,161.1,168.0,136.3,155.1,6,Sunday,11,2013,1,223,,0,26.6,16.0,0.0
2013-11-11,Karnataka,168.9,161.1,137.0,158.64285714285714,0,Monday,11,2013,0,224,,0,26.6,16.5,0.0
2013-11-12,Karnataka,172.6,168.9,151.5,163.20000000000002,1,Tuesday,11,2013,0,225,,0,26.1,16.4,0.0
2013-11-13,Karnataka,171.7,172.6,159.5,166.21428571428572,2,Wednesday,11,2013,0,226,,0,26.3,15.7,0.0
2013-11-14,Karnataka,172.4,171.7,164.8,167.95714285714286,3,Thursday,11,2013,0,227,Muharram,1,26.1,15.2,0.0
2013-11-15,Karnataka,172.5,172.4,168.6,169.04285714285714,4,Friday,11,2013,0,228,,0,25.9,13.6,0.0
2013-11-16,Karnataka,166.4,172.5,168.0,169.6,5,Saturday,11,2013,1,229,,0,23.6,16.2,4.1
2013-11-17,Karnataka,150.2,166.4,161.1,169.37142857142857,6,Sunday,11,2013,1,230,Guru Nanak's Jayanti,1,24.7,16.8,0.8
2013-11-18,Karnataka,162.0,150.2,168.9,167.81428571428572,0,Monday,11,2013,0,231,,0,26.2,18.9,8.1
2013-11-19,Karnataka,164.7,162.0,172.6,166.82857142857142,1,Tuesday,11,2013,0,232,,0,26.8,17.6,0.0
2013-11-20,Karnataka,168.4,164.7,171.7,165.7,2,Wednesday,11,2013,0,233,,0,27.0,16.1,0.0
2013-11-21,Karnataka,166.8,168.4,172.4,165.22857142857143,3,Thursday,11,2013,0,234,,0,27.1,14.1,0.0
2013-11-22,Karnataka,172.0,166.8,172.5,164.42857142857142,4,Friday,11,2013,0,235,,0,27.4,15.2,0.0
2013-11-23,Karnataka,169.6,172.0,166.4,164.35714285714286,5,Saturday,11,2013,1,236,,0,26.8,17.2,0.0
2013-11-24,Karnataka,152.9,169.6,150.2,164.81428571428572,6,Sunday,11,2013,1,237,,0,26.2,18.7,0.1
2013-11-25,Karnataka,163.9,152.9,162.0,165.20000000000002,0,Monday,11,2013,0,238,,0,25.7,18.8,0.2
2013-11-26,Karnataka,166.3,163.9,164.7,165.47142857142856,1,Tuesday,11,2013,0,239,,0,27.3,18.8,0.0
2013-11-27,Karnataka,166.9,166.3,168.4,165.70000000000002,2,Wednesday,11,2013,0,240,,0,28.0,17.0,0.0
2013-11-28,Karnataka,168.1,166.9,166.8,165.4857142857143,3,Thursday,11,2013,0,241,,0,25.0,15.6,0.0
2013-11-29,Karnataka,150.7,168.1,172.0,165.67142857142858,4,Friday,11,2013,0,242,,0,26.1,15.3,0.0
2013-11-30,Karnataka,160.4,150.7,169.6,162.62857142857143,5,Saturday,11,2013,1,243,,0,27.9,17.0,0.0
2013-12-01,Karnataka,157.8,160.4,152.9,161.31428571428572,6,Sunday,12,2013,1,244,,0,26.8,18.9,0.4
2013-12-02,Karnataka,160.8,157.8,163.9,162.0142857142857,0,Monday,12,2013,0,245,,0,25.6,18.7,4.8
2013-12-03,Karnataka,165.2,160.8,166.3,161.57142857142858,1,Tuesday,12,2013,0,246,,0,26.5,17.8,0.0
2013-12-04,Karnataka,167.1,165.2,166.9,161.41428571428574,2,Wednesday,12,2013,0,247,,0,26.2,14.5,0.0
2013-12-05,Karnataka,168.0,167.1,168.1,161.44285714285712,3,Thursday,12,2013,0,248,,0,26.4,16.8,0.0
2013-12-06,Karnataka,170.2,168.0,150.7,161.42857142857142,4,Friday,12,2013,0,249,,0,26.6,14.3,0.0
2013-12-07,Karnataka,168.2,170.2,160.4,164.21428571428572,5,Saturday,12,2013,1,250,,0,26.3,14.7,0.0
2013-12-08,Karnataka,161.6,168.2,157.8,165.32857142857142,6,Sunday,12,2013,1,251,,0,26.8,16.0,0.0
2013-12-09,Karnataka,169.1,161.6,160.8,165.87142857142857,0,Monday,12,2013,0,252,,0,27.1,14.7,0.0
2013-12-10,Karnataka,168.9,169.1,165.2,167.05714285714285,1,Tuesday,12,2013,0,253,,0,27.7,12.3,0.0
2013-12-11,Karnataka,171.7,168.9,167.1,167.58571428571426,2,Wednesday,12,2013,0,254,,0,27.8,13.6,0.0
2013-12-12,Karnataka,169.4,171.7,168.0,168.24285714285716,3,Thursday,12,2013,0,255,,0,24.4,17.8,0.0
2013-12-13,Karnataka,174.4,169.4,170.2,168.44285714285712,4,Friday,12,2013,0,256,,0,26.1,19.0,0.0
2013-12-14,Karnataka,171.8,174.4,168.2,169.04285714285714,5,Saturday,12,2013,1,257,,0,27.1,18.5,0.0
2013-12-15,Karnataka,164.5,171.8,161.6,169.55714285714288,6,Sunday,12,2013,1,258,,0,28.5,16.7,0.0
2013-12-16,Karnataka,167.5,164.5,169.1,169.9714285714286,0,Monday,12,2013,0,259,,0,27.2,12.1,0.0
2013-12-17,Karnataka,168.9,167.5,168.9,169.74285714285716,1,Tuesday,12,2013,0,260,,0,25.5,12.4,0.0
2013-12-18,Karnataka,165.7,168.9,171.7,169.74285714285716,2,Wednesday,12,2013,0,261,,0,25.4,12.2,0.0
2013-12-19,Karnataka,160.4,165.7,169.4,168.8857142857143,3,Thursday,12,2013,0,262,,0,25.8,12.3,0.0
2013-12-20,Karnataka,163.3,160.4,174.4,167.6,4,Friday,12,2013,0,263,,0,26.9,11.4,0.0
2013-12-21,Karnataka,168.3,163.3,171.8,166.0142857142857,5,Saturday,12,2013,1,264,,0,27.1,12.8,0.0
2013-12-22,Karnataka,165.5,168.3,164.5,165.51428571428573,6,Sunday,12,2013,1,265,,0,26.1,12.5,0.0
2013-12-23,Karnataka,173.2,165.5,167.5,165.65714285714287,0,Monday,12,2013,0,266,,0,24.4,15.6,0.0
2013-12-24,Karnataka,173.5,173.2,168.9,166.4714285714286,1,Tuesday,12,2013,0,267,,0,24.5,14.1,0.0
2013-12-25,Karnataka,172.0,173.5,165.7,167.12857142857143,2,Wednesday,12,2013,0,268,Christmas,1,26.1,14.9,0.0
2013-12-26,Karnataka,176.6,172.0,160.4,168.02857142857144,3,Thursday,12,2013,0,269,,0,26.1,13.1,0.0
2013-12-27,Karnataka,177.5,176.6,163.3,170.34285714285713,4,Friday,12,2013,0,270,,0,26.4,12.9,0.0
2013-12-28,Karnataka,174.8,177.5,168.3,172.37142857142857,5,Saturday,12,2013,1,271,,0,26.1,15.4,0.0
2013-12-29,Karnataka,166.3,174.8,165.5,173.3,6,Sunday,12,2013,1,272,,0,26.6,13.3,0.0
2013-12-30,Karnataka,174.8,166.3,173.2,173.41428571428574,0,Monday,12,2013,0,273,,0,26.6,13.0,0.0
2013-12-31,Karnataka,177.3,174.8,173.5,173.64285714285714,1,Tuesday,12,2013,0,274,,0,25.3,13.7,0.0
2014-01-01,Karnataka,,177.3,172.0,174.18571428571428,2,Wednesday,1,2014,0,275,,0,25.5,15.7,0.0
2014-01-02,Karnataka,,,176.6,,3,Thursday,1,2014,0,276,,0,26.1,15.4,0.0
2014-01-03,Karnataka,,,177.5,,4,Friday,1,2014,0,277,,0,27.4,13.6,0.0
2014-01-04,Karnataka,,,174.8,,5,Saturday,1,2014,1,278,,0,26.5,14.7,0.0
2014-01-05,Karnataka,,,166.3,,6,Sunday,1,2014,1,279,,0,28.0,14.0,0.0
2014-01-06,Karnataka,,,174.8,,0,Monday,1,2014,0,280,,0,28.6,14.0,0.0
2014-01-07,Karnataka,,,177.3,,1,Tuesday,1,2014,0,281,,0,27.6,13.7,0.0
2014-01-08,Karnataka,181.5,,,,2,Wednesday,1,2014,0,282,,0,27.3,14.0,0.0
2014-01-09,Karnataka,182.4,181.5,,,3,Thursday,1,2014,0,283,,0,27.1,15.1,0.0
2014-01-10,Karnataka,184.9,182.4,,,4,Friday,1,2014,0,284,,0,27.8,15.9,0.0
2014-01-11,Karnataka,183.6,184.9,,,5,Saturday,1,2014,1,285,,0,27.8,15.7,0.0
2014-01-12,Karnataka,175.4,183.6,,,6,Sunday,1,2014,1,286,,0,28.4,14.7,0.0
2014-01-13,Karnataka,182.0,175.4,,,0,Monday,1,2014,0,287,,0,27.5,15.0,0.0
2014-01-14,Karnataka,181.5,182.0,,,1,Tuesday,1,2014,0,288,Milad-un-Nabi,1,27.5,15.9,0.0
2014-01-15,Karnataka,177.5,181.5,181.5,181.6142857142857,2,Wednesday,1,2014,0,289,,0,27.8,15.5,0.0
2014-01-16,Karnataka,182.0,177.5,182.4,181.04285714285714,3,Thursday,1,2014,0,290,,0,26.2,15.8,0.0
2014-01-17,Karnataka,184.6,182.0,184.9,180.98571428571427,4,Friday,1,2014,0,291,,0,27.0,16.8,0.0
2014-01-18,Karnataka,182.4,184.6,183.6,180.94285714285715,5,Saturday,1,2014,1,292,,0,27.5,15.2,0.0
2014-01-19,Karnataka,174.2,182.4,175.4,180.77142857142854,6,Sunday,1,2014,1,293,,0,27.5,14.8,0.0
2014-01-20,Karnataka,181.4,174.2,182.0,180.6,0,Monday,1,2014,0,294,,0,27.0,16.7,0.0
2014-01-21,Karnataka,180.4,181.4,181.5,180.51428571428573,1,Tuesday,1,2014,0,295,,0,26.0,14.2,0.0
2014-01-22,Karnataka,182.1,180.4,177.5,180.35714285714286,2,Wednesday,1,2014,0,296,,0,26.1,15.1,0.0
2014-01-23,Karnataka,183.2,182.1,182.0,181.01428571428573,3,Thursday,1,2014,0,297,,0,27.2,13.6,0.0
2014-01-24,Karnataka,185.8,183.2,184.6,181.18571428571428,4,Friday,1,2014,0,298,,0,28.2,14.6,0.0
2014-01-25,Karnataka,184.5,185.8,182.4,181.35714285714286,5,Saturday,1,2014,1,299,,0,27.2,14.7,0.0
2014-01-26,Karnataka,173.2,184.5,174.2,181.65714285714287,6,Sunday,1,2014,1,300,Republic Day,1,26.5,14.2,0.0
2014-01-27,Karnataka,181.1,173.2,181.4,181.5142857142857,0,Monday,1,2014,0,301,,0,25.8,13.9,0.0
2014-01-28,Karnataka,185.9,181.1,180.4,181.47142857142856,1,Tuesday,1,2014,0,302,,0,26.3,14.7,0.0
2014-01-29,Karnataka,187.9,185.9,182.1,182.25714285714284,2,Wednesday,1,2014,0,303,,0,27.0,15.7,0.0
2014-01-30,Karnataka,180.4,187.9,183.2,183.08571428571426,3,Thursday,1,2014,0,304,,0,27.1,14.8,0.0
2014-01-31,Karnataka,185.2,180.4,185.8,182.6857142857143,4,Friday,1,2014,0,305,,0,27.8,14.5,0.0
2014-02-01,Karnataka,184.4,185.2,184.5,182.59999999999997,5,Saturday,2,2014,1,306,,0,27.5,14.8,0.0
2014-02-02,Karnataka,175.8,184.4,173.2,182.58571428571426,6,Sunday,2,2014,1,307,,0,27.7,16.8,0.0
2014-02-03,Karnataka,187.3,175.8,181.1,182.95714285714286,0,Monday,2,2014,0,308,,0,29.1,15.0,0.0
2014-02-04,Karnataka,188.9,187.3,185.9,183.84285714285716,1,Tuesday,2,2014,0,309,,0,30.1,14.4,0.0
2014-02-05,Karnataka,188.6,188.9,187.9,184.27142857142857,2,Wednesday,2,2014,0,310,,0,30.0,14.8,0.0
2014-02-06,Karnataka,185.5,188.6,180.4,184.37142857142857,3,Thursday,2,2014,0,311,,0,30.6,14.7,0.0
2014-02-07,Karnataka,186.6,185.5,185.2,185.09999999999997,4,Friday,2,2014,0,312,,0,29.7,14.7,0.0
2014-02-08,Karnataka,184.0,186.6,184.4,185.3,5,Saturday,2,2014,1,313,,0,29.8,14.1,0.0
2014-02-09,Karnataka,178.2,184.0,175.8,185.24285714285716,6,Sunday,2,2014,1,314,,0,30.1,14.8,0.0
2014-02-10,Karnataka,186.1,178.2,187.3,185.58571428571432,0,Monday,2,2014,0,315,,0,29.5,15.5,0.0
2014-02-11,Karnataka,193.2,186.1,188.9,185.41428571428574,1,Tuesday,2,2014,0,316,,0,29.2,16.2,0.0
2014-02-12,Karnataka,192.5,193.2,188.6,186.02857142857144,2,Wednesday,2,2014,0,317,,0,28.9,15.9,0.0
2014-02-13,Karnataka,194.0,192.5,185.5,186.58571428571426,3,Thursday,2,2014,0,318,,0,29.5,16.9,0.0
2014-02-14,Karnataka,194.9,194.0,186.6,187.79999999999998,4,Friday,2,2014,0,319,,0,28.7,17.2,0.0
2014-02-15,Karnataka,191.1,194.9,184.0,188.98571428571427,5,Saturday,2,2014,1,320,,0,27.7,17.6,0.0
2014-02-16,Karnataka,181.4,191.1,178.2,190.0,6,Sunday,2,2014,1,321,,0,28.7,18.5,0.2
2014-02-17,Karnataka,190.0,181.4,186.1,190.45714285714283,0,Monday,2,2014,0,322,,0,29.4,17.7,0.0
2014-02-18,Karnataka,192.1,190.0,193.2,191.0142857142857,1,Tuesday,2,2014,0,323,,0,27.8,18.6,0.0
2014-02-19,Karnataka,192.8,192.1,192.5,190.85714285714286,2,Wednesday,2,2014,0,324,,0,27.5,17.9,0.0
2014-02-20,Karnataka,192.6,192.8,194.0,190.9,3,Thursday,2,2014,0,325,,0,27.9,18.3,0.0
2014-02-21,Karnataka,192.6,192.6,194.9,190.7,4,Friday,2,2014,0,326,,0,28.0,18.0,0.0
2014-02-22,Karnataka,192.3,192.6,191.1,190.3714285714286,5,Saturday,2,2014,1,327,,0,29.1,17.7,0.0
2014-02-23,Karnataka,187.9,192.3,181.4,190.54285714285714,6,Sunday,2,2014,1,328,,0,30.3,16.2,0.0
2014-02-24,Karnataka,191.3,187.9,190.0,191.4714285714286,0,Monday,2,2014,0,329,,0,29.1,14.7,0.0
2014-02-25,Karnataka,194.0,191.3,192.1,191.65714285714287,1,Tuesday,2,2014,0,330,,0,27.6,19.1,0.1
2014-02-26,Karnataka,190.5,194.0,192.8,191.92857142857142,2,Wednesday,2,2014,0,331,,0,30.1,17.5,0.0
2014-02-27,Karnataka,187.4,190.5,192.6,191.6,3,Thursday,2,2014,0,332,,0,30.7,15.5,0.0
2014-02-28,Karnataka,186.5,187.4,192.6,190.85714285714286,4,Friday,2,2014,0,333,,0,27.9,17.8,0.0
2014-03-01,Karnataka,182.4,186.5,192.3,189.9857142857143,5,Saturday,3,2014,1,334,,0,28.0,18.6,2.1
2014-03-02,Karnataka,172.8,182.4,187.9,188.57142857142858,6,Sunday,3,2014,1,335,,0,28.1,19.3,0.1
2014-03-03,Karnataka,176.7,172.8,191.3,186.41428571428568,0,Monday,3,2014,0,336,,0,27.3,19.2,1.7
2014-03-04,Karnataka,178.7,176.7,194.0,184.32857142857142,1,Tuesday,3,2014,0,337,,0,27.3,18.5,0.9
2014-03-05,Karnataka,181.4,178.7,190.5,182.14285714285714,2,Wednesday,3,2014,0,338,,0,27.1,18.6,0.2
2014-03-06,Karnataka,179.5,181.4,187.4,180.84285714285716,3,Thursday,3,2014,0,339,,0,27.4,18.5,0.1
2014-03-07,Karnataka,175.2,179.5,186.5,179.71428571428572,4,Friday,3,2014,0,340,,0,27.8,18.4,1.7
2014-03-08,Karnataka,159.8,175.2,182.4,178.09999999999997,5,Saturday,3,2014,1,341,,0,30.5,18.0,0.0
2014-03-09,Karnataka,151.1,159.8,172.8,174.87142857142857,6,Sunday,3,2014,1,342,,0,29.2,17.0,0.0
2014-03-10,Karnataka,165.6,151.1,176.7,171.77142857142857,0,Monday,3,2014,0,343,,0,30.3,17.5,0.1
2014-03-11,Karnataka,173.6,165.6,178.7,170.18571428571428,1,Tuesday,3,2014,0,344,,0,30.0,18.2,0.0
2014-03-12,Karnataka,176.6,173.6,181.4,169.45714285714286,2,Wednesday,3,2014,0,345,,0,30.2,16.3,0.0
2014-03-13,Karnataka,182.1,176.6,179.5,168.77142857142857,3,Thursday,3,2014,0,346,,0,31.0,15.3,0.0
2014-03-14,Karnataka,188.3,182.1,175.2,169.14285714285714,4,Friday,3,2014,0,347,,0,31.8,15.7,0.0
2014-03-15,Karnataka,187.6,188.3,159.8,171.0142857142857,5,Saturday,3,2014,1,348,,0,32.4,16.1,0.0
2014-03-16,Karnataka,179.6,187.6,151.1,174.9857142857143,6,Sunday,3,2014,1,349,,0,32.8,16.1,0.0
2014-03-17,Karnataka,189.5,179.6,165.6,179.05714285714288,0,Monday,3,2014,0,350,Holi,1,33.3,17.4,0.0
2014-03-18,Karnataka,190.8,189.5,173.6,182.47142857142856,1,Tuesday,3,2014,0,351,,0,33.7,17.5,0.0
2014-03-19,Karnataka,192.3,190.8,176.6,184.92857142857142,2,Wednesday,3,2014,0,352,,0,33.7,17.7,0.0
2014-03-20,Karnataka,186.6,192.3,182.1,187.17142857142858,3,Thursday,3,2014,0,353,,0,34.4,18.3,0.0
2014-03-21,Karnataka,188.4,186.6,188.3,187.81428571428572,4,Friday,3,2014,0,354,,0,34.4,20.0,0.0
2014-03-22,Karnataka,199.9,188.4,187.6,187.82857142857142,5,Saturday,3,2014,1,355,,0,33.2,21.0,0.0
2014-03-23,Karnataka,193.2,199.9,179.6,189.58571428571426,6,Sunday,3,2014,1,356,,0,34.0,21.3,0.0
2014-03-24,Karnataka,200.8,193.2,189.5,191.52857142857144,0,Monday,3,2014,0,357,,0,34.1,19.4,0.0
2014-03-25,Karnataka,199.2,200.8,190.8,193.14285714285714,1,Tuesday,3,2014,0,358,,0,34.0,18.3,0.0
2014-03-26,Karnataka,203.4,199.2,192.3,194.34285714285716,2,Wednesday,3,2014,0,359,,0,34.0,19.1,0.0
2014-03-27,Karnataka,203.2,203.4,186.6,195.92857142857142,3,Thursday,3,2014,0,360,,0,33.6,17.1,0.0
2014-03-28,Karnataka,201.4,203.2,188.4,198.29999999999998,4,Friday,3,2014,0,361,,0,34.1,17.4,0.0
2014-03-29,Karnataka,202.4,201.4,199.9,200.15714285714287,5,Saturday,3,2014,1,362,,0,34.9,18.9,0.0
2014-03-30,Karnataka,196.1,202.4,193.2,200.5142857142857,6,Sunday,3,2014,1,363,,0,35.2,19.1,0.0
2014-03-31,Karnataka,194.8,196.1,200.8,200.92857142857142,0,Monday,3,2014,0,364,Ugadi,1,35.0,19.8,0.0
2014-04-01,Karnataka,194.4,194.8,199.2,200.07142857142858,1,Tuesday,4,2014,0,365,,0,34.8,20.5,0.0
2014-04-02,Karnataka,197.2,194.4,203.4,199.3857142857143,2,Wednesday,4,2014,0,366,,0,33.6,22.1,0.0
2014-04-03,Karnataka,204.1,197.2,203.2,198.5,3,Thursday,4,2014,0,367,,0,35.1,20.4,0.0
2014-04-04,Karnataka,205.0,204.1,201.4,198.62857142857143,4,Friday,4,2014,0,368,,0,34.3,19.5,0.0
2014-04-05,Karnataka,203.1,205.0,202.4,199.14285714285714,5,Saturday,4,2014,1,369,,0,34.9,19.8,0.0
2014-04-06,Karnataka,193.3,203.1,196.1,199.24285714285716,6,Sunday,4,2014,1,370,,0,34.8,20.2,0.0
2014-04-07,Karnataka,206.7,193.3,194.8,198.84285714285713,0,Monday,4,2014,0,371,,0,34.8,20.6,0.0
2014-04-08,Karnataka,201.2,206.7,194.4,200.54285714285714,1,Tuesday,4,2014,0,372,Ram Navami,1,35.2,21.3,0.0
2014-04-09,Karnataka,185.6,201.2,197.2,201.5142857142857,2,Wednesday,4,2014,0,373,,0,32.8,22.3,0.9
2014-04-10,Karnataka,185.9,185.6,204.1,199.85714285714286,3,Thursday,4,2014,0,374,,0,33.3,21.4,1.6
2014-04-11,Karnataka,194.3,185.9,205.0,197.25714285714284,4,Friday,4,2014,0,375,,0,32.9,20.3,0.0
2014-04-12,Karnataka,191.6,194.3,203.1,195.72857142857143,5,Saturday,4,2014,1,376,,0,32.0,21.2,0.2
2014-04-13,Karnataka,182.4,191.6,193.3,194.08571428571426,6,Sunday,4,2014,1,377,Mahavir Jayanti,1,32.8,21.7,0.8
2014-04-14,Karnataka,190.0,182.4,206.7,192.52857142857144,0,Monday,4,2014,0,378,Dr. B. R. Ambedkar's Jayanti,1,32.4,22.1,0.7
2014-04-15,Karnataka,185.0,190.0,201.2,190.14285714285714,1,Tuesday,4,2014,0,379,,0,31.8,20.8,0.1
2014-04-16,Karnataka,188.5,185.0,185.6,187.82857142857142,2,Wednesday,4,2014,0,380,,0,33.4,20.7,0.0
2014-04-17,Karnataka,177.9,188.5,185.9,188.24285714285716,3,Thursday,4,2014,0,381,,0,31.5,21.3,0.2
2014-04-18,Karnataka,168.2,177.9,194.3,187.1,4,Friday,4,2014,0,382,Good Friday,1,32.2,21.6,2.8
2014-04-19,Karnataka,169.8,168.2,191.6,183.37142857142857,5,Saturday,4,2014,1,383,,0,33.6,20.5,0.0
2014-04-20,Karnataka,159.8,169.8,182.4,180.2571428571429,6,Sunday,4,2014,1,384,,0,35.2,22.2,0.0
2014-04-21,Karnataka,181.6,159.8,190.0,177.02857142857144,0,Monday,4,2014,0,385,,0,35.1,19.1,0.0
2014-04-22,Karnataka,191.4,181.6,185.0,175.82857142857142,1,Tuesday,4,2014,0,386,,0,35.4,19.2,0.0
2014-04-23,Karnataka,195.0,191.4,188.5,176.74285714285716,2,Wednesday,4,2014,0,387,,0,34.9,19.8,0.0
2014-04-24,Karnataka,196.3,195.0,177.9,177.67142857142858,3,Thursday,4,2014,0,388,,0,36.1,21.0,0.0
2014-04-25,Karnataka,195.0,196.3,168.2,180.29999999999998,4,Friday,4,2014,0,389,,0,36.1,22.2,0.0
2014-04-26,Karnataka,181.8,195.0,169.8,184.12857142857143,5,Saturday,4,2014,1,390,,0,34.9,23.8,0.2
2014-04-27,Karnataka,169.1,181.8,159.8,185.84285714285716,6,Sunday,4,2014,1,391,,0,35.1,23.1,0.0
2014-04-28,Karnataka,179.9,169.1,181.6,187.17142857142858,0,Monday,4,2014,0,392,,0,35.5,23.4,0.0
2014-04-29,Karnataka,,179.9,191.4,186.92857142857142,1,Tuesday,4,2014,0,393,,0,36.3,23.1,0.0
2014-04-30,Karnataka,176.9,,195.0,,2,Wednesday,4,2014,0,394,,0,36.0,23.3,0.0
2014-05-01,Karnataka,162.3,176.9,196.3,,3,Thursday,5,2014,0,395,,0,35.3,24.0,0.0
2014-05-02,Karnataka,162.4,162.3,195.0,,4,Friday,5,2014,0,396,,0,34.7,23.5,0.0
2014-05-03,Karnataka,162.7,162.4,181.8,,5,Saturday,5,2014,1,397,,0,33.9,22.8,1.4
2014-05-04,Karnataka,154.0,162.7,169.1,,6,Sunday,5,2014,1,398,,0,34.8,22.3,3.9
2014-05-05,Karnataka,170.2,154.0,179.9,,0,Monday,5,2014,0,399,,0,32.1,21.7,0.7
2014-05-06,Karnataka,170.4,170.2,,,1,Tuesday,5,2014,0,400,,0,31.7,21.7,7.7
2014-05-07,Karnataka,169.3,170.4,176.9,165.55714285714288,2,Wednesday,5,2014,0,401,,0,26.5,20.6,7.7
2014-05-08,Karnataka,142.4,169.3,162.3,164.47142857142856,3,Thursday,5,2014,0,402,,0,22.4,20.2,18.8
2014-05-09,Karnataka,134.0,142.4,162.4,161.62857142857143,4,Friday,5,2014,0,403,,0,26.9,20.1,29.2
2014-05-10,Karnataka,145.5,134.0,162.7,157.57142857142858,5,Saturday,5,2014,1,404,,0,29.5,20.2,0.0
2014-05-11,Karnataka,145.0,145.5,154.0,155.1142857142857,6,Sunday,5,2014,1,405,,0,29.9,20.7,0.0
2014-05-12,Karnataka,162.0,145.0,170.2,153.82857142857142,0,Monday,5,2014,0,406,,0,31.5,19.6,0.0
2014-05-13,Karnataka,170.0,162.0,170.4,152.65714285714284,1,Tuesday,5,2014,0,407,,0,31.5,19.9,0.0
2014-05-14,Karnataka,175.4,170.0,169.3,152.6,2,Wednesday,5,2014,0,408,Buddha Purnima,1,32.5,21.2,0.0
2014-05-15,Karnataka,182.1,175.4,142.4,153.47142857142856,3,Thursday,5,2014,0,409,,0,32.1,21.1,0.0
2014-05-16,Karnataka,188.6,182.1,134.0,159.14285714285714,4,Friday,5,2014,0,410,,0,32.1,20.3,0.0
2014-05-17,Karnataka,178.5,188.6,145.5,166.94285714285712,5,Saturday,5,2014,1,411,,0,31.7,20.8,2.3
2014-05-18,Karnataka,165.4,178.5,145.0,171.65714285714284,6,Sunday,5,2014,1,412,,0,33.0,21.7,1.4
2014-05-19,Karnataka,171.2,165.4,162.0,174.57142857142858,0,Monday,5,2014,0,413,,0,33.5,22.5,0.3
2014-05-20,Karnataka,157.6,171.2,170.0,175.8857142857143,1,Tuesday,5,2014,0,414,,0,32.1,21.8,23.8
2014-05-21,Karnataka,154.3,157.6,175.4,174.1142857142857,2,Wednesday,5,2014,0,415,,0,30.8,21.5,6.2
2014-05-22,Karnataka,157.2,154.3,182.1,171.09999999999997,3,Thursday,5,2014,0,416,,0,31.4,20.9,5.8
2014-05-23,Karnataka,168.5,157.2,188.6,167.54285714285714,4,Friday,5,2014,0,417,,0,31.9,21.3,0.0
2014-05-24,Karnataka,172.4,168.5,178.5,164.67142857142858,5,Saturday,5,2014,1,418,,0,32.1,21.8,0.0
2014-05-25,Karnataka,159.4,172.4,165.4,163.79999999999998,6,Sunday,5,2014,1,419,,0,32.5,21.5,0.0
2014-05-26,Karnataka,173.0,159.4,171.2,162.94285714285712,0,Monday,5,2014,0,420,,0,32.2,21.5,0.6
2014-05-27,Karnataka,166.4,173.0,157.6,163.2,1,Tuesday,5,2014,0,421,,0,31.6,22.4,12.3
2014-05-28,Karnataka,159.6,166.4,154.3,164.45714285714286,2,Wednesday,5,2014,0,422,,0,31.5,21.0,17.7
2014-05-29,Karnataka,158.0,159.6,157.2,165.21428571428572,3,Thursday,5,2014,0,423,,0,30.5,20.7,0.1
2014-05-30,Karnataka,158.7,158.0,168.5,165.32857142857142,4,Friday,5,2014,0,424,,0,31.5,21.4,6.0
2014-05-31,Karnataka,158.6,158.7,172.4,163.92857142857142,5,Saturday,5,2014,1,425,,0,31.5,21.6,9.1
2014-06-01,Karnataka,148.9,158.6,159.4,161.95714285714283,6,Sunday,6,2014,1,426,,0,30.0,21.5,15.3
2014-06-02,Karnataka,153.8,148.9,173.0,160.45714285714286,0,Monday,6,2014,0,427,,0,30.2,21.6,20.1
2014-06-03,Karnataka,135.4,153.8,166.4,157.71428571428572,1,Tuesday,6,2014,0,428,,0,27.6,21.2,5.8
2014-06-04,Karnataka,149.2,135.4,159.6,153.28571428571428,2,Wednesday,6,2014,0,429,,0,29.7,20.5,1.5
2014-06-05,Karnataka,151.4,149.2,158.0,151.79999999999998,3,Thursday,6,2014,0,430,,0,29.8,21.1,5.0
2014-06-06,Karnataka,145.0,151.4,158.7,150.85714285714286,4,Friday,6,2014,0,431,,0,29.7,21.1,4.5
2014-06-07,Karnataka,143.8,145.0,158.6,148.9,5,Saturday,6,2014,1,432,,0,30.3,21.6,0.3
2014-06-08,Karnataka,136.4,143.8,148.9,146.78571428571428,6,Sunday,6,2014,1,433,,0,30.4,21.2,0.6
2014-06-09,Karnataka,149.4,136.4,153.8,145.0,0,Monday,6,2014,0,434,,0,28.6,20.7,0.9
2014-06-10,Karnataka,156.0,149.4,135.4,144.37142857142857,1,Tuesday,6,2014,0,435,,0,27.8,20.8,1.0
2014-06-11,Karnataka,163.0,156.0,149.2,147.31428571428572,2,Wednesday,6,2014,0,436,,0,28.6,22.0,0.2
2014-06-12,Karnataka,164.4,163.0,151.4,149.28571428571428,3,Thursday,6,2014,0,437,,0,29.0,20.9,1.6
2014-06-13,Karnataka,159.2,164.4,145.0,151.14285714285714,4,Friday,6,2014,0,438,,0,28.5,20.9,6.9
2014-06-14,Karnataka,156.6,159.2,143.8,153.17142857142858,5,Saturday,6,2014,1,439,,0,29.1,21.1,0.0
2014-06-15,Karnataka,151.9,156.6,136.4,155.0,6,Sunday,6,2014,1,440,,0,28.4,20.5,0.3
2014-06-16,Karnataka,160.6,151.9,149.4,157.21428571428572,0,Monday,6,2014,0,441,,0,29.0,20.7,0.0
2014-06-17,Karnataka,164.0,160.6,156.0,158.81428571428572,1,Tuesday,6,2014,0,442,,0,28.8,21.4,0.2
2014-06-18,Karnataka,165.0,164.0,163.0,159.95714285714286,2,Wednesday,6,2014,0,443,,0,27.2,21.3,1.0
2014-06-19,Karnataka,161.2,165.0,164.4,160.24285714285716,3,Thursday,6,2014,0,444,,0,28.5,21.0,0.1
2014-06-20,Karnataka,164.3,161.2,159.2,159.78571428571428,4,Friday,6,2014,0,445,,0,28.2,21.0,0.1
2014-06-21,Karnataka,166.8,164.3,156.6,160.5142857142857,5,Saturday,6,2014,1,446,,0,28.2,21.5,1.2
2014-06-22,Karnataka,153.6,166.8,151.9,161.97142857142856,6,Sunday,6,2014,1,447,,0,27.9,21.3,0.2
2014-06-23,Karnataka,165.2,153.6,160.6,162.21428571428572,0,Monday,6,2014,0,448,,0,28.8,21.4,0.2
2014-06-24,Karnataka,168.7,165.2,164.0,162.87142857142857,1,Tuesday,6,2014,0,449,,0,30.9,20.4,0.1
2014-06-25,Karnataka,171.7,168.7,165.0,163.54285714285714,2,Wednesday,6,2014,0,450,,0,30.6,20.3,0.0
2014-06-26,Karnataka,176.1,171.7,161.2,164.5,3,Thursday,6,2014,0,451,,0,30.6,19.7,0.0
2014-06-27,Karnataka,180.3,176.1,164.3,166.6285714285714,4,Friday,6,2014,0,452,,0,30.8,20.9,0.2
2014-06-28,Karnataka,173.3,180.3,166.8,168.91428571428574,5,Saturday,6,2014,1,453,,0,30.3,21.8,0.4
2014-06-29,Karnataka,169.4,173.3,153.6,169.84285714285713,6,Sunday,6,2014,1,454,,0,31.6,21.5,1.4
2014-06-30,Karnataka,175.2,169.4,165.2,172.1,0,Monday,6,2014,0,455,,0,30.2,21.4,1.5
2014-07-01,Karnataka,176.9,175.2,168.7,173.52857142857144,1,Tuesday,7,2014,0,456,,0,31.4,20.8,0.0
2014-07-02,Karnataka,180.6,176.9,171.7,174.7,2,Wednesday,7,2014,0,457,,0,30.5,21.0,0.5
2014-07-03,Karnataka,177.0,180.6,176.1,175.97142857142856,3,Thursday,7,2014,0,458,,0,30.5,20.6,0.1
2014-07-04,Karnataka,175.4,177.0,180.3,176.1,4,Friday,7,2014,0,459,,0,29.1,20.7,6.4
2014-07-05,Karnataka,161.1,175.4,173.3,175.4,5,Saturday,7,2014,1,460,,0,29.3,20.6,13.9
2014-07-06,Karnataka,150.2,161.1,169.4,173.65714285714287,6,Sunday,7,2014,1,461,,0,26.2,20.5,11.9
2014-07-07,Karnataka,155.6,150.2,175.2,170.91428571428574,0,Monday,7,2014,0,462,,0,26.7,20.1,9.7
2014-07-08,Karnataka,156.3,155.6,176.9,168.1142857142857,1,Tuesday,7,2014,0,463,,0,26.6,20.3,9.3
2014-07-09,Karnataka,156.6,156.3,180.6,165.17142857142858,2,Wednesday,7,2014,0,464,,0,26.8,20.8,2.1
2014-07-10,Karnataka,147.0,156.6,177.0,161.74285714285716,3,Thursday,7,2014,0,465,,0,24.9,19.7,2.9
2014-07-11,Karnataka,143.0,147.0,175.4,157.45714285714286,4,Friday,7,2014,0,466,,0,25.0,19.1,0.9
2014-07-12,Karnataka,143.8,143.0,161.1,152.82857142857142,5,Saturday,7,2014,1,467,,0,25.3,19.6,1.0
2014-07-13,Karnataka,136.4,143.8,150.2,150.35714285714286,6,Sunday,7,2014,1,468,,0,22.4,20.3,5.6
2014-07-14,Karnataka,147.4,136.4,155.6,148.3857142857143,0,Monday,7,2014,0,469,,0,23.4,19.9,6.6
2014-07-15,Karnataka,147.0,147.4,156.3,147.21428571428572,1,Tuesday,7,2014,0,470,,0,24.3,19.8,6.6
2014-07-16,Karnataka,147.2,147.0,156.6,145.8857142857143,2,Wednesday,7,2014,0,471,,0,26.0,19.8,1.0
2014-07-17,Karnataka,151.5,147.2,147.0,144.54285714285714,3,Thursday,7,2014,0,472,,0,26.4,20.1,0.0
2014-07-18,Karnataka,155.0,151.5,143.0,145.18571428571428,4,Friday,7,2014,0,473,,0,26.7,19.8,0.6
2014-07-19,Karnataka,150.4,155.0,143.8,146.9,5,Saturday,7,2014,1,474,,0,25.3,20.5,0.5
2014-07-20,Karnataka,143.2,150.4,136.4,147.84285714285716,6,Sunday,7,2014,1,475,,0,25.0,20.7,0.0
2014-07-21,Karnataka,156.5,143.2,147.4,148.81428571428572,0,Monday,7,2014,0,476,,0,25.7,20.3,0.4
2014-07-22,Karnataka,157.6,156.5,147.0,150.1142857142857,1,Tuesday,7,2014,0,477,,0,26.3,20.3,2.0
2014-07-23,Karnataka,150.6,157.6,147.2,151.62857142857143,2,Wednesday,7,2014,0,478,,0,26.2,20.0,5.1
2014-07-24,Karnataka,151.6,150.6,151.5,152.1142857142857,3,Thursday,7,2014,0,479,,0,26.4,19.8,1.6
2014-07-25,Karnataka,155.0,151.6,155.0,152.1285714285714,4,Friday,7,2014,0,480,,0,26.5,20.0,1.9
2014-07-26,Karnataka,152.3,155.0,150.4,152.1285714285714,5,Saturday,7,2014,1,481,,0,26.2,20.5,0.9
2014-07-27,Karnataka,144.2,152.3,143.2,152.4,6,Sunday,7,2014,1,482,,0,26.6,20.1,3.3
2014-07-28,Karnataka,152.0,144.2,156.5,152.54285714285714,0,Monday,7,2014,0,483,,0,25.7,20.5,0.0
2014-07-29,Karnataka,155.2,152.0,157.6,151.9,1,Tuesday,7,2014,0,484,Id-ul-Fitr,1,26.8,20.4,0.2
2014-07-30,Karnataka,157.1,155.2,150.6,151.55714285714288,2,Wednesday,7,2014,0,485,,0,25.6,20.0,2.7
2014-07-31,Karnataka,148.6,157.1,151.6,152.48571428571427,3,Thursday,7,2014,0,486,,0,25.5,19.4,8.8
2014-08-01,Karnataka,153.0,148.6,155.0,152.05714285714288,4,Friday,8,2014,0,487,,0,25.4,20.4,20.1
2014-08-02,Karnataka,150.8,153.0,152.3,151.77142857142857,5,Saturday,8,2014,1,488,,0,24.9,19.3,4.5
2014-08-03,Karnataka,143.4,150.8,144.2,151.55714285714288,6,Sunday,8,2014,1,489,,0,26.0,20.0,2.2
2014-08-04,Karnataka,153.4,143.4,152.0,151.44285714285712,0,Monday,8,2014,0,490,,0,25.9,20.7,0.7
2014-08-05,Karnataka,154.0,153.4,155.2,151.64285714285714,1,Tuesday,8,2014,0,491,,0,25.2,20.3,1.7
2014-08-06,Karnataka,155.0,154.0,157.1,151.47142857142856,2,Wednesday,8,2014,0,492,,0,26.3,19.9,5.8
2014-08-07,Karnataka,158.2,155.0,148.6,151.17142857142858,3,Thursday,8,2014,0,493,,0,24.9,19.5,5.9
2014-08-08,Karnataka,159.4,158.2,153.0,152.54285714285717,4,Friday,8,2014,0,494,,0,24.5,19.6,0.3
2014-08-09,Karnataka,156.4,159.4,150.8,153.45714285714286,5,Saturday,8,2014,1,495,,0,25.9,19.3,3.9
2014-08-10,Karnataka,148.8,156.4,143.4,154.25714285714284,6,Sunday,8,2014,1,496,,0,25.3,19.7,8.4
2014-08-11,Karnataka,157.8,148.8,153.4,155.02857142857144,0,Monday,8,2014,0,497,,0,24.6,19.7,7.1
2014-08-12,Karnataka,159.6,157.8,154.0,155.65714285714284,1,Tuesday,8,2014,0,498,,0,24.1,19.6,9.6
2014-08-13,Karnataka,161.6,159.6,155.0,156.45714285714286,2,Wednesday,8,2014,0,499,,0,25.6,19.0,0.3
2014-08-14,Karnataka,162.1,161.6,158.2,157.4,3,Thursday,8,2014,0,500,,0,26.9,19.4,0.8
2014-08-15,Karnataka,157.2,162.1,159.4,157.95714285714286,4,Friday,8,2014,0,501,Independence Day,1,26.7,19.6,0.0
2014-08-16,Karnataka,159.7,157.2,156.4,157.64285714285714,5,Saturday,8,2014,1,502,,0,26.4,19.0,0.2
2014-08-17,Karnataka,156.3,159.7,148.8,158.1142857142857,6,Sunday,8,2014,1,503,,0,26.6,18.8,7.1
2014-08-18,Karnataka,158.3,156.3,157.8,159.18571428571428,0,Monday,8,2014,0,504,Janmashtami (Vaishnava),1,27.0,19.1,11.9
2014-08-19,Karnataka,152.1,158.3,159.6,159.25714285714284,1,Tuesday,8,2014,0,505,,0,27.3,19.5,16.4
2014-08-20,Karnataka,147.8,152.1,161.6,158.18571428571428,2,Wednesday,8,2014,0,506,,0,28.0,18.8,4.7
2014-08-21,Karnataka,144.4,147.8,162.1,156.21428571428572,3,Thursday,8,2014,0,507,,0,28.0,20.1,3.2
2014-08-22,Karnataka,141.8,144.4,157.2,153.68571428571428,4,Friday,8,2014,0,508,,0,28.8,19.6,2.0
2014-08-23,Karnataka,136.8,141.8,159.7,151.4857142857143,5,Saturday,8,2014,1,509,,0,28.1,20.2,9.6
2014-08-24,Karnataka,126.4,136.8,156.3,148.21428571428572,6,Sunday,8,2014,1,510,,0,26.4,19.2,0.6
2014-08-25,Karnataka,138.6,126.4,158.3,143.94285714285715,0,Monday,8,2014,0,511,,0,25.6,19.7,0.0
2014-08-26,Karnataka,136.9,138.6,152.1,141.12857142857143,1,Tuesday,8,2014,0,512,,0,25.8,19.3,3.3
2014-08-27,Karnataka,135.3,136.9,147.8,138.95714285714286,2,Wednesday,8,2014,0,513,,0,23.0,19.2,8.8
2014-08-28,Karnataka,133.0,135.3,144.4,137.17142857142858,3,Thursday,8,2014,0,514,,0,23.8,18.7,8.5
2014-08-29,Karnataka,123.6,133.0,141.8,135.54285714285714,4,Friday,8,2014,0,515,,0,24.2,18.8,1.3
2014-08-30,Karnataka,121.6,123.6,136.8,132.94285714285715,5,Saturday,8,2014,1,516,,0,25.3,20.0,0.2
2014-08-31,Karnataka,120.7,121.6,126.4,130.77142857142857,6,Sunday,8,2014,1,517,,0,25.5,20.5,1.1
2014-09-01,Karnataka,129.7,120.7,138.6,129.95714285714286,0,Monday,9,2014,0,518,,0,25.5,20.4,2.5
2014-09-02,Karnataka,139.0,129.7,136.9,128.68571428571428,1,Tuesday,9,2014,0,519,,0,25.9,20.0,8.1
2014-09-03,Karnataka,143.8,139.0,135.3,128.98571428571427,2,Wednesday,9,2014,0,520,,0,25.4,19.3,6.2
2014-09-04,Karnataka,146.0,143.8,133.0,130.2,3,Thursday,9,2014,0,521,,0,25.4,19.6,2.8
2014-09-05,Karnataka,150.9,146.0,123.6,132.05714285714285,4,Friday,9,2014,0,522,,0,25.5,19.8,1.1
2014-09-06,Karnataka,142.7,150.9,121.6,135.95714285714286,5,Saturday,9,2014,1,523,,0,24.9,19.7,0.9
2014-09-07,Karnataka,133.5,142.7,120.7,138.97142857142856,6,Sunday,9,2014,1,524,,0,25.5,19.3,2.0
2014-09-08,Karnataka,144.0,133.5,129.7,140.8,0,Monday,9,2014,0,525,,0,26.2,19.6,0.0
2014-09-09,Karnataka,150.5,144.0,139.0,142.84285714285716,1,Tuesday,9,2014,0,526,,0,26.6,19.5,0.2
2014-09-10,Karnataka,155.6,150.5,143.8,144.4857142857143,2,Wednesday,9,2014,0,527,,0,26.9,18.7,0.0
2014-09-11,Karnataka,160.5,155.6,146.0,146.17142857142858,3,Thursday,9,2014,0,528,,0,27.3,18.5,0.0
2014-09-12,Karnataka,165.6,160.5,150.9,148.24285714285716,4,Friday,9,2014,0,529,,0,28.0,18.8,0.0
2014-09-13,Karnataka,165.9,165.6,142.7,150.34285714285716,5,Saturday,9,2014,1,530,,0,27.1,18.9,0.0
2014-09-14,Karnataka,155.6,165.9,133.5,153.65714285714284,6,Sunday,9,2014,1,531,,0,27.4,19.6,2.6
2014-09-15,Karnataka,160.0,155.6,144.0,156.81428571428572,0,Monday,9,2014,0,532,,0,27.4,19.6,0.9
2014-09-16,Karnataka,161.4,160.0,150.5,159.1,1,Tuesday,9,2014,0,533,,0,26.9,19.5,1.5
2014-09-17,Karnataka,160.2,161.4,155.6,160.65714285714284,2,Wednesday,9,2014,0,534,,0,26.6,19.1,0.6
2014-09-18,Karnataka,157.6,160.2,160.5,161.31428571428572,3,Thursday,9,2014,0,535,,0,25.7,19.5,8.1
2014-09-19,Karnataka,156.4,157.6,165.6,160.9,4,Friday,9,2014,0,536,,0,25.5,18.8,8.4
2014-09-20,Karnataka,150.9,156.4,165.9,159.58571428571426,5,Saturday,9,2014,1,537,,0,25.7,19.0,0.2
2014-09-21,Karnataka,145.8,150.9,155.6,157.44285714285712,6,Sunday,9,2014,1,538,,0,26.4,18.9,0.1
2014-09-22,Karnataka,156.5,145.8,160.0,156.04285714285714,0,Monday,9,2014,0,539,,0,27.6,19.6,6.3
2014-09-23,Karnataka,153.5,156.5,161.4,155.54285714285714,1,Tuesday,9,2014,0,540,,0,27.7,19.5,4.9
2014-09-24,Karnataka,150.2,153.5,160.2,154.41428571428568,2,Wednesday,9,2014,0,541,,0,27.6,19.3,14.5
2014-09-25,Karnataka,143.8,150.2,157.6,152.9857142857143,3,Thursday,9,2014,0,542,,0,27.8,18.9,14.9
2014-09-26,Karnataka,144.3,143.8,156.4,151.0142857142857,4,Friday,9,2014,0,543,,0,28.0,19.5,10.4
2014-09-27,Karnataka,143.9,144.3,150.9,149.28571428571428,5,Saturday,9,2014,1,544,,0,28.1,19.3,0.0
2014-09-28,Karnataka,140.8,143.9,145.8,148.28571428571428,6,Sunday,9,2014,1,545,,0,27.3,20.1,9.0
2014-09-29,Karnataka,143.8,140.8,156.5,147.57142857142858,0,Monday,9,2014,0,546,,0,27.9,20.2,3.8
2014-09-30,Karnataka,147.6,143.8,153.5,145.75714285714284,1,Tuesday,9,2014,0,547,,0,28.1,19.8,3.9
2014-10-01,Karnataka,142.8,147.6,150.2,144.9142857142857,2,Wednesday,10,2014,0,548,,0,28.0,19.2,2.8
2014-10-02,Karnataka,139.9,142.8,143.8,143.85714285714286,3,Thursday,10,2014,0,549,Mahatma Gandhi's Jayanti,1,29.5,17.9,0.0
2014-10-03,Karnataka,141.7,139.9,144.3,143.3,4,Friday,10,2014,0,550,Dussehra,1,27.3,18.0,0.1
2014-10-04,Karnataka,146.2,141.7,143.9,142.92857142857142,5,Saturday,10,2014,1,551,,0,28.2,18.4,12.9
2014-10-05,Karnataka,143.4,146.2,140.8,143.25714285714284,6,Sunday,10,2014,1,552,,0,28.0,18.7,4.9
2014-10-06,Karnataka,140.6,143.4,143.8,143.62857142857143,0,Monday,10,2014,0,553,Id-ul-Zuha (Bakrid),1,28.2,19.4,11.9
2014-10-07,Karnataka,143.5,140.6,147.6,143.17142857142855,1,Tuesday,10,2014,0,554,,0,27.0,19.4,11.6
2014-10-08,Karnataka,142.4,143.5,142.8,142.5857142857143,2,Wednesday,10,2014,0,555,,0,25.0,19.3,2.7
2014-10-09,Karnataka,142.9,142.4,139.9,142.5285714285714,3,Thursday,10,2014,0,556,,0,26.6,19.1,8.9
2014-10-10,Karnataka,145.7,142.9,141.7,142.95714285714286,4,Friday,10,2014,0,557,,0,27.6,19.5,8.2
2014-10-11,Karnataka,143.8,145.7,146.2,143.5285714285714,5,Saturday,10,2014,1,558,,0,26.7,20.3,7.9
2014-10-12,Karnataka,136.0,143.8,143.4,143.18571428571428,6,Sunday,10,2014,1,559,,0,27.0,20.6,0.6
2014-10-13,Karnataka,150.5,136.0,140.6,142.12857142857143,0,Monday,10,2014,0,560,,0,27.9,19.0,0.0
2014-10-14,Karnataka,157.5,150.5,143.5,143.54285714285714,1,Tuesday,10,2014,0,561,,0,28.1,18.4,0.0
2014-10-15,Karnataka,161.2,157.5,142.4,145.54285714285714,2,Wednesday,10,2014,0,562,,0,27.5,20.0,0.0
2014-10-16,Karnataka,164.5,161.2,142.9,148.22857142857143,3,Thursday,10,2014,0,563,,0,26.2,20.5,0.5
2014-10-17,Karnataka,162.2,164.5,145.7,151.3142857142857,4,Friday,10,2014,0,564,,0,27.0,19.4,1.4
2014-10-18,Karnataka,151.9,162.2,143.8,153.67142857142858,5,Saturday,10,2014,1,565,,0,23.7,19.4,3.5
2014-10-19,Karnataka,148.3,151.9,136.0,154.82857142857142,6,Sunday,10,2014,1,566,,0,23.1,19.3,9.8
2014-10-20,Karnataka,154.3,148.3,150.5,156.58571428571432,0,Monday,10,2014,0,567,,0,22.6,19.3,11.0
2014-10-21,Karnataka,156.4,154.3,157.5,157.12857142857143,1,Tuesday,10,2014,0,568,,0,24.8,19.3,0.6
2014-10-22,Karnataka,158.3,156.4,161.2,156.9714285714286,2,Wednesday,10,2014,0,569,,0,25.9,19.1,1.5
2014-10-23,Karnataka,151.6,158.3,164.5,156.55714285714288,3,Thursday,10,2014,0,570,Diwali (Deepavali),1,25.2,18.8,4.9
2014-10-24,Karnataka,147.6,151.6,162.2,154.71428571428572,4,Friday,10,2014,0,571,,0,25.4,18.8,7.9
2014-10-25,Karnataka,128.4,147.6,151.9,152.62857142857143,5,Saturday,10,2014,1,572,,0,25.8,19.6,15.8
2014-10-26,Karnataka,112.2,128.4,148.3,149.27142857142857,6,Sunday,10,2014,1,573,,0,25.4,19.0,5.0
2014-10-27,Karnataka,128.4,112.2,154.3,144.11428571428573,0,Monday,10,2014,0,574,,0,25.4,19.1,20.1
2014-10-28,Karnataka,132.6,128.4,156.4,140.4142857142857,1,Tuesday,10,2014,0,575,,0,25.3,19.5,3.2
2014-10-29,Karnataka,137.2,132.6,158.3,137.0142857142857,2,Wednesday,10,2014,0,576,,0,26.2,18.6,0.0
2014-10-30,Karnataka,142.0,137.2,151.6,133.99999999999997,3,Thursday,10,2014,0,577,,0,26.1,17.4,0.0
2014-10-31,Karnataka,149.2,142.0,147.6,132.62857142857143,4,Friday,10,2014,0,578,,0,25.5,15.6,0.0
2014-11-01,Karnataka,140.3,149.2,128.4,132.85714285714286,5,Saturday,11,2014,1,579,Karnataka Rajyotsava,1,25.0,17.4,1.3
2014-11-02,Karnataka,138.2,140.3,112.2,134.55714285714285,6,Sunday,11,2014,1,580,,0,23.6,18.6,0.5
2014-11-03,Karnataka,155.0,138.2,128.4,138.27142857142857,0,Monday,11,2014,0,581,,0,25.5,17.5,0.0
2014-11-04,Karnataka,161.0,155.0,132.6,142.07142857142858,1,Tuesday,11,2014,0,582,Muharram,1,25.8,16.6,0.0
2014-11-05,Karnataka,161.5,161.0,137.2,146.12857142857143,2,Wednesday,11,2014,0,583,,0,26.3,15.0,0.0
2014-11-06,Karnataka,166.9,161.5,142.0,149.6,3,Thursday,11,2014,0,584,Guru Nanak's Jayanti,1,26.6,14.2,0.0
2014-11-07,Karnataka,169.5,166.9,149.2,153.15714285714284,4,Friday,11,2014,0,585,,0,27.3,16.0,0.0
2014-11-08,Karnataka,168.1,169.5,140.3,156.05714285714288,5,Saturday,11,2014,1,586,,0,27.2,16.5,0.0
2014-11-09,Karnataka,162.2,168.1,138.2,160.02857142857144,6,Sunday,11,2014,1,587,,0,27.9,17.7,0.0
2014-11-10,Karnataka,166.4,162.2,155.0,163.45714285714286,0,Monday,11,2014,0,588,,0,27.9,18.5,0.0
2014-11-11,Karnataka,166.8,166.4,161.0,165.08571428571426,1,Tuesday,11,2014,0,589,,0,27.9,20.1,0.0
2014-11-12,Karnataka,166.4,166.8,161.5,165.91428571428574,2,Wednesday,11,2014,0,590,,0,26.1,18.9,5.3
2014-11-13,Karnataka,152.6,166.4,166.9,166.6142857142857,3,Thursday,11,2014,0,591,,0,21.2,19.2,22.2
2014-11-14,Karnataka,142.6,152.6,169.5,164.57142857142858,4,Friday,11,2014,0,592,,0,24.1,19.3,2.7
2014-11-15,Karnataka,139.0,142.6,168.1,160.72857142857143,5,Saturday,11,2014,1,593,,0,26.1,19.1,0.5
2014-11-16,Karnataka,131.5,139.0,162.2,156.57142857142858,6,Sunday,11,2014,1,594,,0,26.1,16.1,0.0
2014-11-17,Karnataka,147.0,131.5,166.4,152.18571428571428,0,Monday,11,2014,0,595,,0,26.3,16.5,0.0
2014-11-18,Karnataka,152.8,147.0,166.8,149.41428571428568,1,Tuesday,11,2014,0,596,,0,26.1,14.4,0.0
2014-11-19,Karnataka,156.5,152.8,166.4,147.41428571428574,2,Wednesday,11,2014,0,597,,0,26.4,16.5,0.0
2014-11-20,Karnataka,161.2,156.5,152.6,146.0,3,Thursday,11,2014,0,598,,0,26.5,14.4,0.0
2014-11-21,Karnataka,162.8,161.2,142.6,147.22857142857143,4,Friday,11,2014,0,599,,0,26.4,15.9,0.0
2014-11-22,Karnataka,163.0,162.8,139.0,150.1142857142857,5,Saturday,11,2014,1,600,,0,25.6,14.8,0.0
2014-11-23,Karnataka,155.4,163.0,131.5,153.54285714285714,6,Sunday,11,2014,1,601,,0,27.0,17.5,0.0
2014-11-24,Karnataka,164.1,155.4,147.0,156.95714285714286,0,Monday,11,2014,0,602,,0,26.9,15.8,0.0
2014-11-25,Karnataka,166.7,164.1,152.8,159.4,1,Tuesday,11,2014,0,603,,0,25.6,16.7,0.0
2014-11-26,Karnataka,168.9,166.7,156.5,161.3857142857143,2,Wednesday,11,2014,0,604,,0,25.8,15.1,0.0
2014-11-27,Karnataka,171.0,168.9,161.2,163.15714285714284,3,Thursday,11,2014,0,605,,0,26.9,14.0,0.0
2014-11-28,Karnataka,168.0,171.0,162.8,164.55714285714288,4,Friday,11,2014,0,606,,0,25.2,14.2,0.0
2014-11-29,Karnataka,166.8,168.0,163.0,165.29999999999998,5,Saturday,11,2014,1,607,,0,24.2,15.0,0.0
2014-11-30,Karnataka,158.8,166.8,155.4,165.84285714285716,6,Sunday,11,2014,1,608,,0,25.0,16.5,4.6
2014-12-01,Karnataka,164.4,158.8,164.1,166.32857142857142,0,Monday,12,2014,0,609,,0,25.8,17.5,0.0
2014-12-02,Karnataka,166.8,164.4,166.7,166.3714285714286,1,Tuesday,12,2014,0,610,,0,26.7,15.5,0.0
2014-12-03,Karnataka,168.8,166.8,168.9,166.3857142857143,2,Wednesday,12,2014,0,611,,0,26.8,13.0,0.0
2014-12-04,Karnataka,170.7,168.8,171.0,166.3714285714286,3,Thursday,12,2014,0,612,,0,27.1,12.2,0.0
2014-12-05,Karnataka,173.7,170.7,168.0,166.32857142857142,4,Friday,12,2014,0,613,,0,26.7,12.6,0.0
2014-12-06,Karnataka,171.5,173.7,166.8,167.14285714285714,5,Saturday,12,2014,1,614,,0,26.7,13.6,0.0
2014-12-07,Karnataka,166.1,171.5,158.8,167.81428571428572,6,Sunday,12,2014,1,615,,0,27.8,14.9,0.0
2014-12-08,Karnataka,177.3,166.1,164.4,168.85714285714286,0,Monday,12,2014,0,616,,0,27.4,18.0,0.1
2014-12-09,Karnataka,181.8,177.3,166.8,170.70000000000002,1,Tuesday,12,2014,0,617,,0,28.3,17.3,0.0
2014-12-10,Karnataka,180.5,181.8,168.8,172.84285714285716,2,Wednesday,12,2014,0,618,,0,26.4,18.9,0.5
2014-12-11,Karnataka,171.4,180.5,170.7,174.5142857142857,3,Thursday,12,2014,0,619,,0,26.6,19.4,0.6
2014-12-12,Karnataka,161.6,171.4,173.7,174.61428571428573,4,Friday,12,2014,0,620,,0,26.0,19.2,0.5
2014-12-13,Karnataka,151.8,161.6,171.5,172.8857142857143,5,Saturday,12,2014,1,621,,0,24.7,18.3,0.1
2014-12-14,Karnataka,,151.8,166.1,170.07142857142858,6,Sunday,12,2014,1,622,,0,25.1,18.7,6.8
2014-12-15,Karnataka,158.0,,177.3,,0,Monday,12,2014,0,623,,0,25.7,18.7,0.8
2014-12-16,Karnataka,162.5,158.0,181.8,,1,Tuesday,12,2014,0,624,,0,27.5,17.4,0.0
2014-12-17,Karnataka,162.2,162.5,180.5,,2,Wednesday,12,2014,0,625,,0,25.0,18.0,0.3
2014-12-18,Karnataka,163.4,162.2,171.4,,3,Thursday,12,2014,0,626,,0,24.2,17.1,0.0
2014-12-19,Karnataka,166.4,163.4,161.6,,4,Friday,12,2014,0,627,,0,23.8,18.0,0.1
2014-12-20,Karnataka,166.9,166.4,151.8,,5,Saturday,12,2014,1,628,,0,26.3,16.7,0.0
2014-12-21,Karnataka,158.1,166.9,,,6,Sunday,12,2014,1,629,,0,26.6,16.9,0.0
2014-12-22,Karnataka,168.0,158.1,158.0,162.5,0,Monday,12,2014,0,630,,0,26.4,16.1,0.0
2014-12-23,Karnataka,175.2,168.0,162.5,163.92857142857142,1,Tuesday,12,2014,0,631,,0,26.6,14.7,0.0
2014-12-24,Karnataka,175.1,175.2,162.2,165.74285714285716,2,Wednesday,12,2014,0,632,,0,26.9,17.4,0.0
2014-12-25,Karnataka,172.3,175.1,163.4,167.58571428571426,3,Thursday,12,2014,0,633,Christmas,1,26.4,14.9,0.0
2014-12-26,Karnataka,175.6,172.3,166.4,168.85714285714286,4,Friday,12,2014,0,634,,0,25.5,13.6,0.0
2014-12-27,Karnataka,173.4,175.6,166.9,170.17142857142855,5,Saturday,12,2014,1,635,,0,25.9,13.2,0.0
2014-12-28,Karnataka,164.0,173.4,158.1,171.1,6,Sunday,12,2014,1,636,,0,23.6,17.4,2.1
2014-12-29,Karnataka,173.6,164.0,168.0,171.94285714285712,0,Monday,12,2014,0,637,,0,24.5,16.4,4.5
2014-12-30,Karnataka,177.3,173.6,175.2,172.7428571428571,1,Tuesday,12,2014,0,638,,0,26.9,16.6,0.0
2014-12-31,Karnataka,178.9,177.3,175.1,173.04285714285717,2,Wednesday,12,2014,0,639,,0,27.5,15.7,0.0
2015-01-01,Karnataka,166.1,178.9,172.3,173.58571428571426,3,Thursday,1,2015,0,640,,0,26.5,18.5,4.8
2015-01-02,Karnataka,173.8,166.1,175.6,172.70000000000002,4,Friday,1,2015,0,641,,0,26.2,18.9,0.8
2015-01-03,Karnataka,175.0,173.8,173.4,172.44285714285715,5,Saturday,1,2015,1,642,,0,26.6,18.1,0.0
2015-01-04,Karnataka,167.4,175.0,164.0,172.67142857142858,6,Sunday,1,2015,1,643,Milad-un-Nabi,1,27.1,16.5,0.0
2015-01-05,Karnataka,176.1,167.4,173.6,173.15714285714287,0,Monday,1,2015,0,644,,0,26.8,17.7,0.0
2015-01-06,Karnataka,179.1,176.1,177.3,173.5142857142857,1,Tuesday,1,2015,0,645,,0,25.8,16.1,0.0
2015-01-07,Karnataka,179.6,179.1,178.9,173.77142857142854,2,Wednesday,1,2015,0,646,,0,26.2,17.2,0.0
2015-01-08,Karnataka,179.8,179.6,166.1,173.8714285714286,3,Thursday,1,2015,0,647,,0,26.3,16.8,0.0
2015-01-09,Karnataka,180.4,179.8,173.8,175.82857142857142,4,Friday,1,2015,0,648,,0,25.7,17.1,0.0
2015-01-10,Karnataka,180.8,180.4,175.0,176.77142857142857,5,Saturday,1,2015,1,649,,0,27.0,15.7,0.0
2015-01-11,Karnataka,168.0,180.8,167.4,177.6,6,Sunday,1,2015,1,650,,0,26.4,10.9,0.0
2015-01-12,Karnataka,174.6,168.0,176.1,177.68571428571428,0,Monday,1,2015,0,651,,0,26.2,12.2,0.0
2015-01-13,Karnataka,178.3,174.6,179.1,177.47142857142856,1,Tuesday,1,2015,0,652,,0,26.4,12.2,0.0
2015-01-14,Karnataka,179.8,178.3,179.6,177.35714285714286,2,Wednesday,1,2015,0,653,,0,26.5,12.2,0.0
2015-01-15,Karnataka,174.1,179.8,179.8,177.3857142857143,3,Thursday,1,2015,0,654,,0,26.7,13.0,0.0
2015-01-16,Karnataka,176.4,174.1,180.4,176.57142857142858,4,Friday,1,2015,0,655,,0,26.7,14.7,0.0
2015-01-17,Karnataka,179.5,176.4,180.8,176.0,5,Saturday,1,2015,1,656,,0,26.9,15.5,0.0
2015-01-18,Karnataka,174.0,179.5,168.0,175.81428571428572,6,Sunday,1,2015,1,657,,0,27.7,14.8,0.0
2015-01-19,Karnataka,179.4,174.0,174.6,176.67142857142858,0,Monday,1,2015,0,658,,0,28.1,14.5,0.0
2015-01-20,Karnataka,179.3,179.4,178.3,177.35714285714286,1,Tuesday,1,2015,0,659,,0,27.0,14.8,0.0
2015-01-21,Karnataka,180.5,179.3,179.8,177.5,2,Wednesday,1,2015,0,660,,0,26.8,14.4,0.0
2015-01-22,Karnataka,184.8,180.5,174.1,177.6,3,Thursday,1,2015,0,661,,0,27.6,14.3,0.0
2015-01-23,Karnataka,187.0,184.8,176.4,179.12857142857143,4,Friday,1,2015,0,662,,0,27.4,16.9,0.0
2015-01-24,Karnataka,181.9,187.0,179.5,180.64285714285714,5,Saturday,1,2015,1,663,,0,26.3,17.5,0.4
2015-01-25,Karnataka,170.0,181.9,174.0,180.9857142857143,6,Sunday,1,2015,1,664,,0,28.4,17.6,0.0
2015-01-26,Karnataka,172.0,170.0,179.4,180.41428571428574,0,Monday,1,2015,0,665,Republic Day,1,26.9,13.3,0.0
2015-01-27,Karnataka,181.0,172.0,179.3,179.35714285714286,1,Tuesday,1,2015,0,666,,0,27.2,13.6,0.0
2015-01-28,Karnataka,186.3,181.0,180.5,179.59999999999997,2,Wednesday,1,2015,0,667,,0,27.1,16.1,0.0
2015-01-29,Karnataka,189.8,186.3,184.8,180.42857142857142,3,Thursday,1,2015,0,668,,0,28.2,16.5,0.0
2015-01-30,Karnataka,189.4,189.8,187.0,181.14285714285714,4,Friday,1,2015,0,669,,0,28.5,17.5,0.0
2015-01-31,Karnataka,187.5,189.4,181.9,181.4857142857143,5,Saturday,1,2015,1,670,,0,28.4,15.8,0.0
2015-02-01,Karnataka,178.3,187.5,170.0,182.28571428571428,6,Sunday,2,2015,1,671,,0,27.8,14.9,0.0
2015-02-02,Karnataka,185.9,178.3,172.0,183.47142857142856,0,Monday,2,2015,0,672,,0,27.3,15.9,0.0
2015-02-03,Karnataka,188.4,185.9,181.0,185.45714285714288,1,Tuesday,2,2015,0,673,,0,27.3,13.6,0.0
2015-02-04,Karnataka,189.0,188.4,186.3,186.51428571428573,2,Wednesday,2,2015,0,674,,0,27.4,14.5,0.0
2015-02-05,Karnataka,190.6,189.0,189.8,186.9,3,Thursday,2,2015,0,675,,0,27.9,14.7,0.0
2015-02-06,Karnataka,191.0,190.6,189.4,187.0142857142857,4,Friday,2,2015,0,676,,0,28.5,13.9,0.0
2015-02-07,Karnataka,193.0,191.0,187.5,187.2428571428571,5,Saturday,2,2015,1,677,,0,28.7,15.6,0.0
2015-02-08,Karnataka,179.3,193.0,178.3,188.0285714285714,6,Sunday,2,2015,1,678,,0,29.2,15.2,0.0
2015-02-09,Karnataka,189.6,179.3,185.9,188.17142857142858,0,Monday,2,2015,0,679,,0,29.1,15.1,0.0
2015-02-10,Karnataka,189.7,189.6,188.4,188.70000000000002,1,Tuesday,2,2015,0,680,,0,27.7,14.1,0.0
2015-02-11,Karnataka,192.2,189.7,189.0,188.8857142857143,2,Wednesday,2,2015,0,681,,0,28.5,14.6,0.0
2015-02-12,Karnataka,190.8,192.2,190.6,189.34285714285716,3,Thursday,2,2015,0,682,,0,28.7,17.4,0.0
2015-02-13,Karnataka,197.5,190.8,191.0,189.3714285714286,4,Friday,2,2015,0,683,,0,29.4,16.6,0.0
2015-02-14,Karnataka,194.7,197.5,193.0,190.29999999999998,5,Saturday,2,2015,1,684,,0,30.8,16.7,0.0
2015-02-15,Karnataka,186.1,194.7,179.3,190.54285714285714,6,Sunday,2,2015,1,685,,0,30.7,16.4,0.0
2015-02-16,Karnataka,193.6,186.1,189.6,191.5142857142857,0,Monday,2,2015,0,686,,0,30.7,16.6,0.0
2015-02-17,Karnataka,199.1,193.6,189.7,192.08571428571426,1,Tuesday,2,2015,0,687,,0,30.8,15.6,0.0
2015-02-18,Karnataka,195.6,199.1,192.2,193.42857142857142,2,Wednesday,2,2015,0,688,,0,31.0,15.3,0.0
2015-02-19,Karnataka,192.9,195.6,190.8,193.91428571428568,3,Thursday,2,2015,0,689,,0,30.4,15.9,0.0
2015-02-20,Karnataka,199.8,192.9,197.5,194.21428571428572,4,Friday,2,2015,0,690,,0,29.9,15.7,0.0
2015-02-21,Karnataka,195.5,199.8,194.7,194.54285714285714,5,Saturday,2,2015,1,691,,0,29.5,15.5,0.0
2015-02-22,Karnataka,187.4,195.5,186.1,194.65714285714284,6,Sunday,2,2015,1,692,,0,29.7,15.2,0.0
2015-02-23,Karnataka,193.3,187.4,193.6,194.84285714285716,0,Monday,2,2015,0,693,,0,29.8,15.4,0.0
2015-02-24,Karnataka,194.7,193.3,199.1,194.8,1,Tuesday,2,2015,0,694,,0,30.2,13.9,0.0
2015-02-25,Karnataka,195.8,194.7,195.6,194.17142857142858,2,Wednesday,2,2015,0,695,,0,30.5,14.3,0.0
2015-02-26,Karnataka,200.8,195.8,192.9,194.20000000000002,3,Thursday,2,2015,0,696,,0,31.2,16.0,0.0
2015-02-27,Karnataka,200.1,200.8,199.8,195.32857142857142,4,Friday,2,2015,0,697,,0,31.2,19.3,0.0
2015-02-28,Karnataka,191.0,200.1,195.5,195.37142857142857,5,Saturday,2,2015,1,698,,0,30.0,19.7,0.6
2015-03-01,Karnataka,168.3,191.0,187.4,194.72857142857143,6,Sunday,3,2015,1,699,,0,29.5,19.7,1.6
2015-03-02,Karnataka,183.4,168.3,193.3,192.0,0,Monday,3,2015,0,700,,0,29.9,19.8,0.0
2015-03-03,Karnataka,186.3,183.4,194.7,190.58571428571426,1,Tuesday,3,2015,0,701,,0,29.6,20.1,0.3
2015-03-04,Karnataka,183.6,186.3,195.8,189.3857142857143,2,Wednesday,3,2015,0,702,,0,28.8,18.6,1.1
2015-03-05,Karnataka,189.8,183.6,200.8,187.64285714285714,3,Thursday,3,2015,0,703,,0,29.9,19.1,1.9
2015-03-06,Karnataka,183.1,189.8,200.1,186.07142857142858,4,Friday,3,2015,0,704,Holi,1,29.6,19.7,3.0
2015-03-07,Karnataka,176.7,183.1,191.0,183.64285714285717,5,Saturday,3,2015,1,705,,0,28.7,19.6,3.4
2015-03-08,Karnataka,163.6,176.7,168.3,181.59999999999997,6,Sunday,3,2015,1,706,,0,29.0,19.3,0.0
2015-03-09,Karnataka,168.8,163.6,183.4,180.92857142857142,0,Monday,3,2015,0,707,,0,29.7,17.7,0.0
2015-03-10,Karnataka,178.5,168.8,186.3,178.84285714285716,1,Tuesday,3,2015,0,708,,0,30.7,18.1,0.0
2015-03-11,Karnataka,184.2,178.5,183.6,177.72857142857143,2,Wednesday,3,2015,0,709,,0,30.2,13.9,0.0
2015-03-12,Karnataka,189.1,184.2,189.8,177.81428571428572,3,Thursday,3,2015,0,710,,0,30.0,16.6,0.0
2015-03-13,Karnataka,194.8,189.1,183.1,177.71428571428572,4,Friday,3,2015,0,711,,0,30.8,17.3,0.0
2015-03-14,Karnataka,192.4,194.8,176.7,179.38571428571427,5,Saturday,3,2015,1,712,,0,30.8,15.9,0.0
2015-03-15,Karnataka,181.2,192.4,163.6,181.62857142857143,6,Sunday,3,2015,1,713,,0,30.2,19.8,0.1
2015-03-16,Karnataka,194.0,181.2,168.8,184.14285714285714,0,Monday,3,2015,0,714,,0,31.3,21.2,0.0
2015-03-17,Karnataka,198.1,194.0,178.5,187.74285714285716,1,Tuesday,3,2015,0,715,,0,33.4,18.0,0.0
2015-03-18,Karnataka,201.0,198.1,184.2,190.54285714285714,2,Wednesday,3,2015,0,716,,0,33.8,17.2,0.0
2015-03-19,Karnataka,205.1,201.0,189.1,192.94285714285712,3,Thursday,3,2015,0,717,,0,33.8,17.7,0.0
2015-03-20,Karnataka,,205.1,194.8,195.22857142857143,4,Friday,3,2015,0,718,,0,33.8,17.5,0.0
2015-03-21,Karnataka,193.6,,192.4,,5,Saturday,3,2015,1,719,Ugadi,1,33.9,18.1,0.0
2015-03-22,Karnataka,186.7,193.6,181.2,,6,Sunday,3,2015,1,720,,0,34.8,18.1,0.0
2015-03-23,Karnataka,199.9,186.7,194.0,,0,Monday,3,2015,0,721,,0,34.0,19.5,0.0
2015-03-24,Karnataka,200.0,199.9,198.1,,1,Tuesday,3,2015,0,722,,0,35.0,20.8,0.0
2015-03-25,Karnataka,206.9,200.0,201.0,,2,Wednesday,3,2015,0,723,,0,33.7,19.9,0.0
2015-03-26,Karnataka,211.7,206.9,205.1,,3,Thursday,3,2015,0,724,,0,33.8,19.4,0.0
2015-03-27,Karnataka,207.7,211.7,,,4,Friday,3,2015,0,725,,0,33.2,18.0,0.0
2015-03-28,Karnataka,202.9,207.7,193.6,200.92857142857142,5,Saturday,3,2015,1,726,Ram Navami,1,33.2,17.7,0.0
2015-03-29,Karnataka,196.0,202.9,186.7,202.2571428571429,6,Sunday,3,2015,1,727,,0,33.6,18.9,0.0
2015-03-30,Karnataka,199.1,196.0,199.9,203.58571428571426,0,Monday,3,2015,0,728,,0,33.5,19.5,0.0
2015-03-31,Karnataka,196.4,199.1,200.0,203.47142857142856,1,Tuesday,3,2015,0,729,,0,32.0,20.2,0.0
2015-04-01,Karnataka,196.8,196.4,206.9,202.95714285714283,2,Wednesday,4,2015,0,730,,0,31.0,21.0,1.9
2015-04-02,Karnataka,199.0,196.8,211.7,201.51428571428573,3,Thursday,4,2015,0,731,Mahavir Jayanti,1,32.4,21.5,0.1
2015-04-03,Karnataka,197.4,199.0,207.7,199.70000000000002,4,Friday,4,2015,0,732,Good Friday,1,32.5,22.2,0.0
2015-04-04,Karnataka,199.8,197.4,202.9,198.22857142857143,5,Saturday,4,2015,1,733,,0,34.1,21.6,0.0
2015-04-05,Karnataka,190.4,199.8,196.0,197.78571428571428,6,Sunday,4,2015,1,734,,0,34.4,23.5,0.2
2015-04-06,Karnataka,,190.4,199.1,196.98571428571427,0,Monday,4,2015,0,735,,0,33.4,23.1,0.5
2015-04-07,Karnataka,198.9,,196.4,,1,Tuesday,4,2015,0,736,,0,33.8,22.4,0.1
2015-04-08,Karnataka,195.7,198.9,196.8,,2,Wednesday,4,2015,0,737,,0,33.4,22.3,0.0
2015-04-09,Karnataka,193.1,195.7,199.0,,3,Thursday,4,2015,0,738,,0,33.6,22.3,0.0
2015-04-10,Karnataka,197.9,193.1,197.4,,4,Friday,4,2015,0,739,,0,33.1,22.2,0.0
2015-04-11,Karnataka,180.4,197.9,199.8,,5,Saturday,4,2015,1,740,,0,32.8,21.9,0.1
2015-04-12,Karnataka,157.7,180.4,190.4,,6,Sunday,4,2015,1,741,,0,30.4,20.4,22.7
2015-04-13,Karnataka,158.1,157.7,,,0,Monday,4,2015,0,742,,0,26.6,19.4,16.1
2015-04-14,Karnataka,161.9,158.1,198.9,183.1142857142857,1,Tuesday,4,2015,0,743,Dr. B. R. Ambedkar's Jayanti,1,27.0,18.6,9.8
2015-04-15,Karnataka,166.7,161.9,195.7,177.82857142857145,2,Wednesday,4,2015,0,744,,0,26.2,18.2,1.0
2015-04-16,Karnataka,171.8,166.7,193.1,173.68571428571428,3,Thursday,4,2015,0,745,,0,27.8,19.2,1.5
2015-04-17,Karnataka,170.1,171.8,197.9,170.64285714285714,4,Friday,4,2015,0,746,,0,28.1,19.2,0.0
2015-04-18,Karnataka,163.1,170.1,180.4,166.67142857142858,5,Saturday,4,2015,1,747,,0,28.5,19.4,0.4
2015-04-19,Karnataka,170.9,163.1,157.7,164.2,6,Sunday,4,2015,1,748,,0,29.8,19.4,0.0
2015-04-20,Karnataka,185.1,170.9,158.1,166.08571428571426,0,Monday,4,2015,0,749,,0,30.2,19.9,0.0
2015-04-21,Karnataka,186.3,185.1,161.9,169.94285714285712,1,Tuesday,4,2015,0,750,,0,30.6,20.2,0.8
2015-04-22,Karnataka,181.0,186.3,166.7,173.42857142857142,2,Wednesday,4,2015,0,751,,0,31.4,20.9,2.2
2015-04-23,Karnataka,169.4,181.0,171.8,175.4714285714286,3,Thursday,4,2015,0,752,,0,29.5,21.5,4.8
2015-04-24,Karnataka,165.1,169.4,170.1,175.1285714285714,4,Friday,4,2015,0,753,,0,30.6,20.3,4.3
2015-04-25,Karnataka,163.6,165.1,163.1,174.41428571428574,5,Saturday,4,2015,1,754,,0,30.0,20.2,0.3
2015-04-26,Karnataka,158.1,163.6,170.9,174.4857142857143,6,Sunday,4,2015,1,755,,0,29.6,20.1,4.1
2015-04-27,Karnataka,174.8,158.1,185.1,172.65714285714284,0,Monday,4,2015,0,756,,0,29.7,19.7,0.0
2015-04-28,Karnataka,178.3,174.8,186.3,171.1857142857143,1,Tuesday,4,2015,0,757,,0,31.4,19.6,0.0
2015-04-29,Karnataka,176.2,178.3,181.0,170.04285714285714,2,Wednesday,4,2015,0,758,,0,31.3,19.9,0.4
2015-04-30,Karnataka,167.9,176.2,169.4,169.35714285714286,3,Thursday,4,2015,0,759,,0,32.2,20.8,7.8
2015-05-01,Karnataka,161.1,167.9,165.1,169.14285714285714,4,Friday,5,2015,0,760,,0,31.9,20.7,0.0
2015-05-02,Karnataka,,161.1,163.6,168.57142857142858,5,Saturday,5,2015,1,761,,0,32.3,21.5,2.8
2015-05-03,Karnataka,155.5,,158.1,,6,Sunday,5,2015,1,762,,0,31.1,21.3,6.7
2015-05-04,Karnataka,170.6,155.5,174.8,,0,Monday,5,2015,0,763,Buddha Purnima,1,30.8,20.4,1.8
2015-05-05,Karnataka,172.8,170.6,178.3,,1,Tuesday,5,2015,0,764,,0,30.8,20.0,0.0
2015-05-06,Karnataka,170.6,172.8,176.2,,2,Wednesday,5,2015,0,765,,0,30.1,21.2,3.8
2015-05-07,Karnataka,174.7,170.6,167.9,,3,Thursday,5,2015,0,766,,0,30.8,20.0,1.1
2015-05-08,Karnataka,179.3,174.7,161.1,,4,Friday,5,2015,0,767,,0,32.1,20.9,0.0
2015-05-09,Karnataka,172.1,179.3,,,5,Saturday,5,2015,1,768,,0,33.3,21.7,0.0
2015-05-10,Karnataka,164.1,172.1,155.5,170.79999999999998,6,Sunday,5,2015,1,769,,0,32.8,22.1,0.5
2015-05-11,Karnataka,174.6,164.1,170.6,172.02857142857144,0,Monday,5,2015,0,770,,0,32.1,22.0,1.1
2015-05-12,Karnataka,170.2,174.6,172.8,172.6,1,Tuesday,5,2015,0,771,,0,30.3,21.5,0.0
2015-05-13,Karnataka,164.6,170.2,170.6,172.22857142857143,2,Wednesday,5,2015,0,772,,0,29.7,20.7,2.0
2015-05-14,Karnataka,163.8,164.6,174.7,171.37142857142857,3,Thursday,5,2015,0,773,,0,28.6,21.3,6.2
2015-05-15,Karnataka,166.2,163.8,179.3,169.8142857142857,4,Friday,5,2015,0,774,,0,27.0,21.4,3.6
2015-05-16,Karnataka,150.5,166.2,172.1,167.94285714285712,5,Saturday,5,2015,1,775,,0,28.2,20.9,20.4
2015-05-17,Karnataka,137.4,150.5,164.1,164.85714285714286,6,Sunday,5,2015,1,776,,0,28.3,20.5,13.6
2015-05-18,Karnataka,145.4,137.4,174.6,161.04285714285714,0,Monday,5,2015,0,777,,0,29.4,20.1,15.9
2015-05-19,Karnataka,147.0,145.4,170.2,156.87142857142857,1,Tuesday,5,2015,0,778,,0,29.6,20.2,7.8
2015-05-20,Karnataka,155.0,147.0,164.6,153.55714285714288,2,Wednesday,5,2015,0,779,,0,31.4,21.3,0.5
2015-05-21,Karnataka,163.8,155.0,163.8,152.1857142857143,3,Thursday,5,2015,0,780,,0,31.0,21.5,0.8
2015-05-22,Karnataka,173.2,163.8,166.2,152.18571428571428,4,Friday,5,2015,0,781,,0,31.6,21.9,2.5
2015-05-23,Karnataka,172.1,173.2,150.5,153.18571428571428,5,Saturday,5,2015,1,782,,0,31.0,21.6,5.7
2015-05-24,Karnataka,164.4,172.1,137.4,156.27142857142854,6,Sunday,5,2015,1,783,,0,31.5,21.2,0.3
2015-05-25,Karnataka,181.5,164.4,145.4,160.12857142857143,0,Monday,5,2015,0,784,,0,31.4,21.1,0.0
2015-05-26,Karnataka,190.5,181.5,147.0,165.28571428571428,1,Tuesday,5,2015,0,785,,0,31.4,20.3,0.0
2015-05-27,Karnataka,185.0,190.5,155.0,171.5,2,Wednesday,5,2015,0,786,,0,30.9,21.2,0.8
2015-05-28,Karnataka,162.7,185.0,163.8,175.78571428571428,3,Thursday,5,2015,0,787,,0,29.7,21.5,0.0
2015-05-29,Karnataka,162.0,162.7,173.2,175.62857142857143,4,Friday,5,2015,0,788,,0,30.3,22.0,11.9
2015-05-30,Karnataka,141.8,162.0,172.1,174.02857142857144,5,Saturday,5,2015,1,789,,0,31.6,21.1,4.5
2015-05-31,Karnataka,136.5,141.8,164.4,169.70000000000002,6,Sunday,5,2015,1,790,,0,31.2,21.1,43.3
2015-06-01,Karnataka,133.9,136.5,181.5,165.71428571428572,0,Monday,6,2015,0,791,,0,29.4,21.1,17.6
2015-06-02,Karnataka,145.2,133.9,190.5,158.91428571428574,1,Tuesday,6,2015,0,792,,0,28.3,20.7,8.0
2015-06-03,Karnataka,150.5,145.2,185.0,152.44285714285712,2,Wednesday,6,2015,0,793,,0,28.9,20.7,5.4
2015-06-04,Karnataka,,150.5,162.7,147.5142857142857,3,Thursday,6,2015,0,794,,0,28.3,20.6,10.8
2015-06-05,Karnataka,,,162.0,,4,Friday,6,2015,0,795,,0,28.6,20.2,5.9
2015-06-06,Karnataka,,,141.8,,5,Saturday,6,2015,1,796,,0,29.1,20.4,0.0
2015-06-07,Karnataka,143.9,,136.5,,6,Sunday,6,2015,1,797,,0,29.4,21.1,0.9
2015-06-08,Karnataka,159.1,143.9,133.9,,0,Monday,6,2015,0,798,,0,28.2,20.5,2.2
2015-06-09,Karnataka,160.2,159.1,145.2,,1,Tuesday,6,2015,0,799,,0,28.1,20.1,0.6
2015-06-10,Karnataka,161.4,160.2,150.5,,2,Wednesday,6,2015,0,800,,0,29.2,21.2,0.0
2015-06-11,Karnataka,167.0,161.4,,,3,Thursday,6,2015,0,801,,0,29.0,20.7,8.2
2015-06-12,Karnataka,164.6,167.0,,,4,Friday,6,2015,0,802,,0,27.0,20.0,6.8
2015-06-13,Karnataka,159.4,164.6,,,5,Saturday,6,2015,1,803,,0,26.9,19.9,2.7
2015-06-14,Karnataka,145.4,159.4,143.9,159.37142857142857,6,Sunday,6,2015,1,804,,0,26.7,19.9,8.3
2015-06-15,Karnataka,153.1,145.4,159.1,159.58571428571426,0,Monday,6,2015,0,805,,0,26.2,19.3,0.4
2015-06-16,Karnataka,157.5,153.1,160.2,158.72857142857143,1,Tuesday,6,2015,0,806,,0,26.7,20.6,2.8
2015-06-17,Karnataka,156.6,157.5,161.4,158.34285714285716,2,Wednesday,6,2015,0,807,,0,26.0,20.3,1.4
2015-06-18,Karnataka,153.9,156.6,167.0,157.65714285714284,3,Thursday,6,2015,0,808,,0,24.2,20.2,5.0
2015-06-19,Karnataka,148.0,153.9,164.6,155.78571428571428,4,Friday,6,2015,0,809,,0,24.4,20.4,3.3
2015-06-20,Karnataka,138.5,148.0,159.4,153.41428571428574,5,Saturday,6,2015,1,810,,0,24.3,20.3,5.0
2015-06-21,Karnataka,124.6,138.5,145.4,150.42857142857142,6,Sunday,6,2015,1,811,,0,25.0,21.1,1.6
2015-06-22,Karnataka,138.0,124.6,153.1,147.45714285714286,0,Monday,6,2015,0,812,,0,26.0,21.0,0.5
2015-06-23,Karnataka,141.2,138.0,157.5,145.3,1,Tuesday,6,2015,0,813,,0,26.5,20.9,1.2
2015-06-24,Karnataka,144.4,141.2,156.6,142.97142857142856,2,Wednesday,6,2015,0,814,,0,26.7,20.7,0.4
2015-06-25,Karnataka,152.4,144.4,153.9,141.22857142857143,3,Thursday,6,2015,0,815,,0,26.9,21.0,0.3
2015-06-26,Karnataka,157.8,152.4,148.0,141.0142857142857,4,Friday,6,2015,0,816,,0,26.9,21.6,0.4
2015-06-27,Karnataka,154.3,157.8,138.5,142.4142857142857,5,Saturday,6,2015,1,817,,0,27.0,21.4,0.2
2015-06-28,Karnataka,151.6,154.3,124.6,144.67142857142858,6,Sunday,6,2015,1,818,,0,27.7,21.6,0.6
2015-06-29,Karnataka,165.8,151.6,138.0,148.52857142857144,0,Monday,6,2015,0,819,,0,28.5,20.0,2.0
2015-06-30,Karnataka,168.0,165.8,141.2,152.5,1,Tuesday,6,2015,0,820,,0,28.0,20.0,0.2
2015-07-01,Karnataka,170.1,168.0,144.4,156.32857142857142,2,Wednesday,7,2015,0,821,,0,28.1,20.0,0.1
2015-07-02,Karnataka,171.9,170.1,152.4,160.0,3,Thursday,7,2015,0,822,,0,28.0,19.7,0.3
2015-07-03,Karnataka,,171.9,157.8,162.78571428571428,4,Friday,7,2015,0,823,,0,28.0,19.8,3.5
2015-07-04,Karnataka,172.6,,154.3,,5,Saturday,7,2015,1,824,,0,28.5,20.7,0.1
2015-07-05,Karnataka,165.4,172.6,151.6,,6,Sunday,7,2015,1,825,,0,29.0,19.7,0.0
2015-07-06,Karnataka,177.1,165.4,165.8,,0,Monday,7,2015,0,826,,0,29.6,18.9,0.0
2015-07-07,Karnataka,181.7,177.1,168.0,,1,Tuesday,7,2015,0,827,,0,28.6,18.2,0.0
2015-07-08,Karnataka,180.9,181.7,170.1,,2,Wednesday,7,2015,0,828,,0,28.4,20.6,1.4
2015-07-09,Karnataka,179.6,180.9,171.9,,3,Thursday,7,2015,0,829,,0,28.0,21.1,2.5
2015-07-10,Karnataka,178.8,179.6,,,4,Friday,7,2015,0,830,,0,27.0,21.6,2.4
2015-07-11,Karnataka,175.2,178.8,172.6,176.58571428571426,5,Saturday,7,2015,1,831,,0,27.5,21.0,0.8
2015-07-12,Karnataka,,175.2,165.4,176.95714285714286,6,Sunday,7,2015,1,832,,0,28.4,20.9,0.3
2015-07-13,Karnataka,,,177.1,,0,Monday,7,2015,0,833,,0,28.8,20.2,0.3
2015-07-14,Karnataka,188.6,,181.7,,1,Tuesday,7,2015,0,834,,0,27.9,20.6,0.6
2015-07-15,Karnataka,187.3,188.6,180.9,,2,Wednesday,7,2015,0,835,,0,27.5,20.6,8.0
2015-07-16,Karnataka,186.7,187.3,179.6,,3,Thursday,7,2015,0,836,,0,26.7,21.0,0.4
2015-07-17,Karnataka,184.3,186.7,178.8,,4,Friday,7,2015,0,837,,0,28.3,20.1,2.1
2015-07-18,Karnataka,173.4,184.3,175.2,,5,Saturday,7,2015,1,838,Id-ul-Fitr,1,27.6,21.1,4.0
2015-07-19,Karnataka,151.4,173.4,,,6,Sunday,7,2015,1,839,,0,24.2,20.5,6.7
2015-07-20,Karnataka,161.5,151.4,,,0,Monday,7,2015,0,840,,0,27.6,19.3,3.0
2015-07-21,Karnataka,164.3,161.5,188.6,176.17142857142858,1,Tuesday,7,2015,0,841,,0,26.9,20.4,7.6
2015-07-22,Karnataka,169.8,164.3,187.3,172.70000000000002,2,Wednesday,7,2015,0,842,,0,25.9,20.0,17.1
2015-07-23,Karnataka,170.4,169.8,186.7,170.20000000000002,3,Thursday,7,2015,0,843,,0,25.9,20.2,2.1
2015-07-24,Karnataka,175.6,170.4,184.3,167.87142857142857,4,Friday,7,2015,0,844,,0,26.0,20.1,1.0
2015-07-25,Karnataka,172.7,175.6,173.4,166.62857142857143,5,Saturday,7,2015,1,845,,0,26.0,18.9,7.0
2015-07-26,Karnataka,159.9,172.7,151.4,166.52857142857144,6,Sunday,7,2015,1,846,,0,25.5,19.8,1.5
2015-07-27,Karnataka,173.3,159.9,161.5,167.74285714285716,0,Monday,7,2015,0,847,,0,25.7,19.6,9.6
2015-07-28,Karnataka,178.7,173.3,164.3,169.42857142857142,1,Tuesday,7,2015,0,848,,0,27.4,19.4,2.3
2015-07-29,Karnataka,181.9,178.7,169.8,171.4857142857143,2,Wednesday,7,2015,0,849,,0,27.5,18.4,0.0
2015-07-30,Karnataka,181.4,181.9,170.4,173.21428571428572,3,Thursday,7,2015,0,850,,0,27.0,18.6,0.0
2015-07-31,Karnataka,174.9,181.4,175.6,174.78571428571428,4,Friday,7,2015,0,851,,0,27.0,19.6,8.0
2015-08-01,Karnataka,167.8,174.9,172.7,174.6857142857143,5,Saturday,8,2015,1,852,,0,27.1,19.1,5.3
2015-08-02,Karnataka,160.9,167.8,159.9,173.9857142857143,6,Sunday,8,2015,1,853,,0,26.8,19.8,2.4
2015-08-03,Karnataka,175.0,160.9,173.3,174.1285714285714,0,Monday,8,2015,0,854,,0,26.8,19.2,2.3
2015-08-04,Karnataka,176.9,175.0,178.7,174.37142857142857,1,Tuesday,8,2015,0,855,,0,26.7,19.9,1.9
2015-08-05,Karnataka,173.5,176.9,181.9,174.1142857142857,2,Wednesday,8,2015,0,856,,0,26.9,20.1,1.7
2015-08-06,Karnataka,167.4,173.5,181.4,172.91428571428574,3,Thursday,8,2015,0,857,,0,26.6,20.6,0.7
2015-08-07,Karnataka,174.8,167.4,174.9,170.91428571428574,4,Friday,8,2015,0,858,,0,27.0,20.9,0.6
2015-08-08,Karnataka,174.3,174.8,167.8,170.9,5,Saturday,8,2015,1,859,,0,27.1,20.4,0.4
2015-08-09,Karnataka,166.6,174.3,160.9,171.82857142857145,6,Sunday,8,2015,1,860,,0,27.4,20.8,9.5
2015-08-10,Karnataka,171.0,166.6,175.0,172.64285714285714,0,Monday,8,2015,0,861,,0,27.1,20.4,8.9
2015-08-11,Karnataka,166.2,171.0,176.9,172.07142857142858,1,Tuesday,8,2015,0,862,,0,27.2,20.5,6.4
2015-08-12,Karnataka,161.7,166.2,173.5,170.54285714285714,2,Wednesday,8,2015,0,863,,0,24.6,20.0,4.7
2015-08-13,Karnataka,161.9,161.7,167.4,168.85714285714286,3,Thursday,8,2015,0,864,,0,26.2,20.5,0.6
2015-08-14,Karnataka,159.9,161.9,174.8,168.07142857142858,4,Friday,8,2015,0,865,,0,27.5,20.8,1.0
2015-08-15,Karnataka,159.8,159.9,174.3,165.94285714285712,5,Saturday,8,2015,1,866,Independence Day,1,27.8,19.9,0.3
2015-08-16,Karnataka,159.5,159.8,166.6,163.87142857142857,6,Sunday,8,2015,1,867,,0,27.6,20.2,8.2
2015-08-17,Karnataka,155.6,159.5,171.0,162.85714285714286,0,Monday,8,2015,0,868,,0,27.2,19.9,21.4
2015-08-18,Karnataka,154.5,155.6,166.2,160.65714285714284,1,Tuesday,8,2015,0,869,,0,28.0,19.6,4.3
2015-08-19,Karnataka,150.3,154.5,161.7,158.98571428571427,2,Wednesday,8,2015,0,870,,0,28.5,20.8,2.7
2015-08-20,Karnataka,152.3,150.3,161.9,157.35714285714286,3,Thursday,8,2015,0,871,,0,28.0,19.5,4.2
2015-08-21,Karnataka,152.1,152.3,159.9,155.9857142857143,4,Friday,8,2015,0,872,,0,27.2,20.2,12.6
2015-08-22,Karnataka,147.9,152.1,159.8,154.87142857142857,5,Saturday,8,2015,1,873,,0,23.9,20.1,13.9
2015-08-23,Karnataka,147.6,147.9,159.5,153.17142857142858,6,Sunday,8,2015,1,874,,0,26.5,19.4,4.2
2015-08-24,Karnataka,157.6,147.6,155.6,151.47142857142856,0,Monday,8,2015,0,875,,0,26.5,18.6,0.0
2015-08-25,Karnataka,161.8,157.6,154.5,151.75714285714284,1,Tuesday,8,2015,0,876,,0,26.7,18.1,0.0
2015-08-26,Karnataka,159.2,161.8,150.3,152.79999999999998,2,Wednesday,8,2015,0,877,,0,26.4,18.8,1.3
2015-08-27,Karnataka,155.1,159.2,152.3,154.07142857142858,3,Thursday,8,2015,0,878,,0,26.5,19.8,8.6
2015-08-28,Karnataka,161.9,155.1,152.1,154.47142857142856,4,Friday,8,2015,0,879,,0,27.0,18.6,0.0
2015-08-29,Karnataka,160.2,161.9,147.9,155.8714285714286,5,Saturday,8,2015,1,880,,0,26.7,18.0,0.0
2015-08-30,Karnataka,153.7,160.2,147.6,157.6285714285714,6,Sunday,8,2015,1,881,,0,27.0,18.7,0.0
2015-08-31,Karnataka,161.5,153.7,157.6,158.5,0,Monday,8,2015,0,882,,0,28.3,18.9,0.0
2015-09-01,Karnataka,163.1,161.5,161.8,159.05714285714288,1,Tuesday,9,2015,0,883,,0,28.2,18.9,0.0
2015-09-02,Karnataka,159.0,163.1,159.2,159.2428571428571,2,Wednesday,9,2015,0,884,,0,28.4,18.7,0.0
2015-09-03,Karnataka,157.9,159.0,155.1,159.21428571428572,3,Thursday,9,2015,0,885,,0,28.3,19.4,0.3
2015-09-04,Karnataka,,157.9,161.9,159.6142857142857,4,Friday,9,2015,0,886,,0,28.8,20.2,25.7
2015-09-05,Karnataka,,,160.2,,5,Saturday,9,2015,1,887,Janmashtami (Vaishnava),1,27.9,20.2,8.3
2015-09-06,Karnataka,137.3,,153.7,,6,Sunday,9,2015,1,888,,0,27.7,19.7,6.9
2015-09-07,Karnataka,132.9,137.3,161.5,,0,Monday,9,2015,0,889,,0,25.7,20.1,23.0
2015-09-08,Karnataka,132.9,132.9,163.1,,1,Tuesday,9,2015,0,890,,0,24.7,18.8,3.9
2015-09-09,Karnataka,128.0,132.9,159.0,,2,Wednesday,9,2015,0,891,,0,25.9,18.9,3.7
2015-09-10,Karnataka,130.6,128.0,157.9,,3,Thursday,9,2015,0,892,,0,25.8,18.8,0.3
2015-09-11,Karnataka,133.0,130.6,,,4,Friday,9,2015,0,893,,0,26.4,18.8,0.0
2015-09-12,Karnataka,140.6,133.0,,,5,Saturday,9,2015,1,894,,0,27.3,18.3,0.0
2015-09-13,Karnataka,141.4,140.6,137.3,133.61428571428573,6,Sunday,9,2015,1,895,,0,27.0,17.8,0.0
2015-09-14,Karnataka,151.9,141.4,132.9,134.2,0,Monday,9,2015,0,896,,0,26.0,19.3,0.5
2015-09-15,Karnataka,155.2,151.9,132.9,136.9142857142857,1,Tuesday,9,2015,0,897,,0,25.0,19.6,0.6
2015-09-16,Karnataka,159.0,155.2,128.0,140.1,2,Wednesday,9,2015,0,898,,0,25.8,20.3,2.6
2015-09-17,Karnataka,148.2,159.0,130.6,144.52857142857144,3,Thursday,9,2015,0,899,,0,27.3,19.8,0.0
2015-09-18,Karnataka,149.6,148.2,133.0,147.04285714285714,4,Friday,9,2015,0,900,,0,26.9,18.6,0.0
2015-09-19,Karnataka,154.0,149.6,140.6,149.41428571428574,5,Saturday,9,2015,1,901,,0,27.1,19.7,0.5
2015-09-20,Karnataka,146.7,154.0,141.4,151.32857142857142,6,Sunday,9,2015,1,902,,0,26.6,19.4,2.1
2015-09-21,Karnataka,154.0,146.7,151.9,152.08571428571426,0,Monday,9,2015,0,903,,0,27.0,18.4,0.0
2015-09-22,Karnataka,,154.0,155.2,152.3857142857143,1,Tuesday,9,2015,0,904,,0,28.4,17.4,0.0
2015-09-23,Karnataka,153.2,,159.0,,2,Wednesday,9,2015,0,905,,0,28.3,17.8,0.0
2015-09-24,Karnataka,153.4,153.2,148.2,,3,Thursday,9,2015,0,906,,0,28.9,20.4,13.3
2015-09-25,Karnataka,152.1,153.4,149.6,,4,Friday,9,2015,0,907,Id-ul-Zuha (Bakrid),1,28.2,19.0,15.6
2015-09-26,Karnataka,142.9,152.1,154.0,,5,Saturday,9,2015,1,908,,0,26.8,19.6,6.1
2015-09-27,Karnataka,140.0,142.9,146.7,,6,Sunday,9,2015,1,909,,0,27.7,19.1,14.2
2015-09-28,Karnataka,144.2,140.0,154.0,,0,Monday,9,2015,0,910,,0,27.2,19.7,3.1
2015-09-29,Karnataka,150.5,144.2,,,1,Tuesday,9,2015,0,911,,0,26.6,18.7,1.3
2015-09-30,Karnataka,147.7,150.5,153.2,148.04285714285714,2,Wednesday,9,2015,0,912,,0,26.3,19.9,4.9
2015-10-01,Karnataka,150.5,147.7,153.4,147.25714285714284,3,Thursday,10,2015,0,913,,0,26.5,19.2,3.9
2015-10-02,Karnataka,141.0,150.5,152.1,146.84285714285716,4,Friday,10,2015,0,914,Mahatma Gandhi's Jayanti,1,27.0,20.2,0.8
2015-10-03,Karnataka,144.2,141.0,142.9,145.25714285714284,5,Saturday,10,2015,1,915,,0,26.5,19.3,0.0
2015-10-04,Karnataka,130.1,144.2,140.0,145.44285714285715,6,Sunday,10,2015,1,916,,0,26.4,20.6,22.8
2015-10-05,Karnataka,129.3,130.1,144.2,144.02857142857144,0,Monday,10,2015,0,917,,0,25.8,19.6,12.4
2015-10-06,Karnataka,134.6,129.3,150.5,141.9,1,Tuesday,10,2015,0,918,,0,26.6,19.4,6.2
2015-10-07,Karnataka,134.4,134.6,147.7,139.62857142857143,2,Wednesday,10,2015,0,919,,0,27.2,20.0,0.0
2015-10-08,Karnataka,139.8,134.4,150.5,137.72857142857143,3,Thursday,10,2015,0,920,,0,26.7,19.1,0.6
2015-10-09,Karnataka,142.7,139.8,141.0,136.20000000000002,4,Friday,10,2015,0,921,,0,26.2,19.5,4.3
2015-10-10,Karnataka,143.1,142.7,144.2,136.44285714285715,5,Saturday,10,2015,1,922,,0,27.1,19.4,4.8
2015-10-11,Karnataka,136.7,143.1,130.1,136.28571428571428,6,Sunday,10,2015,1,923,,0,26.7,19.5,9.1
2015-10-12,Karnataka,140.1,136.7,129.3,137.22857142857143,0,Monday,10,2015,0,924,,0,27.6,19.8,1.9
2015-10-13,Karnataka,146.5,140.1,134.6,138.77142857142857,1,Tuesday,10,2015,0,925,,0,28.1,18.3,0.0
2015-10-14,Karnataka,152.0,146.5,134.4,140.47142857142856,2,Wednesday,10,2015,0,926,,0,27.9,16.3,0.0
2015-10-15,Karnataka,149.8,152.0,139.8,142.9857142857143,3,Thursday,10,2015,0,927,,0,28.3,16.0,0.0
2015-10-16,Karnataka,149.2,149.8,142.7,144.41428571428568,4,Friday,10,2015,0,928,,0,28.2,17.7,0.0
2015-10-17,Karnataka,149.5,149.2,143.1,145.34285714285713,5,Saturday,10,2015,1,929,,0,28.1,17.7,0.0
2015-10-18,Karnataka,144.6,149.5,136.7,146.25714285714284,6,Sunday,10,2015,1,930,,0,27.9,18.6,0.0
2015-10-19,Karnataka,155.7,144.6,140.1,147.3857142857143,0,Monday,10,2015,0,931,,0,28.9,19.0,0.0
2015-10-20,Karnataka,162.4,155.7,146.5,149.6142857142857,1,Tuesday,10,2015,0,932,,0,28.4,19.9,0.0
2015-10-21,Karnataka,167.1,162.4,152.0,151.8857142857143,2,Wednesday,10,2015,0,933,,0,28.7,18.5,0.0
2015-10-22,Karnataka,163.6,167.1,149.8,154.04285714285714,3,Thursday,10,2015,0,934,Dussehra,1,29.0,17.0,0.0
2015-10-23,Karnataka,159.4,163.6,149.2,156.0142857142857,4,Friday,10,2015,0,935,,0,28.5,16.1,0.0
2015-10-24,Karnataka,162.4,159.4,149.5,157.47142857142856,5,Saturday,10,2015,1,936,Muharram,1,28.6,17.6,0.0
2015-10-25,Karnataka,163.3,162.4,144.6,159.31428571428572,6,Sunday,10,2015,1,937,,0,28.1,15.0,0.0
2015-10-26,Karnataka,167.4,163.3,155.7,161.9857142857143,0,Monday,10,2015,0,938,,0,26.9,17.9,0.0
2015-10-27,Karnataka,171.9,167.4,162.4,163.65714285714287,1,Tuesday,10,2015,0,939,,0,27.4,17.8,0.0
2015-10-28,Karnataka,166.2,171.9,167.1,165.0142857142857,2,Wednesday,10,2015,0,940,,0,27.9,18.8,0.1
2015-10-29,Karnataka,,166.2,163.6,164.8857142857143,3,Thursday,10,2015,0,941,,0,28.3,19.8,0.0
2015-10-30,Karnataka,165.8,,159.4,,4,Friday,10,2015,0,942,,0,28.6,19.1,0.0
2015-10-31,Karnataka,165.5,165.8,162.4,,5,Saturday,10,2015,1,943,,0,27.6,19.5,0.6
2015-11-01,Karnataka,164.6,165.5,163.3,,6,Sunday,11,2015,1,944,Karnataka Rajyotsava,1,26.0,19.9,18.0
2015-11-02,Karnataka,165.2,164.6,167.4,,0,Monday,11,2015,0,945,,0,24.9,19.9,9.7
2015-11-03,Karnataka,155.6,165.2,171.9,,1,Tuesday,11,2015,0,946,,0,26.4,19.6,16.3
2015-11-04,Karnataka,153.8,155.6,166.2,,2,Wednesday,11,2015,0,947,,0,26.2,19.4,22.6
2015-11-05,Karnataka,157.5,153.8,,,3,Thursday,11,2015,0,948,,0,26.3,18.2,0.0
2015-11-06,Karnataka,159.8,157.5,165.8,161.14285714285714,4,Friday,11,2015,0,949,,0,27.0,17.2,0.0
2015-11-07,Karnataka,159.5,159.8,165.5,160.28571428571428,5,Saturday,11,2015,1,950,,0,26.8,19.0,0.0
2015-11-08,Karnataka,155.9,159.5,164.6,159.42857142857142,6,Sunday,11,2015,1,951,,0,26.3,18.5,0.0
2015-11-09,Karnataka,163.0,155.9,165.2,158.18571428571428,0,Monday,11,2015,0,952,,0,20.9,18.0,32.0
2015-11-10,Karnataka,154.5,163.0,155.6,157.87142857142857,1,Tuesday,11,2015,0,953,,0,20.8,17.0,9.9
2015-11-11,Karnataka,152.7,154.5,153.8,157.71428571428572,2,Wednesday,11,2015,0,954,Diwali (Deepavali),1,22.8,18.7,4.7
2015-11-12,Karnataka,147.8,152.7,157.5,157.55714285714288,3,Thursday,11,2015,0,955,,0,26.0,19.5,5.9
2015-11-13,Karnataka,151.6,147.8,159.8,156.17142857142858,4,Friday,11,2015,0,956,,0,24.8,18.5,5.3
2015-11-14,Karnataka,154.9,151.6,159.5,155.0,5,Saturday,11,2015,1,957,,0,24.3,17.1,0.0
2015-11-15,Karnataka,153.1,154.9,155.9,154.34285714285716,6,Sunday,11,2015,1,958,,0,22.0,16.7,24.4
2015-11-16,Karnataka,154.8,153.1,163.0,153.94285714285712,0,Monday,11,2015,0,959,,0,18.3,16.5,126.6
2015-11-17,Karnataka,157.4,154.8,154.5,152.77142857142857,1,Tuesday,11,2015,0,960,,0,20.1,17.1,17.6
2015-11-18,Karnataka,162.0,157.4,152.7,153.18571428571428,2,Wednesday,11,2015,0,961,,0,22.4,18.0,1.1
2015-11-19,Karnataka,158.4,162.0,147.8,154.51428571428573,3,Thursday,11,2015,0,962,,0,23.6,18.9,13.8
2015-11-20,Karnataka,155.6,158.4,151.6,156.02857142857144,4,Friday,11,2015,0,963,,0,24.8,19.3,4.3
2015-11-21,Karnataka,153.1,155.6,154.9,156.6,5,Saturday,11,2015,1,964,,0,25.2,19.1,2.3
2015-11-22,Karnataka,145.6,153.1,153.1,156.34285714285716,6,Sunday,11,2015,1,965,,0,24.1,19.8,4.1
2015-11-23,Karnataka,150.6,145.6,154.8,155.27142857142857,0,Monday,11,2015,0,966,,0,23.8,19.4,14.5
2015-11-24,Karnataka,152.6,150.6,157.4,154.67142857142858,1,Tuesday,11,2015,0,967,,0,25.5,18.5,3.7
2015-11-25,Karnataka,154.8,152.6,162.0,153.9857142857143,2,Wednesday,11,2015,0,968,Guru Nanak's Jayanti,1,25.4,16.7,0.0
2015-11-26,Karnataka,157.8,154.8,158.4,152.95714285714286,3,Thursday,11,2015,0,969,,0,25.7,14.9,0.0
2015-11-27,Karnataka,155.8,157.8,155.6,152.87142857142857,4,Friday,11,2015,0,970,,0,26.6,17.2,0.0
2015-11-28,Karnataka,158.1,155.8,153.1,152.9,5,Saturday,11,2015,1,971,,0,25.9,14.7,0.0
2015-11-29,Karnataka,154.4,158.1,145.6,153.6142857142857,6,Sunday,11,2015,1,972,,0,23.7,17.5,4.0
2015-11-30,Karnataka,152.8,154.4,150.6,154.87142857142857,0,Monday,11,2015,0,973,,0,24.6,19.0,14.5
2015-12-01,Karnataka,152.0,152.8,152.6,155.1857142857143,1,Tuesday,12,2015,0,974,,0,23.2,19.4,4.8
2015-12-02,Karnataka,154.0,152.0,154.8,155.1,2,Wednesday,12,2015,0,975,,0,21.2,18.8,19.1
2015-12-03,Karnataka,156.7,154.0,157.8,154.9857142857143,3,Thursday,12,2015,0,976,,0,23.1,18.4,9.9
2015-12-04,Karnataka,158.7,156.7,155.8,154.82857142857142,4,Friday,12,2015,0,977,,0,25.3,16.8,0.0
2015-12-05,Karnataka,162.0,158.7,158.1,155.24285714285716,5,Saturday,12,2015,1,978,,0,24.7,17.0,0.0
2015-12-06,Karnataka,155.7,162.0,154.4,155.8,6,Sunday,12,2015,1,979,,0,23.8,17.0,0.0
2015-12-07,Karnataka,161.1,155.7,152.8,155.98571428571427,0,Monday,12,2015,0,980,,0,25.1,16.7,0.0
2015-12-08,Karnataka,163.9,161.1,152.0,157.17142857142858,1,Tuesday,12,2015,0,981,,0,24.2,16.0,0.0
2015-12-09,Karnataka,165.0,163.9,154.0,158.87142857142857,2,Wednesday,12,2015,0,982,,0,24.7,16.4,0.0
2015-12-10,Karnataka,167.3,165.0,156.7,160.44285714285712,3,Thursday,12,2015,0,983,,0,25.4,19.5,1.2
2015-12-11,Karnataka,165.2,167.3,158.7,161.95714285714286,4,Friday,12,2015,0,984,,0,25.2,19.0,0.0
2015-12-12,Karnataka,159.6,165.2,162.0,162.8857142857143,5,Saturday,12,2015,1,985,,0,24.9,17.5,0.3
2015-12-13,Karnataka,165.5,159.6,155.7,162.54285714285714,6,Sunday,12,2015,1,986,,0,26.6,16.7,0.0
2015-12-14,Karnataka,171.4,165.5,161.1,163.94285714285712,0,Monday,12,2015,0,987,,0,26.8,17.7,3.7
2015-12-15,Karnataka,170.1,171.4,163.9,165.41428571428574,1,Tuesday,12,2015,0,988,,0,26.7,18.6,0.0
2015-12-16,Karnataka,168.3,170.1,165.0,166.29999999999998,2,Wednesday,12,2015,0,989,,0,26.8,16.9,0.0
2015-12-17,Karnataka,169.1,168.3,167.3,166.77142857142857,3,Thursday,12,2015,0,990,,0,25.6,15.2,0.0
2015-12-18,Karnataka,171.8,169.1,165.2,167.02857142857144,4,Friday,12,2015,0,991,,0,26.3,14.6,0.0
2015-12-19,Karnataka,171.8,171.8,159.6,167.97142857142856,5,Saturday,12,2015,1,992,,0,25.9,18.1,0.0
2015-12-20,Karnataka,166.7,171.8,165.5,169.71428571428572,6,Sunday,12,2015,1,993,,0,25.9,17.4,0.0
2015-12-21,Karnataka,173.9,166.7,171.4,169.8857142857143,0,Monday,12,2015,0,994,,0,26.3,16.8,0.0
2015-12-22,Karnataka,173.4,173.9,170.1,170.24285714285716,1,Tuesday,12,2015,0,995,,0,26.8,14.5,0.0
2015-12-23,Karnataka,171.0,173.4,168.3,170.71428571428572,2,Wednesday,12,2015,0,996,,0,25.6,15.6,0.0
2015-12-24,Karnataka,172.1,171.0,169.1,171.09999999999997,3,Thursday,12,2015,0,997,Milad-un-Nabi,1,26.4,13.5,0.0
2015-12-25,Karnataka,170.4,172.1,171.8,171.52857142857144,4,Friday,12,2015,0,998,Christmas,1,25.7,15.7,0.0
2015-12-26,Karnataka,171.7,170.4,171.8,171.32857142857142,5,Saturday,12,2015,1,999,,0,25.4,16.4,0.0
2015-12-27,Karnataka,174.1,171.7,166.7,171.31428571428572,6,Sunday,12,2015,1,1000,,0,25.7,16.0,0.0
2015-12-28,Karnataka,175.3,174.1,173.9,172.37142857142857,0,Monday,12,2015,0,1001,,0,25.8,15.7,0.0
2015-12-29,Karnataka,175.0,175.3,173.4,172.57142857142858,1,Tuesday,12,2015,0,1002,,0,26.6,13.6,0.0
2015-12-30,Karnataka,177.7,175.0,171.0,172.8,2,Wednesday,12,2015,0,1003,,0,26.8,12.6,0.0
2015-12-31,Karnataka,181.2,177.7,172.1,173.7571428571429,3,Thursday,12,2015,0,1004,,0,26.6,13.0,0.0
2016-01-01,Karnataka,174.7,181.2,170.4,175.05714285714285,4,Friday,1,2016,0,1005,,0,25.6,13.6,0.0
2016-01-02,Karnataka,179.7,174.7,171.7,175.67142857142858,5,Saturday,1,2016,1,1006,,0,26.1,12.9,0.0
2016-01-03,Karnataka,173.6,179.7,174.1,176.81428571428572,6,Sunday,1,2016,1,1007,,0,26.5,11.9,0.0
2016-01-04,Karnataka,182.4,173.6,175.3,176.7428571428571,0,Monday,1,2016,0,1008,,0,26.3,11.8,0.0
2016-01-05,Karnataka,182.5,182.4,175.0,177.75714285714284,1,Tuesday,1,2016,0,1009,,0,25.8,12.3,0.0
2016-01-06,Karnataka,184.9,182.5,177.7,178.82857142857142,2,Wednesday,1,2016,0,1010,,0,26.3,13.3,0.0
2016-01-07,Karnataka,185.1,184.9,181.2,179.85714285714283,3,Thursday,1,2016,0,1011,,0,26.1,14.7,0.0
2016-01-08,Karnataka,183.0,185.1,174.7,180.41428571428574,4,Friday,1,2016,0,1012,,0,26.2,14.5,0.0
2016-01-09,Karnataka,184.4,183.0,179.7,181.6,5,Saturday,1,2016,1,1013,,0,26.3,13.7,0.0
2016-01-10,Karnataka,176.8,184.4,173.6,182.27142857142854,6,Sunday,1,2016,1,1014,,0,26.2,13.1,0.0
2016-01-11,Karnataka,183.5,176.8,182.4,182.72857142857146,0,Monday,1,2016,0,1015,,0,25.9,12.9,0.0
2016-01-12,Karnataka,182.5,183.5,182.5,182.8857142857143,1,Tuesday,1,2016,0,1016,,0,26.6,13.2,0.0
2016-01-13,Karnataka,186.6,182.5,184.9,182.8857142857143,2,Wednesday,1,2016,0,1017,,0,26.0,13.7,0.0
2016-01-14,Karnataka,186.0,186.6,185.1,183.12857142857143,3,Thursday,1,2016,0,1018,,0,26.7,13.8,0.0
2016-01-15,Karnataka,180.4,186.0,183.0,183.25714285714284,4,Friday,1,2016,0,1019,,0,26.1,13.7,0.0
2016-01-16,Karnataka,183.3,180.4,184.4,182.8857142857143,5,Saturday,1,2016,1,1020,,0,26.1,13.8,0.0
2016-01-17,Karnataka,182.3,183.3,176.8,182.72857142857146,6,Sunday,1,2016,1,1021,,0,26.0,14.5,0.0
2016-01-18,Karnataka,187.6,182.3,183.5,183.5142857142857,0,Monday,1,2016,0,1022,,0,25.9,15.0,0.0
2016-01-19,Karnataka,181.8,187.6,182.5,184.09999999999997,1,Tuesday,1,2016,0,1023,,0,24.5,17.1,0.0
2016-01-20,Karnataka,175.4,181.8,186.6,184.0,2,Wednesday,1,2016,0,1024,,0,23.5,18.8,0.6
2016-01-21,Karnataka,177.0,175.4,186.0,182.4,3,Thursday,1,2016,0,1025,,0,25.4,18.3,1.2
2016-01-22,Karnataka,180.2,177.0,180.4,181.1142857142857,4,Friday,1,2016,0,1026,,0,26.0,18.5,0.6
2016-01-23,Karnataka,179.8,180.2,183.3,181.08571428571426,5,Saturday,1,2016,1,1027,,0,25.2,18.2,0.1
2016-01-24,Karnataka,177.3,179.8,182.3,180.58571428571426,6,Sunday,1,2016,1,1028,,0,25.3,18.2,0.0
2016-01-25,Karnataka,187.2,177.3,187.6,179.8714285714286,0,Monday,1,2016,0,1029,,0,27.3,18.7,0.0
2016-01-26,Karnataka,178.4,187.2,181.8,179.8142857142857,1,Tuesday,1,2016,0,1030,Republic Day,1,27.5,17.9,0.0
2016-01-27,Karnataka,189.6,178.4,175.4,179.32857142857142,2,Wednesday,1,2016,0,1031,,0,28.4,17.4,0.0
2016-01-28,Karnataka,191.2,189.6,177.0,181.35714285714286,3,Thursday,1,2016,0,1032,,0,29.2,16.5,0.0
2016-01-29,Karnataka,194.0,191.2,180.2,183.3857142857143,4,Friday,1,2016,0,1033,,0,28.8,15.8,0.0
2016-01-30,Karnataka,193.0,194.0,179.8,185.35714285714286,5,Saturday,1,2016,1,1034,,0,28.2,14.6,0.0
2016-01-31,Karnataka,184.2,193.0,177.3,187.24285714285716,6,Sunday,1,2016,1,1035,,0,29.0,14.5,0.0
2016-02-01,Karnataka,191.8,184.2,187.2,188.22857142857143,0,Monday,2,2016,0,1036,,0,29.6,12.7,0.0
2016-02-02,Karnataka,194.3,191.8,178.4,188.8857142857143,1,Tuesday,2,2016,0,1037,,0,30.1,12.4,0.0
2016-02-03,Karnataka,193.6,194.3,189.6,191.15714285714284,2,Wednesday,2,2016,0,1038,,0,29.7,12.9,0.0
2016-02-04,Karnataka,196.2,193.6,191.2,191.72857142857146,3,Thursday,2,2016,0,1039,,0,29.3,15.3,0.0
2016-02-05,Karnataka,194.5,196.2,194.0,192.44285714285712,4,Friday,2,2016,0,1040,,0,27.9,14.6,0.0
2016-02-06,Karnataka,192.1,194.5,193.0,192.5142857142857,5,Saturday,2,2016,1,1041,,0,28.5,15.4,0.0
2016-02-07,Karnataka,188.7,192.1,184.2,192.3857142857143,6,Sunday,2,2016,1,1042,,0,29.5,16.3,0.0
2016-02-08,Karnataka,197.0,188.7,191.8,193.02857142857144,0,Monday,2,2016,0,1043,,0,29.9,18.1,0.0
2016-02-09,Karnataka,200.0,197.0,194.3,193.77142857142857,1,Tuesday,2,2016,0,1044,,0,29.9,17.4,0.0
2016-02-10,Karnataka,190.6,200.0,193.6,194.58571428571432,2,Wednesday,2,2016,0,1045,,0,29.8,16.7,0.0
2016-02-11,Karnataka,199.6,190.6,196.2,194.15714285714284,3,Thursday,2,2016,0,1046,,0,30.1,19.1,0.0
2016-02-12,Karnataka,201.8,199.6,194.5,194.64285714285714,4,Friday,2,2016,0,1047,,0,29.8,19.0,0.0
2016-02-13,Karnataka,198.3,201.8,192.1,195.6857142857143,5,Saturday,2,2016,1,1048,,0,29.4,18.1,0.0
2016-02-14,Karnataka,183.6,198.3,188.7,196.57142857142858,6,Sunday,2,2016,1,1049,,0,29.8,17.6,0.0
2016-02-15,Karnataka,195.0,183.6,197.0,195.84285714285713,0,Monday,2,2016,0,1050,,0,28.8,15.3,0.0
2016-02-16,Karnataka,197.7,195.0,200.0,195.55714285714285,1,Tuesday,2,2016,0,1051,,0,29.7,18.1,0.0
2016-02-17,Karnataka,197.2,197.7,190.6,195.22857142857143,2,Wednesday,2,2016,0,1052,,0,28.7,16.1,0.0
2016-02-18,Karnataka,194.0,197.2,199.6,196.17142857142858,3,Thursday,2,2016,0,1053,,0,28.7,17.9,0.0
2016-02-19,Karnataka,197.0,194.0,201.8,195.3714285714286,4,Friday,2,2016,0,1054,,0,29.9,16.8,0.0
2016-02-20,Karnataka,199.7,197.0,198.3,194.68571428571428,5,Saturday,2,2016,1,1055,,0,31.5,17.1,0.0
2016-02-21,Karnataka,194.8,199.7,183.6,194.88571428571427,6,Sunday,2,2016,1,1056,,0,32.4,18.3,0.0
2016-02-22,Karnataka,204.3,194.8,195.0,196.4857142857143,0,Monday,2,2016,0,1057,,0,33.2,18.9,0.0
2016-02-23,Karnataka,201.3,204.3,197.7,197.81428571428572,1,Tuesday,2,2016,0,1058,,0,32.8,17.2,0.0
2016-02-24,Karnataka,204.1,201.3,197.2,198.32857142857142,2,Wednesday,2,2016,0,1059,,0,31.5,16.9,0.0
2016-02-25,Karnataka,206.1,204.1,194.0,199.31428571428572,3,Thursday,2,2016,0,1060,,0,31.7,18.5,0.0
2016-02-26,Karnataka,207.0,206.1,197.0,201.04285714285714,4,Friday,2,2016,0,1061,,0,30.7,19.9,0.0
2016-02-27,Karnataka,202.6,207.0,199.7,202.47142857142856,5,Saturday,2,2016,1,1062,,0,30.5,18.3,0.0
2016-02-28,Karnataka,193.0,202.6,194.8,202.88571428571427,6,Sunday,2,2016,1,1063,,0,30.5,19.3,0.0
2016-02-29,Karnataka,,193.0,204.3,202.6285714285714,0,Monday,2,2016,0,1064,,0,29.3,19.1,0.0
2016-03-01,Karnataka,205.8,,201.3,,1,Tuesday,3,2016,0,1065,,0,30.3,18.2,0.0
2016-03-02,Karnataka,203.9,205.8,204.1,,2,Wednesday,3,2016,0,1066,,0,30.5,17.9,0.0
2016-03-03,Karnataka,201.2,203.9,206.1,,3,Thursday,3,2016,0,1067,,0,31.6,17.4,0.0
2016-03-04,Karnataka,207.6,201.2,207.0,,4,Friday,3,2016,0,1068,,0,32.0,16.2,0.0
2016-03-05,Karnataka,202.6,207.6,202.6,,5,Saturday,3,2016,1,1069,,0,31.9,17.7,0.0
2016-03-06,Karnataka,195.3,202.6,193.0,,6,Sunday,3,2016,1,1070,,0,32.0,17.3,0.0
2016-03-07,Karnataka,,195.3,,,0,Monday,3,2016,0,1071,,0,31.8,18.0,0.0
2016-03-08,Karnataka,209.4,,205.8,,1,Tuesday,3,2016,0,1072,,0,32.4,17.0,0.0
2016-03-09,Karnataka,210.4,209.4,203.9,,2,Wednesday,3,2016,0,1073,,0,32.8,17.2,0.0
2016-03-10,Karnataka,210.1,210.4,201.2,,3,Thursday,3,2016,0,1074,,0,32.7,19.3,0.0
2016-03-11,Karnataka,208.4,210.1,207.6,,4,Friday,3,2016,0,1075,,0,33.5,18.5,0.0
2016-03-12,Karnataka,207.8,208.4,202.6,,5,Saturday,3,2016,1,1076,,0,33.4,19.0,0.0
2016-03-13,Karnataka,192.6,207.8,195.3,,6,Sunday,3,2016,1,1077,,0,33.1,21.1,0.1
2016-03-14,Karnataka,205.5,192.6,,,0,Monday,3,2016,0,1078,,0,31.7,22.0,0.0
2016-03-15,Karnataka,199.3,205.5,209.4,206.3142857142857,1,Tuesday,3,2016,0,1079,,0,31.0,21.9,1.0
2016-03-16,Karnataka,200.9,199.3,210.4,204.8714285714286,2,Wednesday,3,2016,0,1080,,0,32.2,20.5,0.0
2016-03-17,Karnataka,198.7,200.9,210.1,203.5142857142857,3,Thursday,3,2016,0,1081,,0,31.6,21.1,0.0
2016-03-18,Karnataka,194.3,198.7,208.4,201.8857142857143,4,Friday,3,2016,0,1082,,0,34.0,21.9,0.0
2016-03-19,Karnataka,197.7,194.3,207.8,199.87142857142857,5,Saturday,3,2016,1,1083,,0,34.1,21.4,0.0
2016-03-20,Karnataka,195.1,197.7,192.6,198.42857142857142,6,Sunday,3,2016,1,1084,,0,35.0,20.9,0.0
2016-03-21,Karnataka,206.0,195.1,205.5,198.78571428571428,0,Monday,3,2016,0,1085,,0,34.9,22.4,0.0
2016-03-22,Karnataka,209.8,206.0,199.3,198.85714285714286,1,Tuesday,3,2016,0,1086,,0,34.1,23.0,0.0
2016-03-23,Karnataka,,209.8,200.9,200.35714285714286,2,Wednesday,3,2016,0,1087,,0,32.8,22.0,0.0
2016-03-24,Karnataka,209.5,,198.7,,3,Thursday,3,2016,0,1088,Holi,1,33.9,21.9,0.0
2016-03-25,Karnataka,,209.5,194.3,,4,Friday,3,2016,0,1089,Good Friday,1,34.2,20.5,0.0
2016-03-26,Karnataka,210.7,,197.7,,5,Saturday,3,2016,1,1090,,0,34.1,19.0,0.0
2016-03-27,Karnataka,199.9,210.7,195.1,,6,Sunday,3,2016,1,1091,,0,33.8,18.0,0.0
2016-03-28,Karnataka,209.6,199.9,206.0,,0,Monday,3,2016,0,1092,,0,33.7,18.1,0.0
2016-03-29,Karnataka,214.6,209.6,209.8,,1,Tuesday,3,2016,0,1093,,0,33.6,19.4,0.0
2016-03-30,Karnataka,210.9,214.6,,,2,Wednesday,3,2016,0,1094,,0,33.7,20.3,0.0
2016-03-31,Karnataka,213.0,210.9,209.5,,3,Thursday,3,2016,0,1095,,0,33.7,20.5,0.0
2016-04-01,Karnataka,208.7,213.0,,,4,Friday,4,2016,0,1096,,0,33.2,20.5,0.0
2016-04-02,Karnataka,207.6,208.7,210.7,209.62857142857143,5,Saturday,4,2016,1,1097,,0,34.1,20.4,0.0
2016-04-03,Karnataka,198.0,207.6,199.9,209.18571428571428,6,Sunday,4,2016,1,1098,,0,33.8,20.6,0.0
2016-04-04,Karnataka,209.8,198.0,209.6,208.91428571428574,0,Monday,4,2016,0,1099,,0,34.7,21.2,0.0
2016-04-05,Karnataka,208.7,209.8,214.6,208.94285714285712,1,Tuesday,4,2016,0,1100,,0,34.1,20.3,0.0
2016-04-06,Karnataka,207.9,208.7,210.9,208.1,2,Wednesday,4,2016,0,1101,,0,33.1,21.5,0.0
2016-04-07,Karnataka,210.1,207.9,213.0,207.67142857142858,3,Thursday,4,2016,0,1102,,0,33.9,21.7,0.0
2016-04-08,Karnataka,200.6,210.1,208.7,207.25714285714284,4,Friday,4,2016,0,1103,Ugadi,1,32.8,22.3,1.7
2016-04-09,Karnataka,195.0,200.6,207.6,206.09999999999997,5,Saturday,4,2016,1,1104,,0,31.9,23.3,0.5
2016-04-10,Karnataka,191.1,195.0,198.0,204.29999999999998,6,Sunday,4,2016,1,1105,,0,32.7,22.7,0.1
2016-04-11,Karnataka,,191.1,209.8,203.31428571428572,0,Monday,4,2016,0,1106,,0,35.1,22.1,0.0
2016-04-12,Karnataka,208.9,,208.7,,1,Tuesday,4,2016,0,1107,,0,35.6,22.8,0.0
2016-04-13,Karnataka,211.2,208.9,207.9,,2,Wednesday,4,2016,0,1108,,0,35.2,23.2,0.0
2016-04-14,Karnataka,209.5,211.2,210.1,,3,Thursday,4,2016,0,1109,Dr. B. R. Ambedkar's Jayanti,1,34.9,25.0,0.0
2016-04-15,Karnataka,200.6,209.5,200.6,,4,Friday,4,2016,0,1110,Ram Navami,1,35.9,24.7,0.0
2016-04-16,Karnataka,205.2,200.6,195.0,,5,Saturday,4,2016,1,1111,,0,35.3,23.3,0.0
2016-04-17,Karnataka,194.8,205.2,191.1,,6,Sunday,4,2016,1,1112,,0,35.8,22.9,0.0
2016-04-18,Karnataka,207.5,194.8,,,0,Monday,4,2016,0,1113,,0,35.0,22.1,0.0
2016-04-19,Karnataka,211.7,207.5,208.9,205.3857142857143,1,Tuesday,4,2016,0,1114,,0,34.8,22.7,0.0
2016-04-20,Karnataka,212.6,211.7,211.2,205.78571428571428,2,Wednesday,4,2016,0,1115,Mahavir Jayanti,1,35.5,23.6,0.0
2016-04-21,Karnataka,210.8,212.6,209.5,205.98571428571427,3,Thursday,4,2016,0,1116,,0,35.2,23.2,0.0
2016-04-22,Karnataka,207.0,210.8,200.6,206.17142857142855,4,Friday,4,2016,0,1117,,0,33.9,23.0,0.4
2016-04-23,Karnataka,204.7,207.0,205.2,207.08571428571426,5,Saturday,4,2016,1,1118,,0,36.1,23.7,0.0
2016-04-24,Karnataka,201.4,204.7,194.8,207.0142857142857,6,Sunday,4,2016,1,1119,,0,36.7,23.2,0.0
2016-04-25,Karnataka,205.1,201.4,207.5,207.95714285714286,0,Monday,4,2016,0,1120,,0,35.2,23.8,0.2
2016-04-26,Karnataka,205.1,205.1,211.7,207.6142857142857,1,Tuesday,4,2016,0,1121,,0,35.5,24.0,0.0
2016-04-27,Karnataka,208.9,205.1,212.6,206.67142857142855,2,Wednesday,4,2016,0,1122,,0,35.8,21.2,0.0
2016-04-28,Karnataka,209.9,208.9,210.8,206.14285714285714,3,Thursday,4,2016,0,1123,,0,35.6,21.9,0.0
2016-04-29,Karnataka,209.6,209.9,207.0,206.01428571428573,4,Friday,4,2016,0,1124,,0,35.5,22.2,0.0
2016-04-30,Karnataka,205.1,209.6,204.7,206.3857142857143,5,Saturday,4,2016,1,1125,,0,35.7,22.5,0.0
2016-05-01,Karnataka,194.3,205.1,201.4,206.44285714285712,6,Sunday,5,2016,1,1126,,0,35.5,23.3,0.0
2016-05-02,Karnataka,203.7,194.3,205.1,205.42857142857142,0,Monday,5,2016,0,1127,,0,35.2,23.6,2.1
2016-05-03,Karnataka,204.4,203.7,205.1,205.22857142857143,1,Tuesday,5,2016,0,1128,,0,34.0,23.1,0.3
2016-05-04,Karnataka,203.1,204.4,208.9,205.12857142857143,2,Wednesday,5,2016,0,1129,,0,34.6,23.0,1.4
2016-05-05,Karnataka,196.7,203.1,209.9,204.29999999999998,3,Thursday,5,2016,0,1130,,0,34.2,22.8,2.4
2016-05-06,Karnataka,183.2,196.7,209.6,202.41428571428568,4,Friday,5,2016,0,1131,,0,31.9,22.9,11.0
2016-05-07,Karnataka,183.1,183.2,205.1,198.64285714285714,5,Saturday,5,2016,1,1132,,0,32.1,21.6,6.2
2016-05-08,Karnataka,170.5,183.1,194.3,195.5,6,Sunday,5,2016,1,1133,,0,31.5,21.9,7.0
2016-05-09,Karnataka,188.7,170.5,203.7,192.09999999999997,0,Monday,5,2016,0,1134,,0,31.7,21.0,1.3
2016-05-10,Karnataka,193.8,188.7,204.4,189.95714285714286,1,Tuesday,5,2016,0,1135,,0,31.2,21.5,6.0
2016-05-11,Karnataka,178.8,193.8,203.1,188.44285714285712,2,Wednesday,5,2016,0,1136,,0,31.0,20.9,0.1
2016-05-12,Karnataka,171.7,178.8,196.7,184.9714285714286,3,Thursday,5,2016,0,1137,,0,31.4,22.1,1.6
2016-05-13,Karnataka,180.5,171.7,183.2,181.4,4,Friday,5,2016,0,1138,,0,32.8,21.6,0.0
2016-05-14,Karnataka,176.9,180.5,183.1,181.0142857142857,5,Saturday,5,2016,1,1139,,0,32.8,22.6,4.2
2016-05-15,Karnataka,157.9,176.9,170.5,180.12857142857143,6,Sunday,5,2016,1,1140,,0,34.2,22.2,0.0
2016-05-16,Karnataka,174.1,157.9,188.7,178.32857142857145,0,Monday,5,2016,0,1141,,0,31.9,22.8,0.6
2016-05-17,Karnataka,177.2,174.1,193.8,176.24285714285716,1,Tuesday,5,2016,0,1142,,0,29.7,22.1,1.2
2016-05-18,Karnataka,156.8,177.2,178.8,173.8714285714286,2,Wednesday,5,2016,0,1143,,0,26.4,21.5,16.7
2016-05-19,Karnataka,149.0,156.8,171.7,170.72857142857143,3,Thursday,5,2016,0,1144,,0,28.7,21.2,6.1
2016-05-20,Karnataka,145.1,149.0,180.5,167.4857142857143,4,Friday,5,2016,0,1145,,0,27.6,21.3,2.5
2016-05-21,Karnataka,180.9,145.1,176.9,162.42857142857142,5,Saturday,5,2016,1,1146,Buddha Purnima,1,32.2,21.9,0.0
2016-05-22,Karnataka,177.6,180.9,157.9,163.0,6,Sunday,5,2016,1,1147,,0,32.8,21.0,0.0
2016-05-23,Karnataka,191.2,177.6,174.1,165.81428571428572,0,Monday,5,2016,0,1148,,0,33.1,21.5,0.0
2016-05-24,Karnataka,198.8,191.2,177.2,168.25714285714284,1,Tuesday,5,2016,0,1149,,0,32.9,21.3,0.0
2016-05-25,Karnataka,185.7,198.8,156.8,171.34285714285713,2,Wednesday,5,2016,0,1150,,0,32.8,21.8,0.0
2016-05-26,Karnataka,141.4,185.7,149.0,175.47142857142856,3,Thursday,5,2016,0,1151,,0,32.8,21.3,0.0
2016-05-27,Karnataka,186.1,141.4,145.1,174.3857142857143,4,Friday,5,2016,0,1152,,0,32.8,22.0,4.6
2016-05-28,Karnataka,177.0,186.1,180.9,180.24285714285716,5,Saturday,5,2016,1,1153,,0,31.8,21.7,7.8
2016-05-29,Karnataka,166.1,177.0,177.6,179.68571428571428,6,Sunday,5,2016,1,1154,,0,28.3,21.5,4.5
2016-05-30,Karnataka,177.8,166.1,191.2,178.04285714285717,0,Monday,5,2016,0,1155,,0,29.8,21.4,3.7
2016-05-31,Karnataka,175.9,177.8,198.8,176.12857142857143,1,Tuesday,5,2016,0,1156,,0,30.1,20.8,13.1
2016-06-01,Karnataka,171.6,175.9,185.7,172.85714285714286,2,Wednesday,6,2016,0,1157,,0,30.4,21.1,14.8
2016-06-02,Karnataka,160.1,171.6,141.4,170.84285714285716,3,Thursday,6,2016,0,1158,,0,28.5,21.1,6.7
2016-06-03,Karnataka,165.9,160.1,186.1,173.5142857142857,4,Friday,6,2016,0,1159,,0,29.2,21.1,15.2
2016-06-04,Karnataka,147.8,165.9,177.0,170.62857142857143,5,Saturday,6,2016,1,1160,,0,28.4,21.2,12.6
2016-06-05,Karnataka,143.4,147.8,166.1,166.45714285714286,6,Sunday,6,2016,1,1161,,0,28.3,21.0,16.4
2016-06-06,Karnataka,160.0,143.4,177.8,163.21428571428572,0,Monday,6,2016,0,1162,,0,28.4,20.7,3.6
2016-06-07,Karnataka,163.0,160.0,175.9,160.67142857142858,1,Tuesday,6,2016,0,1163,,0,26.7,21.2,5.7
2016-06-08,Karnataka,154.0,163.0,171.6,158.82857142857142,2,Wednesday,6,2016,0,1164,,0,28.2,21.1,18.0
2016-06-09,Karnataka,145.0,154.0,160.1,156.31428571428572,3,Thursday,6,2016,0,1165,,0,26.5,20.7,4.1
2016-06-10,Karnataka,144.0,145.0,165.9,154.15714285714287,4,Friday,6,2016,0,1166,,0,27.2,20.8,0.2
2016-06-11,Karnataka,138.0,144.0,147.8,151.02857142857144,5,Saturday,6,2016,1,1167,,0,27.4,20.3,0.0
2016-06-12,Karnataka,132.0,138.0,143.4,149.62857142857143,6,Sunday,6,2016,1,1168,,0,28.7,20.8,0.9
2016-06-13,Karnataka,141.0,132.0,160.0,148.0,0,Monday,6,2016,0,1169,,0,27.4,20.7,6.9
2016-06-14,Karnataka,148.0,141.0,163.0,145.28571428571428,1,Tuesday,6,2016,0,1170,,0,27.7,20.4,1.9
2016-06-15,Karnataka,154.0,148.0,154.0,143.14285714285714,2,Wednesday,6,2016,0,1171,,0,27.7,20.3,0.0
2016-06-16,Karnataka,162.0,154.0,145.0,143.14285714285714,3,Thursday,6,2016,0,1172,,0,27.7,19.6,1.9
2016-06-17,Karnataka,165.0,162.0,144.0,145.57142857142858,4,Friday,6,2016,0,1173,,0,27.5,19.2,8.3
2016-06-18,Karnataka,159.0,165.0,138.0,148.57142857142858,5,Saturday,6,2016,1,1174,,0,27.9,20.3,2.0
2016-06-19,Karnataka,142.0,159.0,132.0,151.57142857142858,6,Sunday,6,2016,1,1175,,0,26.7,20.1,15.1
2016-06-20,Karnataka,159.0,142.0,141.0,153.0,0,Monday,6,2016,0,1176,,0,25.9,19.8,0.0
2016-06-21,Karnataka,,159.0,148.0,155.57142857142858,1,Tuesday,6,2016,0,1177,,0,25.0,19.4,13.5
2016-06-22,Karnataka,,,154.0,,2,Wednesday,6,2016,0,1178,,0,26.2,18.9,23.2
2016-06-23,Karnataka,137.7,,162.0,,3,Thursday,6,2016,0,1179,,0,25.0,20.1,6.0
2016-06-24,Karnataka,144.4,137.7,165.0,,4,Friday,6,2016,0,1180,,0,25.6,19.5,6.2
2016-06-25,Karnataka,143.9,144.4,159.0,,5,Saturday,6,2016,1,1181,,0,26.0,19.3,12.6
2016-06-26,Karnataka,,143.9,142.0,,6,Sunday,6,2016,1,1182,,0,25.6,20.0,5.0
2016-06-27,Karnataka,151.5,,159.0,,0,Monday,6,2016,0,1183,,0,24.0,20.4,5.2
2016-06-28,Karnataka,148.9,151.5,,,1,Tuesday,6,2016,0,1184,,0,22.8,19.9,37.4
2016-06-29,Karnataka,135.0,148.9,,,2,Wednesday,6,2016,0,1185,,0,21.2,19.7,23.5
2016-06-30,Karnataka,140.0,135.0,137.7,,3,Thursday,6,2016,0,1186,,0,26.0,20.2,1.9
2016-07-01,Karnataka,140.0,140.0,144.4,,4,Friday,7,2016,0,1187,,0,26.1,20.9,0.6
2016-07-02,Karnataka,139.0,140.0,143.9,,5,Saturday,7,2016,1,1188,,0,26.7,20.3,0.1
2016-07-03,Karnataka,136.0,139.0,,,6,Sunday,7,2016,1,1189,,0,26.4,20.6,0.0
2016-07-04,Karnataka,152.4,136.0,151.5,141.4857142857143,0,Monday,7,2016,0,1190,,0,25.9,20.9,7.5
2016-07-05,Karnataka,150.0,152.4,148.9,141.61428571428573,1,Tuesday,7,2016,0,1191,,0,25.9,19.9,23.5
2016-07-06,Karnataka,,150.0,135.0,141.77142857142857,2,Wednesday,7,2016,0,1192,Id-ul-Fitr,1,25.7,20.1,15.9
2016-07-07,Karnataka,149.6,,140.0,,3,Thursday,7,2016,0,1193,,0,25.4,20.0,5.0
2016-07-08,Karnataka,146.7,149.6,140.0,,4,Friday,7,2016,0,1194,,0,26.0,20.6,1.0
2016-07-09,Karnataka,141.0,146.7,139.0,,5,Saturday,7,2016,1,1195,,0,25.4,20.7,0.3
2016-07-10,Karnataka,,141.0,136.0,,6,Sunday,7,2016,1,1196,,0,26.0,20.8,0.2
2016-07-11,Karnataka,139.4,,152.4,,0,Monday,7,2016,0,1197,,0,25.2,20.5,0.0
2016-07-12,Karnataka,149.3,139.4,150.0,,1,Tuesday,7,2016,0,1198,,0,25.6,20.5,0.4
2016-07-13,Karnataka,161.7,149.3,,,2,Wednesday,7,2016,0,1199,,0,26.6,20.4,0.3
2016-07-14,Karnataka,166.0,161.7,149.6,,3,Thursday,7,2016,0,1200,,0,27.0,19.6,3.3
2016-07-15,Karnataka,169.7,166.0,146.7,,4,Friday,7,2016,0,1201,,0,26.8,20.3,7.5
2016-07-16,Karnataka,167.1,169.7,141.0,,5,Saturday,7,2016,1,1202,,0,26.5,19.8,4.8
2016-07-17,Karnataka,157.6,167.1,,,6,Sunday,7,2016,1,1203,,0,26.4,19.5,7.0
2016-07-18,Karnataka,161.7,157.6,139.4,158.68571428571428,0,Monday,7,2016,0,1204,,0,25.7,19.4,8.4
2016-07-19,Karnataka,159.7,161.7,149.3,161.87142857142857,1,Tuesday,7,2016,0,1205,,0,25.9,19.3,2.9
2016-07-20,Karnataka,157.9,159.7,161.7,163.35714285714286,2,Wednesday,7,2016,0,1206,,0,26.0,20.1,4.2
2016-07-21,Karnataka,151.5,157.9,166.0,162.81428571428572,3,Thursday,7,2016,0,1207,,0,24.2,19.6,12.9
2016-07-22,Karnataka,151.5,151.5,169.7,160.74285714285716,4,Friday,7,2016,0,1208,,0,24.1,19.6,4.1
2016-07-23,Karnataka,150.8,151.5,167.1,158.14285714285714,5,Saturday,7,2016,1,1209,,0,25.4,19.0,17.0
2016-07-24,Karnataka,137.9,150.8,157.6,155.81428571428572,6,Sunday,7,2016,1,1210,,0,26.0,20.1,8.1
2016-07-25,Karnataka,151.4,137.9,161.7,153.0,0,Monday,7,2016,0,1211,,0,27.0,19.7,6.1
2016-07-26,Karnataka,150.2,151.4,159.7,151.52857142857144,1,Tuesday,7,2016,0,1212,,0,26.8,19.8,15.3
2016-07-27,Karnataka,146.5,150.2,157.9,150.17142857142858,2,Wednesday,7,2016,0,1213,,0,27.8,19.3,4.5
2016-07-28,Karnataka,147.2,146.5,151.5,148.54285714285714,3,Thursday,7,2016,0,1214,,0,26.8,20.1,6.8
2016-07-29,Karnataka,140.0,147.2,151.5,147.92857142857142,4,Friday,7,2016,0,1215,,0,25.5,19.9,10.8
2016-07-30,Karnataka,123.0,140.0,150.8,146.28571428571428,5,Saturday,7,2016,1,1216,,0,23.7,19.1,23.6
2016-07-31,Karnataka,124.3,123.0,137.9,142.31428571428572,6,Sunday,7,2016,1,1217,,0,24.4,18.9,3.9
2016-08-01,Karnataka,135.8,124.3,151.4,140.37142857142857,0,Monday,8,2016,0,1218,,0,25.3,19.1,0.5
2016-08-02,Karnataka,136.7,135.8,150.2,138.14285714285714,1,Tuesday,8,2016,0,1219,,0,24.9,19.4,0.0
2016-08-03,Karnataka,140.2,136.7,146.5,136.21428571428572,2,Wednesday,8,2016,0,1220,,0,25.3,19.4,0.0
2016-08-04,Karnataka,147.9,140.2,147.2,135.31428571428572,3,Thursday,8,2016,0,1221,,0,25.4,20.1,0.1
2016-08-05,Karnataka,151.3,147.9,140.0,135.4142857142857,4,Friday,8,2016,0,1222,,0,25.5,19.9,1.0
2016-08-06,Karnataka,148.3,151.3,123.0,137.02857142857144,5,Saturday,8,2016,1,1223,,0,26.2,19.8,0.0
2016-08-07,Karnataka,146.2,148.3,124.3,140.64285714285717,6,Sunday,8,2016,1,1224,,0,25.7,20.0,1.9
2016-08-08,Karnataka,161.3,146.2,135.8,143.77142857142857,0,Monday,8,2016,0,1225,,0,26.2,19.4,0.2
2016-08-09,Karnataka,168.0,161.3,136.7,147.41428571428568,1,Tuesday,8,2016,0,1226,,0,26.6,19.3,0.4
2016-08-10,Karnataka,173.2,168.0,140.2,151.8857142857143,2,Wednesday,8,2016,0,1227,,0,26.3,19.8,0.3
2016-08-11,Karnataka,177.1,173.2,147.9,156.6,3,Thursday,8,2016,0,1228,,0,26.3,19.1,0.2
2016-08-12,Karnataka,175.2,177.1,151.3,160.77142857142857,4,Friday,8,2016,0,1229,,0,26.9,19.6,1.5
2016-08-13,Karnataka,173.2,175.2,148.3,164.18571428571428,5,Saturday,8,2016,1,1230,,0,27.3,20.5,3.5
2016-08-14,Karnataka,163.1,173.2,146.2,167.7428571428571,6,Sunday,8,2016,1,1231,,0,26.5,19.7,0.7
2016-08-15,Karnataka,163.7,163.1,161.3,170.15714285714284,0,Monday,8,2016,0,1232,Independence Day,1,26.2,19.0,1.5
2016-08-16,Karnataka,170.6,163.7,168.0,170.5,1,Tuesday,8,2016,0,1233,,0,26.2,20.6,0.4
2016-08-17,Karnataka,176.9,170.6,173.2,170.87142857142857,2,Wednesday,8,2016,0,1234,,0,25.9,20.4,0.3
2016-08-18,Karnataka,186.4,176.9,177.1,171.4,3,Thursday,8,2016,0,1235,,0,26.3,20.3,0.6
2016-08-19,Karnataka,185.1,186.4,175.2,172.72857142857143,4,Friday,8,2016,0,1236,,0,26.8,20.0,0.7
2016-08-20,Karnataka,188.4,185.1,173.2,174.14285714285714,5,Saturday,8,2016,1,1237,,0,27.0,19.3,0.1
2016-08-21,Karnataka,183.6,188.4,163.1,176.31428571428572,6,Sunday,8,2016,1,1238,,0,27.2,18.4,0.1
2016-08-22,Karnataka,187.5,183.6,163.7,179.24285714285716,0,Monday,8,2016,0,1239,,0,26.7,19.9,0.1
2016-08-23,Karnataka,189.0,187.5,170.6,182.64285714285714,1,Tuesday,8,2016,0,1240,,0,27.5,19.8,0.4
2016-08-24,Karnataka,193.9,189.0,176.9,185.27142857142857,2,Wednesday,8,2016,0,1241,,0,27.7,20.2,1.4
2016-08-25,Karnataka,196.7,193.9,186.4,187.7,3,Thursday,8,2016,0,1242,Janmashtami (Vaishnava),1,26.9,20.0,4.5
2016-08-26,Karnataka,197.0,196.7,185.1,189.17142857142858,4,Friday,8,2016,0,1243,,0,26.1,20.0,10.8
2016-08-27,Karnataka,188.3,197.0,188.4,190.87142857142857,5,Saturday,8,2016,1,1244,,0,26.3,19.9,1.7
2016-08-28,Karnataka,175.0,188.3,183.6,190.85714285714286,6,Sunday,8,2016,1,1245,,0,25.5,19.6,0.4
2016-08-29,Karnataka,190.7,175.0,187.5,189.6285714285714,0,Monday,8,2016,0,1246,,0,26.8,19.8,3.5
2016-08-30,Karnataka,189.0,190.7,189.0,190.08571428571426,1,Tuesday,8,2016,0,1247,,0,26.4,20.2,12.9
2016-08-31,Karnataka,177.3,189.0,193.9,190.08571428571426,2,Wednesday,8,2016,0,1248,,0,24.7,19.6,6.6
2016-09-01,Karnataka,176.8,177.3,196.7,187.71428571428572,3,Thursday,9,2016,0,1249,,0,25.3,19.7,1.0
2016-09-02,Karnataka,172.2,176.8,197.0,184.87142857142857,4,Friday,9,2016,0,1250,,0,25.7,19.2,1.8
2016-09-03,Karnataka,181.8,172.2,188.3,181.32857142857142,5,Saturday,9,2016,1,1251,,0,25.4,19.3,0.5
2016-09-04,Karnataka,172.3,181.8,175.0,180.40000000000003,6,Sunday,9,2016,1,1252,,0,26.0,18.8,0.5
2016-09-05,Karnataka,170.7,172.3,190.7,180.01428571428573,0,Monday,9,2016,0,1253,,0,25.5,18.1,0.1
2016-09-06,Karnataka,190.0,170.7,189.0,177.15714285714284,1,Tuesday,9,2016,0,1254,,0,25.5,18.4,1.0
2016-09-07,Karnataka,197.4,190.0,177.3,177.29999999999998,2,Wednesday,9,2016,0,1255,,0,25.7,17.2,0.0
2016-09-08,Karnataka,203.5,197.4,176.8,180.17142857142858,3,Thursday,9,2016,0,1256,,0,26.1,16.7,0.0
2016-09-09,Karnataka,192.5,203.5,172.2,183.9857142857143,4,Friday,9,2016,0,1257,,0,26.7,18.3,0.5
2016-09-10,Karnataka,203.4,192.5,181.8,186.8857142857143,5,Saturday,9,2016,1,1258,,0,27.2,18.4,0.1
2016-09-11,Karnataka,194.6,203.4,172.3,189.9714285714286,6,Sunday,9,2016,1,1259,,0,26.8,18.6,0.0
2016-09-12,Karnataka,196.8,194.6,170.7,193.15714285714284,0,Monday,9,2016,0,1260,Id-ul-Zuha (Bakrid),1,26.0,18.5,1.9
2016-09-13,Karnataka,193.6,196.8,190.0,196.8857142857143,1,Tuesday,9,2016,0,1261,,0,26.2,19.4,0.4
2016-09-14,Karnataka,177.5,193.6,197.4,197.4,2,Wednesday,9,2016,0,1262,,0,26.4,19.7,0.1
2016-09-15,Karnataka,169.8,177.5,203.5,194.55714285714288,3,Thursday,9,2016,0,1263,,0,26.3,19.8,1.0
2016-09-16,Karnataka,171.4,169.8,192.5,189.74285714285716,4,Friday,9,2016,0,1264,,0,26.7,19.3,1.7
2016-09-17,Karnataka,171.4,171.4,203.4,186.72857142857146,5,Saturday,9,2016,1,1265,,0,27.3,19.8,0.0
2016-09-18,Karnataka,169.8,171.4,194.6,182.15714285714284,6,Sunday,9,2016,1,1266,,0,26.6,18.2,0.9
2016-09-19,Karnataka,184.2,169.8,196.8,178.61428571428573,0,Monday,9,2016,0,1267,,0,26.9,19.3,0.0
2016-09-20,Karnataka,183.4,184.2,193.6,176.81428571428572,1,Tuesday,9,2016,0,1268,,0,26.1,19.1,0.3
2016-09-21,Karnataka,176.8,183.4,177.5,175.35714285714286,2,Wednesday,9,2016,0,1269,,0,24.1,19.0,8.4
2016-09-22,Karnataka,174.5,176.8,169.8,175.25714285714284,3,Thursday,9,2016,0,1270,,0,25.4,19.3,4.7
2016-09-23,Karnataka,175.5,174.5,171.4,175.92857142857142,4,Friday,9,2016,0,1271,,0,25.9,19.0,0.2
2016-09-24,Karnataka,173.2,175.5,171.4,176.5142857142857,5,Saturday,9,2016,1,1272,,0,25.3,19.7,0.7
2016-09-25,Karnataka,163.0,173.2,169.8,176.77142857142857,6,Sunday,9,2016,1,1273,,0,26.1,20.0,0.8
2016-09-26,Karnataka,172.4,163.0,184.2,175.79999999999998,0,Monday,9,2016,0,1274,,0,26.7,20.4,0.0
2016-09-27,Karnataka,177.3,172.4,183.4,174.11428571428573,1,Tuesday,9,2016,0,1275,,0,26.8,20.3,10.1
2016-09-28,Karnataka,170.0,177.3,176.8,173.24285714285716,2,Wednesday,9,2016,0,1276,,0,25.9,20.3,9.5
2016-09-29,Karnataka,166.3,170.0,174.5,172.27142857142857,3,Thursday,9,2016,0,1277,,0,27.4,20.3,1.5
2016-09-30,Karnataka,175.7,166.3,175.5,171.1,4,Friday,9,2016,0,1278,,0,26.5,19.7,0.5
2016-10-01,Karnataka,181.8,175.7,173.2,171.12857142857143,5,Saturday,10,2016,1,1279,,0,26.2,18.9,0.0
2016-10-02,Karnataka,165.4,181.8,163.0,172.35714285714286,6,Sunday,10,2016,1,1280,Mahatma Gandhi's Jayanti,1,27.2,17.7,0.0
2016-10-03,Karnataka,182.3,165.4,172.4,172.70000000000002,0,Monday,10,2016,0,1281,,0,28.0,17.5,0.0
2016-10-04,Karnataka,190.9,182.3,177.3,174.1142857142857,1,Tuesday,10,2016,0,1282,,0,27.0,19.2,0.3
2016-10-05,Karnataka,193.1,190.9,170.0,176.05714285714288,2,Wednesday,10,2016,0,1283,,0,27.6,17.9,0.0
2016-10-06,Karnataka,192.9,193.1,166.3,179.35714285714286,3,Thursday,10,2016,0,1284,,0,27.9,18.3,0.0
2016-10-07,Karnataka,197.0,192.9,175.7,183.15714285714284,4,Friday,10,2016,0,1285,,0,28.1,17.2,0.0
2016-10-08,Karnataka,195.1,197.0,181.8,186.20000000000002,5,Saturday,10,2016,1,1286,,0,28.2,17.9,0.0
2016-10-09,Karnataka,185.4,195.1,165.4,188.1,6,Sunday,10,2016,1,1287,,0,27.2,18.4,1.1
2016-10-10,Karnataka,183.0,185.4,182.3,190.95714285714283,0,Monday,10,2016,0,1288,,0,26.8,19.3,0.4
2016-10-11,Karnataka,177.3,183.0,190.9,191.05714285714288,1,Tuesday,10,2016,0,1289,Dussehra,1,28.1,19.0,2.8
2016-10-12,Karnataka,180.5,177.3,193.1,189.1142857142857,2,Wednesday,10,2016,0,1290,Muharram,1,27.4,20.0,18.3
2016-10-13,Karnataka,179.7,180.5,192.9,187.31428571428572,3,Thursday,10,2016,0,1291,,0,26.9,19.4,0.4
2016-10-14,Karnataka,186.0,179.7,197.0,185.42857142857142,4,Friday,10,2016,0,1292,,0,28.3,18.9,0.4
2016-10-15,Karnataka,190.0,186.0,195.1,183.85714285714286,5,Saturday,10,2016,1,1293,,0,28.1,18.3,0.0
2016-10-16,Karnataka,184.5,190.0,185.4,183.12857142857143,6,Sunday,10,2016,1,1294,,0,28.1,16.4,0.0
2016-10-17,Karnataka,200.5,184.5,183.0,183.0,0,Monday,10,2016,0,1295,,0,28.3,16.7,0.0
2016-10-18,Karnataka,206.4,200.5,177.3,185.5,1,Tuesday,10,2016,0,1296,,0,28.9,17.8,0.0
2016-10-19,Karnataka,203.9,206.4,180.5,189.65714285714284,2,Wednesday,10,2016,0,1297,,0,29.0,17.9,0.0
2016-10-20,Karnataka,200.0,203.9,179.7,193.0,3,Thursday,10,2016,0,1298,,0,29.1,18.6,0.0
2016-10-21,Karnataka,202.0,200.0,186.0,195.90000000000003,4,Friday,10,2016,0,1299,,0,28.8,18.4,0.0
2016-10-22,Karnataka,189.9,202.0,190.0,198.1857142857143,5,Saturday,10,2016,1,1300,,0,28.9,16.8,0.0
2016-10-23,Karnataka,196.0,189.9,184.5,198.17142857142858,6,Sunday,10,2016,1,1301,,0,28.8,17.7,0.0
2016-10-24,Karnataka,196.0,196.0,200.5,199.8142857142857,0,Monday,10,2016,0,1302,,0,29.3,16.2,0.0
2016-10-25,Karnataka,204.9,196.0,206.4,199.17142857142855,1,Tuesday,10,2016,0,1303,,0,28.5,16.8,0.0
2016-10-26,Karnataka,208.4,204.9,203.9,198.95714285714286,2,Wednesday,10,2016,0,1304,,0,29.3,16.8,0.0
2016-10-27,Karnataka,205.4,208.4,200.0,199.6,3,Thursday,10,2016,0,1305,,0,28.1,17.5,0.0
2016-10-28,Karnataka,205.7,205.4,202.0,200.37142857142857,4,Friday,10,2016,0,1306,,0,29.0,19.2,0.0
2016-10-29,Karnataka,207.7,205.7,189.9,200.9,5,Saturday,10,2016,1,1307,,0,30.2,18.1,0.0
2016-10-30,Karnataka,197.0,207.7,196.0,203.44285714285715,6,Sunday,10,2016,1,1308,Diwali (Deepavali),1,29.8,20.8,0.2
2016-10-31,Karnataka,192.6,197.0,196.0,203.58571428571432,0,Monday,10,2016,0,1309,,0,28.1,20.0,0.0
2016-11-01,Karnataka,,192.6,204.9,203.1,1,Tuesday,11,2016,0,1310,Karnataka Rajyotsava,1,27.9,20.3,2.3
2016-11-02,Karnataka,193.1,,208.4,,2,Wednesday,11,2016,0,1311,,0,27.9,18.4,1.2
2016-11-03,Karnataka,199.1,193.1,205.4,,3,Thursday,11,2016,0,1312,,0,29.5,18.9,0.0
2016-11-04,Karnataka,198.6,199.1,205.7,,4,Friday,11,2016,0,1313,,0,29.7,18.6,0.0
2016-11-05,Karnataka,205.8,198.6,207.7,,5,Saturday,11,2016,1,1314,,0,29.5,18.1,0.0
2016-11-06,Karnataka,198.0,205.8,197.0,,6,Sunday,11,2016,1,1315,,0,28.9,16.4,0.0
2016-11-07,Karnataka,204.7,198.0,192.6,,0,Monday,11,2016,0,1316,,0,28.3,17.6,0.0
2016-11-08,Karnataka,205.4,204.7,,,1,Tuesday,11,2016,0,1317,,0,28.6,17.7,0.0
2016-11-09,Karnataka,206.1,205.4,193.1,200.67142857142858,2,Wednesday,11,2016,0,1318,,0,27.9,16.3,0.0
2016-11-10,Karnataka,206.0,206.1,199.1,202.5285714285714,3,Thursday,11,2016,0,1319,,0,28.4,14.7,0.0
2016-11-11,Karnataka,206.1,206.0,198.6,203.5142857142857,4,Friday,11,2016,0,1320,,0,28.4,15.8,0.0
2016-11-12,Karnataka,199.5,206.1,205.8,204.58571428571432,5,Saturday,11,2016,1,1321,,0,28.9,16.8,0.0
2016-11-13,Karnataka,194.5,199.5,198.0,203.6857142857143,6,Sunday,11,2016,1,1322,,0,29.2,18.5,0.0
2016-11-14,Karnataka,198.6,194.5,204.7,203.1857142857143,0,Monday,11,2016,0,1323,Guru Nanak's Jayanti,1,28.6,20.2,0.8
2016-11-15,Karnataka,,198.6,205.4,202.31428571428572,1,Tuesday,11,2016,0,1324,,0,29.5,20.1,0.0
2016-11-16,Karnataka,198.7,,206.1,,2,Wednesday,11,2016,0,1325,,0,28.7,18.1,0.0
2016-11-17,Karnataka,200.5,198.7,206.0,,3,Thursday,11,2016,0,1326,,0,28.4,19.3,0.0
2016-11-18,Karnataka,202.4,200.5,206.1,,4,Friday,11,2016,0,1327,,0,29.1,17.2,0.0
2016-11-19,Karnataka,198.4,202.4,199.5,,5,Saturday,11,2016,1,1328,,0,29.1,16.5,0.0
2016-11-20,Karnataka,190.0,198.4,194.5,,6,Sunday,11,2016,1,1329,,0,29.4,18.1,0.0
2016-11-21,Karnataka,200.0,190.0,198.6,,0,Monday,11,2016,0,1330,,0,29.2,16.1,0.0
2016-11-22,Karnataka,202.5,200.0,,,1,Tuesday,11,2016,0,1331,,0,29.3,14.3,0.0
2016-11-23,Karnataka,,202.5,198.7,198.92857142857142,2,Wednesday,11,2016,0,1332,,0,29.7,15.2,0.0
2016-11-24,Karnataka,202.7,,200.5,,3,Thursday,11,2016,0,1333,,0,29.3,14.8,0.0
2016-11-25,Karnataka,201.5,202.7,202.4,,4,Friday,11,2016,0,1334,,0,29.7,14.6,0.0
2016-11-26,Karnataka,197.6,201.5,198.4,,5,Saturday,11,2016,1,1335,,0,29.7,13.8,0.0
2016-11-27,Karnataka,190.9,197.6,190.0,,6,Sunday,11,2016,1,1336,,0,30.4,13.6,0.0
2016-11-28,Karnataka,201.2,190.9,200.0,,0,Monday,11,2016,0,1337,,0,31.1,14.7,0.0
2016-11-29,Karnataka,202.1,201.2,202.5,,1,Tuesday,11,2016,0,1338,,0,29.8,14.4,0.0
2016-11-30,Karnataka,200.1,202.1,,,2,Wednesday,11,2016,0,1339,,0,29.0,15.5,0.0
2016-12-01,Karnataka,192.8,200.1,202.7,199.44285714285712,3,Thursday,12,2016,0,1340,,0,26.7,16.3,6.2
2016-12-02,Karnataka,190.3,192.8,201.5,198.0285714285714,4,Friday,12,2016,0,1341,,0,24.9,18.5,4.6
2016-12-03,Karnataka,179.1,190.3,197.6,196.42857142857142,5,Saturday,12,2016,1,1342,,0,23.7,19.0,1.9
2016-12-04,Karnataka,173.2,179.1,190.9,193.78571428571428,6,Sunday,12,2016,1,1343,,0,27.2,19.1,0.0
2016-12-05,Karnataka,189.2,173.2,201.2,191.25714285714284,0,Monday,12,2016,0,1344,,0,26.5,18.1,0.1
2016-12-06,Karnataka,192.1,189.2,202.1,189.54285714285714,1,Tuesday,12,2016,0,1345,,0,26.2,17.4,0.0
2016-12-07,Karnataka,191.8,192.1,200.1,188.1142857142857,2,Wednesday,12,2016,0,1346,,0,27.1,13.8,0.0
2016-12-08,Karnataka,195.7,191.8,192.8,186.92857142857142,3,Thursday,12,2016,0,1347,,0,27.1,16.6,0.0
2016-12-09,Karnataka,204.9,195.7,190.3,187.34285714285713,4,Friday,12,2016,0,1348,,0,28.1,15.0,0.0
2016-12-10,Karnataka,195.3,204.9,179.1,189.42857142857142,5,Saturday,12,2016,1,1349,,0,27.8,15.0,0.0
2016-12-11,Karnataka,183.7,195.3,173.2,191.74285714285716,6,Sunday,12,2016,1,1350,,0,27.5,15.0,0.0
2016-12-12,Karnataka,186.0,183.7,189.2,193.24285714285716,0,Monday,12,2016,0,1351,,0,26.1,18.8,7.4
2016-12-13,Karnataka,155.0,186.0,192.1,192.78571428571428,1,Tuesday,12,2016,0,1352,Milad-un-Nabi,1,19.3,17.6,34.0
2016-12-14,Karnataka,161.7,155.0,191.8,187.4857142857143,2,Wednesday,12,2016,0,1353,,0,24.1,18.0,1.6
2016-12-15,Karnataka,,161.7,195.7,183.18571428571428,3,Thursday,12,2016,0,1354,,0,25.6,18.2,0.0
2016-12-16,Karnataka,173.5,,204.9,,4,Friday,12,2016,0,1355,,0,24.7,17.8,1.3
2016-12-17,Karnataka,176.4,173.5,195.3,,5,Saturday,12,2016,1,1356,,0,25.9,16.8,0.0
2016-12-18,Karnataka,167.5,176.4,183.7,,6,Sunday,12,2016,1,1357,,0,26.3,16.2,0.0
2016-12-19,Karnataka,183.9,167.5,186.0,,0,Monday,12,2016,0,1358,,0,26.4,14.5,0.0
2016-12-20,Karnataka,186.8,183.9,155.0,,1,Tuesday,12,2016,0,1359,,0,26.8,13.4,0.0
2016-12-21,Karnataka,191.6,186.8,161.7,,2,Wednesday,12,2016,0,1360,,0,26.8,15.6,0.0
2016-12-22,Karnataka,195.4,191.6,,,3,Thursday,12,2016,0,1361,,0,27.3,14.2,0.0
2016-12-23,Karnataka,195.8,195.4,173.5,182.15714285714284,4,Friday,12,2016,0,1362,,0,27.1,12.9,0.0
2016-12-24,Karnataka,194.6,195.8,176.4,185.34285714285716,5,Saturday,12,2016,1,1363,,0,27.2,12.3,0.0
2016-12-25,Karnataka,178.6,194.6,167.5,187.94285714285712,6,Sunday,12,2016,1,1364,Christmas,1,27.0,12.2,0.0
2016-12-26,Karnataka,194.0,178.6,183.9,189.5285714285714,0,Monday,12,2016,0,1365,,0,27.9,11.5,0.0
2016-12-27,Karnataka,194.2,194.0,186.8,190.97142857142856,1,Tuesday,12,2016,0,1366,,0,27.7,12.8,0.0
2016-12-28,Karnataka,202.8,194.2,191.6,192.02857142857144,2,Wednesday,12,2016,0,1367,,0,27.2,14.7,0.0
2016-12-29,Karnataka,195.4,202.8,195.4,193.6285714285714,3,Thursday,12,2016,0,1368,,0,26.6,13.8,0.0
2016-12-30,Karnataka,194.5,195.4,195.8,193.62857142857143,4,Friday,12,2016,0,1369,,0,26.3,13.3,0.0
2016-12-31,Karnataka,195.6,194.5,194.6,193.44285714285712,5,Saturday,12,2016,1,1370,,0,26.8,13.2,0.0
2017-01-01,Karnataka,,195.6,178.6,193.58571428571426,6,Sunday,1,2017,1,1371,,0,27.3,13.6,0.0
2017-01-02,Karnataka,193.0,,194.0,,0,Monday,1,2017,0,1372,,0,27.1,15.6,0.0
2017-01-03,Karnataka,195.8,193.0,194.2,,1,Tuesday,1,2017,0,1373,,0,28.1,15.4,0.0
2017-01-04,Karnataka,199.1,195.8,202.8,,2,Wednesday,1,2017,0,1374,,0,27.6,15.3,0.0
2017-01-05,Karnataka,197.0,199.1,195.4,,3,Thursday,1,2017,0,1375,,0,27.8,14.8,0.0
2017-01-06,Karnataka,199.7,197.0,194.5,,4,Friday,1,2017,0,1376,,0,27.4,15.6,0.0
2017-01-07,Karnataka,199.1,199.7,195.6,,5,Saturday,1,2017,1,1377,,0,27.4,15.6,0.0
2017-01-08,Karnataka,,199.1,,,6,Sunday,1,2017,1,1378,,0,27.4,14.4,0.0
2017-01-09,Karnataka,198.0,,193.0,,0,Monday,1,2017,0,1379,,0,27.3,14.6,0.0
2017-01-10,Karnataka,199.1,198.0,195.8,,1,Tuesday,1,2017,0,1380,,0,27.1,14.6,0.0
2017-01-11,Karnataka,201.1,199.1,199.1,,2,Wednesday,1,2017,0,1381,,0,26.5,15.4,0.0
2017-01-12,Karnataka,203.2,201.1,197.0,,3,Thursday,1,2017,0,1382,,0,25.4,15.6,0.0
2017-01-13,Karnataka,201.2,203.2,199.7,,4,Friday,1,2017,0,1383,,0,26.1,17.0,0.0
2017-01-14,Karnataka,189.9,201.2,199.1,,5,Saturday,1,2017,1,1384,,0,24.7,16.4,0.0
2017-01-15,Karnataka,178.7,189.9,,,6,Sunday,1,2017,1,1385,,0,26.3,14.5,0.0
2017-01-16,Karnataka,195.2,178.7,198.0,195.8857142857143,0,Monday,1,2017,0,1386,,0,26.3,15.8,0.0
2017-01-17,Karnataka,191.7,195.2,199.1,195.4857142857143,1,Tuesday,1,2017,0,1387,,0,27.0,14.5,0.0
2017-01-18,Karnataka,194.7,191.7,201.1,194.42857142857142,2,Wednesday,1,2017,0,1388,,0,26.7,13.8,0.0
2017-01-19,Karnataka,195.6,194.7,203.2,193.5142857142857,3,Thursday,1,2017,0,1389,,0,25.6,13.4,0.0
2017-01-20,Karnataka,199.0,195.6,201.2,192.4285714285714,4,Friday,1,2017,0,1390,,0,28.4,13.9,0.0
2017-01-21,Karnataka,196.8,199.0,189.9,192.1142857142857,5,Saturday,1,2017,1,1391,,0,26.3,17.1,0.2
2017-01-22,Karnataka,187.3,196.8,178.7,193.1,6,Sunday,1,2017,1,1392,,0,28.2,16.8,0.0
2017-01-23,Karnataka,198.9,187.3,195.2,194.32857142857142,0,Monday,1,2017,0,1393,,0,27.8,15.7,0.0
2017-01-24,Karnataka,201.5,198.9,191.7,194.85714285714286,1,Tuesday,1,2017,0,1394,,0,28.3,16.5,0.0
2017-01-25,Karnataka,202.3,201.5,194.7,196.2571428571429,2,Wednesday,1,2017,0,1395,,0,27.5,15.5,0.0
2017-01-26,Karnataka,191.6,202.3,195.6,197.34285714285716,3,Thursday,1,2017,0,1396,Republic Day,1,21.9,15.9,30.1
2017-01-27,Karnataka,198.3,191.6,199.0,196.77142857142857,4,Friday,1,2017,0,1397,,0,25.1,18.6,6.7
2017-01-28,Karnataka,198.2,198.3,196.8,196.67142857142858,5,Saturday,1,2017,1,1398,,0,26.2,18.9,1.5
2017-01-29,Karnataka,190.7,198.2,187.3,196.87142857142857,6,Sunday,1,2017,1,1399,,0,27.5,18.2,0.2
2017-01-30,Karnataka,200.8,190.7,198.9,197.35714285714286,0,Monday,1,2017,0,1400,,0,27.7,17.7,0.0
2017-01-31,Karnataka,208.3,200.8,201.5,197.6285714285714,1,Tuesday,1,2017,0,1401,,0,28.4,16.8,0.0
2017-02-01,Karnataka,208.1,208.3,202.3,198.6,2,Wednesday,2,2017,0,1402,,0,27.8,15.8,0.0
2017-02-02,Karnataka,210.3,208.1,191.6,199.42857142857142,3,Thursday,2,2017,0,1403,,0,28.1,14.6,0.0
2017-02-03,Karnataka,211.4,210.3,198.3,202.1,4,Friday,2,2017,0,1404,,0,27.6,15.3,0.0
2017-02-04,Karnataka,209.4,211.4,198.2,203.9714285714286,5,Saturday,2,2017,1,1405,,0,27.1,14.9,0.0
2017-02-05,Karnataka,198.5,209.4,190.7,205.57142857142858,6,Sunday,2,2017,1,1406,,0,27.8,14.3,0.0
2017-02-06,Karnataka,,198.5,200.8,206.68571428571428,0,Monday,2,2017,0,1407,,0,28.4,13.8,0.0
2017-02-07,Karnataka,211.7,,208.3,,1,Tuesday,2,2017,0,1408,,0,29.4,14.1,0.0
2017-02-08,Karnataka,212.8,211.7,208.1,,2,Wednesday,2,2017,0,1409,,0,29.8,16.2,0.0
2017-02-09,Karnataka,214.9,212.8,210.3,,3,Thursday,2,2017,0,1410,,0,29.7,15.0,0.0
2017-02-10,Karnataka,214.9,214.9,211.4,,4,Friday,2,2017,0,1411,,0,30.0,14.9,0.0
2017-02-11,Karnataka,,214.9,209.4,,5,Saturday,2,2017,1,1412,,0,29.5,13.7,0.0
2017-02-12,Karnataka,,,198.5,,6,Sunday,2,2017,1,1413,,0,28.2,14.0,0.0
2017-02-13,Karnataka,,,,,0,Monday,2,2017,0,1414,,0,27.7,14.4,0.0
2017-02-14,Karnataka,,,211.7,,1,Tuesday,2,2017,0,1415,,0,27.8,15.5,0.1
2017-02-15,Karnataka,,,212.8,,2,Wednesday,2,2017,0,1416,,0,29.1,16.4,0.0
2017-02-16,Karnataka,,,214.9,,3,Thursday,2,2017,0,1417,,0,28.5,14.9,0.0
2017-02-17,Karnataka,,,214.9,,4,Friday,2,2017,0,1418,,0,29.0,13.7,0.0
2017-02-18,Karnataka,,,,,5,Saturday,2,2017,1,1419,,0,29.8,15.7,0.0
2017-02-19,Karnataka,,,,,6,Sunday,2,2017,1,1420,,0,31.1,15.6,0.0
2017-02-20,Karnataka,211.5,,,,0,Monday,2,2017,0,1421,,0,31.3,16.1,0.0
2017-02-21,Karnataka,213.8,211.5,,,1,Tuesday,2,2017,0,1422,,0,32.6,17.1,0.0
2017-02-22,Karnataka,217.7,213.8,,,2,Wednesday,2,2017,0,1423,,0,32.7,18.4,0.0
2017-02-23,Karnataka,219.9,217.7,,,3,Thursday,2,2017,0,1424,,0,33.1,18.1,0.0
2017-02-24,Karnataka,221.6,219.9,,,4,Friday,2,2017,0,1425,Maha Shivaratri,1,33.3,18.2,0.0
2017-02-25,Karnataka,209.0,221.6,,,5,Saturday,2,2017,1,1426,,0,33.3,17.8,0.0
2017-02-26,Karnataka,199.0,209.0,,,6,Sunday,2,2017,1,1427,,0,32.2,18.1,0.0
2017-02-27,Karnataka,210.8,199.0,211.5,213.21428571428572,0,Monday,2,2017,0,1428,,0,30.9,17.8,0.0
2017-02-28,Karnataka,,210.8,213.8,213.1142857142857,1,Tuesday,2,2017,0,1429,,0,30.9,16.3,0.0
2017-03-01,Karnataka,215.5,,217.7,,2,Wednesday,3,2017,0,1430,,0,31.1,17.0,0.0
2017-03-02,Karnataka,,215.5,219.9,,3,Thursday,3,2017,0,1431,,0,31.5,15.2,0.0
2017-03-03,Karnataka,221.8,,221.6,,4,Friday,3,2017,0,1432,,0,30.8,17.6,0.0
2017-03-04,Karnataka,224.5,221.8,209.0,,5,Saturday,3,2017,1,1433,,0,31.7,20.3,0.0
2017-03-05,Karnataka,211.4,224.5,199.0,,6,Sunday,3,2017,1,1434,,0,30.5,20.8,0.2
2017-03-06,Karnataka,217.8,211.4,210.8,,0,Monday,3,2017,0,1435,,0,29.0,20.5,12.1
2017-03-07,Karnataka,214.3,217.8,,,1,Tuesday,3,2017,0,1436,,0,30.1,20.4,1.0
2017-03-08,Karnataka,212.5,214.3,215.5,,2,Wednesday,3,2017,0,1437,,0,31.7,20.9,0.4
2017-03-09,Karnataka,217.3,212.5,,,3,Thursday,3,2017,0,1438,,0,32.0,20.8,0.0
2017-03-10,Karnataka,214.4,217.3,221.8,217.08571428571432,4,Friday,3,2017,0,1439,,0,33.1,20.9,0.0
2017-03-11,Karnataka,216.8,214.4,224.5,216.02857142857147,5,Saturday,3,2017,1,1440,,0,32.4,19.5,0.0
2017-03-12,Karnataka,209.3,216.8,211.4,214.92857142857147,6,Sunday,3,2017,1,1441,,0,33.6,19.4,0.0
2017-03-13,Karnataka,215.3,209.3,217.8,214.62857142857143,0,Monday,3,2017,0,1442,Holi,1,32.9,20.0,1.1
2017-03-14,Karnataka,217.0,215.3,214.3,214.27142857142857,1,Tuesday,3,2017,0,1443,,0,27.9,20.1,9.3
2017-03-15,Karnataka,,217.0,212.5,214.65714285714284,2,Wednesday,3,2017,0,1444,,0,29.7,20.5,1.0
2017-03-16,Karnataka,205.0,,217.3,,3,Thursday,3,2017,0,1445,,0,32.3,19.9,0.0
2017-03-17,Karnataka,,205.0,214.4,,4,Friday,3,2017,0,1446,,0,31.5,19.8,1.0
2017-03-18,Karnataka,,,216.8,,5,Saturday,3,2017,1,1447,,0,33.4,20.2,0.0
2017-03-19,Karnataka,,,209.3,,6,Sunday,3,2017,1,1448,,0,33.9,20.8,0.0
2017-03-20,Karnataka,,,215.3,,0,Monday,3,2017,0,1449,,0,31.6,21.8,0.2
2017-03-21,Karnataka,,,217.0,,1,Tuesday,3,2017,0,1450,,0,31.3,21.4,2.3
2017-03-22,Karnataka,,,,,2,Wednesday,3,2017,0,1451,,0,33.4,20.3,0.4
2017-03-23,Karnataka,,,205.0,,3,Thursday,3,2017,0,1452,,0,33.7,19.3,0.0
2017-03-24,Karnataka,224.6,,,,4,Friday,3,2017,0,1453,,0,34.4,18.8,0.0
2017-03-25,Karnataka,224.9,224.6,,,5,Saturday,3,2017,1,1454,,0,34.8,18.7,0.0
2017-03-26,Karnataka,213.5,224.9,,,6,Sunday,3,2017,1,1455,,0,35.4,19.5,0.0
2017-03-27,Karnataka,216.5,213.5,,,0,Monday,3,2017,0,1456,,0,34.8,20.7,0.0
2017-03-28,Karnataka,229.2,216.5,,,1,Tuesday,3,2017,0,1457,Ugadi,1,34.9,20.0,0.0
2017-03-29,Karnataka,,229.2,,,2,Wednesday,3,2017,0,1458,,0,35.3,20.4,0.0
2017-03-30,Karnataka,219.4,,,,3,Thursday,3,2017,0,1459,,0,34.9,20.7,0.0
2017-03-31,Karnataka,227.9,219.4,224.6,,4,Friday,3,2017,0,1460,,0,34.8,20.8,0.0
2017-04-01,Karnataka,225.6,227.9,224.9,,5,Saturday,4,2017,1,1461,,0,35.3,20.8,0.0
2017-04-02,Karnataka,214.7,225.6,213.5,,6,Sunday,4,2017,1,1462,,0,35.7,21.4,0.5
2017-04-03,Karnataka,221.4,214.7,216.5,,0,Monday,4,2017,0,1463,,0,35.1,21.9,0.0
2017-04-04,Karnataka,222.4,221.4,229.2,,1,Tuesday,4,2017,0,1464,Ram Navami,1,33.1,21.7,0.7
2017-04-05,Karnataka,234.1,222.4,,,2,Wednesday,4,2017,0,1465,,0,32.9,22.5,4.1
2017-04-06,Karnataka,214.4,234.1,219.4,223.64285714285714,3,Thursday,4,2017,0,1466,,0,33.4,22.5,0.1
2017-04-07,Karnataka,214.2,214.4,227.9,222.92857142857142,4,Friday,4,2017,0,1467,,0,32.1,22.8,0.4
2017-04-08,Karnataka,214.0,214.2,225.6,220.97142857142856,5,Saturday,4,2017,1,1468,,0,33.6,22.7,0.3
2017-04-09,Karnataka,202.1,214.0,214.7,219.31428571428572,6,Sunday,4,2017,1,1469,Mahavir Jayanti,1,34.8,23.0,0.0
2017-04-10,Karnataka,215.3,202.1,221.4,217.5142857142857,0,Monday,4,2017,0,1470,,0,34.9,21.7,0.0
2017-04-11,Karnataka,212.8,215.3,222.4,216.64285714285714,1,Tuesday,4,2017,0,1471,,0,34.5,22.7,0.0
2017-04-12,Karnataka,215.3,212.8,234.1,215.27142857142857,2,Wednesday,4,2017,0,1472,,0,35.4,22.8,0.0
2017-04-13,Karnataka,217.8,215.3,214.4,212.58571428571426,3,Thursday,4,2017,0,1473,,0,35.1,22.1,0.0
2017-04-14,Karnataka,215.9,217.8,214.2,213.07142857142858,4,Friday,4,2017,0,1474,Dr. B. R. Ambedkar's Jayanti; Good Friday,1,35.0,21.2,0.0
2017-04-15,Karnataka,,215.9,214.0,213.31428571428572,5,Saturday,4,2017,1,1475,,0,35.0,21.1,0.0
2017-04-16,Karnataka,198.0,,202.1,,6,Sunday,4,2017,1,1476,,0,33.5,22.0,0.0
2017-04-17,Karnataka,198.5,198.0,215.3,,0,Monday,4,2017,0,1477,,0,33.7,22.1,1.2
2017-04-18,Karnataka,211.2,198.5,212.8,,1,Tuesday,4,2017,0,1478,,0,35.1,21.6,0.0
2017-04-19,Karnataka,214.2,211.2,215.3,,2,Wednesday,4,2017,0,1479,,0,33.0,22.1,0.0
2017-04-20,Karnataka,210.4,214.2,217.8,,3,Thursday,4,2017,0,1480,,0,33.1,22.8,0.0
2017-04-21,Karnataka,204.3,210.4,215.9,,4,Friday,4,2017,0,1481,,0,30.8,22.9,2.7
2017-04-22,Karnataka,205.1,204.3,,,5,Saturday,4,2017,1,1482,,0,32.9,21.8,0.1
2017-04-23,Karnataka,198.0,205.1,198.0,205.95714285714286,6,Sunday,4,2017,1,1483,,0,34.3,21.4,0.0
2017-04-24,Karnataka,214.6,198.0,198.5,205.95714285714286,0,Monday,4,2017,0,1484,,0,34.1,21.6,0.1
2017-04-25,Karnataka,212.2,214.6,211.2,208.25714285714284,1,Tuesday,4,2017,0,1485,,0,33.9,21.5,0.3
2017-04-26,Karnataka,213.8,212.2,214.2,208.4,2,Wednesday,4,2017,0,1486,,0,33.7,21.9,0.0
2017-04-27,Karnataka,214.3,213.8,210.4,208.34285714285713,3,Thursday,4,2017,0,1487,,0,32.5,22.3,0.5
2017-04-28,Karnataka,208.3,214.3,204.3,208.90000000000003,4,Friday,4,2017,0,1488,,0,32.8,22.2,2.0
2017-04-29,Karnataka,192.6,208.3,205.1,209.47142857142856,5,Saturday,4,2017,1,1489,,0,33.2,21.5,0.7
2017-04-30,Karnataka,183.6,192.6,198.0,207.68571428571428,6,Sunday,4,2017,1,1490,,0,31.9,21.6,0.3
2017-05-01,Karnataka,178.2,183.6,214.6,205.62857142857143,0,Monday,5,2017,0,1491,,0,33.1,20.7,1.0
2017-05-02,Karnataka,192.8,178.2,212.2,200.42857142857142,1,Tuesday,5,2017,0,1492,,0,31.7,21.0,0.3
2017-05-03,Karnataka,200.4,192.8,213.8,197.65714285714284,2,Wednesday,5,2017,0,1493,,0,31.6,22.4,1.9
2017-05-04,Karnataka,205.2,200.4,214.3,195.74285714285716,3,Thursday,5,2017,0,1494,,0,33.8,21.8,0.0
2017-05-05,Karnataka,207.5,205.2,208.3,194.44285714285715,4,Friday,5,2017,0,1495,,0,34.1,22.0,0.1
2017-05-06,Karnataka,196.7,207.5,192.6,194.32857142857142,5,Saturday,5,2017,1,1496,,0,34.2,22.8,0.3
2017-05-07,Karnataka,160.0,196.7,183.6,194.91428571428574,6,Sunday,5,2017,1,1497,,0,34.5,22.5,0.6
2017-05-08,Karnataka,168.0,160.0,178.2,191.54285714285717,0,Monday,5,2017,0,1498,,0,32.8,21.7,0.0
2017-05-09,Karnataka,179.8,168.0,192.8,190.08571428571432,1,Tuesday,5,2017,0,1499,,0,32.3,22.6,3.5
2017-05-10,Karnataka,182.9,179.8,200.4,188.22857142857146,2,Wednesday,5,2017,0,1500,Buddha Purnima,1,32.2,21.6,1.4
2017-05-11,Karnataka,182.0,182.9,205.2,185.72857142857143,3,Thursday,5,2017,0,1501,,0,30.8,22.1,4.1
2017-05-12,Karnataka,188.4,182.0,207.5,182.41428571428574,4,Friday,5,2017,0,1502,,0,30.9,22.4,1.5
2017-05-13,Karnataka,190.7,188.4,196.7,179.68571428571428,5,Saturday,5,2017,1,1503,,0,32.6,21.6,0.5
2017-05-14,Karnataka,168.9,190.7,160.0,178.82857142857142,6,Sunday,5,2017,1,1504,,0,33.9,22.5,3.5
2017-05-15,Karnataka,161.2,168.9,168.0,180.09999999999997,0,Monday,5,2017,0,1505,,0,32.4,21.7,4.4
2017-05-16,Karnataka,182.6,161.2,179.8,179.1285714285714,1,Tuesday,5,2017,0,1506,,0,32.5,21.6,0.9
2017-05-17,Karnataka,177.1,182.6,182.9,179.52857142857144,2,Wednesday,5,2017,0,1507,,0,32.8,21.8,0.5
2017-05-18,Karnataka,178.2,177.1,182.0,178.70000000000002,3,Thursday,5,2017,0,1508,,0,33.3,22.1,36.1
2017-05-19,Karnataka,163.9,178.2,188.4,178.15714285714287,4,Friday,5,2017,0,1509,,0,30.6,20.8,1.2
2017-05-20,Karnataka,172.9,163.9,190.7,174.65714285714284,5,Saturday,5,2017,1,1510,,0,30.6,22.0,4.9
2017-05-21,Karnataka,,172.9,168.9,172.1142857142857,6,Sunday,5,2017,1,1511,,0,28.4,22.1,5.1
2017-05-22,Karnataka,175.1,,161.2,,0,Monday,5,2017,0,1512,,0,31.3,22.3,9.6
2017-05-23,Karnataka,171.6,175.1,182.6,,1,Tuesday,5,2017,0,1513,,0,31.3,21.7,1.0
2017-05-24,Karnataka,167.2,171.6,177.1,,2,Wednesday,5,2017,0,1514,,0,32.4,22.9,2.1
2017-05-25,Karnataka,175.2,167.2,178.2,,3,Thursday,5,2017,0,1515,,0,31.2,22.3,1.0
2017-05-26,Karnataka,175.7,175.2,163.9,,4,Friday,5,2017,0,1516,,0,31.0,22.6,3.7
2017-05-27,Karnataka,150.0,175.7,172.9,,5,Saturday,5,2017,1,1517,,0,31.8,22.3,10.2
2017-05-28,Karnataka,143.7,150.0,,,6,Sunday,5,2017,1,1518,,0,30.1,21.7,9.6
2017-05-29,Karnataka,160.5,143.7,175.1,165.5,0,Monday,5,2017,0,1519,,0,30.8,20.9,0.0
2017-05-30,Karnataka,163.1,160.5,171.6,163.41428571428568,1,Tuesday,5,2017,0,1520,,0,30.1,20.6,0.1
2017-05-31,Karnataka,175.2,163.1,167.2,162.20000000000002,2,Wednesday,5,2017,0,1521,,0,28.7,20.4,0.9
2017-06-01,Karnataka,183.9,175.2,175.2,163.34285714285713,3,Thursday,6,2017,0,1522,,0,29.6,20.4,0.5
2017-06-02,Karnataka,188.0,183.9,175.7,164.58571428571426,4,Friday,6,2017,0,1523,,0,29.9,21.4,0.6
2017-06-03,Karnataka,180.3,188.0,150.0,166.34285714285716,5,Saturday,6,2017,1,1524,,0,28.3,21.6,1.4
2017-06-04,Karnataka,170.6,180.3,143.7,170.67142857142858,6,Sunday,6,2017,1,1525,,0,30.6,20.8,2.4
2017-06-05,Karnataka,182.3,170.6,160.5,174.5142857142857,0,Monday,6,2017,0,1526,,0,30.7,20.8,3.6
2017-06-06,Karnataka,179.3,182.3,163.1,177.6285714285714,1,Tuesday,6,2017,0,1527,,0,29.7,20.7,7.3
2017-06-07,Karnataka,164.3,179.3,175.2,179.94285714285715,2,Wednesday,6,2017,0,1528,,0,23.8,20.6,11.5
2017-06-08,Karnataka,166.3,164.3,183.9,178.3857142857143,3,Thursday,6,2017,0,1529,,0,25.2,20.0,2.2
2017-06-09,Karnataka,166.8,166.3,188.0,175.8714285714286,4,Friday,6,2017,0,1530,,0,25.9,19.8,8.2
2017-06-10,Karnataka,159.8,166.8,180.3,172.84285714285713,5,Saturday,6,2017,1,1531,,0,26.7,20.0,1.1
2017-06-11,Karnataka,145.6,159.8,170.6,169.91428571428574,6,Sunday,6,2017,1,1532,,0,25.3,20.2,3.5
2017-06-12,Karnataka,150.0,145.6,182.3,166.34285714285716,0,Monday,6,2017,0,1533,,0,27.0,20.6,5.3
2017-06-13,Karnataka,157.7,150.0,179.3,161.72857142857143,1,Tuesday,6,2017,0,1534,,0,27.1,21.1,8.3
2017-06-14,Karnataka,168.7,157.7,164.3,158.64285714285714,2,Wednesday,6,2017,0,1535,,0,28.5,20.6,1.2
2017-06-15,Karnataka,169.6,168.7,166.3,159.27142857142857,3,Thursday,6,2017,0,1536,,0,27.9,20.1,2.2
2017-06-16,Karnataka,,169.6,166.8,159.74285714285716,4,Friday,6,2017,0,1537,,0,27.8,20.4,7.7
2017-06-17,Karnataka,158.9,,159.8,,5,Saturday,6,2017,1,1538,,0,28.0,20.1,1.0
2017-06-18,Karnataka,150.1,158.9,145.6,,6,Sunday,6,2017,1,1539,,0,28.0,19.7,2.4
2017-06-19,Karnataka,161.1,150.1,150.0,,0,Monday,6,2017,0,1540,,0,27.5,20.0,1.5
2017-06-20,Karnataka,165.2,161.1,157.7,,1,Tuesday,6,2017,0,1541,,0,26.7,20.2,2.0
2017-06-21,Karnataka,168.9,165.2,168.7,,2,Wednesday,6,2017,0,1542,,0,26.8,19.8,1.2
2017-06-22,Karnataka,172.5,168.9,169.6,,3,Thursday,6,2017,0,1543,,0,27.9,19.2,1.9
2017-06-23,Karnataka,171.2,172.5,,,4,Friday,6,2017,0,1544,,0,26.6,20.0,2.5
2017-06-24,Karnataka,164.2,171.2,158.9,163.98571428571427,5,Saturday,6,2017,1,1545,,0,26.5,20.9,3.8
2017-06-25,Karnataka,146.5,164.2,150.1,164.74285714285716,6,Sunday,6,2017,1,1546,,0,27.5,20.7,2.2
2017-06-26,Karnataka,150.4,146.5,161.1,164.22857142857143,0,Monday,6,2017,0,1547,Id-ul-Fitr,1,25.9,20.6,1.1
2017-06-27,Karnataka,155.2,150.4,165.2,162.70000000000002,1,Tuesday,6,2017,0,1548,,0,24.6,20.3,3.8
2017-06-28,Karnataka,155.4,155.2,168.9,161.27142857142857,2,Wednesday,6,2017,0,1549,,0,25.8,19.6,1.3
2017-06-29,Karnataka,167.3,155.4,172.5,159.34285714285716,3,Thursday,6,2017,0,1550,,0,27.8,20.7,1.8
2017-06-30,Karnataka,170.7,167.3,171.2,158.6,4,Friday,6,2017,0,1551,,0,27.4,20.1,0.5
2017-07-01,Karnataka,166.5,170.7,164.2,158.52857142857144,5,Saturday,7,2017,1,1552,,0,27.9,20.0,0.6
2017-07-02,Karnataka,159.4,166.5,146.5,158.85714285714286,6,Sunday,7,2017,1,1553,,0,27.5,20.6,0.1
2017-07-03,Karnataka,173.7,159.4,150.4,160.70000000000002,0,Monday,7,2017,0,1554,,0,28.0,20.6,1.0
2017-07-04,Karnataka,173.9,173.7,155.2,164.0285714285714,1,Tuesday,7,2017,0,1555,,0,28.9,20.2,0.0
2017-07-05,Karnataka,,173.9,155.4,166.70000000000002,2,Wednesday,7,2017,0,1556,,0,28.0,19.8,0.7
2017-07-06,Karnataka,179.0,,167.3,,3,Thursday,7,2017,0,1557,,0,27.0,19.8,1.8
2017-07-07,Karnataka,182.0,179.0,170.7,,4,Friday,7,2017,0,1558,,0,26.9,20.1,3.1
2017-07-08,Karnataka,181.0,182.0,166.5,,5,Saturday,7,2017,1,1559,,0,25.8,19.9,1.6
2017-07-09,Karnataka,173.0,181.0,159.4,,6,Sunday,7,2017,1,1560,,0,27.3,20.3,1.9
2017-07-10,Karnataka,185.0,173.0,173.7,,0,Monday,7,2017,0,1561,,0,28.6,19.2,0.5
2017-07-11,Karnataka,184.0,185.0,173.9,,1,Tuesday,7,2017,0,1562,,0,28.4,19.7,7.7
2017-07-12,Karnataka,179.0,184.0,,,2,Wednesday,7,2017,0,1563,,0,29.6,20.6,1.1
2017-07-13,Karnataka,177.0,179.0,179.0,180.42857142857142,3,Thursday,7,2017,0,1564,,0,26.3,19.7,2.1
2017-07-14,Karnataka,174.0,177.0,182.0,180.14285714285714,4,Friday,7,2017,0,1565,,0,28.4,19.4,0.8
2017-07-15,Karnataka,169.0,174.0,181.0,179.0,5,Saturday,7,2017,1,1566,,0,25.8,20.0,14.5
2017-07-16,Karnataka,155.0,169.0,173.0,177.28571428571428,6,Sunday,7,2017,1,1567,,0,27.6,18.9,1.6
2017-07-17,Karnataka,169.0,155.0,185.0,174.71428571428572,0,Monday,7,2017,0,1568,,0,27.0,20.4,0.5
2017-07-18,Karnataka,168.0,169.0,184.0,172.42857142857142,1,Tuesday,7,2017,0,1569,,0,24.9,20.9,4.8
2017-07-19,Karnataka,159.0,168.0,179.0,170.14285714285714,2,Wednesday,7,2017,0,1570,,0,26.4,20.6,3.8
2017-07-20,Karnataka,154.0,159.0,177.0,167.28571428571428,3,Thursday,7,2017,0,1571,,0,28.0,20.7,0.4
2017-07-21,Karnataka,164.0,154.0,174.0,164.0,4,Friday,7,2017,0,1572,,0,28.7,20.2,1.7
2017-07-22,Karnataka,167.0,164.0,169.0,162.57142857142858,5,Saturday,7,2017,1,1573,,0,28.4,20.2,1.5
2017-07-23,Karnataka,162.0,167.0,155.0,162.28571428571428,6,Sunday,7,2017,1,1574,,0,28.4,19.4,0.7
2017-07-24,Karnataka,176.0,162.0,169.0,163.28571428571428,0,Monday,7,2017,0,1575,,0,28.3,19.6,0.1
2017-07-25,Karnataka,184.0,176.0,168.0,164.28571428571428,1,Tuesday,7,2017,0,1576,,0,29.1,19.9,0.3
2017-07-26,Karnataka,190.0,184.0,159.0,166.57142857142858,2,Wednesday,7,2017,0,1577,,0,29.1,19.8,0.6
2017-07-27,Karnataka,192.0,190.0,154.0,171.0,3,Thursday,7,2017,0,1578,,0,28.5,19.6,0.2
2017-07-28,Karnataka,192.0,192.0,164.0,176.42857142857142,4,Friday,7,2017,0,1579,,0,30.0,20.2,2.5
2017-07-29,Karnataka,189.0,192.0,167.0,180.42857142857142,5,Saturday,7,2017,1,1580,,0,29.9,20.4,2.4
2017-07-30,Karnataka,179.0,189.0,162.0,183.57142857142858,6,Sunday,7,2017,1,1581,,0,30.3,20.5,4.1
2017-07-31,Karnataka,194.0,179.0,176.0,186.0,0,Monday,7,2017,0,1582,,0,29.5,20.7,3.4
2017-08-01,Karnataka,196.0,194.0,184.0,188.57142857142858,1,Tuesday,8,2017,0,1583,,0,30.4,21.1,0.0
2017-08-02,Karnataka,199.0,196.0,190.0,190.28571428571428,2,Wednesday,8,2017,0,1584,,0,31.0,20.6,0.1
2017-08-03,Karnataka,204.0,199.0,192.0,191.57142857142858,3,Thursday,8,2017,0,1585,,0,28.1,20.2,2.9
2017-08-04,Karnataka,193.0,204.0,192.0,193.28571428571428,4,Friday,8,2017,0,1586,,0,26.9,20.7,3.8
2017-08-05,Karnataka,186.0,193.0,189.0,193.42857142857142,5,Saturday,8,2017,1,1587,,0,27.6,20.8,1.0
2017-08-06,Karnataka,187.0,186.0,179.0,193.0,6,Sunday,8,2017,1,1588,,0,27.1,20.7,1.9
2017-08-07,Karnataka,192.0,187.0,194.0,194.14285714285714,0,Monday,8,2017,0,1589,,0,29.3,20.2,3.6
2017-08-08,Karnataka,199.0,192.0,196.0,193.85714285714286,1,Tuesday,8,2017,0,1590,,0,29.3,20.5,3.2
2017-08-09,Karnataka,195.0,199.0,199.0,194.28571428571428,2,Wednesday,8,2017,0,1591,,0,29.2,20.3,9.9
2017-08-10,Karnataka,184.0,195.0,204.0,193.71428571428572,3,Thursday,8,2017,0,1592,,0,27.0,20.3,3.9
2017-08-11,Karnataka,184.0,184.0,193.0,190.85714285714286,4,Friday,8,2017,0,1593,,0,26.7,20.7,2.3
2017-08-12,Karnataka,172.0,184.0,186.0,189.57142857142858,5,Saturday,8,2017,1,1594,,0,28.0,20.5,0.7
2017-08-13,Karnataka,164.0,172.0,187.0,187.57142857142858,6,Sunday,8,2017,1,1595,,0,26.1,20.5,2.9
2017-08-14,Karnataka,181.0,164.0,192.0,184.28571428571428,0,Monday,8,2017,0,1596,,0,28.6,19.9,0.8
2017-08-15,Karnataka,164.0,181.0,199.0,182.71428571428572,1,Tuesday,8,2017,0,1597,Independence Day,1,27.0,19.6,13.2
2017-08-16,Karnataka,171.0,164.0,195.0,177.71428571428572,2,Wednesday,8,2017,0,1598,,0,28.2,20.1,12.4
2017-08-17,Karnataka,175.0,171.0,184.0,174.28571428571428,3,Thursday,8,2017,0,1599,,0,26.4,19.7,5.1
2017-08-18,Karnataka,176.0,175.0,184.0,173.0,4,Friday,8,2017,0,1600,,0,24.3,20.2,12.0
2017-08-19,Karnataka,164.0,176.0,172.0,171.85714285714286,5,Saturday,8,2017,1,1601,,0,25.5,19.8,2.6
2017-08-20,Karnataka,145.0,164.0,164.0,170.71428571428572,6,Sunday,8,2017,1,1602,,0,24.2,19.9,4.0
2017-08-21,Karnataka,161.0,145.0,181.0,168.0,0,Monday,8,2017,0,1603,,0,25.5,19.8,14.2
2017-08-22,Karnataka,167.0,161.0,164.0,165.14285714285714,1,Tuesday,8,2017,0,1604,,0,25.2,20.6,5.1
2017-08-23,Karnataka,171.0,167.0,171.0,165.57142857142858,2,Wednesday,8,2017,0,1605,,0,26.4,20.0,15.3
2017-08-24,Karnataka,170.0,171.0,175.0,165.57142857142858,3,Thursday,8,2017,0,1606,,0,25.6,20.0,6.2
2017-08-25,Karnataka,147.0,170.0,176.0,164.85714285714286,4,Friday,8,2017,0,1607,,0,26.3,20.2,12.3
2017-08-26,Karnataka,151.0,147.0,164.0,160.71428571428572,5,Saturday,8,2017,1,1608,,0,26.2,19.8,3.9
2017-08-27,Karnataka,141.0,151.0,145.0,158.85714285714286,6,Sunday,8,2017,1,1609,,0,23.9,20.4,15.6
2017-08-28,Karnataka,150.0,141.0,161.0,158.28571428571428,0,Monday,8,2017,0,1610,,0,23.3,20.3,3.2
2017-08-29,Karnataka,148.0,150.0,167.0,156.71428571428572,1,Tuesday,8,2017,0,1611,,0,23.1,19.9,6.7
2017-08-30,Karnataka,155.0,148.0,171.0,154.0,2,Wednesday,8,2017,0,1612,,0,27.6,19.8,3.0
2017-08-31,Karnataka,164.0,155.0,170.0,151.71428571428572,3,Thursday,8,2017,0,1613,,0,27.5,19.7,0.2
2017-09-01,Karnataka,170.0,164.0,147.0,150.85714285714286,4,Friday,9,2017,0,1614,,0,28.0,20.3,1.7
2017-09-02,Karnataka,169.0,170.0,151.0,154.14285714285714,5,Saturday,9,2017,1,1615,Id-ul-Zuha (Bakrid),1,27.9,20.5,12.2
2017-09-03,Karnataka,158.0,169.0,141.0,156.71428571428572,6,Sunday,9,2017,1,1616,,0,27.3,19.9,12.8
2017-09-04,Karnataka,175.0,158.0,150.0,159.14285714285714,0,Monday,9,2017,0,1617,,0,27.6,19.6,4.9
2017-09-05,Karnataka,176.0,175.0,148.0,162.71428571428572,1,Tuesday,9,2017,0,1618,,0,27.7,20.0,8.9
2017-09-06,Karnataka,165.0,176.0,155.0,166.71428571428572,2,Wednesday,9,2017,0,1619,,0,27.4,19.8,20.7
2017-09-07,Karnataka,157.0,165.0,164.0,168.14285714285714,3,Thursday,9,2017,0,1620,,0,27.1,19.8,26.4
2017-09-08,Karnataka,151.0,157.0,170.0,167.14285714285714,4,Friday,9,2017,0,1621,,0,27.8,19.4,33.6
2017-09-09,Karnataka,148.0,151.0,169.0,164.42857142857142,5,Saturday,9,2017,1,1622,,0,27.5,19.6,25.0
2017-09-10,Karnataka,134.0,148.0,158.0,161.42857142857142,6,Sunday,9,2017,1,1623,,0,27.1,19.7,2.1
2017-09-11,Karnataka,152.0,134.0,175.0,158.0,0,Monday,9,2017,0,1624,,0,27.7,21.0,0.5
2017-09-12,Karnataka,162.0,152.0,176.0,154.71428571428572,1,Tuesday,9,2017,0,1625,,0,28.0,21.2,1.7
2017-09-13,Karnataka,164.0,162.0,165.0,152.71428571428572,2,Wednesday,9,2017,0,1626,,0,29.2,21.2,0.3
2017-09-14,Karnataka,154.4,164.0,157.0,152.57142857142858,3,Thursday,9,2017,0,1627,,0,28.8,20.9,1.9
2017-09-15,Karnataka,149.3,154.4,151.0,152.20000000000002,4,Friday,9,2017,0,1628,,0,26.7,19.9,1.0
2017-09-16,Karnataka,146.7,149.3,148.0,151.95714285714286,5,Saturday,9,2017,1,1629,,0,25.0,20.0,3.4
2017-09-17,Karnataka,126.6,146.7,134.0,151.77142857142857,6,Sunday,9,2017,1,1630,,0,25.9,19.9,9.1
2017-09-18,Karnataka,130.7,126.6,152.0,150.71428571428572,0,Monday,9,2017,0,1631,,0,24.4,19.5,1.3
2017-09-19,Karnataka,138.1,130.7,162.0,147.67142857142858,1,Tuesday,9,2017,0,1632,,0,26.8,19.7,1.3
2017-09-20,Karnataka,145.5,138.1,164.0,144.25714285714284,2,Wednesday,9,2017,0,1633,,0,27.4,18.8,0.1
2017-09-21,Karnataka,159.8,145.5,154.4,141.6142857142857,3,Thursday,9,2017,0,1634,,0,24.8,18.1,0.7
2017-09-22,Karnataka,163.6,159.8,149.3,142.38571428571427,4,Friday,9,2017,0,1635,,0,27.2,19.1,0.0
2017-09-23,Karnataka,168.0,163.6,146.7,144.42857142857142,5,Saturday,9,2017,1,1636,,0,27.1,19.0,0.6
2017-09-24,Karnataka,158.4,168.0,126.6,147.47142857142856,6,Sunday,9,2017,1,1637,,0,27.2,20.3,19.2
2017-09-25,Karnataka,148.9,158.4,130.7,152.0142857142857,0,Monday,9,2017,0,1638,,0,25.8,19.4,10.6
2017-09-26,Karnataka,151.2,148.9,138.1,154.6142857142857,1,Tuesday,9,2017,0,1639,,0,25.5,19.9,12.4
2017-09-27,Karnataka,142.2,151.2,145.5,156.4857142857143,2,Wednesday,9,2017,0,1640,,0,26.4,19.2,17.0
2017-09-28,Karnataka,136.2,142.2,159.8,156.01428571428573,3,Thursday,9,2017,0,1641,,0,25.4,19.6,10.8
2017-09-29,Karnataka,123.0,136.2,163.6,152.64285714285714,4,Friday,9,2017,0,1642,,0,25.9,20.0,1.6
2017-09-30,Karnataka,115.2,123.0,168.0,146.84285714285713,5,Saturday,9,2017,1,1643,Dussehra,1,25.8,19.8,3.2
2017-10-01,Karnataka,113.1,115.2,158.4,139.29999999999998,6,Sunday,10,2017,1,1644,Muharram,1,26.6,19.5,9.7
2017-10-02,Karnataka,114.9,113.1,148.9,132.82857142857142,0,Monday,10,2017,0,1645,Mahatma Gandhi's Jayanti,1,25.9,19.7,1.2
2017-10-03,Karnataka,132.7,114.9,151.2,127.97142857142856,1,Tuesday,10,2017,0,1646,,0,26.9,19.8,0.7
2017-10-04,Karnataka,141.0,132.7,142.2,125.32857142857142,2,Wednesday,10,2017,0,1647,,0,26.2,20.0,5.9
2017-10-05,Karnataka,141.4,141.0,136.2,125.15714285714286,3,Thursday,10,2017,0,1648,,0,27.2,19.8,7.5
2017-10-06,Karnataka,141.7,141.4,123.0,125.89999999999999,4,Friday,10,2017,0,1649,,0,25.9,19.7,6.9
2017-10-07,Karnataka,137.7,141.7,115.2,128.57142857142858,5,Saturday,10,2017,1,1650,,0,26.8,19.1,7.9
2017-10-08,Karnataka,127.5,137.7,113.1,131.78571428571428,6,Sunday,10,2017,1,1651,,0,27.4,20.5,3.4
2017-10-09,Karnataka,139.6,127.5,114.9,133.84285714285713,0,Monday,10,2017,0,1652,,0,26.7,19.8,7.9
2017-10-10,Karnataka,141.5,139.6,132.7,137.37142857142857,1,Tuesday,10,2017,0,1653,,0,27.3,20.2,7.7
2017-10-11,Karnataka,140.3,141.5,141.0,138.62857142857143,2,Wednesday,10,2017,0,1654,,0,27.2,19.7,21.2
2017-10-12,Karnataka,138.4,140.3,141.4,138.52857142857144,3,Thursday,10,2017,0,1655,,0,27.5,20.0,29.7
2017-10-13,Karnataka,141.8,138.4,141.7,138.1,4,Friday,10,2017,0,1656,,0,27.3,19.3,8.9
2017-10-14,Karnataka,133.4,141.8,137.7,138.1142857142857,5,Saturday,10,2017,1,1657,,0,25.2,20.3,2.8
2017-10-15,Karnataka,120.3,133.4,127.5,137.5,6,Sunday,10,2017,1,1658,,0,24.9,20.4,8.6
2017-10-16,Karnataka,134.4,120.3,139.6,136.4714285714286,0,Monday,10,2017,0,1659,,0,26.1,19.4,2.7
2017-10-17,Karnataka,141.0,134.4,141.5,135.72857142857143,1,Tuesday,10,2017,0,1660,,0,25.5,19.5,0.2
2017-10-18,Karnataka,140.9,141.0,140.3,135.65714285714287,2,Wednesday,10,2017,0,1661,,0,26.5,18.4,0.5
2017-10-19,Karnataka,137.4,140.9,138.4,135.74285714285713,3,Thursday,10,2017,0,1662,Diwali (Deepavali),1,28.0,16.8,0.0
2017-10-20,Karnataka,132.9,137.4,141.8,135.6,4,Friday,10,2017,0,1663,,0,26.6,16.9,0.0
2017-10-21,Karnataka,138.5,132.9,133.4,134.32857142857145,5,Saturday,10,2017,1,1664,,0,26.6,18.7,0.7
2017-10-22,Karnataka,137.1,138.5,120.3,135.05714285714288,6,Sunday,10,2017,1,1665,,0,27.7,18.5,0.0
2017-10-23,Karnataka,153.2,137.1,134.4,137.45714285714286,0,Monday,10,2017,0,1666,,0,27.4,16.8,0.0
2017-10-24,Karnataka,162.0,153.2,141.0,140.14285714285714,1,Tuesday,10,2017,0,1667,,0,28.1,16.0,0.0
2017-10-25,Karnataka,165.5,162.0,140.9,143.14285714285714,2,Wednesday,10,2017,0,1668,,0,27.6,19.1,0.7
2017-10-26,Karnataka,167.8,165.5,137.4,146.65714285714284,3,Thursday,10,2017,0,1669,,0,27.2,20.0,0.7
2017-10-27,Karnataka,170.7,167.8,132.9,151.0,4,Friday,10,2017,0,1670,,0,27.0,19.0,1.4
2017-10-28,Karnataka,171.0,170.7,138.5,156.4,5,Saturday,10,2017,1,1671,,0,27.2,18.6,0.0
2017-10-29,Karnataka,164.2,171.0,137.1,161.04285714285714,6,Sunday,10,2017,1,1672,,0,27.0,18.3,0.0
2017-10-30,Karnataka,173.4,164.2,153.2,164.91428571428574,0,Monday,10,2017,0,1673,,0,26.1,17.9,1.4
2017-10-31,Karnataka,178.8,173.4,162.0,167.79999999999998,1,Tuesday,10,2017,0,1674,,0,24.8,18.6,0.4
2017-11-01,Karnataka,168.1,178.8,165.5,170.20000000000002,2,Wednesday,11,2017,0,1675,Karnataka Rajyotsava,1,23.9,18.6,2.5
2017-11-02,Karnataka,182.7,168.1,167.8,170.57142857142858,3,Thursday,11,2017,0,1676,,0,26.7,17.4,0.1
2017-11-03,Karnataka,192.7,182.7,170.7,172.70000000000002,4,Friday,11,2017,0,1677,,0,25.5,18.7,0.0
2017-11-04,Karnataka,186.9,192.7,171.0,175.84285714285716,5,Saturday,11,2017,1,1678,Guru Nanak's Jayanti,1,23.3,17.8,1.8
2017-11-05,Karnataka,172.7,186.9,164.2,178.1142857142857,6,Sunday,11,2017,1,1679,,0,26.0,19.0,3.7
2017-11-06,Karnataka,167.7,172.7,173.4,179.32857142857142,0,Monday,11,2017,0,1680,,0,23.5,19.2,28.3
2017-11-07,Karnataka,163.0,167.7,178.8,178.51428571428573,1,Tuesday,11,2017,0,1681,,0,25.4,17.9,1.8
2017-11-08,Karnataka,180.0,163.0,168.1,176.25714285714284,2,Wednesday,11,2017,0,1682,,0,26.2,18.1,0.0
2017-11-09,Karnataka,185.6,180.0,182.7,177.95714285714286,3,Thursday,11,2017,0,1683,,0,26.0,17.2,0.0
2017-11-10,Karnataka,190.6,185.6,192.7,178.37142857142857,4,Friday,11,2017,0,1684,,0,26.3,15.5,0.0
2017-11-11,Karnataka,186.9,190.6,186.9,178.07142857142858,5,Saturday,11,2017,1,1685,,0,26.1,17.1,0.0
2017-11-12,Karnataka,175.9,186.9,172.7,178.07142857142858,6,Sunday,11,2017,1,1686,,0,26.6,16.2,0.0
2017-11-13,Karnataka,189.0,175.9,167.7,178.52857142857144,0,Monday,11,2017,0,1687,,0,26.3,18.5,0.6
2017-11-14,Karnataka,202.8,189.0,163.0,181.57142857142858,1,Tuesday,11,2017,0,1688,,0,25.2,17.4,0.5
2017-11-15,Karnataka,197.6,202.8,180.0,187.25714285714284,2,Wednesday,11,2017,0,1689,,0,25.6,19.1,3.3
2017-11-16,Karnataka,202.5,197.6,185.6,189.77142857142854,3,Thursday,11,2017,0,1690,,0,25.9,18.8,1.3
2017-11-17,Karnataka,205.2,202.5,190.6,192.18571428571428,4,Friday,11,2017,0,1691,,0,26.5,20.3,0.8
2017-11-18,Karnataka,199.9,205.2,186.9,194.27142857142857,5,Saturday,11,2017,1,1692,,0,26.8,19.4,0.7
2017-11-19,Karnataka,184.1,199.9,175.9,196.12857142857143,6,Sunday,11,2017,1,1693,,0,26.7,19.7,0.4
2017-11-20,Karnataka,192.3,184.1,189.0,197.29999999999998,0,Monday,11,2017,0,1694,,0,27.5,19.3,0.1
2017-11-21,Karnataka,197.2,192.3,202.8,197.77142857142854,1,Tuesday,11,2017,0,1695,,0,26.9,19.6,0.3
2017-11-22,Karnataka,199.9,197.2,197.6,196.97142857142856,2,Wednesday,11,2017,0,1696,,0,27.4,18.7,0.0
2017-11-23,Karnataka,203.6,199.9,202.5,197.3,3,Thursday,11,2017,0,1697,,0,27.8,17.0,0.0
2017-11-24,Karnataka,215.1,203.6,205.2,197.45714285714286,4,Friday,11,2017,0,1698,,0,28.5,17.9,0.0
2017-11-25,Karnataka,199.6,215.1,199.9,198.87142857142857,5,Saturday,11,2017,1,1699,,0,27.4,18.3,0.0
2017-11-26,Karnataka,185.6,199.6,184.1,198.82857142857142,6,Sunday,11,2017,1,1700,,0,25.5,16.8,0.7
2017-11-27,Karnataka,198.3,185.6,192.3,199.04285714285714,0,Monday,11,2017,0,1701,,0,26.6,19.1,0.5
2017-11-28,Karnataka,,198.3,197.2,199.9,1,Tuesday,11,2017,0,1702,,0,28.0,17.5,0.0
2017-11-29,Karnataka,,,199.9,,2,Wednesday,11,2017,0,1703,,0,27.5,16.7,0.0
2017-11-30,Karnataka,196.3,,203.6,,3,Thursday,11,2017,0,1704,,0,24.1,19.7,1.3
2017-12-01,Karnataka,182.5,196.3,215.1,,4,Friday,12,2017,0,1705,,0,24.6,18.9,4.7
2017-12-02,Karnataka,183.2,182.5,199.6,,5,Saturday,12,2017,1,1706,Milad-un-Nabi,1,22.7,17.9,5.1
2017-12-03,Karnataka,173.0,183.2,185.6,,6,Sunday,12,2017,1,1707,,0,24.3,17.5,0.5
2017-12-04,Karnataka,186.3,173.0,198.3,,0,Monday,12,2017,0,1708,,0,24.8,18.2,0.3
2017-12-05,Karnataka,189.7,186.3,,,1,Tuesday,12,2017,0,1709,,0,25.4,18.2,0.0
2017-12-06,Karnataka,192.6,189.7,,,2,Wednesday,12,2017,0,1710,,0,25.7,17.7,0.1
2017-12-07,Karnataka,196.1,192.6,196.3,186.22857142857143,3,Thursday,12,2017,0,1711,,0,27.6,18.4,0.1
2017-12-08,Karnataka,200.8,196.1,182.5,186.20000000000002,4,Friday,12,2017,0,1712,,0,27.8,15.1,0.0
2017-12-09,Karnataka,201.4,200.8,183.2,188.81428571428572,5,Saturday,12,2017,1,1713,,0,27.4,15.5,0.0
2017-12-10,Karnataka,187.6,201.4,173.0,191.41428571428574,6,Sunday,12,2017,1,1714,,0,27.4,17.1,0.0
2017-12-11,Karnataka,198.7,187.6,186.3,193.5,0,Monday,12,2017,0,1715,,0,28.9,16.2,0.0
2017-12-12,Karnataka,207.2,198.7,189.7,195.27142857142857,1,Tuesday,12,2017,0,1716,,0,26.9,16.6,0.0
2017-12-13,Karnataka,207.3,207.2,192.6,197.77142857142854,2,Wednesday,12,2017,0,1717,,0,26.8,17.9,1.2
2017-12-14,Karnataka,205.5,207.3,196.1,199.8714285714286,3,Thursday,12,2017,0,1718,,0,28.3,18.1,0.0
2017-12-15,Karnataka,200.9,205.5,200.8,201.21428571428572,4,Friday,12,2017,0,1719,,0,27.3,16.7,0.0
2017-12-16,Karnataka,197.2,200.9,201.4,201.22857142857143,5,Saturday,12,2017,1,1720,,0,27.6,16.7,0.0
2017-12-17,Karnataka,187.0,197.2,187.6,200.6285714285714,6,Sunday,12,2017,1,1721,,0,26.0,15.2,0.0
2017-12-18,Karnataka,197.9,187.0,198.7,200.54285714285714,0,Monday,12,2017,0,1722,,0,25.6,14.8,0.0
2017-12-19,Karnataka,198.9,197.9,207.2,200.42857142857142,1,Tuesday,12,2017,0,1723,,0,25.5,14.7,0.0
2017-12-20,Karnataka,201.2,198.9,207.3,199.24285714285716,2,Wednesday,12,2017,0,1724,,0,27.3,16.2,0.0
2017-12-21,Karnataka,203.1,201.2,205.5,198.37142857142857,3,Thursday,12,2017,0,1725,,0,27.4,14.2,0.0
2017-12-22,Karnataka,206.1,203.1,200.9,198.0285714285714,4,Friday,12,2017,0,1726,,0,26.5,16.5,0.0
2017-12-23,Karnataka,201.4,206.1,197.2,198.77142857142857,5,Saturday,12,2017,1,1727,,0,26.4,15.5,0.0
2017-12-24,Karnataka,190.1,201.4,187.0,199.37142857142857,6,Sunday,12,2017,1,1728,,0,26.4,14.6,0.0
2017-12-25,Karnataka,196.3,190.1,197.9,199.81428571428572,0,Monday,12,2017,0,1729,Christmas,1,27.7,14.6,0.0
2017-12-26,Karnataka,200.7,196.3,198.9,199.58571428571426,1,Tuesday,12,2017,0,1730,,0,27.6,15.3,0.0
2017-12-27,Karnataka,203.1,200.7,201.2,199.84285714285716,2,Wednesday,12,2017,0,1731,,0,26.9,14.6,0.0
2017-12-28,Karnataka,201.4,203.1,203.1,200.1142857142857,3,Thursday,12,2017,0,1732,,0,25.7,15.0,0.0
2017-12-29,Karnataka,205.7,201.4,206.1,199.8714285714286,4,Friday,12,2017,0,1733,,0,24.9,12.6,0.0
2017-12-30,Karnataka,203.8,205.7,201.4,199.8142857142857,5,Saturday,12,2017,1,1734,,0,26.0,15.7,0.0
2017-12-31,Karnataka,193.5,203.8,190.1,200.15714285714287,6,Sunday,12,2017,1,1735,,0,26.5,15.6,0.0
2018-01-01,Karnataka,197.1,193.5,196.3,200.64285714285714,0,Monday,1,2018,0,1736,,0,27.2,14.5,0.0
2018-01-02,Karnataka,205.0,197.1,200.7,200.75714285714284,1,Tuesday,1,2018,0,1737,,0,27.8,16.5,0.0
2018-01-03,Karnataka,208.5,205.0,203.1,201.37142857142857,2,Wednesday,1,2018,0,1738,,0,26.3,17.4,0.0
2018-01-04,Karnataka,209.0,208.5,201.4,202.14285714285714,3,Thursday,1,2018,0,1739,,0,27.2,16.9,0.0
2018-01-05,Karnataka,210.1,209.0,205.7,203.22857142857143,4,Friday,1,2018,0,1740,,0,26.5,14.5,0.0
2018-01-06,Karnataka,206.9,210.1,203.8,203.85714285714286,5,Saturday,1,2018,1,1741,,0,25.7,13.5,0.0
2018-01-07,Karnataka,194.8,206.9,193.5,204.29999999999998,6,Sunday,1,2018,1,1742,,0,26.0,13.8,0.0
2018-01-08,Karnataka,202.6,194.8,197.1,204.48571428571427,0,Monday,1,2018,0,1743,,0,26.1,13.8,0.0
2018-01-09,Karnataka,204.7,202.6,205.0,205.27142857142857,1,Tuesday,1,2018,0,1744,,0,26.5,14.9,0.0
2018-01-10,Karnataka,206.6,204.7,208.5,205.22857142857143,2,Wednesday,1,2018,0,1745,,0,26.3,17.9,0.1
2018-01-11,Karnataka,211.5,206.6,209.0,204.95714285714286,3,Thursday,1,2018,0,1746,,0,28.4,17.3,0.1
2018-01-12,Karnataka,213.5,211.5,210.1,205.31428571428572,4,Friday,1,2018,0,1747,,0,28.3,18.2,0.0
2018-01-13,Karnataka,210.0,213.5,206.9,205.79999999999998,5,Saturday,1,2018,1,1748,,0,29.5,17.1,0.0
2018-01-14,Karnataka,196.9,210.0,194.8,206.24285714285716,6,Sunday,1,2018,1,1749,,0,29.2,15.3,0.0
2018-01-15,Karnataka,200.4,196.9,202.6,206.54285714285717,0,Monday,1,2018,0,1750,,0,29.2,15.6,0.0
2018-01-16,Karnataka,210.5,200.4,204.7,206.22857142857143,1,Tuesday,1,2018,0,1751,,0,28.6,16.1,0.0
2018-01-17,Karnataka,210.6,210.5,206.6,207.05714285714288,2,Wednesday,1,2018,0,1752,,0,27.7,15.9,0.0
2018-01-18,Karnataka,210.4,210.6,211.5,207.62857142857143,3,Thursday,1,2018,0,1753,,0,27.4,14.7,0.0
2018-01-19,Karnataka,209.4,210.4,213.5,207.47142857142856,4,Friday,1,2018,0,1754,,0,27.1,13.3,0.0
2018-01-20,Karnataka,210.6,209.4,210.0,206.8857142857143,5,Saturday,1,2018,1,1755,,0,26.8,13.3,0.0
2018-01-21,Karnataka,196.9,210.6,196.9,206.97142857142856,6,Sunday,1,2018,1,1756,,0,27.0,12.9,0.0
2018-01-22,Karnataka,205.8,196.9,200.4,206.9714285714286,0,Monday,1,2018,0,1757,,0,27.0,13.3,0.0
2018-01-23,Karnataka,210.3,205.8,210.5,207.74285714285716,1,Tuesday,1,2018,0,1758,,0,27.8,15.6,0.0
2018-01-24,Karnataka,210.2,210.3,210.6,207.71428571428572,2,Wednesday,1,2018,0,1759,,0,28.4,15.9,0.0
2018-01-25,Karnataka,203.6,210.2,210.4,207.65714285714287,3,Thursday,1,2018,0,1760,,0,27.7,15.9,0.0
2018-01-26,Karnataka,198.1,203.6,209.4,206.68571428571428,4,Friday,1,2018,0,1761,Republic Day,1,27.4,15.8,0.0
2018-01-27,Karnataka,202.6,198.1,210.6,205.07142857142858,5,Saturday,1,2018,1,1762,,0,27.4,15.4,0.0
2018-01-28,Karnataka,200.7,202.6,196.9,203.92857142857142,6,Sunday,1,2018,1,1763,,0,27.4,14.6,0.0
2018-01-29,Karnataka,207.6,200.7,205.8,204.47142857142856,0,Monday,1,2018,0,1764,,0,27.9,15.3,0.0
2018-01-30,Karnataka,209.6,207.6,210.3,204.72857142857143,1,Tuesday,1,2018,0,1765,,0,27.8,15.0,0.0
2018-01-31,Karnataka,211.4,209.6,210.2,204.62857142857143,2,Wednesday,1,2018,0,1766,,0,27.9,13.9,0.0
2018-02-01,Karnataka,207.9,211.4,203.6,204.79999999999998,3,Thursday,2,2018,0,1767,,0,28.5,14.0,0.0
2018-02-02,Karnataka,214.8,207.9,198.1,205.41428571428574,4,Friday,2,2018,0,1768,,0,28.5,14.7,0.0
2018-02-03,Karnataka,207.2,214.8,202.6,207.79999999999998,5,Saturday,2,2018,1,1769,,0,27.2,14.5,0.0
2018-02-04,Karnataka,190.5,207.2,200.7,208.45714285714286,6,Sunday,2,2018,1,1770,,0,27.5,12.9,0.0
2018-02-05,Karnataka,205.3,190.5,207.6,207.0,0,Monday,2,2018,0,1771,,0,28.2,12.1,0.0
2018-02-06,Karnataka,213.8,205.3,209.6,206.67142857142858,1,Tuesday,2,2018,0,1772,,0,29.5,15.7,0.0
2018-02-07,Karnataka,210.3,213.8,211.4,207.27142857142854,2,Wednesday,2,2018,0,1773,,0,28.7,19.1,1.2
2018-02-08,Karnataka,206.9,210.3,207.9,207.11428571428573,3,Thursday,2,2018,0,1774,,0,28.2,18.8,1.1
2018-02-09,Karnataka,209.2,206.9,214.8,206.97142857142856,4,Friday,2,2018,0,1775,,0,29.0,18.6,5.2
2018-02-10,Karnataka,202.4,209.2,207.2,206.17142857142858,5,Saturday,2,2018,1,1776,,0,27.3,18.3,3.0
2018-02-11,Karnataka,192.2,202.4,190.5,205.4857142857143,6,Sunday,2,2018,1,1777,,0,28.5,17.6,0.0
2018-02-12,Karnataka,206.9,192.2,205.3,205.72857142857143,0,Monday,2,2018,0,1778,,0,28.0,17.4,0.0
2018-02-13,Karnataka,214.5,206.9,213.8,205.95714285714286,1,Tuesday,2,2018,0,1779,Maha Shivaratri,1,28.7,16.8,0.0
2018-02-14,Karnataka,210.7,214.5,210.3,206.05714285714288,2,Wednesday,2,2018,0,1780,,0,28.4,17.2,0.0
2018-02-15,Karnataka,211.2,210.7,206.9,206.1142857142857,3,Thursday,2,2018,0,1781,,0,28.5,17.0,0.0
2018-02-16,Karnataka,214.5,211.2,209.2,206.72857142857143,4,Friday,2,2018,0,1782,,0,29.4,16.3,0.0
2018-02-17,Karnataka,214.2,214.5,202.4,207.4857142857143,5,Saturday,2,2018,1,1783,,0,29.6,15.3,0.0
2018-02-18,Karnataka,203.7,214.2,192.2,209.17142857142855,6,Sunday,2,2018,1,1784,,0,30.1,16.4,0.0
2018-02-19,Karnataka,213.1,203.7,206.9,210.81428571428572,0,Monday,2,2018,0,1785,,0,30.1,15.3,0.0
2018-02-20,Karnataka,217.1,213.1,214.5,211.7,1,Tuesday,2,2018,0,1786,,0,30.3,15.8,0.0
2018-02-21,Karnataka,219.5,217.1,210.7,212.07142857142858,2,Wednesday,2,2018,0,1787,,0,30.0,17.0,0.0
2018-02-22,Karnataka,220.8,219.5,211.2,213.32857142857142,3,Thursday,2,2018,0,1788,,0,30.4,17.0,0.0
2018-02-23,Karnataka,222.5,220.8,214.5,214.7,4,Friday,2,2018,0,1789,,0,29.6,17.1,0.0
2018-02-24,Karnataka,221.5,222.5,214.2,215.84285714285716,5,Saturday,2,2018,1,1790,,0,29.4,14.1,0.0
2018-02-25,Karnataka,213.6,221.5,203.7,216.8857142857143,6,Sunday,2,2018,1,1791,,0,30.2,16.7,0.0
2018-02-26,Karnataka,218.6,213.6,213.1,218.29999999999998,0,Monday,2,2018,0,1792,,0,30.6,16.1,0.0
2018-02-27,Karnataka,220.9,218.6,217.1,219.08571428571432,1,Tuesday,2,2018,0,1793,,0,31.0,17.2,0.0
2018-02-28,Karnataka,221.6,220.9,219.5,219.6285714285714,2,Wednesday,2,2018,0,1794,,0,31.4,15.3,0.0
2018-03-01,Karnataka,225.9,221.6,220.8,219.92857142857142,3,Thursday,3,2018,0,1795,,0,31.2,16.4,0.0
2018-03-02,Karnataka,223.2,225.9,222.5,220.65714285714284,4,Friday,3,2018,0,1796,Holi,1,31.6,17.4,0.0
2018-03-03,Karnataka,225.1,223.2,221.5,220.75714285714284,5,Saturday,3,2018,1,1797,,0,32.2,17.9,0.0
2018-03-04,Karnataka,213.7,225.1,213.6,221.27142857142857,6,Sunday,3,2018,1,1798,,0,32.6,16.1,0.0
2018-03-05,Karnataka,224.1,213.7,218.6,221.28571428571428,0,Monday,3,2018,0,1799,,0,32.7,17.1,0.0
2018-03-06,Karnataka,229.6,224.1,220.9,222.07142857142858,1,Tuesday,3,2018,0,1800,,0,32.6,16.2,0.0
2018-03-07,Karnataka,227.3,229.6,221.6,223.31428571428572,2,Wednesday,3,2018,0,1801,,0,31.8,14.6,0.0
2018-03-08,Karnataka,226.9,227.3,225.9,224.1285714285714,3,Thursday,3,2018,0,1802,,0,31.9,16.5,0.0
2018-03-09,Karnataka,236.0,226.9,223.2,224.27142857142857,4,Friday,3,2018,0,1803,,0,32.2,17.0,0.0
2018-03-10,Karnataka,234.8,236.0,225.1,226.1,5,Saturday,3,2018,1,1804,,0,31.9,17.2,0.0
2018-03-11,Karnataka,219.1,234.8,213.7,227.48571428571427,6,Sunday,3,2018,1,1805,,0,32.6,18.4,0.0
2018-03-12,Karnataka,232.3,219.1,224.1,228.2571428571429,0,Monday,3,2018,0,1806,,0,31.8,17.7,0.0
2018-03-13,Karnataka,234.4,232.3,229.6,229.42857142857142,1,Tuesday,3,2018,0,1807,,0,31.3,18.7,0.0
2018-03-14,Karnataka,231.8,234.4,227.3,230.1142857142857,2,Wednesday,3,2018,0,1808,,0,30.7,21.1,0.0
2018-03-15,Karnataka,214.1,231.8,226.9,230.7571428571429,3,Thursday,3,2018,0,1809,,0,31.7,20.8,4.3
2018-03-16,Karnataka,196.9,214.1,236.0,228.92857142857142,4,Friday,3,2018,0,1810,,0,30.3,20.8,15.3
2018-03-17,Karnataka,188.7,196.9,234.8,223.34285714285716,5,Saturday,3,2018,1,1811,,0,28.0,19.5,14.8
2018-03-18,Karnataka,185.2,188.7,219.1,216.75714285714284,6,Sunday,3,2018,1,1812,Ugadi,1,26.9,19.3,6.5
2018-03-19,Karnataka,193.1,185.2,232.3,211.91428571428568,0,Monday,3,2018,0,1813,,0,30.5,18.9,0.0
2018-03-20,Karnataka,200.5,193.1,234.4,206.3142857142857,1,Tuesday,3,2018,0,1814,,0,31.7,17.6,0.0
2018-03-21,Karnataka,214.4,200.5,231.8,201.4714285714286,2,Wednesday,3,2018,0,1815,,0,31.0,19.0,0.0
2018-03-22,Karnataka,219.8,214.4,214.1,198.98571428571427,3,Thursday,3,2018,0,1816,,0,31.0,19.7,0.0
2018-03-23,Karnataka,229.7,219.8,196.9,199.79999999999998,4,Friday,3,2018,0,1817,,0,31.8,20.3,0.0
2018-03-24,Karnataka,228.0,229.7,188.7,204.48571428571427,5,Saturday,3,2018,1,1818,,0,32.1,22.1,0.2
2018-03-25,Karnataka,218.8,228.0,185.2,210.1,6,Sunday,3,2018,1,1819,,0,33.5,20.9,0.0
2018-03-26,Karnataka,234.6,218.8,193.1,214.9,0,Monday,3,2018,0,1820,,0,34.1,19.2,0.0
2018-03-27,Karnataka,240.1,234.6,200.5,220.82857142857142,1,Tuesday,3,2018,0,1821,,0,33.9,19.6,0.0
2018-03-28,Karnataka,241.2,240.1,214.4,226.4857142857143,2,Wednesday,3,2018,0,1822,,0,32.9,21.1,0.0
2018-03-29,Karnataka,238.8,241.2,219.8,230.31428571428572,3,Thursday,3,2018,0,1823,Mahavir Jayanti,1,33.0,21.1,0.1
2018-03-30,Karnataka,228.9,238.8,229.7,233.02857142857144,4,Friday,3,2018,0,1824,Good Friday,1,31.1,21.8,6.0
2018-03-31,Karnataka,219.2,228.9,228.0,232.91428571428574,5,Saturday,3,2018,1,1825,,0,30.3,20.9,8.6
2018-04-01,Karnataka,208.7,219.2,218.8,231.65714285714284,6,Sunday,4,2018,1,1826,,0,31.1,20.8,0.3
2018-04-02,Karnataka,215.0,208.7,234.6,230.21428571428572,0,Monday,4,2018,0,1827,,0,31.6,20.9,2.5
2018-04-03,Karnataka,214.6,215.0,240.1,227.41428571428568,1,Tuesday,4,2018,0,1828,,0,31.2,20.8,0.3
2018-04-04,Karnataka,224.3,214.6,241.2,223.77142857142857,2,Wednesday,4,2018,0,1829,,0,31.5,20.0,0.0
2018-04-05,Karnataka,228.8,224.3,238.8,221.35714285714286,3,Thursday,4,2018,0,1830,,0,32.0,19.6,0.0
2018-04-06,Karnataka,230.8,228.8,228.9,219.92857142857142,4,Friday,4,2018,0,1831,,0,32.6,19.9,0.0
2018-04-07,Karnataka,216.7,230.8,219.2,220.2,5,Saturday,4,2018,1,1832,,0,32.6,20.2,0.0
2018-04-08,Karnataka,199.6,216.7,208.7,219.84285714285713,6,Sunday,4,2018,1,1833,,0,32.7,19.3,0.0
2018-04-09,Karnataka,224.6,199.6,215.0,218.54285714285717,0,Monday,4,2018,0,1834,,0,31.7,20.0,0.0
2018-04-10,Karnataka,229.2,224.6,214.6,219.91428571428574,1,Tuesday,4,2018,0,1835,,0,32.4,19.3,0.0
2018-04-11,Karnataka,228.8,229.2,224.3,222.0,2,Wednesday,4,2018,0,1836,,0,32.4,20.9,0.0
2018-04-12,Karnataka,229.6,228.8,228.8,222.64285714285714,3,Thursday,4,2018,0,1837,,0,32.6,21.1,0.2
2018-04-13,Karnataka,230.5,229.6,230.8,222.75714285714284,4,Friday,4,2018,0,1838,,0,32.0,20.9,0.0
2018-04-14,Karnataka,226.6,230.5,216.7,222.71428571428572,5,Saturday,4,2018,1,1839,Dr. B. R. Ambedkar's Jayanti,1,33.8,21.8,0.1
2018-04-15,Karnataka,204.6,226.6,199.6,224.12857142857143,6,Sunday,4,2018,1,1840,,0,33.2,22.2,0.0
2018-04-16,Karnataka,211.5,204.6,224.6,224.84285714285716,0,Monday,4,2018,0,1841,,0,32.9,22.5,6.4
2018-04-17,Karnataka,215.7,211.5,229.2,222.97142857142856,1,Tuesday,4,2018,0,1842,,0,33.8,21.9,0.0
2018-04-18,Karnataka,220.1,215.7,228.8,221.04285714285714,2,Wednesday,4,2018,0,1843,,0,34.0,21.9,0.7
2018-04-19,Karnataka,221.4,220.1,229.6,219.79999999999998,3,Thursday,4,2018,0,1844,,0,34.6,22.7,0.4
2018-04-20,Karnataka,208.3,221.4,230.5,218.62857142857143,4,Friday,4,2018,0,1845,,0,33.5,23.0,3.5
2018-04-21,Karnataka,212.9,208.3,226.6,215.45714285714286,5,Saturday,4,2018,1,1846,,0,33.8,23.4,0.6
2018-04-22,Karnataka,195.1,212.9,204.6,213.5,6,Sunday,4,2018,1,1847,,0,31.9,22.5,2.5
2018-04-23,Karnataka,204.9,195.1,211.5,212.14285714285714,0,Monday,4,2018,0,1848,,0,33.7,21.3,0.0
2018-04-24,Karnataka,212.3,204.9,215.7,211.20000000000002,1,Tuesday,4,2018,0,1849,,0,33.3,22.8,4.9
2018-04-25,Karnataka,209.3,212.3,220.1,210.71428571428572,2,Wednesday,4,2018,0,1850,,0,33.1,21.2,2.1
2018-04-26,Karnataka,216.7,209.3,221.4,209.17142857142858,3,Thursday,4,2018,0,1851,,0,32.7,22.7,2.8
2018-04-27,Karnataka,225.7,216.7,208.3,208.5,4,Friday,4,2018,0,1852,,0,34.0,21.7,0.0
2018-04-28,Karnataka,223.1,225.7,212.9,210.9857142857143,5,Saturday,4,2018,1,1853,,0,33.5,20.9,0.0
2018-04-29,Karnataka,208.5,223.1,195.1,212.44285714285712,6,Sunday,4,2018,1,1854,,0,33.1,20.7,0.0
2018-04-30,Karnataka,215.5,208.5,204.9,214.35714285714286,0,Monday,4,2018,0,1855,Buddha Purnima,1,33.9,22.4,2.1
2018-05-01,Karnataka,202.2,215.5,212.3,215.87142857142857,1,Tuesday,5,2018,0,1856,,0,33.4,23.0,0.0
2018-05-02,Karnataka,209.5,202.2,209.3,214.42857142857142,2,Wednesday,5,2018,0,1857,,0,33.8,23.4,0.2
2018-05-03,Karnataka,196.9,209.5,216.7,214.45714285714286,3,Thursday,5,2018,0,1858,,0,32.7,21.7,4.7
2018-05-04,Karnataka,187.0,196.9,225.7,211.6285714285714,4,Friday,5,2018,0,1859,,0,30.5,20.7,0.0
2018-05-05,Karnataka,203.0,187.0,223.1,206.09999999999997,5,Saturday,5,2018,1,1860,,0,31.4,21.5,0.5
2018-05-06,Karnataka,193.2,203.0,208.5,203.22857142857143,6,Sunday,5,2018,1,1861,,0,32.8,21.3,0.0
2018-05-07,Karnataka,206.4,193.2,215.5,201.04285714285714,0,Monday,5,2018,0,1862,,0,32.2,21.8,0.3
2018-05-08,Karnataka,208.3,206.4,202.2,199.74285714285716,1,Tuesday,5,2018,0,1863,,0,31.5,21.6,1.8
2018-05-09,Karnataka,197.0,208.3,209.5,200.6142857142857,2,Wednesday,5,2018,0,1864,,0,30.3,20.8,7.0
2018-05-10,Karnataka,190.4,197.0,196.9,198.82857142857142,3,Thursday,5,2018,0,1865,,0,31.6,21.8,6.0
2018-05-11,Karnataka,175.8,190.4,187.0,197.90000000000003,4,Friday,5,2018,0,1866,,0,31.1,21.2,11.7
2018-05-12,Karnataka,157.5,175.8,203.0,196.3,5,Saturday,5,2018,1,1867,,0,30.0,20.6,1.3
2018-05-13,Karnataka,153.3,157.5,193.2,189.8,6,Sunday,5,2018,1,1868,,0,31.6,20.6,1.2
2018-05-14,Karnataka,169.3,153.3,206.4,184.1,0,Monday,5,2018,0,1869,,0,30.0,20.9,14.0
2018-05-15,Karnataka,175.3,169.3,208.3,178.79999999999998,1,Tuesday,5,2018,0,1870,,0,29.7,21.3,1.7
2018-05-16,Karnataka,177.3,175.3,197.0,174.08571428571432,2,Wednesday,5,2018,0,1871,,0,31.0,21.4,0.1
2018-05-17,Karnataka,183.5,177.3,190.4,171.27142857142857,3,Thursday,5,2018,0,1872,,0,31.5,21.0,0.0
2018-05-18,Karnataka,182.6,183.5,175.8,170.28571428571428,4,Friday,5,2018,0,1873,,0,29.9,21.2,9.0
2018-05-19,Karnataka,183.7,182.6,157.5,171.25714285714284,5,Saturday,5,2018,1,1874,,0,31.4,20.5,1.2
2018-05-20,Karnataka,154.5,183.7,153.3,175.0,6,Sunday,5,2018,1,1875,,0,31.5,20.5,3.4
2018-05-21,Karnataka,169.3,154.5,169.3,175.17142857142858,0,Monday,5,2018,0,1876,,0,30.9,20.1,12.5
2018-05-22,Karnataka,168.4,169.3,175.3,175.17142857142858,1,Tuesday,5,2018,0,1877,,0,29.9,20.7,5.9
2018-05-23,Karnataka,172.5,168.4,177.3,174.18571428571428,2,Wednesday,5,2018,0,1878,,0,30.2,20.2,13.2
2018-05-24,Karnataka,170.8,172.5,183.5,173.5,3,Thursday,5,2018,0,1879,,0,29.6,20.5,1.2
2018-05-25,Karnataka,171.5,170.8,182.6,171.68571428571428,4,Friday,5,2018,0,1880,,0,29.7,20.3,23.7
2018-05-26,Karnataka,165.8,171.5,183.7,170.1,5,Saturday,5,2018,1,1881,,0,27.9,20.3,13.0
2018-05-27,Karnataka,152.8,165.8,154.5,167.54285714285714,6,Sunday,5,2018,1,1882,,0,30.0,20.7,4.1
2018-05-28,Karnataka,172.2,152.8,169.3,167.3,0,Monday,5,2018,0,1883,,0,29.5,21.3,14.6
2018-05-29,Karnataka,170.2,172.2,168.4,167.71428571428572,1,Tuesday,5,2018,0,1884,,0,29.2,20.9,2.4
2018-05-30,Karnataka,172.7,170.2,172.5,167.97142857142856,2,Wednesday,5,2018,0,1885,,0,29.2,21.6,8.5
2018-05-31,Karnataka,173.6,172.7,170.8,168.0,3,Thursday,5,2018,0,1886,,0,30.0,20.8,2.9
2018-06-01,Karnataka,171.4,173.6,171.5,168.4,4,Friday,6,2018,0,1887,,0,29.4,21.2,12.1
2018-06-02,Karnataka,157.4,171.4,165.8,168.3857142857143,5,Saturday,6,2018,1,1888,,0,27.4,20.8,14.1
2018-06-03,Karnataka,146.7,157.4,152.8,167.18571428571428,6,Sunday,6,2018,1,1889,,0,26.9,21.0,18.7
2018-06-04,Karnataka,156.0,146.7,172.2,166.31428571428572,0,Monday,6,2018,0,1890,,0,28.3,21.0,0.4
2018-06-05,Karnataka,161.9,156.0,170.2,164.0,1,Tuesday,6,2018,0,1891,,0,27.1,20.6,5.3
2018-06-06,Karnataka,161.9,161.9,172.7,162.81428571428572,2,Wednesday,6,2018,0,1892,,0,28.3,20.6,4.9
2018-06-07,Karnataka,160.2,161.9,173.6,161.27142857142857,3,Thursday,6,2018,0,1893,,0,27.5,20.4,4.7
2018-06-08,Karnataka,156.6,160.2,171.4,159.35714285714286,4,Friday,6,2018,0,1894,,0,25.7,20.8,1.7
2018-06-09,Karnataka,144.7,156.6,157.4,157.24285714285716,5,Saturday,6,2018,1,1895,,0,26.5,20.7,11.9
2018-06-10,Karnataka,136.5,144.7,146.7,155.42857142857142,6,Sunday,6,2018,1,1896,,0,26.1,20.9,7.8
2018-06-11,Karnataka,147.4,136.5,156.0,153.97142857142856,0,Monday,6,2018,0,1897,,0,27.0,21.4,1.7
2018-06-12,Karnataka,151.1,147.4,161.9,152.7428571428571,1,Tuesday,6,2018,0,1898,,0,27.6,21.4,2.0
2018-06-13,Karnataka,162.1,151.1,161.9,151.2,2,Wednesday,6,2018,0,1899,,0,27.4,21.3,1.9
2018-06-14,Karnataka,166.2,162.1,160.2,151.22857142857143,3,Thursday,6,2018,0,1900,,0,27.3,20.7,5.0
2018-06-15,Karnataka,167.6,166.2,156.6,152.08571428571426,4,Friday,6,2018,0,1901,,0,27.8,20.0,1.8
2018-06-16,Karnataka,168.8,167.6,144.7,153.65714285714284,5,Saturday,6,2018,1,1902,Id-ul-Fitr,1,27.7,19.9,2.6
2018-06-17,Karnataka,155.9,168.8,136.5,157.1,6,Sunday,6,2018,1,1903,,0,28.0,20.0,0.1
2018-06-18,Karnataka,164.6,155.9,147.4,159.87142857142857,0,Monday,6,2018,0,1904,,0,27.5,19.2,2.7
2018-06-19,Karnataka,171.6,164.6,151.1,162.32857142857142,1,Tuesday,6,2018,0,1905,,0,28.1,19.4,0.9
2018-06-20,Karnataka,178.6,171.6,162.1,165.25714285714284,2,Wednesday,6,2018,0,1906,,0,27.5,20.3,1.2
2018-06-21,Karnataka,180.3,178.6,166.2,167.6142857142857,3,Thursday,6,2018,0,1907,,0,25.5,20.2,7.9
2018-06-22,Karnataka,181.0,180.3,167.6,169.62857142857143,4,Friday,6,2018,0,1908,,0,27.4,19.4,0.9
2018-06-23,Karnataka,171.8,181.0,168.8,171.54285714285714,5,Saturday,6,2018,1,1909,,0,26.5,20.0,1.9
2018-06-24,Karnataka,163.4,171.8,155.9,171.97142857142856,6,Sunday,6,2018,1,1910,,0,27.2,19.6,2.8
2018-06-25,Karnataka,173.7,163.4,164.6,173.04285714285714,0,Monday,6,2018,0,1911,,0,26.6,19.9,5.5
2018-06-26,Karnataka,174.6,173.7,171.6,174.34285714285716,1,Tuesday,6,2018,0,1912,,0,25.8,19.9,0.7
2018-06-27,Karnataka,174.2,174.6,178.6,174.77142857142857,2,Wednesday,6,2018,0,1913,,0,26.7,19.6,5.3
2018-06-28,Karnataka,179.2,174.2,180.3,174.14285714285714,3,Thursday,6,2018,0,1914,,0,24.3,19.8,7.6
2018-06-29,Karnataka,183.3,179.2,181.0,173.9857142857143,4,Friday,6,2018,0,1915,,0,25.5,19.5,3.3
2018-06-30,Karnataka,180.2,183.3,171.8,174.31428571428572,5,Saturday,6,2018,1,1916,,0,27.0,19.6,6.8
2018-07-01,Karnataka,169.3,180.2,163.4,175.51428571428573,6,Sunday,7,2018,1,1917,,0,27.0,19.2,0.6
2018-07-02,Karnataka,183.0,169.3,173.7,176.35714285714286,0,Monday,7,2018,0,1918,,0,27.4,19.5,5.1
2018-07-03,Karnataka,188.4,183.0,174.6,177.68571428571428,1,Tuesday,7,2018,0,1919,,0,26.9,19.8,0.5
2018-07-04,Karnataka,189.3,188.4,174.2,179.65714285714284,2,Wednesday,7,2018,0,1920,,0,27.1,19.1,0.3
2018-07-05,Karnataka,193.2,189.3,179.2,181.81428571428572,3,Thursday,7,2018,0,1921,,0,28.1,18.8,0.5
2018-07-06,Karnataka,194.7,193.2,183.3,183.8142857142857,4,Friday,7,2018,0,1922,,0,26.7,19.4,4.4
2018-07-07,Karnataka,183.7,194.7,180.2,185.44285714285712,5,Saturday,7,2018,1,1923,,0,22.2,19.7,33.7
2018-07-08,Karnataka,163.5,183.7,169.3,185.94285714285712,6,Sunday,7,2018,1,1924,,0,24.0,19.8,4.2
2018-07-09,Karnataka,168.8,163.5,183.0,185.1142857142857,0,Monday,7,2018,0,1925,,0,26.0,19.7,6.5
2018-07-10,Karnataka,168.6,168.8,188.4,183.08571428571426,1,Tuesday,7,2018,0,1926,,0,25.8,19.9,5.4
2018-07-11,Karnataka,163.9,168.6,189.3,180.25714285714284,2,Wednesday,7,2018,0,1927,,0,25.2,19.6,5.0
2018-07-12,Karnataka,160.3,163.9,193.2,176.6285714285714,3,Thursday,7,2018,0,1928,,0,26.8,19.2,4.1
2018-07-13,Karnataka,156.1,160.3,194.7,171.92857142857142,4,Friday,7,2018,0,1929,,0,24.2,20.3,5.4
2018-07-14,Karnataka,152.8,156.1,183.7,166.41428571428574,5,Saturday,7,2018,1,1930,,0,25.7,20.1,3.1
2018-07-15,Karnataka,145.8,152.8,163.5,162.0,6,Sunday,7,2018,1,1931,,0,26.2,20.6,0.7
2018-07-16,Karnataka,157.3,145.8,168.8,159.47142857142856,0,Monday,7,2018,0,1932,,0,26.4,20.9,2.1
2018-07-17,Karnataka,160.4,157.3,168.6,157.82857142857145,1,Tuesday,7,2018,0,1933,,0,26.9,20.5,1.4
2018-07-18,Karnataka,169.4,160.4,163.9,156.65714285714287,2,Wednesday,7,2018,0,1934,,0,26.9,20.5,4.5
2018-07-19,Karnataka,170.6,169.4,160.3,157.44285714285712,3,Thursday,7,2018,0,1935,,0,27.1,20.5,2.4
2018-07-20,Karnataka,173.3,170.6,156.1,158.91428571428574,4,Friday,7,2018,0,1936,,0,25.8,20.2,1.3
2018-07-21,Karnataka,171.5,173.3,152.8,161.37142857142857,5,Saturday,7,2018,1,1937,,0,26.5,20.3,1.6
2018-07-22,Karnataka,162.8,171.5,145.8,164.04285714285717,6,Sunday,7,2018,1,1938,,0,27.1,20.1,0.7
2018-07-23,Karnataka,176.5,162.8,157.3,166.47142857142856,0,Monday,7,2018,0,1939,,0,26.4,19.9,4.2
2018-07-24,Karnataka,177.0,176.5,160.4,169.21428571428572,1,Tuesday,7,2018,0,1940,,0,26.6,19.8,11.0
2018-07-25,Karnataka,180.3,177.0,169.4,171.58571428571426,2,Wednesday,7,2018,0,1941,,0,27.4,19.3,1.3
2018-07-26,Karnataka,183.1,180.3,170.6,173.14285714285714,3,Thursday,7,2018,0,1942,,0,27.7,20.2,0.9
2018-07-27,Karnataka,183.0,183.1,173.3,174.92857142857142,4,Friday,7,2018,0,1943,,0,27.2,19.5,6.0
2018-07-28,Karnataka,180.4,183.0,171.5,176.31428571428572,5,Saturday,7,2018,1,1944,,0,26.3,19.8,6.0
2018-07-29,Karnataka,172.5,180.4,162.8,177.58571428571426,6,Sunday,7,2018,1,1945,,0,27.7,19.9,1.6
2018-07-30,Karnataka,190.2,172.5,176.5,178.9714285714286,0,Monday,7,2018,0,1946,,0,28.0,19.3,1.4
2018-07-31,Karnataka,191.6,190.2,177.0,180.92857142857142,1,Tuesday,7,2018,0,1947,,0,25.8,19.7,1.8
2018-08-01,Karnataka,190.2,191.6,180.3,183.01428571428573,2,Wednesday,8,2018,0,1948,,0,26.5,19.4,2.1
2018-08-02,Karnataka,189.0,190.2,183.1,184.42857142857142,3,Thursday,8,2018,0,1949,,0,27.8,19.1,0.7
2018-08-03,Karnataka,191.1,189.0,183.0,185.27142857142854,4,Friday,8,2018,0,1950,,0,26.9,19.4,0.5
2018-08-04,Karnataka,187.1,191.1,180.4,186.42857142857142,5,Saturday,8,2018,1,1951,,0,26.4,18.7,1.5
2018-08-05,Karnataka,175.6,187.1,172.5,187.38571428571427,6,Sunday,8,2018,1,1952,,0,27.8,19.3,1.0
2018-08-06,Karnataka,183.2,175.6,190.2,187.8285714285714,0,Monday,8,2018,0,1953,,0,26.6,19.0,1.3
2018-08-07,Karnataka,183.9,183.2,191.6,186.82857142857142,1,Tuesday,8,2018,0,1954,,0,26.4,19.6,5.4
2018-08-08,Karnataka,183.5,183.9,190.2,185.72857142857143,2,Wednesday,8,2018,0,1955,,0,26.0,19.9,3.1
2018-08-09,Karnataka,185.0,183.5,189.0,184.77142857142857,3,Thursday,8,2018,0,1956,,0,27.3,19.2,1.2
2018-08-10,Karnataka,189.3,185.0,191.1,184.20000000000002,4,Friday,8,2018,0,1957,,0,26.5,19.3,4.9
2018-08-11,Karnataka,180.2,189.3,187.1,183.94285714285712,5,Saturday,8,2018,1,1958,,0,23.4,19.4,5.7
2018-08-12,Karnataka,161.9,180.2,175.6,182.95714285714286,6,Sunday,8,2018,1,1959,,0,23.2,19.6,12.0
2018-08-13,Karnataka,158.8,161.9,183.2,181.0,0,Monday,8,2018,0,1960,,0,25.1,19.0,10.4
2018-08-14,Karnataka,164.5,158.8,183.9,177.51428571428573,1,Tuesday,8,2018,0,1961,,0,25.8,19.2,30.4
2018-08-15,Karnataka,147.6,164.5,183.5,174.74285714285716,2,Wednesday,8,2018,0,1962,Independence Day,1,24.2,20.0,8.5
2018-08-16,Karnataka,146.7,147.6,185.0,169.6142857142857,3,Thursday,8,2018,0,1963,,0,24.5,19.5,3.2
2018-08-17,Karnataka,155.2,146.7,189.3,164.14285714285714,4,Friday,8,2018,0,1964,,0,26.7,20.6,1.2
2018-08-18,Karnataka,,155.2,180.2,159.27142857142857,5,Saturday,8,2018,1,1965,,0,26.8,19.6,1.4
2018-08-19,Karnataka,,,161.9,,6,Sunday,8,2018,1,1966,,0,25.6,20.1,3.1
2018-08-20,Karnataka,,,158.8,,0,Monday,8,2018,0,1967,,0,26.6,19.8,1.4
2018-08-21,Karnataka,,,164.5,,1,Tuesday,8,2018,0,1968,,0,26.8,19.4,0.1
2018-08-22,Karnataka,,,147.6,,2,Wednesday,8,2018,0,1969,Id-ul-Zuha (Bakrid),1,27.1,19.0,0.5
2018-08-23,Karnataka,181.5,,146.7,,3,Thursday,8,2018,0,1970,,0,27.8,19.1,2.1
2018-08-24,Karnataka,186.9,181.5,155.2,,4,Friday,8,2018,0,1971,,0,26.5,19.2,2.1
2018-08-25,Karnataka,182.8,186.9,,,5,Saturday,8,2018,1,1972,,0,26.3,18.6,0.2
2018-08-26,Karnataka,179.7,182.8,,,6,Sunday,8,2018,1,1973,,0,26.2,18.8,6.6
2018-08-27,Karnataka,178.3,179.7,,,0,Monday,8,2018,0,1974,,0,26.2,18.2,9.8
2018-08-28,Karnataka,176.1,178.3,,,1,Tuesday,8,2018,0,1975,,0,27.2,18.6,2.5
2018-08-29,Karnataka,176.5,176.1,,,2,Wednesday,8,2018,0,1976,,0,27.2,18.6,3.4
2018-08-30,Karnataka,180.1,176.5,181.5,180.25714285714284,3,Thursday,8,2018,0,1977,,0,26.2,18.7,0.5
2018-08-31,Karnataka,184.9,180.1,186.9,180.05714285714288,4,Friday,8,2018,0,1978,,0,27.0,19.2,13.2
2018-09-01,Karnataka,178.0,184.9,182.8,179.77142857142854,5,Saturday,9,2018,1,1979,,0,26.6,18.8,0.2
2018-09-02,Karnataka,170.4,178.0,179.7,179.08571428571426,6,Sunday,9,2018,1,1980,,0,27.2,18.9,0.9
2018-09-03,Karnataka,184.4,170.4,178.3,177.75714285714284,0,Monday,9,2018,0,1981,Janmashtami (Vaishnava),1,27.2,18.1,0.0
2018-09-04,Karnataka,194.4,184.4,176.1,178.62857142857143,1,Tuesday,9,2018,0,1982,,0,27.7,17.4,0.0
2018-09-05,Karnataka,199.0,194.4,176.5,181.24285714285716,2,Wednesday,9,2018,0,1983,,0,26.8,18.5,0.1
2018-09-06,Karnataka,201.4,199.0,180.1,184.45714285714286,3,Thursday,9,2018,0,1984,,0,28.0,18.3,0.4
2018-09-07,Karnataka,206.0,201.4,184.9,187.5,4,Friday,9,2018,0,1985,,0,27.5,18.2,1.0
2018-09-08,Karnataka,201.8,206.0,178.0,190.51428571428573,5,Saturday,9,2018,1,1986,,0,27.4,17.8,0.9
2018-09-09,Karnataka,196.1,201.8,170.4,193.91428571428574,6,Sunday,9,2018,1,1987,,0,27.7,18.3,1.3
2018-09-10,Karnataka,201.3,196.1,184.4,197.58571428571426,0,Monday,9,2018,0,1988,,0,27.8,18.9,3.8
2018-09-11,Karnataka,206.7,201.3,194.4,200.0,1,Tuesday,9,2018,0,1989,,0,27.7,19.3,14.0
2018-09-12,Karnataka,204.3,206.7,199.0,201.75714285714284,2,Wednesday,9,2018,0,1990,,0,28.4,19.1,7.1
2018-09-13,Karnataka,193.8,204.3,201.4,202.51428571428573,3,Thursday,9,2018,0,1991,,0,27.6,20.3,1.7
2018-09-14,Karnataka,203.3,193.8,206.0,201.42857142857142,4,Friday,9,2018,0,1992,,0,29.1,19.6,4.1
2018-09-15,Karnataka,203.7,203.3,201.8,201.04285714285714,5,Saturday,9,2018,1,1993,,0,28.9,19.8,5.9
2018-09-16,Karnataka,190.6,203.7,196.1,201.31428571428572,6,Sunday,9,2018,1,1994,,0,27.4,20.3,5.2
2018-09-17,Karnataka,193.0,190.6,201.3,200.52857142857144,0,Monday,9,2018,0,1995,,0,26.1,19.9,1.1
2018-09-18,Karnataka,195.6,193.0,206.7,199.34285714285713,1,Tuesday,9,2018,0,1996,,0,27.4,19.0,0.2
2018-09-19,Karnataka,200.3,195.6,204.3,197.7571428571429,2,Wednesday,9,2018,0,1997,,0,26.6,19.0,0.2
2018-09-20,Karnataka,201.9,200.3,193.8,197.18571428571428,3,Thursday,9,2018,0,1998,,0,26.2,17.9,7.3
2018-09-21,Karnataka,199.2,201.9,203.3,198.34285714285716,4,Friday,9,2018,0,1999,Muharram,1,26.0,18.7,6.4
2018-09-22,Karnataka,199.1,199.2,203.7,197.75714285714284,5,Saturday,9,2018,1,2000,,0,28.7,16.7,0.0
2018-09-23,Karnataka,196.2,199.1,190.6,197.1,6,Sunday,9,2018,1,2001,,0,28.0,19.0,13.7
2018-09-24,Karnataka,193.6,196.2,193.0,197.9,0,Monday,9,2018,0,2002,,0,26.7,19.6,26.7
2018-09-25,Karnataka,192.0,193.6,195.6,197.9857142857143,1,Tuesday,9,2018,0,2003,,0,27.6,19.0,18.9
2018-09-26,Karnataka,172.4,192.0,200.3,197.47142857142856,2,Wednesday,9,2018,0,2004,,0,28.2,18.6,11.0
2018-09-27,Karnataka,167.6,172.4,201.9,193.48571428571427,3,Thursday,9,2018,0,2005,,0,28.7,19.1,2.1
2018-09-28,Karnataka,171.8,167.6,199.2,188.58571428571432,4,Friday,9,2018,0,2006,,0,28.3,20.1,8.5
2018-09-29,Karnataka,164.3,171.8,199.1,184.67142857142858,5,Saturday,9,2018,1,2007,,0,28.2,19.6,4.9
2018-09-30,Karnataka,162.2,164.3,196.2,179.7,6,Sunday,9,2018,1,2008,,0,28.7,20.1,1.3
2018-10-01,Karnataka,175.6,162.2,193.6,174.84285714285716,0,Monday,10,2018,0,2009,,0,28.2,20.8,0.5
2018-10-02,Karnataka,168.7,175.6,192.0,172.27142857142854,1,Tuesday,10,2018,0,2010,Mahatma Gandhi's Jayanti,1,28.1,20.1,0.8
2018-10-03,Karnataka,186.0,168.7,172.4,168.94285714285712,2,Wednesday,10,2018,0,2011,,0,28.5,20.7,1.5
2018-10-04,Karnataka,183.1,186.0,167.6,170.8857142857143,3,Thursday,10,2018,0,2012,,0,27.1,20.4,3.7
2018-10-05,Karnataka,181.4,183.1,171.8,173.1,4,Friday,10,2018,0,2013,,0,26.7,20.5,4.6
2018-10-06,Karnataka,176.9,181.4,164.3,174.4714285714286,5,Saturday,10,2018,1,2014,,0,26.1,20.0,5.5
2018-10-07,Karnataka,166.8,176.9,162.2,176.27142857142854,6,Sunday,10,2018,1,2015,,0,27.6,19.5,1.3
2018-10-08,Karnataka,187.3,166.8,175.6,176.92857142857142,0,Monday,10,2018,0,2016,,0,27.5,19.9,19.1
2018-10-09,Karnataka,192.9,187.3,168.7,178.6,1,Tuesday,10,2018,0,2017,,0,27.7,19.0,0.5
2018-10-10,Karnataka,197.4,192.9,186.0,182.05714285714285,2,Wednesday,10,2018,0,2018,,0,27.6,18.6,0.0
2018-10-11,Karnataka,199.7,197.4,183.1,183.68571428571428,3,Thursday,10,2018,0,2019,,0,29.2,17.9,0.0
2018-10-12,Karnataka,208.7,199.7,181.4,186.05714285714288,4,Friday,10,2018,0,2020,,0,29.0,19.3,0.0
2018-10-13,Karnataka,215.1,208.7,176.9,189.95714285714283,5,Saturday,10,2018,1,2021,,0,29.2,18.3,0.0
2018-10-14,Karnataka,205.5,215.1,166.8,195.41428571428574,6,Sunday,10,2018,1,2022,,0,28.6,19.5,8.4
2018-10-15,Karnataka,203.5,205.5,187.3,200.94285714285712,0,Monday,10,2018,0,2023,,0,26.9,19.8,11.7
2018-10-16,Karnataka,194.3,203.5,192.9,203.25714285714284,1,Tuesday,10,2018,0,2024,,0,27.3,19.3,11.3
2018-10-17,Karnataka,169.2,194.3,197.4,203.45714285714286,2,Wednesday,10,2018,0,2025,,0,26.9,19.5,10.7
2018-10-18,Karnataka,151.5,169.2,199.7,199.42857142857142,3,Thursday,10,2018,0,2026,,0,26.1,17.9,1.9
2018-10-19,Karnataka,149.6,151.5,208.7,192.54285714285714,4,Friday,10,2018,0,2027,Dussehra,1,26.7,19.0,1.4
2018-10-20,Karnataka,157.8,149.6,215.1,184.09999999999997,5,Saturday,10,2018,1,2028,,0,27.3,19.3,0.0
2018-10-21,Karnataka,164.5,157.8,205.5,175.91428571428574,6,Sunday,10,2018,1,2029,,0,27.2,18.1,3.6
2018-10-22,Karnataka,185.0,164.5,203.5,170.05714285714288,0,Monday,10,2018,0,2030,,0,27.7,17.4,0.0
2018-10-23,Karnataka,199.9,185.0,194.3,167.41428571428574,1,Tuesday,10,2018,0,2031,,0,28.3,16.1,0.0
2018-10-24,Karnataka,204.0,199.9,169.2,168.21428571428572,2,Wednesday,10,2018,0,2032,,0,28.6,16.9,0.0
2018-10-25,Karnataka,206.0,204.0,151.5,173.18571428571428,3,Thursday,10,2018,0,2033,,0,28.8,16.6,0.0
2018-10-26,Karnataka,205.2,206.0,149.6,180.97142857142856,4,Friday,10,2018,0,2034,,0,29.0,17.5,0.0
2018-10-27,Karnataka,204.0,205.2,157.8,188.91428571428574,5,Saturday,10,2018,1,2035,,0,28.8,17.3,0.0
2018-10-28,Karnataka,194.8,204.0,164.5,195.5142857142857,6,Sunday,10,2018,1,2036,,0,29.0,16.9,0.0
2018-10-29,Karnataka,209.0,194.8,185.0,199.84285714285713,0,Monday,10,2018,0,2037,,0,28.7,16.2,0.0
2018-10-30,Karnataka,215.6,209.0,199.9,203.27142857142857,1,Tuesday,10,2018,0,2038,,0,29.4,16.0,0.0
2018-10-31,Karnataka,220.1,215.6,204.0,205.5142857142857,2,Wednesday,10,2018,0,2039,,0,30.8,17.8,0.0
2018-11-01,Karnataka,206.2,220.1,206.0,207.81428571428572,3,Thursday,11,2018,0,2040,Karnataka Rajyotsava,1,28.8,18.6,0.2
2018-11-02,Karnataka,212.3,206.2,205.2,207.84285714285716,4,Friday,11,2018,0,2041,,0,28.0,19.7,3.7
2018-11-03,Karnataka,205.2,212.3,204.0,208.85714285714286,5,Saturday,11,2018,1,2042,,0,27.9,19.8,1.2
2018-11-04,Karnataka,192.1,205.2,194.8,209.02857142857144,6,Sunday,11,2018,1,2043,,0,27.9,18.9,0.7
2018-11-05,Karnataka,210.3,192.1,209.0,208.64285714285714,0,Monday,11,2018,0,2044,,0,28.8,19.9,0.0
2018-11-06,Karnataka,214.8,210.3,215.6,208.82857142857142,1,Tuesday,11,2018,0,2045,,0,28.2,19.0,0.0
2018-11-07,Karnataka,205.4,214.8,220.1,208.71428571428572,2,Wednesday,11,2018,0,2046,Diwali (Deepavali),1,29.2,18.2,0.0
2018-11-08,Karnataka,197.2,205.4,206.2,206.6142857142857,3,Thursday,11,2018,0,2047,,0,29.9,15.5,0.0
2018-11-09,Karnataka,210.8,197.2,212.3,205.32857142857142,4,Friday,11,2018,0,2048,,0,29.2,17.9,0.0
2018-11-10,Karnataka,215.5,210.8,205.2,205.1142857142857,5,Saturday,11,2018,1,2049,,0,29.7,17.0,0.0
2018-11-11,Karnataka,206.8,215.5,192.1,206.58571428571426,6,Sunday,11,2018,1,2050,,0,29.6,17.4,0.0
2018-11-12,Karnataka,219.1,206.8,210.3,208.68571428571428,0,Monday,11,2018,0,2051,,0,29.7,16.6,0.0
2018-11-13,Karnataka,220.2,219.1,214.8,209.94285714285715,1,Tuesday,11,2018,0,2052,,0,29.5,15.4,0.0
2018-11-14,Karnataka,220.1,220.2,205.4,210.71428571428572,2,Wednesday,11,2018,0,2053,,0,29.4,14.6,0.0
2018-11-15,Karnataka,219.0,220.1,197.2,212.81428571428572,3,Thursday,11,2018,0,2054,,0,29.1,16.4,0.2
2018-11-16,Karnataka,213.8,219.0,210.8,215.92857142857142,4,Friday,11,2018,0,2055,,0,27.4,19.6,0.9
2018-11-17,Karnataka,218.7,213.8,215.5,216.35714285714286,5,Saturday,11,2018,1,2056,,0,29.9,18.6,0.0
2018-11-18,Karnataka,205.0,218.7,206.8,216.81428571428572,6,Sunday,11,2018,1,2057,,0,29.2,20.4,1.9
2018-11-19,Karnataka,203.1,205.0,219.1,216.55714285714288,0,Monday,11,2018,0,2058,,0,27.6,20.0,1.0
2018-11-20,Karnataka,204.3,203.1,220.2,214.27142857142854,1,Tuesday,11,2018,0,2059,,0,29.4,19.0,0.0
2018-11-21,Karnataka,205.3,204.3,220.1,212.0,2,Wednesday,11,2018,0,2060,Milad-un-Nabi,1,27.0,18.3,0.9
2018-11-22,Karnataka,194.8,205.3,219.0,209.8857142857143,3,Thursday,11,2018,0,2061,,0,24.0,19.3,7.3
2018-11-23,Karnataka,192.8,194.8,213.8,206.42857142857142,4,Friday,11,2018,0,2062,Guru Nanak's Jayanti,1,25.4,19.7,8.3
2018-11-24,Karnataka,193.4,192.8,218.7,203.42857142857142,5,Saturday,11,2018,1,2063,,0,27.0,18.7,0.0
2018-11-25,Karnataka,186.1,193.4,205.0,199.81428571428572,6,Sunday,11,2018,1,2064,,0,26.9,18.4,0.0
2018-11-26,Karnataka,,186.1,203.1,197.1142857142857,0,Monday,11,2018,0,2065,,0,27.0,16.3,0.0
2018-11-27,Karnataka,201.0,,204.3,,1,Tuesday,11,2018,0,2066,,0,25.5,15.0,0.0
2018-11-28,Karnataka,203.5,201.0,205.3,,2,Wednesday,11,2018,0,2067,,0,26.3,14.2,0.0
2018-11-29,Karnataka,206.5,203.5,194.8,,3,Thursday,11,2018,0,2068,,0,24.5,17.6,0.8
2018-11-30,Karnataka,211.3,206.5,192.8,,4,Friday,11,2018,0,2069,,0,27.4,17.6,0.0
2018-12-01,Karnataka,209.4,211.3,193.4,,5,Saturday,12,2018,1,2070,,0,26.8,17.1,0.0
2018-12-02,Karnataka,195.6,209.4,186.1,,6,Sunday,12,2018,1,2071,,0,26.8,15.2,0.0
2018-12-03,Karnataka,209.3,195.6,,,0,Monday,12,2018,0,2072,,0,27.3,17.0,0.0
2018-12-04,Karnataka,207.2,209.3,201.0,205.22857142857146,1,Tuesday,12,2018,0,2073,,0,27.6,17.8,0.2
2018-12-05,Karnataka,204.2,207.2,203.5,206.11428571428573,2,Wednesday,12,2018,0,2074,,0,28.6,19.3,0.8
2018-12-06,Karnataka,207.5,204.2,206.5,206.21428571428572,3,Thursday,12,2018,0,2075,,0,28.1,19.5,1.0
2018-12-07,Karnataka,209.6,207.5,211.3,206.35714285714286,4,Friday,12,2018,0,2076,,0,28.1,18.1,0.0
2018-12-08,Karnataka,205.2,209.6,209.4,206.1142857142857,5,Saturday,12,2018,1,2077,,0,28.8,18.1,0.0
2018-12-09,Karnataka,193.9,205.2,195.6,205.5142857142857,6,Sunday,12,2018,1,2078,,0,28.8,17.4,0.0
2018-12-10,Karnataka,206.5,193.9,209.3,205.27142857142857,0,Monday,12,2018,0,2079,,0,29.3,18.1,0.0
2018-12-11,Karnataka,209.3,206.5,207.2,204.87142857142857,1,Tuesday,12,2018,0,2080,,0,28.2,16.3,0.1
2018-12-12,Karnataka,211.5,209.3,204.2,205.17142857142858,2,Wednesday,12,2018,0,2081,,0,29.1,19.2,0.0
2018-12-13,Karnataka,213.7,211.5,207.5,206.21428571428572,3,Thursday,12,2018,0,2082,,0,27.8,18.3,0.2
2018-12-14,Karnataka,212.0,213.7,209.6,207.1,4,Friday,12,2018,0,2083,,0,28.6,17.4,0.0
2018-12-15,Karnataka,203.5,212.0,205.2,207.44285714285712,5,Saturday,12,2018,1,2084,,0,27.3,16.7,0.0
2018-12-16,Karnataka,187.9,203.5,193.9,207.20000000000002,6,Sunday,12,2018,1,2085,,0,24.8,16.0,0.0
2018-12-17,Karnataka,199.3,187.9,206.5,206.34285714285716,0,Monday,12,2018,0,2086,,0,28.3,14.9,0.0
2018-12-18,Karnataka,200.9,199.3,209.3,205.31428571428572,1,Tuesday,12,2018,0,2087,,0,27.7,14.9,0.0
2018-12-19,Karnataka,200.8,200.9,211.5,204.11428571428573,2,Wednesday,12,2018,0,2088,,0,27.5,14.6,0.0
2018-12-20,Karnataka,207.5,200.8,213.7,202.58571428571432,3,Thursday,12,2018,0,2089,,0,28.0,16.1,0.0
2018-12-21,Karnataka,211.1,207.5,212.0,201.70000000000002,4,Friday,12,2018,0,2090,,0,26.4,16.6,0.3
2018-12-22,Karnataka,204.9,211.1,203.5,201.57142857142858,5,Saturday,12,2018,1,2091,,0,28.4,18.1,0.0
2018-12-23,Karnataka,190.2,204.9,187.9,201.77142857142857,6,Sunday,12,2018,1,2092,,0,28.2,18.7,0.2
2018-12-24,Karnataka,204.6,190.2,199.3,202.09999999999997,0,Monday,12,2018,0,2093,,0,29.0,17.9,0.0
2018-12-25,Karnataka,206.8,204.6,200.9,202.85714285714286,1,Tuesday,12,2018,0,2094,Christmas,1,28.6,17.2,0.0
2018-12-26,Karnataka,214.4,206.8,200.8,203.7,2,Wednesday,12,2018,0,2095,,0,29.4,17.0,0.0
2018-12-27,Karnataka,213.2,214.4,207.5,205.64285714285714,3,Thursday,12,2018,0,2096,,0,28.7,18.2,0.4
2018-12-28,Karnataka,211.2,213.2,211.1,206.45714285714283,4,Friday,12,2018,0,2097,,0,25.8,18.4,1.5
2018-12-29,Karnataka,204.8,211.2,204.9,206.47142857142856,5,Saturday,12,2018,1,2098,,0,24.8,17.8,1.8
2018-12-30,Karnataka,192.1,204.8,190.2,206.45714285714283,6,Sunday,12,2018,1,2099,,0,27.3,16.1,0.0
2018-12-31,Karnataka,203.1,192.1,204.6,206.72857142857146,0,Monday,12,2018,0,2100,,0,26.5,15.9,0.0
2019-01-01,Karnataka,199.3,203.1,206.8,206.5142857142857,1,Tuesday,1,2019,0,2101,,0,27.0,12.8,0.0
2019-01-02,Karnataka,200.3,199.3,214.4,205.44285714285712,2,Wednesday,1,2019,0,2102,,0,26.9,11.8,0.0
2019-01-03,Karnataka,204.2,200.3,213.2,203.42857142857142,3,Thursday,1,2019,0,2103,,0,27.8,12.2,0.0
2019-01-04,Karnataka,208.5,204.2,211.2,202.14285714285714,4,Friday,1,2019,0,2104,,0,27.5,12.7,0.0
2019-01-05,Karnataka,204.8,208.5,204.8,201.7571428571429,5,Saturday,1,2019,1,2105,,0,27.1,12.4,0.0
2019-01-06,Karnataka,195.7,204.8,192.1,201.75714285714284,6,Sunday,1,2019,1,2106,,0,27.7,13.3,0.0
2019-01-07,Karnataka,207.6,195.7,203.1,202.27142857142857,0,Monday,1,2019,0,2107,,0,27.5,13.6,0.0
2019-01-08,Karnataka,207.5,207.6,199.3,202.91428571428574,1,Tuesday,1,2019,0,2108,,0,28.3,14.6,0.0
2019-01-09,Karnataka,206.0,207.5,200.3,204.08571428571426,2,Wednesday,1,2019,0,2109,,0,29.0,13.5,0.0
2019-01-10,Karnataka,213.3,206.0,204.2,204.9,3,Thursday,1,2019,0,2110,,0,29.1,13.5,0.0
2019-01-11,Karnataka,219.0,213.3,208.5,206.2,4,Friday,1,2019,0,2111,,0,28.7,14.6,0.0
2019-01-12,Karnataka,215.2,219.0,204.8,207.70000000000002,5,Saturday,1,2019,1,2112,,0,28.3,15.1,0.0
2019-01-13,Karnataka,201.9,215.2,195.7,209.18571428571428,6,Sunday,1,2019,1,2113,,0,28.8,14.2,0.0
2019-01-14,Karnataka,210.7,201.9,207.6,210.07142857142858,0,Monday,1,2019,0,2114,,0,28.5,14.4,0.0
2019-01-15,Karnataka,204.2,210.7,207.5,210.5142857142857,1,Tuesday,1,2019,0,2115,,0,28.3,13.3,0.0
2019-01-16,Karnataka,212.2,204.2,206.0,210.04285714285714,2,Wednesday,1,2019,0,2116,,0,28.3,13.9,0.0
2019-01-17,Karnataka,215.5,212.2,213.3,210.92857142857142,3,Thursday,1,2019,0,2117,,0,28.3,14.2,0.0
2019-01-18,Karnataka,215.6,215.5,219.0,211.24285714285716,4,Friday,1,2019,0,2118,,0,28.5,15.9,0.0
2019-01-19,Karnataka,211.7,215.6,215.2,210.75714285714284,5,Saturday,1,2019,1,2119,,0,28.9,13.8,0.0
2019-01-20,Karnataka,197.4,211.7,201.9,210.25714285714284,6,Sunday,1,2019,1,2120,,0,28.2,14.3,0.0
2019-01-21,Karnataka,211.9,197.4,210.7,209.61428571428573,0,Monday,1,2019,0,2121,,0,29.1,13.3,0.0
2019-01-22,Karnataka,216.2,211.9,204.2,209.78571428571428,1,Tuesday,1,2019,0,2122,,0,28.2,13.8,0.0
2019-01-23,Karnataka,216.0,216.2,212.2,211.5,2,Wednesday,1,2019,0,2123,,0,28.8,15.6,0.0
2019-01-24,Karnataka,218.7,216.0,215.5,212.04285714285714,3,Thursday,1,2019,0,2124,,0,29.4,16.8,0.0
2019-01-25,Karnataka,219.4,218.7,215.6,212.5,4,Friday,1,2019,0,2125,,0,28.8,16.1,0.0
2019-01-26,Karnataka,202.8,219.4,211.7,213.04285714285714,5,Saturday,1,2019,1,2126,Republic Day,1,27.4,18.7,0.7
2019-01-27,Karnataka,197.3,202.8,197.4,211.77142857142857,6,Sunday,1,2019,1,2127,,0,26.9,18.1,3.5
2019-01-28,Karnataka,205.3,197.3,211.9,211.75714285714284,0,Monday,1,2019,0,2128,,0,25.6,17.6,27.2
2019-01-29,Karnataka,204.5,205.3,216.2,210.81428571428572,1,Tuesday,1,2019,0,2129,,0,25.7,17.0,1.0
2019-01-30,Karnataka,211.1,204.5,216.0,209.14285714285714,2,Wednesday,1,2019,0,2130,,0,26.7,16.7,0.0
2019-01-31,Karnataka,213.0,211.1,218.7,208.44285714285712,3,Thursday,1,2019,0,2131,,0,26.1,15.2,0.0
2019-02-01,Karnataka,217.6,213.0,219.4,207.6285714285714,4,Friday,2,2019,0,2132,,0,26.2,15.3,0.0
2019-02-02,Karnataka,212.9,217.6,202.8,207.3714285714286,5,Saturday,2,2019,1,2133,,0,27.9,15.4,0.0
2019-02-03,Karnataka,200.4,212.9,197.3,208.81428571428572,6,Sunday,2,2019,1,2134,,0,28.3,16.2,0.0
2019-02-04,Karnataka,213.1,200.4,205.3,209.25714285714284,0,Monday,2,2019,0,2135,,0,29.2,16.1,0.0
2019-02-05,Karnataka,218.6,213.1,204.5,210.37142857142857,1,Tuesday,2,2019,0,2136,,0,29.2,17.6,0.0
2019-02-06,Karnataka,223.4,218.6,211.1,212.3857142857143,2,Wednesday,2,2019,0,2137,,0,29.7,17.0,0.0
2019-02-07,Karnataka,223.3,223.4,213.0,214.14285714285714,3,Thursday,2,2019,0,2138,,0,30.5,17.6,0.0
2019-02-08,Karnataka,229.9,223.3,217.6,215.61428571428573,4,Friday,2,2019,0,2139,,0,30.7,18.2,0.1
2019-02-09,Karnataka,215.2,229.9,212.9,217.37142857142857,5,Saturday,2,2019,1,2140,,0,29.2,19.7,5.8
2019-02-10,Karnataka,205.1,215.2,200.4,217.70000000000002,6,Sunday,2,2019,1,2141,,0,28.6,19.2,0.7
2019-02-11,Karnataka,207.9,205.1,213.1,218.37142857142857,0,Monday,2,2019,0,2142,,0,29.2,19.4,0.0
2019-02-12,Karnataka,212.3,207.9,218.6,217.62857142857143,1,Tuesday,2,2019,0,2143,,0,28.4,16.8,0.0
2019-02-13,Karnataka,219.5,212.3,223.4,216.72857142857143,2,Wednesday,2,2019,0,2144,,0,29.1,15.8,0.0
2019-02-14,Karnataka,223.2,219.5,223.3,216.17142857142858,3,Thursday,2,2019,0,2145,,0,30.0,16.1,0.0
2019-02-15,Karnataka,226.2,223.2,229.9,216.15714285714284,4,Friday,2,2019,0,2146,,0,29.3,18.1,0.2
2019-02-16,Karnataka,226.8,226.2,215.2,215.62857142857143,5,Saturday,2,2019,1,2147,,0,31.5,19.2,0.1
2019-02-17,Karnataka,210.2,226.8,205.1,217.28571428571428,6,Sunday,2,2019,1,2148,,0,31.9,20.0,0.0
2019-02-18,Karnataka,220.3,210.2,207.9,218.01428571428573,0,Monday,2,2019,0,2149,,0,32.0,18.4,0.0
2019-02-19,Karnataka,233.1,220.3,212.3,219.78571428571428,1,Tuesday,2,2019,0,2150,,0,31.3,20.3,0.0
2019-02-20,Karnataka,234.9,233.1,219.5,222.75714285714284,2,Wednesday,2,2019,0,2151,,0,31.7,20.0,0.0
2019-02-21,Karnataka,231.5,234.9,223.2,224.95714285714286,3,Thursday,2,2019,0,2152,,0,30.9,17.1,0.0
2019-02-22,Karnataka,229.0,231.5,226.2,226.14285714285714,4,Friday,2,2019,0,2153,,0,31.7,16.3,0.0
2019-02-23,Karnataka,228.6,229.0,226.8,226.54285714285714,5,Saturday,2,2019,1,2154,,0,33.0,16.1,0.0
2019-02-24,Karnataka,215.4,228.6,210.2,226.79999999999998,6,Sunday,2,2019,1,2155,,0,33.2,16.2,0.0
2019-02-25,Karnataka,235.1,215.4,220.3,227.54285714285714,0,Monday,2,2019,0,2156,,0,33.4,16.6,0.0
2019-02-26,Karnataka,,235.1,233.1,229.65714285714284,1,Tuesday,2,2019,0,2157,,0,33.3,18.9,0.0
2019-02-27,Karnataka,237.7,,234.9,,2,Wednesday,2,2019,0,2158,,0,32.4,19.6,0.0
2019-02-28,Karnataka,246.3,237.7,231.5,,3,Thursday,2,2019,0,2159,,0,32.3,20.0,0.0
2019-03-01,Karnataka,251.6,246.3,229.0,,4,Friday,3,2019,0,2160,,0,32.5,20.1,0.0
2019-03-02,Karnataka,247.3,251.6,228.6,,5,Saturday,3,2019,1,2161,,0,31.8,20.7,0.0
2019-03-03,Karnataka,222.6,247.3,215.4,,6,Sunday,3,2019,1,2162,,0,32.5,19.4,0.0
2019-03-04,Karnataka,237.1,222.6,235.1,,0,Monday,3,2019,0,2163,Maha Shivaratri,1,32.7,19.4,0.0
2019-03-05,Karnataka,239.4,237.1,,,1,Tuesday,3,2019,0,2164,,0,31.2,21.5,0.7
2019-03-06,Karnataka,242.5,239.4,237.7,240.28571428571428,2,Wednesday,3,2019,0,2165,,0,34.2,21.2,0.0
2019-03-07,Karnataka,240.4,242.5,246.3,240.97142857142856,3,Thursday,3,2019,0,2166,,0,35.0,19.8,0.0
2019-03-08,Karnataka,243.4,240.4,251.6,240.12857142857143,4,Friday,3,2019,0,2167,,0,34.4,19.0,0.0
2019-03-09,Karnataka,244.0,243.4,247.3,238.95714285714286,5,Saturday,3,2019,1,2168,,0,30.6,20.9,0.5
2019-03-10,Karnataka,231.5,244.0,222.6,238.4857142857143,6,Sunday,3,2019,1,2169,,0,33.2,21.2,0.0
2019-03-11,Karnataka,244.2,231.5,237.1,239.7571428571429,0,Monday,3,2019,0,2170,,0,33.3,21.2,0.0
2019-03-12,Karnataka,248.9,244.2,239.4,240.77142857142854,1,Tuesday,3,2019,0,2171,,0,33.0,19.7,0.0
2019-03-13,Karnataka,247.0,248.9,242.5,242.12857142857143,2,Wednesday,3,2019,0,2172,,0,33.0,18.2,0.0
2019-03-14,Karnataka,247.8,247.0,240.4,242.77142857142857,3,Thursday,3,2019,0,2173,,0,32.9,19.0,0.0
2019-03-15,Karnataka,249.9,247.8,243.4,243.82857142857142,4,Friday,3,2019,0,2174,,0,33.0,20.6,0.0
2019-03-16,Karnataka,242.1,249.9,244.0,244.75714285714284,5,Saturday,3,2019,1,2175,,0,32.5,18.4,0.0
2019-03-17,Karnataka,230.0,242.1,231.5,244.48571428571427,6,Sunday,3,2019,1,2176,,0,32.8,17.1,0.0
2019-03-18,Karnataka,247.7,230.0,244.2,244.27142857142854,0,Monday,3,2019,0,2177,,0,33.4,17.7,0.0
2019-03-19,Karnataka,252.8,247.7,248.9,244.77142857142857,1,Tuesday,3,2019,0,2178,,0,33.9,19.0,0.0
2019-03-20,Karnataka,250.4,252.8,247.0,245.32857142857142,2,Wednesday,3,2019,0,2179,,0,33.3,20.4,0.0
2019-03-21,Karnataka,247.6,250.4,247.8,245.81428571428572,3,Thursday,3,2019,0,2180,Holi,1,34.0,20.4,0.0
2019-03-22,Karnataka,248.4,247.6,249.9,245.78571428571428,4,Friday,3,2019,0,2181,,0,33.4,20.3,0.0
2019-03-23,Karnataka,249.4,248.4,242.1,245.57142857142858,5,Saturday,3,2019,1,2182,,0,33.9,21.2,0.0
2019-03-24,Karnataka,240.6,249.4,230.0,246.61428571428573,6,Sunday,3,2019,1,2183,,0,34.1,22.4,0.0
2019-03-25,Karnataka,252.5,240.6,247.7,248.12857142857143,0,Monday,3,2019,0,2184,,0,34.6,20.9,0.0
2019-03-26,Karnataka,273.3,252.5,252.8,248.81428571428572,1,Tuesday,3,2019,0,2185,,0,34.1,20.3,0.0
2019-03-27,Karnataka,256.3,273.3,250.4,251.74285714285716,2,Wednesday,3,2019,0,2186,,0,35.0,20.4,0.0
2019-03-28,Karnataka,254.3,256.3,247.6,252.58571428571426,3,Thursday,3,2019,0,2187,,0,35.6,20.7,0.0
2019-03-29,Karnataka,255.8,254.3,248.4,253.54285714285717,4,Friday,3,2019,0,2188,,0,35.0,21.5,0.0
2019-03-30,Karnataka,253.5,255.8,249.4,254.6,5,Saturday,3,2019,1,2189,,0,34.6,21.6,0.0
2019-03-31,Karnataka,232.7,253.5,240.6,255.1857142857143,6,Sunday,3,2019,1,2190,,0,34.4,21.3,0.0
2019-04-01,Karnataka,243.7,232.7,252.5,254.05714285714288,0,Monday,4,2019,0,2191,,0,35.2,21.2,0.0
2019-04-02,Karnataka,247.8,243.7,273.3,252.79999999999998,1,Tuesday,4,2019,0,2192,,0,34.2,21.9,0.0
2019-04-03,Karnataka,248.6,247.8,256.3,249.15714285714284,2,Wednesday,4,2019,0,2193,,0,33.4,22.2,0.0
2019-04-04,Karnataka,246.5,248.6,254.3,248.05714285714288,3,Thursday,4,2019,0,2194,,0,34.3,20.6,0.0
2019-04-05,Karnataka,242.8,246.5,255.8,246.94285714285712,4,Friday,4,2019,0,2195,,0,34.7,20.9,0.0
2019-04-06,Karnataka,226.7,242.8,253.5,245.08571428571426,5,Saturday,4,2019,1,2196,Ugadi,1,35.2,21.4,0.0
2019-04-07,Karnataka,218.6,226.7,232.7,241.25714285714284,6,Sunday,4,2019,1,2197,,0,35.2,22.2,0.0
2019-04-08,Karnataka,235.1,218.6,243.7,239.2428571428571,0,Monday,4,2019,0,2198,,0,34.6,22.2,0.0
2019-04-09,Karnataka,228.9,235.1,247.8,238.01428571428573,1,Tuesday,4,2019,0,2199,,0,33.5,22.5,0.0
2019-04-10,Karnataka,233.5,228.9,248.6,235.31428571428572,2,Wednesday,4,2019,0,2200,,0,33.9,21.8,0.0
2019-04-11,Karnataka,234.8,233.5,246.5,233.15714285714284,3,Thursday,4,2019,0,2201,,0,34.5,22.0,0.0
2019-04-12,Karnataka,239.3,234.8,242.8,231.4857142857143,4,Friday,4,2019,0,2202,,0,35.0,21.6,0.0
2019-04-13,Karnataka,237.8,239.3,226.7,230.9857142857143,5,Saturday,4,2019,1,2203,Ram Navami,1,34.8,22.3,0.0
2019-04-14,Karnataka,223.6,237.8,218.6,232.57142857142858,6,Sunday,4,2019,1,2204,Dr. B. R. Ambedkar's Jayanti,1,34.9,21.7,0.0
2019-04-15,Karnataka,243.1,223.6,235.1,233.28571428571428,0,Monday,4,2019,0,2205,,0,34.6,20.5,0.0
2019-04-16,Karnataka,249.3,243.1,228.9,234.42857142857142,1,Tuesday,4,2019,0,2206,,0,34.2,21.8,0.0
2019-04-17,Karnataka,241.5,249.3,233.5,237.34285714285716,2,Wednesday,4,2019,0,2207,Mahavir Jayanti,1,34.2,23.0,0.3
2019-04-18,Karnataka,217.0,241.5,234.8,238.4857142857143,3,Thursday,4,2019,0,2208,,0,34.3,21.6,14.8
2019-04-19,Karnataka,220.7,217.0,239.3,235.94285714285712,4,Friday,4,2019,0,2209,Good Friday,1,32.7,21.3,1.1
2019-04-20,Karnataka,228.6,220.7,237.8,233.28571428571428,5,Saturday,4,2019,1,2210,,0,31.1,20.9,6.3
2019-04-21,Karnataka,216.0,228.6,223.6,231.97142857142856,6,Sunday,4,2019,1,2211,,0,32.2,20.4,2.2
2019-04-22,Karnataka,235.4,216.0,243.1,230.8857142857143,0,Monday,4,2019,0,2212,,0,32.0,21.9,0.6
2019-04-23,Karnataka,230.6,235.4,249.3,229.78571428571428,1,Tuesday,4,2019,0,2213,,0,32.5,20.5,0.0
2019-04-24,Karnataka,233.1,230.6,241.5,227.1142857142857,2,Wednesday,4,2019,0,2214,,0,33.1,21.2,0.0
2019-04-25,Karnataka,241.9,233.1,217.0,225.91428571428574,3,Thursday,4,2019,0,2215,,0,34.8,21.0,0.0
2019-04-26,Karnataka,246.0,241.9,220.7,229.47142857142856,4,Friday,4,2019,0,2216,,0,35.5,21.4,0.0
2019-04-27,Karnataka,236.5,246.0,228.6,233.08571428571426,5,Saturday,4,2019,1,2217,,0,35.8,22.0,0.0
2019-04-28,Karnataka,219.1,236.5,216.0,234.21428571428572,6,Sunday,4,2019,1,2218,,0,35.0,21.9,0.0
2019-04-29,Karnataka,230.1,219.1,235.4,234.65714285714284,0,Monday,4,2019,0,2219,,0,34.1,22.7,0.0
2019-04-30,Karnataka,214.8,230.1,230.6,233.9,1,Tuesday,4,2019,0,2220,,0,33.7,22.4,0.1
2019-05-01,Karnataka,180.6,214.8,233.1,231.64285714285714,2,Wednesday,5,2019,0,2221,,0,33.2,22.5,0.6
2019-05-02,Karnataka,209.6,180.6,241.9,224.14285714285714,3,Thursday,5,2019,0,2222,,0,35.1,21.2,0.0
2019-05-03,Karnataka,223.4,209.6,246.0,219.52857142857144,4,Friday,5,2019,0,2223,,0,34.3,20.5,0.0
2019-05-04,Karnataka,224.5,223.4,236.5,216.29999999999998,5,Saturday,5,2019,1,2224,,0,32.7,20.5,0.0
2019-05-05,Karnataka,215.5,224.5,219.1,214.58571428571426,6,Sunday,5,2019,1,2225,,0,33.2,21.6,0.0
2019-05-06,Karnataka,236.2,215.5,230.1,214.07142857142858,0,Monday,5,2019,0,2226,,0,33.6,22.1,0.0
2019-05-07,Karnataka,226.9,236.2,214.8,214.94285714285712,1,Tuesday,5,2019,0,2227,,0,32.1,23.0,0.4
2019-05-08,Karnataka,220.8,226.9,180.6,216.67142857142858,2,Wednesday,5,2019,0,2228,,0,31.1,21.7,0.7
2019-05-09,Karnataka,228.3,220.8,209.6,222.41428571428568,3,Thursday,5,2019,0,2229,,0,32.5,21.2,0.0
2019-05-10,Karnataka,236.2,228.3,223.4,225.08571428571426,4,Friday,5,2019,0,2230,,0,33.6,21.6,0.0
2019-05-11,Karnataka,232.3,236.2,224.5,226.91428571428568,5,Saturday,5,2019,1,2231,,0,33.7,22.9,0.5
2019-05-12,Karnataka,214.9,232.3,215.5,228.02857142857144,6,Sunday,5,2019,1,2232,,0,33.1,22.8,0.2
2019-05-13,Karnataka,219.6,214.9,236.2,227.94285714285712,0,Monday,5,2019,0,2233,,0,31.9,22.4,1.7
2019-05-14,Karnataka,223.6,219.6,226.9,225.57142857142858,1,Tuesday,5,2019,0,2234,,0,33.3,22.2,0.5
2019-05-15,Karnataka,225.7,223.6,220.8,225.1,2,Wednesday,5,2019,0,2235,,0,32.8,21.9,3.4
2019-05-16,Karnataka,225.0,225.7,228.3,225.79999999999998,3,Thursday,5,2019,0,2236,,0,33.2,21.8,0.3
2019-05-17,Karnataka,222.2,225.0,236.2,225.32857142857145,4,Friday,5,2019,0,2237,,0,32.6,23.1,0.5
2019-05-18,Karnataka,220.9,222.2,232.3,223.32857142857142,5,Saturday,5,2019,1,2238,Buddha Purnima,1,32.9,22.4,0.2
2019-05-19,Karnataka,211.5,220.9,214.9,221.70000000000002,6,Sunday,5,2019,1,2239,,0,32.8,22.4,0.0
2019-05-20,Karnataka,225.8,211.5,219.6,221.21428571428572,0,Monday,5,2019,0,2240,,0,33.5,22.9,0.1
2019-05-21,Karnataka,221.7,225.8,223.6,222.1,1,Tuesday,5,2019,0,2241,,0,32.9,22.9,0.0
2019-05-22,Karnataka,219.4,221.7,225.7,221.82857142857142,2,Wednesday,5,2019,0,2242,,0,33.3,22.4,0.2
2019-05-23,Karnataka,218.9,219.4,225.0,220.92857142857142,3,Thursday,5,2019,0,2243,,0,33.0,21.9,0.5
2019-05-24,Karnataka,205.3,218.9,222.2,220.05714285714285,4,Friday,5,2019,0,2244,,0,33.4,21.8,0.2
2019-05-25,Karnataka,194.1,205.3,220.9,217.64285714285714,5,Saturday,5,2019,1,2245,,0,32.4,21.5,3.3
2019-05-26,Karnataka,176.0,194.1,211.5,213.81428571428572,6,Sunday,5,2019,1,2246,,0,32.8,21.9,2.3
2019-05-27,Karnataka,194.9,176.0,225.8,208.74285714285716,0,Monday,5,2019,0,2247,,0,32.7,20.9,1.4
2019-05-28,Karnataka,214.1,194.9,221.7,204.32857142857142,1,Tuesday,5,2019,0,2248,,0,31.6,22.7,3.1
2019-05-29,Karnataka,206.3,214.1,219.4,203.24285714285716,2,Wednesday,5,2019,0,2249,,0,33.3,22.0,1.5
2019-05-30,Karnataka,213.1,206.3,218.9,201.3714285714286,3,Thursday,5,2019,0,2250,,0,31.9,22.0,11.1
2019-05-31,Karnataka,212.7,213.1,205.3,200.54285714285714,4,Friday,5,2019,0,2251,,0,30.9,21.1,16.0
2019-06-01,Karnataka,198.9,212.7,194.1,201.6,5,Saturday,6,2019,1,2252,,0,31.0,21.7,0.6
2019-06-02,Karnataka,184.8,198.9,176.0,202.28571428571428,6,Sunday,6,2019,1,2253,,0,30.1,22.1,13.9
2019-06-03,Karnataka,175.5,184.8,194.9,203.54285714285714,0,Monday,6,2019,0,2254,,0,31.2,22.0,3.3
2019-06-04,Karnataka,197.4,175.5,214.1,200.77142857142857,1,Tuesday,6,2019,0,2255,,0,30.5,21.1,0.2
2019-06-05,Karnataka,199.3,197.4,206.3,198.3857142857143,2,Wednesday,6,2019,0,2256,Id-ul-Fitr,1,29.8,21.4,17.9
2019-06-06,Karnataka,175.5,199.3,213.1,197.3857142857143,3,Thursday,6,2019,0,2257,,0,31.1,21.3,1.4
2019-06-07,Karnataka,179.1,175.5,212.7,192.01428571428573,4,Friday,6,2019,0,2258,,0,30.7,21.2,13.8
2019-06-08,Karnataka,180.8,179.1,198.9,187.21428571428572,5,Saturday,6,2019,1,2259,,0,30.0,21.4,5.5
2019-06-09,Karnataka,173.7,180.8,184.8,184.62857142857143,6,Sunday,6,2019,1,2260,,0,31.3,20.9,0.3
2019-06-10,Karnataka,,173.7,175.5,183.04285714285714,0,Monday,6,2019,0,2261,,0,29.2,21.1,4.1
2019-06-11,Karnataka,185.6,,197.4,,1,Tuesday,6,2019,0,2262,,0,29.4,21.3,1.3
2019-06-12,Karnataka,179.2,185.6,199.3,,2,Wednesday,6,2019,0,2263,,0,27.3,21.8,1.5
2019-06-13,Karnataka,178.9,179.2,175.5,,3,Thursday,6,2019,0,2264,,0,28.1,21.0,3.9
2019-06-14,Karnataka,190.3,178.9,179.1,,4,Friday,6,2019,0,2265,,0,28.2,20.7,3.4
2019-06-15,Karnataka,198.1,190.3,180.8,,5,Saturday,6,2019,1,2266,,0,30.3,20.6,0.0
2019-06-16,Karnataka,192.8,198.1,173.7,,6,Sunday,6,2019,1,2267,,0,30.5,20.5,0.5
2019-06-17,Karnataka,218.2,192.8,,,0,Monday,6,2019,0,2268,,0,30.1,20.4,0.0
2019-06-18,Karnataka,217.5,218.2,185.6,191.87142857142857,1,Tuesday,6,2019,0,2269,,0,29.8,21.3,0.0
2019-06-19,Karnataka,218.4,217.5,179.2,196.42857142857142,2,Wednesday,6,2019,0,2270,,0,30.8,20.3,0.9
2019-06-20,Karnataka,218.4,218.4,178.9,202.02857142857144,3,Thursday,6,2019,0,2271,,0,28.2,21.5,3.9
2019-06-21,Karnataka,218.9,218.4,190.3,207.67142857142858,4,Friday,6,2019,0,2272,,0,29.1,20.0,0.7
2019-06-22,Karnataka,203.3,218.9,198.1,211.75714285714284,5,Saturday,6,2019,1,2273,,0,28.5,21.2,5.8
2019-06-23,Karnataka,182.3,203.3,192.8,212.5,6,Sunday,6,2019,1,2274,,0,29.4,20.8,2.1
2019-06-24,Karnataka,191.5,182.3,218.2,211.0,0,Monday,6,2019,0,2275,,0,29.9,20.6,1.6
2019-06-25,Karnataka,199.2,191.5,217.5,207.1857142857143,1,Tuesday,6,2019,0,2276,,0,30.2,20.4,0.9
2019-06-26,Karnataka,198.1,199.2,218.4,204.57142857142858,2,Wednesday,6,2019,0,2277,,0,27.4,21.1,1.2
2019-06-27,Karnataka,198.2,198.1,218.4,201.67142857142858,3,Thursday,6,2019,0,2278,,0,29.8,20.5,2.3
2019-06-28,Karnataka,195.2,198.2,218.9,198.78571428571428,4,Friday,6,2019,0,2279,,0,30.7,19.8,0.1
2019-06-29,Karnataka,191.8,195.2,203.3,195.4,5,Saturday,6,2019,1,2280,,0,29.5,19.9,0.1
2019-06-30,Karnataka,170.3,191.8,182.3,193.75714285714284,6,Sunday,6,2019,1,2281,,0,30.3,21.0,1.1
2019-07-01,Karnataka,184.6,170.3,191.5,192.04285714285717,0,Monday,7,2019,0,2282,,0,29.9,20.6,0.9
2019-07-02,Karnataka,192.6,184.6,199.2,191.05714285714288,1,Tuesday,7,2019,0,2283,,0,30.9,21.5,0.8
2019-07-03,Karnataka,195.9,192.6,198.1,190.1142857142857,2,Wednesday,7,2019,0,2284,,0,29.7,20.8,0.4
2019-07-04,Karnataka,195.4,195.9,198.2,189.79999999999998,3,Thursday,7,2019,0,2285,,0,30.3,21.0,2.7
2019-07-05,Karnataka,191.5,195.4,195.2,189.40000000000003,4,Friday,7,2019,0,2286,,0,28.9,21.3,2.1
2019-07-06,Karnataka,183.5,191.5,191.8,188.8714285714286,5,Saturday,7,2019,1,2287,,0,29.5,21.0,1.1
2019-07-07,Karnataka,172.9,183.5,170.3,187.6857142857143,6,Sunday,7,2019,1,2288,,0,30.0,20.7,0.7
2019-07-08,Karnataka,188.5,172.9,184.6,188.05714285714285,0,Monday,7,2019,0,2289,,0,29.8,20.4,0.4
2019-07-09,Karnataka,195.2,188.5,192.6,188.6142857142857,1,Tuesday,7,2019,0,2290,,0,29.4,20.8,3.0
2019-07-10,Karnataka,188.8,195.2,195.9,188.9857142857143,2,Wednesday,7,2019,0,2291,,0,26.0,20.5,4.9
2019-07-11,Karnataka,190.0,188.8,195.4,187.97142857142856,3,Thursday,7,2019,0,2292,,0,29.5,19.7,5.8
2019-07-12,Karnataka,196.5,190.0,191.5,187.2,4,Friday,7,2019,0,2293,,0,29.3,19.7,3.5
2019-07-13,Karnataka,196.1,196.5,183.5,187.91428571428568,5,Saturday,7,2019,1,2294,,0,29.4,19.9,0.4
2019-07-14,Karnataka,182.3,196.1,172.9,189.71428571428572,6,Sunday,7,2019,1,2295,,0,28.9,19.8,2.8
2019-07-15,Karnataka,194.8,182.3,188.5,191.05714285714288,0,Monday,7,2019,0,2296,,0,28.4,20.3,5.1
2019-07-16,Karnataka,201.1,194.8,195.2,191.95714285714286,1,Tuesday,7,2019,0,2297,,0,29.0,19.7,1.1
2019-07-17,Karnataka,202.6,201.1,188.8,192.79999999999998,2,Wednesday,7,2019,0,2298,,0,28.4,20.2,3.5
2019-07-18,Karnataka,199.3,202.6,190.0,194.77142857142857,3,Thursday,7,2019,0,2299,,0,29.4,20.4,8.3
2019-07-19,Karnataka,195.4,199.3,196.5,196.1,4,Friday,7,2019,0,2300,,0,24.6,20.7,2.8
2019-07-20,Karnataka,186.6,195.4,196.1,195.94285714285715,5,Saturday,7,2019,1,2301,,0,27.4,19.9,4.6
2019-07-21,Karnataka,168.0,186.6,182.3,194.58571428571426,6,Sunday,7,2019,1,2302,,0,26.7,20.3,10.9
2019-07-22,Karnataka,171.9,168.0,194.8,192.54285714285714,0,Monday,7,2019,0,2303,,0,25.9,20.0,11.0
2019-07-23,Karnataka,164.5,171.9,201.1,189.27142857142857,1,Tuesday,7,2019,0,2304,,0,24.2,19.1,9.1
2019-07-24,Karnataka,172.9,164.5,202.6,184.04285714285717,2,Wednesday,7,2019,0,2305,,0,28.0,19.6,5.5
2019-07-25,Karnataka,163.7,172.9,199.3,179.79999999999998,3,Thursday,7,2019,0,2306,,0,27.1,19.4,7.4
2019-07-26,Karnataka,174.8,163.7,195.4,174.71428571428572,4,Friday,7,2019,0,2307,,0,25.3,19.9,5.4
2019-07-27,Karnataka,165.4,174.8,186.6,171.77142857142854,5,Saturday,7,2019,1,2308,,0,27.3,19.5,0.7
2019-07-28,Karnataka,160.8,165.4,168.0,168.74285714285716,6,Sunday,7,2019,1,2309,,0,26.9,19.3,1.0
2019-07-29,Karnataka,175.2,160.8,171.9,167.71428571428572,0,Monday,7,2019,0,2310,,0,27.0,20.1,0.2
2019-07-30,Karnataka,167.1,175.2,164.5,168.18571428571428,1,Tuesday,7,2019,0,2311,,0,27.7,19.8,0.3
2019-07-31,Karnataka,182.5,167.1,172.9,168.55714285714285,2,Wednesday,7,2019,0,2312,,0,28.0,19.3,0.7
2019-08-01,Karnataka,185.0,182.5,163.7,169.92857142857142,3,Thursday,8,2019,0,2313,,0,28.2,19.2,1.0
2019-08-02,Karnataka,184.7,185.0,174.8,172.97142857142856,4,Friday,8,2019,0,2314,,0,26.7,20.0,0.4
2019-08-03,Karnataka,179.9,184.7,165.4,174.3857142857143,5,Saturday,8,2019,1,2315,,0,28.3,20.5,0.2
2019-08-04,Karnataka,157.5,179.9,160.8,176.45714285714286,6,Sunday,8,2019,1,2316,,0,28.5,20.2,1.2
2019-08-05,Karnataka,170.9,157.5,175.2,175.98571428571427,0,Monday,8,2019,0,2317,,0,25.1,20.6,7.8
2019-08-06,Karnataka,155.7,170.9,167.1,175.37142857142857,1,Tuesday,8,2019,0,2318,,0,25.0,20.0,7.0
2019-08-07,Karnataka,150.1,155.7,182.5,173.74285714285716,2,Wednesday,8,2019,0,2319,,0,27.7,20.2,6.5
2019-08-08,Karnataka,145.9,150.1,185.0,169.1142857142857,3,Thursday,8,2019,0,2320,,0,27.1,20.9,10.4
2019-08-09,Karnataka,145.6,145.9,184.7,163.52857142857144,4,Friday,8,2019,0,2321,,0,27.0,20.5,4.5
2019-08-10,Karnataka,142.7,145.6,179.9,157.94285714285712,5,Saturday,8,2019,1,2322,,0,24.0,20.3,6.1
2019-08-11,Karnataka,141.4,142.7,157.5,152.6285714285714,6,Sunday,8,2019,1,2323,,0,26.8,20.2,0.6
2019-08-12,Karnataka,154.5,141.4,170.9,150.32857142857142,0,Monday,8,2019,0,2324,Id-ul-Zuha (Bakrid),1,27.8,19.3,4.0
2019-08-13,Karnataka,160.5,154.5,155.7,147.98571428571427,1,Tuesday,8,2019,0,2325,,0,27.8,20.1,5.4
2019-08-14,Karnataka,161.3,160.5,150.1,148.67142857142858,2,Wednesday,8,2019,0,2326,,0,25.4,19.8,12.0
2019-08-15,Karnataka,149.9,161.3,145.9,150.27142857142857,3,Thursday,8,2019,0,2327,Independence Day,1,27.4,20.0,11.7
2019-08-16,Karnataka,164.2,149.9,145.6,150.84285714285716,4,Friday,8,2019,0,2328,,0,26.6,19.4,6.1
2019-08-17,Karnataka,158.1,164.2,142.7,153.5,5,Saturday,8,2019,1,2329,,0,24.1,19.6,10.2
2019-08-18,Karnataka,142.7,158.1,141.4,155.7,6,Sunday,8,2019,1,2330,,0,26.5,19.9,10.3
2019-08-19,Karnataka,158.5,142.7,154.5,155.8857142857143,0,Monday,8,2019,0,2331,,0,28.1,20.0,14.0
2019-08-20,Karnataka,160.1,158.5,160.5,156.45714285714286,1,Tuesday,8,2019,0,2332,,0,27.6,20.1,11.4
2019-08-21,Karnataka,169.0,160.1,161.3,156.4,2,Wednesday,8,2019,0,2333,,0,26.9,20.0,3.0
2019-08-22,Karnataka,168.4,169.0,149.9,157.5,3,Thursday,8,2019,0,2334,,0,25.3,19.5,9.5
2019-08-23,Karnataka,168.0,168.4,164.2,160.14285714285714,4,Friday,8,2019,0,2335,,0,26.5,19.6,4.8
2019-08-24,Karnataka,160.0,168.0,158.1,160.68571428571428,5,Saturday,8,2019,1,2336,Janmashtami (Vaishnava),1,25.8,19.1,4.2
2019-08-25,Karnataka,155.9,160.0,142.7,160.95714285714286,6,Sunday,8,2019,1,2337,,0,26.2,19.8,0.9
2019-08-26,Karnataka,172.7,155.9,158.5,162.84285714285716,0,Monday,8,2019,0,2338,,0,27.1,19.8,2.1
2019-08-27,Karnataka,182.3,172.7,160.1,164.87142857142857,1,Tuesday,8,2019,0,2339,,0,25.9,19.7,4.7
2019-08-28,Karnataka,186.2,182.3,169.0,168.04285714285714,2,Wednesday,8,2019,0,2340,,0,27.0,19.7,2.7
2019-08-29,Karnataka,191.8,186.2,168.4,170.5,3,Thursday,8,2019,0,2341,,0,28.3,19.9,10.9
2019-08-30,Karnataka,192.7,191.8,168.0,173.84285714285713,4,Friday,8,2019,0,2342,,0,27.2,19.4,1.5
2019-08-31,Karnataka,184.8,192.7,160.0,177.37142857142857,5,Saturday,8,2019,1,2343,,0,26.5,19.5,3.5
2019-09-01,Karnataka,172.1,184.8,155.9,180.91428571428568,6,Sunday,9,2019,1,2344,,0,24.2,19.7,3.1
2019-09-02,Karnataka,171.9,172.1,172.7,183.22857142857146,0,Monday,9,2019,0,2345,,0,28.3,19.8,7.8
2019-09-03,Karnataka,174.9,171.9,182.3,183.1142857142857,1,Tuesday,9,2019,0,2346,,0,25.3,20.1,3.2
2019-09-04,Karnataka,172.6,174.9,186.2,182.05714285714288,2,Wednesday,9,2019,0,2347,,0,27.3,20.1,6.0
2019-09-05,Karnataka,170.5,172.6,191.8,180.1142857142857,3,Thursday,9,2019,0,2348,,0,26.8,20.3,5.8
2019-09-06,Karnataka,179.2,170.5,192.7,177.07142857142858,4,Friday,9,2019,0,2349,,0,26.9,20.3,2.0
2019-09-07,Karnataka,177.7,179.2,184.8,175.14285714285714,5,Saturday,9,2019,1,2350,,0,27.4,20.1,1.9
2019-09-08,Karnataka,167.9,177.7,172.1,174.12857142857143,6,Sunday,9,2019,1,2351,,0,26.8,20.5,2.7
2019-09-09,Karnataka,187.0,167.9,171.9,173.5285714285714,0,Monday,9,2019,0,2352,,0,27.7,20.1,0.9
2019-09-10,Karnataka,191.6,187.0,174.9,175.68571428571428,1,Tuesday,9,2019,0,2353,Muharram,1,28.1,19.8,2.5
2019-09-11,Karnataka,189.5,191.6,172.6,178.07142857142858,2,Wednesday,9,2019,0,2354,,0,28.2,19.6,3.8
2019-09-12,Karnataka,194.7,189.5,170.5,180.4857142857143,3,Thursday,9,2019,0,2355,,0,28.0,19.8,2.0
2019-09-13,Karnataka,193.9,194.7,179.2,183.94285714285712,4,Friday,9,2019,0,2356,,0,27.8,19.5,1.3
2019-09-14,Karnataka,190.9,193.9,177.7,186.04285714285714,5,Saturday,9,2019,1,2357,,0,28.0,19.2,9.7
2019-09-15,Karnataka,185.5,190.9,167.9,187.92857142857142,6,Sunday,9,2019,1,2358,,0,27.9,19.9,4.1
2019-09-16,Karnataka,188.3,185.5,187.0,190.44285714285715,0,Monday,9,2019,0,2359,,0,26.9,19.9,2.1
2019-09-17,Karnataka,179.8,188.3,191.6,190.62857142857143,1,Tuesday,9,2019,0,2360,,0,23.8,19.7,27.7
2019-09-18,Karnataka,177.7,179.8,189.5,188.94285714285712,2,Wednesday,9,2019,0,2361,,0,28.1,20.0,3.5
2019-09-19,Karnataka,171.9,177.7,194.7,187.25714285714284,3,Thursday,9,2019,0,2362,,0,27.6,20.3,4.7
2019-09-20,Karnataka,177.6,171.9,193.9,184.0,4,Friday,9,2019,0,2363,,0,27.1,19.9,1.1
2019-09-21,Karnataka,180.1,177.6,190.9,181.67142857142858,5,Saturday,9,2019,1,2364,,0,28.8,19.7,1.1
2019-09-22,Karnataka,169.8,180.1,185.5,180.1285714285714,6,Sunday,9,2019,1,2365,,0,25.7,20.6,8.3
2019-09-23,Karnataka,177.3,169.8,188.3,177.8857142857143,0,Monday,9,2019,0,2366,,0,26.6,20.0,32.9
2019-09-24,Karnataka,158.3,177.3,179.8,176.31428571428572,1,Tuesday,9,2019,0,2367,,0,26.1,19.8,9.6
2019-09-25,Karnataka,159.2,158.3,177.7,173.24285714285716,2,Wednesday,9,2019,0,2368,,0,27.3,20.1,17.7
2019-09-26,Karnataka,154.8,159.2,171.9,170.6,3,Thursday,9,2019,0,2369,,0,25.2,19.7,3.5
2019-09-27,Karnataka,164.7,154.8,177.6,168.15714285714287,4,Friday,9,2019,0,2370,,0,27.2,19.1,9.2
2019-09-28,Karnataka,163.0,164.7,180.1,166.31428571428572,5,Saturday,9,2019,1,2371,,0,27.9,19.3,0.6
2019-09-29,Karnataka,156.0,163.0,169.8,163.87142857142857,6,Sunday,9,2019,1,2372,,0,28.0,20.3,1.0
2019-09-30,Karnataka,173.6,156.0,177.3,161.9,0,Monday,9,2019,0,2373,,0,27.9,19.9,2.5
2019-10-01,Karnataka,176.0,173.6,158.3,161.37142857142857,1,Tuesday,10,2019,0,2374,,0,27.6,19.7,14.6
2019-10-02,Karnataka,157.0,176.0,159.2,163.9,2,Wednesday,10,2019,0,2375,Mahatma Gandhi's Jayanti,1,28.6,19.1,5.3
2019-10-03,Karnataka,163.5,157.0,154.8,163.58571428571426,3,Thursday,10,2019,0,2376,,0,28.2,19.7,4.5
2019-10-04,Karnataka,162.4,163.5,164.7,164.82857142857142,4,Friday,10,2019,0,2377,,0,28.4,19.0,26.2
2019-10-05,Karnataka,156.7,162.4,163.0,164.5,5,Saturday,10,2019,1,2378,,0,27.4,19.2,11.5
2019-10-06,Karnataka,138.7,156.7,156.0,163.6,6,Sunday,10,2019,1,2379,,0,27.0,19.2,3.5
2019-10-07,Karnataka,136.3,138.7,173.6,161.1285714285714,0,Monday,10,2019,0,2380,,0,26.3,20.0,9.8
2019-10-08,Karnataka,137.1,136.3,176.0,155.8,1,Tuesday,10,2019,0,2381,Dussehra,1,27.6,18.6,8.9
2019-10-09,Karnataka,145.7,137.1,157.0,150.24285714285716,2,Wednesday,10,2019,0,2382,,0,27.2,19.3,5.7
2019-10-10,Karnataka,153.5,145.7,163.5,148.62857142857143,3,Thursday,10,2019,0,2383,,0,26.6,19.3,3.7
2019-10-11,Karnataka,156.5,153.5,162.4,147.20000000000002,4,Friday,10,2019,0,2384,,0,27.8,19.5,4.4
2019-10-12,Karnataka,155.1,156.5,156.7,146.35714285714286,5,Saturday,10,2019,1,2385,,0,27.8,19.7,4.9
2019-10-13,Karnataka,147.2,155.1,138.7,146.12857142857143,6,Sunday,10,2019,1,2386,,0,27.8,20.3,4.6
2019-10-14,Karnataka,160.2,147.2,136.3,147.34285714285713,0,Monday,10,2019,0,2387,,0,28.8,19.2,0.0
2019-10-15,Karnataka,160.7,160.2,137.1,150.75714285714284,1,Tuesday,10,2019,0,2388,,0,27.2,19.9,7.7
2019-10-16,Karnataka,158.1,160.7,145.7,154.1285714285714,2,Wednesday,10,2019,0,2389,,0,26.2,20.0,6.7
2019-10-17,Karnataka,161.8,158.1,153.5,155.9,3,Thursday,10,2019,0,2390,,0,24.7,19.6,2.4
2019-10-18,Karnataka,162.5,161.8,156.5,157.08571428571426,4,Friday,10,2019,0,2391,,0,27.0,19.3,2.4
2019-10-19,Karnataka,154.6,162.5,155.1,157.94285714285712,5,Saturday,10,2019,1,2392,,0,26.9,19.5,2.7
2019-10-20,Karnataka,138.3,154.6,147.2,157.87142857142857,6,Sunday,10,2019,1,2393,,0,26.3,20.0,4.2
2019-10-21,Karnataka,146.0,138.3,160.2,156.6,0,Monday,10,2019,0,2394,,0,25.3,19.8,8.1
2019-10-22,Karnataka,,146.0,160.7,154.57142857142858,1,Tuesday,10,2019,0,2395,,0,23.4,19.9,7.7
2019-10-23,Karnataka,147.4,,158.1,,2,Wednesday,10,2019,0,2396,,0,25.6,20.0,11.2
2019-10-24,Karnataka,147.2,147.4,161.8,,3,Thursday,10,2019,0,2397,,0,26.1,18.8,0.3
2019-10-25,Karnataka,141.8,147.2,162.5,,4,Friday,10,2019,0,2398,,0,24.2,19.4,0.4
2019-10-26,Karnataka,140.1,141.8,154.6,,5,Saturday,10,2019,1,2399,,0,26.2,17.7,7.4
2019-10-27,Karnataka,132.6,140.1,138.3,,6,Sunday,10,2019,1,2400,Diwali (Deepavali),1,26.9,18.3,8.5
2019-10-28,Karnataka,128.2,132.6,146.0,,0,Monday,10,2019,0,2401,,0,27.1,19.1,1.8
2019-10-29,Karnataka,133.8,128.2,,,1,Tuesday,10,2019,0,2402,,0,25.2,19.5,2.0
2019-10-30,Karnataka,136.9,133.8,147.4,138.72857142857143,2,Wednesday,10,2019,0,2403,,0,23.6,19.6,23.9
2019-10-31,Karnataka,146.8,136.9,147.2,137.22857142857143,3,Thursday,10,2019,0,2404,,0,24.6,19.6,13.4
2019-11-01,Karnataka,121.0,146.8,141.8,137.17142857142858,4,Friday,11,2019,0,2405,Karnataka Rajyotsava,1,26.0,19.1,2.5
2019-11-02,Karnataka,142.8,121.0,140.1,134.20000000000002,5,Saturday,11,2019,1,2406,,0,26.7,19.5,1.1
2019-11-03,Karnataka,141.7,142.8,132.6,134.5857142857143,6,Sunday,11,2019,1,2407,,0,27.5,19.6,0.1
2019-11-04,Karnataka,159.9,141.7,128.2,135.8857142857143,0,Monday,11,2019,0,2408,,0,27.8,18.2,0.0
2019-11-05,Karnataka,165.2,159.9,133.8,140.4142857142857,1,Tuesday,11,2019,0,2409,,0,28.0,17.4,0.2
2019-11-06,Karnataka,171.6,165.2,136.9,144.9,2,Wednesday,11,2019,0,2410,,0,27.4,18.5,2.0
2019-11-07,Karnataka,171.4,171.6,146.8,149.85714285714286,3,Thursday,11,2019,0,2411,,0,27.1,19.0,1.4
2019-11-08,Karnataka,168.5,171.4,121.0,153.37142857142857,4,Friday,11,2019,0,2412,,0,26.2,19.6,3.9
2019-11-09,Karnataka,166.9,168.5,142.8,160.15714285714284,5,Saturday,11,2019,1,2413,,0,27.5,19.5,7.0
2019-11-10,Karnataka,155.8,166.9,141.7,163.6,6,Sunday,11,2019,1,2414,Milad-un-Nabi,1,27.7,19.3,0.6
2019-11-11,Karnataka,168.5,155.8,159.9,165.6142857142857,0,Monday,11,2019,0,2415,,0,27.4,19.1,0.2
2019-11-12,Karnataka,173.2,168.5,165.2,166.84285714285716,1,Tuesday,11,2019,0,2416,Guru Nanak's Jayanti,1,27.7,17.9,0.0
2019-11-13,Karnataka,177.3,173.2,171.6,167.98571428571427,2,Wednesday,11,2019,0,2417,,0,27.4,17.9,0.0
2019-11-14,Karnataka,175.6,177.3,171.4,168.8,3,Thursday,11,2019,0,2418,,0,26.1,17.8,2.0
2019-11-15,Karnataka,172.8,175.6,168.5,169.4,4,Friday,11,2019,0,2419,,0,27.0,19.7,4.1
2019-11-16,Karnataka,172.0,172.8,166.9,170.0142857142857,5,Saturday,11,2019,1,2420,,0,26.7,19.4,1.5
2019-11-17,Karnataka,164.1,172.0,155.8,170.74285714285716,6,Sunday,11,2019,1,2421,,0,28.0,19.0,0.0
2019-11-18,Karnataka,180.4,164.1,168.5,171.92857142857142,0,Monday,11,2019,0,2422,,0,27.8,19.1,0.9
2019-11-19,Karnataka,183.5,180.4,173.2,173.62857142857143,1,Tuesday,11,2019,0,2423,,0,28.2,19.6,0.8
2019-11-20,Karnataka,186.2,183.5,177.3,175.1,2,Wednesday,11,2019,0,2424,,0,26.7,19.7,2.6
2019-11-21,Karnataka,186.2,186.2,175.6,176.37142857142857,3,Thursday,11,2019,0,2425,,0,27.0,19.5,0.7
2019-11-22,Karnataka,186.4,186.2,172.8,177.8857142857143,4,Friday,11,2019,0,2426,,0,26.9,18.8,0.0
2019-11-23,Karnataka,188.0,186.4,172.0,179.82857142857142,5,Saturday,11,2019,1,2427,,0,28.2,16.6,0.0
2019-11-24,Karnataka,176.5,188.0,164.1,182.1142857142857,6,Sunday,11,2019,1,2428,,0,27.6,16.5,0.0
2019-11-25,Karnataka,196.3,176.5,180.4,183.8857142857143,0,Monday,11,2019,0,2429,,0,28.2,17.6,0.0
2019-11-26,Karnataka,182.1,196.3,183.5,186.15714285714284,1,Tuesday,11,2019,0,2430,,0,27.4,16.5,0.1
2019-11-27,Karnataka,185.8,182.1,186.2,185.95714285714283,2,Wednesday,11,2019,0,2431,,0,26.6,19.0,2.1
2019-11-28,Karnataka,190.8,185.8,186.2,185.90000000000003,3,Thursday,11,2019,0,2432,,0,26.1,19.9,0.3
2019-11-29,Karnataka,195.3,190.8,186.4,186.55714285714288,4,Friday,11,2019,0,2433,,0,27.7,19.7,1.3
2019-11-30,Karnataka,190.9,195.3,188.0,187.82857142857142,5,Saturday,11,2019,1,2434,,0,26.2,18.4,1.6
2019-12-01,Karnataka,162.3,190.9,176.5,188.24285714285716,6,Sunday,12,2019,1,2435,,0,22.2,19.5,23.0
2019-12-02,Karnataka,167.4,162.3,196.3,186.21428571428572,0,Monday,12,2019,0,2436,,0,25.0,19.1,1.2
2019-12-03,Karnataka,165.0,167.4,182.1,182.08571428571432,1,Tuesday,12,2019,0,2437,,0,24.0,18.4,0.8
2019-12-04,Karnataka,172.9,165.0,185.8,179.64285714285714,2,Wednesday,12,2019,0,2438,,0,25.6,17.4,0.7
2019-12-05,Karnataka,174.5,172.9,190.8,177.79999999999998,3,Thursday,12,2019,0,2439,,0,24.6,16.5,0.0
2019-12-06,Karnataka,179.9,174.5,195.3,175.47142857142856,4,Friday,12,2019,0,2440,,0,26.5,16.6,0.0
2019-12-07,Karnataka,177.1,179.9,190.9,173.27142857142857,5,Saturday,12,2019,1,2441,,0,24.9,14.4,1.4
2019-12-08,Karnataka,169.7,177.1,162.3,171.29999999999998,6,Sunday,12,2019,1,2442,,0,24.8,17.8,0.6
2019-12-09,Karnataka,184.5,169.7,167.4,172.35714285714286,0,Monday,12,2019,0,2443,,0,26.2,17.1,0.0
2019-12-10,Karnataka,188.0,184.5,165.0,174.79999999999998,1,Tuesday,12,2019,0,2444,,0,25.4,16.5,0.0
2019-12-11,Karnataka,196.1,188.0,172.9,178.08571428571426,2,Wednesday,12,2019,0,2445,,0,26.5,16.4,0.0
2019-12-12,Karnataka,196.6,196.1,174.5,181.40000000000003,3,Thursday,12,2019,0,2446,,0,26.6,15.9,0.0
2019-12-13,Karnataka,204.2,196.6,179.9,184.55714285714288,4,Friday,12,2019,0,2447,,0,27.0,16.7,0.0
2019-12-14,Karnataka,197.7,204.2,177.1,188.02857142857144,5,Saturday,12,2019,1,2448,,0,25.2,18.9,7.0
2019-12-15,Karnataka,178.7,197.7,169.7,190.97142857142856,6,Sunday,12,2019,1,2449,,0,26.7,17.7,0.0
2019-12-16,Karnataka,195.5,178.7,184.5,192.25714285714284,0,Monday,12,2019,0,2450,,0,25.4,15.8,0.3
2019-12-17,Karnataka,198.9,195.5,188.0,193.82857142857142,1,Tuesday,12,2019,0,2451,,0,26.7,18.5,0.0
2019-12-18,Karnataka,196.4,198.9,196.1,195.3857142857143,2,Wednesday,12,2019,0,2452,,0,27.7,16.1,0.0
2019-12-19,Karnataka,202.9,196.4,196.6,195.4285714285714,3,Thursday,12,2019,0,2453,,0,26.4,16.7,0.0
2019-12-20,Karnataka,204.9,202.9,204.2,196.32857142857142,4,Friday,12,2019,0,2454,,0,26.6,15.9,0.0
2019-12-21,Karnataka,202.6,204.9,197.7,196.42857142857142,5,Saturday,12,2019,1,2455,,0,26.7,17.6,0.0
2019-12-22,Karnataka,192.6,202.6,178.7,197.12857142857143,6,Sunday,12,2019,1,2456,,0,26.9,18.1,0.0
2019-12-23,Karnataka,203.7,192.6,195.5,199.1142857142857,0,Monday,12,2019,0,2457,,0,27.2,17.5,0.0
2019-12-24,Karnataka,209.0,203.7,198.9,200.28571428571428,1,Tuesday,12,2019,0,2458,,0,25.3,17.9,0.4
2019-12-25,Karnataka,204.1,209.0,196.4,201.72857142857143,2,Wednesday,12,2019,0,2459,Christmas,1,25.9,19.1,0.1
2019-12-26,Karnataka,207.2,204.1,202.9,202.82857142857145,3,Thursday,12,2019,0,2460,,0,28.2,19.5,0.0
2019-12-27,Karnataka,211.6,207.2,204.9,203.44285714285712,4,Friday,12,2019,0,2461,,0,29.0,17.8,0.2
2019-12-28,Karnataka,208.1,211.6,202.6,204.4,5,Saturday,12,2019,1,2462,,0,27.1,17.6,0.0
2019-12-29,Karnataka,193.3,208.1,192.6,205.18571428571428,6,Sunday,12,2019,1,2463,,0,27.4,16.9,0.0
2019-12-30,Karnataka,206.3,193.3,203.7,205.28571428571428,0,Monday,12,2019,0,2464,,0,27.4,17.1,0.1
2019-12-31,Karnataka,212.2,206.3,209.0,205.65714285714284,1,Tuesday,12,2019,0,2465,,0,26.2,17.7,0.9
2020-01-01,Karnataka,205.3,212.2,204.1,206.1142857142857,2,Wednesday,1,2020,0,2466,,0,26.9,18.1,1.9
2020-01-02,Karnataka,212.4,205.3,207.2,206.28571428571428,3,Thursday,1,2020,0,2467,,0,27.2,18.8,1.0
2020-01-03,Karnataka,217.5,212.4,211.6,207.02857142857144,4,Friday,1,2020,0,2468,,0,28.2,18.6,0.0
2020-01-04,Karnataka,217.4,217.5,208.1,207.87142857142857,5,Saturday,1,2020,1,2469,,0,28.3,19.3,0.0
2020-01-05,Karnataka,201.0,217.4,193.3,209.20000000000002,6,Sunday,1,2020,1,2470,,0,28.0,19.5,0.2
2020-01-06,Karnataka,213.2,201.0,206.3,210.3,0,Monday,1,2020,0,2471,,0,27.4,18.9,0.0
2020-01-07,Karnataka,215.4,213.2,212.2,211.28571428571428,1,Tuesday,1,2020,0,2472,,0,27.1,18.3,0.0
2020-01-08,Karnataka,216.7,215.4,205.3,211.74285714285716,2,Wednesday,1,2020,0,2473,,0,28.2,17.6,0.0
2020-01-09,Karnataka,225.6,216.7,212.4,213.3714285714286,3,Thursday,1,2020,0,2474,,0,29.1,17.4,0.0
2020-01-10,Karnataka,226.8,225.6,217.5,215.25714285714284,4,Friday,1,2020,0,2475,,0,28.2,16.7,0.0
2020-01-11,Karnataka,222.3,226.8,217.4,216.58571428571426,5,Saturday,1,2020,1,2476,,0,27.7,15.4,0.0
2020-01-12,Karnataka,207.3,222.3,201.0,217.28571428571428,6,Sunday,1,2020,1,2477,,0,27.2,15.1,0.0
2020-01-13,Karnataka,222.7,207.3,213.2,218.18571428571428,0,Monday,1,2020,0,2478,,0,28.4,17.2,0.0
2020-01-14,Karnataka,230.7,222.7,215.4,219.54285714285714,1,Tuesday,1,2020,0,2479,,0,29.1,16.7,0.0
2020-01-15,Karnataka,220.5,230.7,216.7,221.72857142857143,2,Wednesday,1,2020,0,2480,,0,27.8,14.6,0.0
2020-01-16,Karnataka,227.3,220.5,225.6,222.27142857142857,3,Thursday,1,2020,0,2481,,0,27.4,15.0,0.0
2020-01-17,Karnataka,233.0,227.3,226.8,222.51428571428573,4,Friday,1,2020,0,2482,,0,28.5,15.6,0.0
2020-01-18,Karnataka,228.3,233.0,222.3,223.40000000000003,5,Saturday,1,2020,1,2483,,0,27.9,18.0,0.1
2020-01-19,Karnataka,192.3,228.3,207.3,224.25714285714284,6,Sunday,1,2020,1,2484,,0,28.1,18.5,0.2
2020-01-20,Karnataka,233.6,192.3,222.7,222.1142857142857,0,Monday,1,2020,0,2485,,0,29.8,17.7,0.0
2020-01-21,Karnataka,233.8,233.6,230.7,223.67142857142858,1,Tuesday,1,2020,0,2486,,0,29.2,16.5,0.0
2020-01-22,Karnataka,234.8,233.8,220.5,224.1142857142857,2,Wednesday,1,2020,0,2487,,0,29.0,15.8,0.0
2020-01-23,Karnataka,233.2,234.8,227.3,226.15714285714287,3,Thursday,1,2020,0,2488,,0,29.1,16.9,0.0
2020-01-24,Karnataka,233.6,233.2,233.0,227.0,4,Friday,1,2020,0,2489,,0,30.0,16.3,0.0
2020-01-25,Karnataka,228.6,233.6,228.3,227.08571428571426,5,Saturday,1,2020,1,2490,,0,30.0,15.3,0.0
2020-01-26,Karnataka,214.7,228.6,192.3,227.12857142857143,6,Sunday,1,2020,1,2491,Republic Day,1,31.0,14.4,0.0
2020-01-27,Karnataka,228.3,214.7,233.6,230.32857142857142,0,Monday,1,2020,0,2492,,0,30.8,15.7,0.0
2020-01-28,Karnataka,233.3,228.3,233.8,229.57142857142858,1,Tuesday,1,2020,0,2493,,0,29.9,17.7,0.0
2020-01-29,Karnataka,235.8,233.3,234.8,229.5,2,Wednesday,1,2020,0,2494,,0,30.9,17.4,0.0
2020-01-30,Karnataka,239.4,235.8,233.2,229.64285714285714,3,Thursday,1,2020,0,2495,,0,31.1,17.3,0.0
2020-01-31,Karnataka,240.7,239.4,233.6,230.52857142857144,4,Friday,1,2020,0,2496,,0,30.7,18.2,0.0
2020-02-01,Karnataka,233.8,240.7,228.6,231.54285714285717,5,Saturday,2,2020,1,2497,,0,28.8,17.6,0.0
2020-02-02,Karnataka,217.7,233.8,214.7,232.28571428571428,6,Sunday,2,2020,1,2498,,0,28.3,18.4,0.0
2020-02-03,Karnataka,233.6,217.7,228.3,232.71428571428572,0,Monday,2,2020,0,2499,,0,29.4,16.6,0.0
2020-02-04,Karnataka,233.9,233.6,233.3,233.47142857142856,1,Tuesday,2,2020,0,2500,,0,28.7,15.5,0.0
2020-02-05,Karnataka,239.1,233.9,235.8,233.55714285714288,2,Wednesday,2,2020,0,2501,,0,29.1,18.3,0.0
2020-02-06,Karnataka,239.5,239.1,239.4,234.02857142857144,3,Thursday,2,2020,0,2502,,0,29.7,16.6,0.0
2020-02-07,Karnataka,238.3,239.5,240.7,234.04285714285714,4,Friday,2,2020,0,2503,,0,29.3,17.1,0.0
2020-02-08,Karnataka,230.7,238.3,233.8,233.7,5,Saturday,2,2020,1,2504,,0,29.5,18.0,0.0
2020-02-09,Karnataka,214.3,230.7,217.7,233.25714285714284,6,Sunday,2,2020,1,2505,,0,28.1,17.9,0.7
2020-02-10,Karnataka,231.5,214.3,233.6,232.77142857142854,0,Monday,2,2020,0,2506,,0,28.9,18.2,0.0
2020-02-11,Karnataka,233.9,231.5,233.9,232.47142857142856,1,Tuesday,2,2020,0,2507,,0,28.5,16.2,0.0
2020-02-12,Karnataka,237.7,233.9,239.1,232.4714285714286,2,Wednesday,2,2020,0,2508,,0,28.9,17.3,0.0
2020-02-13,Karnataka,240.9,237.7,239.5,232.27142857142857,3,Thursday,2,2020,0,2509,,0,30.5,17.7,0.0
2020-02-14,Karnataka,244.6,240.9,238.3,232.47142857142856,4,Friday,2,2020,0,2510,,0,30.5,16.6,0.0
2020-02-15,Karnataka,242.0,244.6,230.7,233.37142857142857,5,Saturday,2,2020,1,2511,,0,31.5,16.7,0.0
2020-02-16,Karnataka,225.3,242.0,214.3,234.9857142857143,6,Sunday,2,2020,1,2512,,0,31.3,17.4,0.0
2020-02-17,Karnataka,240.0,225.3,231.5,236.55714285714288,0,Monday,2,2020,0,2513,,0,31.0,15.6,0.0
2020-02-18,Karnataka,244.1,240.0,233.9,237.77142857142857,1,Tuesday,2,2020,0,2514,,0,30.7,16.0,0.0
2020-02-19,Karnataka,247.8,244.1,237.7,239.22857142857143,2,Wednesday,2,2020,0,2515,,0,30.8,16.1,0.0
2020-02-20,Karnataka,246.6,247.8,240.9,240.67142857142858,3,Thursday,2,2020,0,2516,,0,30.9,16.0,0.0
2020-02-21,Karnataka,243.4,246.6,244.6,241.4857142857143,4,Friday,2,2020,0,2517,,0,31.2,15.5,0.0
2020-02-22,Karnataka,236.8,243.4,242.0,241.31428571428572,5,Saturday,2,2020,1,2518,,0,30.4,17.4,0.0
2020-02-23,Karnataka,230.0,236.8,225.3,240.57142857142858,6,Sunday,2,2020,1,2519,,0,30.3,17.7,0.0
2020-02-24,Karnataka,242.7,230.0,240.0,241.24285714285716,0,Monday,2,2020,0,2520,,0,30.4,17.9,0.0
2020-02-25,Karnataka,250.1,242.7,244.1,241.6285714285714,1,Tuesday,2,2020,0,2521,,0,31.9,17.7,0.0
2020-02-26,Karnataka,249.6,250.1,247.8,242.4857142857143,2,Wednesday,2,2020,0,2522,,0,30.6,18.4,0.0
2020-02-27,Karnataka,252.0,249.6,246.6,242.74285714285716,3,Thursday,2,2020,0,2523,,0,30.8,19.2,0.0
2020-02-28,Karnataka,253.3,252.0,243.4,243.5142857142857,4,Friday,2,2020,0,2524,,0,31.0,18.4,0.0
2020-02-29,Karnataka,248.0,253.3,236.8,244.92857142857142,5,Saturday,2,2020,1,2525,,0,31.4,18.5,0.0
2020-03-01,Karnataka,224.3,248.0,230.0,246.5285714285714,6,Sunday,3,2020,1,2526,,0,30.6,18.9,0.0
2020-03-02,Karnataka,237.2,224.3,242.7,245.71428571428572,0,Monday,3,2020,0,2527,,0,29.6,19.1,0.0
2020-03-03,Karnataka,245.1,237.2,250.1,244.92857142857142,1,Tuesday,3,2020,0,2528,,0,30.7,19.6,0.5
2020-03-04,Karnataka,244.5,245.1,249.6,244.21428571428572,2,Wednesday,3,2020,0,2529,,0,30.7,20.1,1.1
2020-03-05,Karnataka,251.9,244.5,252.0,243.4857142857143,3,Thursday,3,2020,0,2530,,0,30.0,20.6,1.8
2020-03-06,Karnataka,248.5,251.9,253.3,243.47142857142856,4,Friday,3,2020,0,2531,,0,29.8,20.0,2.7
2020-03-07,Karnataka,247.7,248.5,248.0,242.78571428571428,5,Saturday,3,2020,1,2532,,0,29.4,20.1,2.2
2020-03-08,Karnataka,237.4,247.7,224.3,242.74285714285716,6,Sunday,3,2020,1,2533,,0,30.5,20.3,1.0
2020-03-09,Karnataka,253.3,237.4,237.2,244.6142857142857,0,Monday,3,2020,0,2534,,0,30.2,19.7,0.9
2020-03-10,Karnataka,248.6,253.3,245.1,246.91428571428574,1,Tuesday,3,2020,0,2535,Holi,1,30.7,19.5,0.5
2020-03-11,Karnataka,255.2,248.6,244.5,247.41428571428568,2,Wednesday,3,2020,0,2536,,0,32.6,19.8,0.0
2020-03-12,Karnataka,257.9,255.2,251.9,248.94285714285712,3,Thursday,3,2020,0,2537,,0,32.6,20.1,0.0
2020-03-13,Karnataka,259.2,257.9,248.5,249.79999999999998,4,Friday,3,2020,0,2538,,0,32.4,18.5,0.0
2020-03-14,Karnataka,253.5,259.2,247.7,251.32857142857142,5,Saturday,3,2020,1,2539,,0,32.6,18.0,0.0
2020-03-15,Karnataka,239.0,253.5,237.4,252.15714285714284,6,Sunday,3,2020,1,2540,,0,33.4,18.5,0.0
2020-03-16,Karnataka,255.6,239.0,253.3,252.38571428571427,0,Monday,3,2020,0,2541,,0,32.7,19.1,0.0
2020-03-17,Karnataka,256.9,255.6,248.6,252.71428571428572,1,Tuesday,3,2020,0,2542,,0,32.5,18.9,0.0
2020-03-18,Karnataka,256.0,256.9,255.2,253.9,2,Wednesday,3,2020,0,2543,,0,33.8,18.5,0.0
2020-03-19,Karnataka,258.6,256.0,257.9,254.0142857142857,3,Thursday,3,2020,0,2544,,0,34.2,19.3,0.0
2020-03-20,Karnataka,251.1,258.6,259.2,254.11428571428567,4,Friday,3,2020,0,2545,,0,32.6,21.9,0.4
2020-03-21,Karnataka,244.8,251.1,253.5,252.95714285714286,5,Saturday,3,2020,1,2546,,0,34.4,20.3,0.1
2020-03-22,Karnataka,226.4,244.8,239.0,251.71428571428572,6,Sunday,3,2020,1,2547,,0,32.1,20.7,0.1
2020-03-23,Karnataka,238.3,226.4,255.6,249.91428571428574,0,Monday,3,2020,0,2548,,0,31.0,21.3,0.7
2020-03-24,Karnataka,231.2,238.3,256.9,247.44285714285712,1,Tuesday,3,2020,0,2549,,0,33.7,20.5,0.0
2020-03-25,Karnataka,214.9,231.2,256.0,243.77142857142857,2,Wednesday,3,2020,0,2550,Ugadi,1,32.7,19.6,0.0
2020-03-26,Karnataka,213.6,214.9,258.6,237.9,3,Thursday,3,2020,0,2551,,0,33.7,19.3,0.0
2020-03-27,Karnataka,217.4,213.6,251.1,231.47142857142856,4,Friday,3,2020,0,2552,,0,33.2,18.8,0.0
2020-03-28,Karnataka,214.6,217.4,244.8,226.65714285714284,5,Saturday,3,2020,1,2553,,0,34.1,17.6,0.0
2020-03-29,Karnataka,215.7,214.6,226.4,222.34285714285716,6,Sunday,3,2020,1,2554,,0,34.2,17.8,0.0
2020-03-30,Karnataka,218.2,215.7,238.3,220.8142857142857,0,Monday,3,2020,0,2555,,0,34.6,19.8,0.0
2020-03-31,Karnataka,221.6,218.2,231.2,217.94285714285712,1,Tuesday,3,2020,0,2556,,0,34.5,18.5,0.0
2020-04-01,Karnataka,220.7,221.6,214.9,216.57142857142858,2,Wednesday,4,2020,0,2557,,0,34.9,20.1,0.0
2020-04-02,Karnataka,226.7,220.7,213.6,217.4,3,Thursday,4,2020,0,2558,Ram Navami,1,35.1,21.0,0.0
2020-04-03,Karnataka,226.2,226.7,217.4,219.27142857142854,4,Friday,4,2020,0,2559,,0,34.5,21.8,0.0
2020-04-04,Karnataka,228.8,226.2,214.6,220.52857142857144,5,Saturday,4,2020,1,2560,,0,35.3,20.1,0.0
2020-04-05,Karnataka,214.5,228.8,215.7,222.55714285714285,6,Sunday,4,2020,1,2561,,0,34.8,20.8,0.1
2020-04-06,Karnataka,199.8,214.5,218.2,222.38571428571427,0,Monday,4,2020,0,2562,Mahavir Jayanti,1,33.8,21.7,0.3
2020-04-07,Karnataka,182.0,199.8,221.6,219.75714285714284,1,Tuesday,4,2020,0,2563,,0,32.0,22.1,6.1
2020-04-08,Karnataka,187.8,182.0,220.7,214.09999999999997,2,Wednesday,4,2020,0,2564,,0,32.1,22.1,0.6
2020-04-09,Karnataka,186.6,187.8,226.7,209.40000000000003,3,Thursday,4,2020,0,2565,,0,31.0,21.4,3.1
2020-04-10,Karnataka,184.1,186.6,226.2,203.67142857142858,4,Friday,4,2020,0,2566,Good Friday,1,32.0,20.7,0.0
2020-04-11,Karnataka,197.1,184.1,228.8,197.65714285714284,5,Saturday,4,2020,1,2567,,0,33.2,20.5,0.0
2020-04-12,Karnataka,198.4,197.1,214.5,193.12857142857143,6,Sunday,4,2020,1,2568,,0,33.5,19.7,0.0
2020-04-13,Karnataka,206.6,198.4,199.8,190.82857142857142,0,Monday,4,2020,0,2569,,0,34.6,19.2,0.0
2020-04-14,Karnataka,208.4,206.6,182.0,191.8,1,Tuesday,4,2020,0,2570,Dr. B. R. Ambedkar's Jayanti,1,34.7,19.5,0.0
2020-04-15,Karnataka,217.0,208.4,187.8,195.57142857142858,2,Wednesday,4,2020,0,2571,,0,35.0,18.7,0.0
2020-04-16,Karnataka,219.8,217.0,186.6,199.7428571428571,3,Thursday,4,2020,0,2572,,0,34.8,20.7,0.0
2020-04-17,Karnataka,219.0,219.8,184.1,204.4857142857143,4,Friday,4,2020,0,2573,,0,35.1,21.7,0.0
2020-04-18,Karnataka,204.4,219.0,197.1,209.4714285714286,5,Saturday,4,2020,1,2574,,0,34.9,21.7,0.0
2020-04-19,Karnataka,196.4,204.4,198.4,210.5142857142857,6,Sunday,4,2020,1,2575,,0,34.9,21.7,0.0
2020-04-20,Karnataka,207.4,196.4,206.6,210.22857142857146,0,Monday,4,2020,0,2576,,0,33.9,21.1,0.0
2020-04-21,Karnataka,207.2,207.4,208.4,210.34285714285716,1,Tuesday,4,2020,0,2577,,0,34.8,20.2,0.0
2020-04-22,Karnataka,207.9,207.2,217.0,210.17142857142858,2,Wednesday,4,2020,0,2578,,0,34.3,21.9,0.0
2020-04-23,Karnataka,205.5,207.9,219.8,208.8714285714286,3,Thursday,4,2020,0,2579,,0,35.0,22.3,0.0
2020-04-24,Karnataka,193.5,205.5,219.0,206.82857142857142,4,Friday,4,2020,0,2580,,0,32.6,23.1,0.0
2020-04-25,Karnataka,198.2,193.5,204.4,203.18571428571428,5,Saturday,4,2020,1,2581,,0,32.1,22.6,6.3
2020-04-26,Karnataka,,198.2,196.4,202.3,6,Sunday,4,2020,1,2582,,0,32.2,21.9,2.5
2020-04-27,Karnataka,201.7,,207.4,,0,Monday,4,2020,0,2583,,0,31.5,22.1,0.2
2020-04-28,Karnataka,206.8,201.7,207.2,,1,Tuesday,4,2020,0,2584,,0,32.9,21.4,0.5
2020-04-29,Karnataka,184.0,206.8,207.9,,2,Wednesday,4,2020,0,2585,,0,27.2,20.5,8.1
2020-04-30,Karnataka,189.7,184.0,205.5,,3,Thursday,4,2020,0,2586,,0,31.9,20.8,0.2
2020-05-01,Karnataka,189.7,189.7,193.5,,4,Friday,5,2020,0,2587,,0,32.8,21.0,0.0
2020-05-02,Karnataka,187.9,189.7,198.2,,5,Saturday,5,2020,1,2588,,0,33.1,23.4,0.1
2020-05-03,Karnataka,184.0,187.9,,,6,Sunday,5,2020,1,2589,,0,33.4,22.4,0.0
2020-05-04,Karnataka,195.8,184.0,201.7,191.97142857142856,0,Monday,5,2020,0,2590,,0,33.7,22.8,0.0
2020-05-05,Karnataka,204.2,195.8,206.8,191.12857142857143,1,Tuesday,5,2020,0,2591,,0,34.2,22.5,0.0
2020-05-06,Karnataka,204.0,204.2,184.0,190.75714285714284,2,Wednesday,5,2020,0,2592,,0,34.8,23.0,0.2
2020-05-07,Karnataka,205.2,204.0,189.7,193.6142857142857,3,Thursday,5,2020,0,2593,Buddha Purnima,1,34.3,22.9,0.1
2020-05-08,Karnataka,199.3,205.2,189.7,195.82857142857142,4,Friday,5,2020,0,2594,,0,33.8,22.7,0.1
2020-05-09,Karnataka,205.6,199.3,187.9,197.2,5,Saturday,5,2020,1,2595,,0,34.8,22.5,0.0
2020-05-10,Karnataka,192.6,205.6,184.0,199.72857142857146,6,Sunday,5,2020,1,2596,,0,35.2,21.8,0.0
2020-05-11,Karnataka,199.4,192.6,195.8,200.95714285714286,0,Monday,5,2020,0,2597,,0,34.0,22.1,0.0
2020-05-12,Karnataka,,199.4,204.2,201.4714285714286,1,Tuesday,5,2020,0,2598,,0,35.0,21.7,0.0
2020-05-13,Karnataka,214.7,,204.0,,2,Wednesday,5,2020,0,2599,,0,34.4,21.6,0.0
2020-05-14,Karnataka,214.5,214.7,205.2,,3,Thursday,5,2020,0,2600,,0,35.1,22.2,0.0
2020-05-15,Karnataka,209.5,214.5,199.3,,4,Friday,5,2020,0,2601,,0,35.1,22.5,0.0
2020-05-16,Karnataka,204.1,209.5,205.6,,5,Saturday,5,2020,1,2602,,0,35.2,22.9,0.5
2020-05-17,Karnataka,192.5,204.1,192.6,,6,Sunday,5,2020,1,2603,,0,34.1,23.3,5.7
2020-05-18,Karnataka,169.2,192.5,199.4,,0,Monday,5,2020,0,2604,,0,31.7,22.9,5.1
2020-05-19,Karnataka,174.0,169.2,,,1,Tuesday,5,2020,0,2605,,0,31.7,21.9,0.3
2020-05-20,Karnataka,188.0,174.0,214.7,196.92857142857142,2,Wednesday,5,2020,0,2606,,0,33.2,21.1,0.0
2020-05-21,Karnataka,196.5,188.0,214.5,193.11428571428573,3,Thursday,5,2020,0,2607,,0,33.8,20.8,0.0
2020-05-22,Karnataka,201.3,196.5,209.5,190.54285714285717,4,Friday,5,2020,0,2608,,0,33.7,21.8,0.0
2020-05-23,Karnataka,201.2,201.3,204.1,189.3714285714286,5,Saturday,5,2020,1,2609,,0,36.2,22.3,0.0
2020-05-24,Karnataka,192.6,201.2,192.5,188.95714285714283,6,Sunday,5,2020,1,2610,,0,33.3,22.5,0.0
2020-05-25,Karnataka,200.9,192.6,169.2,188.97142857142856,0,Monday,5,2020,0,2611,Id-ul-Fitr,1,33.7,22.4,0.0
2020-05-26,Karnataka,187.3,200.9,174.0,193.5,1,Tuesday,5,2020,0,2612,,0,33.3,22.5,0.8
2020-05-27,Karnataka,187.0,187.3,188.0,195.4,2,Wednesday,5,2020,0,2613,,0,32.5,22.8,11.0
2020-05-28,Karnataka,192.1,187.0,196.5,195.2571428571429,3,Thursday,5,2020,0,2614,,0,32.5,22.5,0.9
2020-05-29,Karnataka,192.8,192.1,201.3,194.62857142857143,4,Friday,5,2020,0,2615,,0,32.8,22.4,8.5
2020-05-30,Karnataka,183.5,192.8,201.2,193.41428571428568,5,Saturday,5,2020,1,2616,,0,29.3,22.0,1.7
2020-05-31,Karnataka,168.5,183.5,192.6,190.88571428571427,6,Sunday,5,2020,1,2617,,0,31.0,21.9,0.2
2020-06-01,Karnataka,164.5,168.5,200.9,187.44285714285712,0,Monday,6,2020,0,2618,,0,30.2,20.8,4.3
2020-06-02,Karnataka,155.9,164.5,187.3,182.2428571428571,1,Tuesday,6,2020,0,2619,,0,26.7,21.1,1.6
2020-06-03,Karnataka,144.6,155.9,187.0,177.75714285714284,2,Wednesday,6,2020,0,2620,,0,28.5,20.8,0.3
2020-06-04,Karnataka,166.4,144.6,192.1,171.7,3,Thursday,6,2020,0,2621,,0,28.8,20.4,3.4
2020-06-05,Karnataka,177.3,166.4,192.8,168.02857142857144,4,Friday,6,2020,0,2622,,0,28.8,20.0,9.4
2020-06-06,Karnataka,175.2,177.3,183.5,165.81428571428572,5,Saturday,6,2020,1,2623,,0,28.7,20.1,14.5
2020-06-07,Karnataka,170.2,175.2,168.5,164.62857142857143,6,Sunday,6,2020,1,2624,,0,27.8,20.5,8.3
2020-06-08,Karnataka,187.7,170.2,164.5,164.87142857142857,0,Monday,6,2020,0,2625,,0,29.4,20.4,0.2
2020-06-09,Karnataka,196.2,187.7,155.9,168.18571428571428,1,Tuesday,6,2020,0,2626,,0,30.1,19.9,0.0
2020-06-10,Karnataka,194.6,196.2,144.6,173.94285714285712,2,Wednesday,6,2020,0,2627,,0,27.8,20.9,1.2
2020-06-11,Karnataka,170.8,194.6,166.4,181.08571428571432,3,Thursday,6,2020,0,2628,,0,27.7,20.7,7.3
2020-06-12,Karnataka,165.3,170.8,177.3,181.71428571428572,4,Friday,6,2020,0,2629,,0,26.1,20.3,5.1
2020-06-13,Karnataka,169.9,165.3,175.2,180.0,5,Saturday,6,2020,1,2630,,0,29.3,20.2,1.3
2020-06-14,Karnataka,162.4,169.9,170.2,179.24285714285716,6,Sunday,6,2020,1,2631,,0,28.7,20.5,3.4
2020-06-15,Karnataka,175.8,162.4,187.7,178.1285714285714,0,Monday,6,2020,0,2632,,0,29.3,21.6,0.6
2020-06-16,Karnataka,178.9,175.8,196.2,176.42857142857142,1,Tuesday,6,2020,0,2633,,0,29.2,20.8,0.7
2020-06-17,Karnataka,174.3,178.9,194.6,173.95714285714286,2,Wednesday,6,2020,0,2634,,0,26.8,21.0,0.4
2020-06-18,Karnataka,176.4,174.3,170.8,171.05714285714288,3,Thursday,6,2020,0,2635,,0,28.3,20.6,0.1
2020-06-19,Karnataka,184.4,176.4,165.3,171.8571428571429,4,Friday,6,2020,0,2636,,0,30.1,20.1,6.2
2020-06-20,Karnataka,186.1,184.4,169.9,174.58571428571426,5,Saturday,6,2020,1,2637,,0,30.4,20.0,2.4
2020-06-21,Karnataka,183.3,186.1,162.4,176.90000000000003,6,Sunday,6,2020,1,2638,,0,28.0,20.3,1.8
2020-06-22,Karnataka,190.7,183.3,175.8,179.8857142857143,0,Monday,6,2020,0,2639,,0,28.9,20.0,8.4
2020-06-23,Karnataka,,190.7,178.9,182.01428571428573,1,Tuesday,6,2020,0,2640,,0,29.7,20.5,0.2
2020-06-24,Karnataka,196.0,,174.3,,2,Wednesday,6,2020,0,2641,,0,29.3,20.7,14.9
2020-06-25,Karnataka,192.5,196.0,176.4,,3,Thursday,6,2020,0,2642,,0,29.0,20.6,27.7
2020-06-26,Karnataka,173.2,192.5,184.4,,4,Friday,6,2020,0,2643,,0,27.4,20.5,14.9
2020-06-27,Karnataka,174.9,173.2,186.1,,5,Saturday,6,2020,1,2644,,0,27.2,20.5,2.5
2020-06-28,Karnataka,163.9,174.9,183.3,,6,Sunday,6,2020,1,2645,,0,27.8,20.5,14.4
2020-06-29,Karnataka,174.8,163.9,190.7,,0,Monday,6,2020,0,2646,,0,28.0,20.6,13.8
2020-06-30,Karnataka,,174.8,,,1,Tuesday,6,2020,0,2647,,0,27.8,20.3,7.8
2020-07-01,Karnataka,,,196.0,,2,Wednesday,7,2020,0,2648,,0,27.1,20.0,3.3
2020-07-02,Karnataka,171.3,,192.5,,3,Thursday,7,2020,0,2649,,0,26.0,20.6,6.1
2020-07-03,Karnataka,161.2,171.3,173.2,,4,Friday,7,2020,0,2650,,0,26.7,20.6,42.8
2020-07-04,Karnataka,157.6,161.2,174.9,,5,Saturday,7,2020,1,2651,,0,26.5,20.0,6.2
2020-07-05,Karnataka,149.5,157.6,163.9,,6,Sunday,7,2020,1,2652,,0,26.6,20.3,2.7
2020-07-06,Karnataka,166.9,149.5,174.8,,0,Monday,7,2020,0,2653,,0,26.6,20.3,5.3
2020-07-07,Karnataka,171.6,166.9,,,1,Tuesday,7,2020,0,2654,,0,27.4,19.7,2.2
2020-07-08,Karnataka,165.8,171.6,,,2,Wednesday,7,2020,0,2655,,0,26.8,19.6,10.3
2020-07-09,Karnataka,157.7,165.8,171.3,163.41428571428574,3,Thursday,7,2020,0,2656,,0,26.0,19.5,13.4
2020-07-10,Karnataka,156.5,157.7,161.2,161.47142857142856,4,Friday,7,2020,0,2657,,0,24.8,19.1,10.2
2020-07-11,Karnataka,158.9,156.5,157.6,160.79999999999998,5,Saturday,7,2020,1,2658,,0,27.3,19.5,1.3
2020-07-12,Karnataka,152.1,158.9,149.5,160.9857142857143,6,Sunday,7,2020,1,2659,,0,27.1,20.3,3.4
2020-07-13,Karnataka,169.2,152.1,166.9,161.35714285714286,0,Monday,7,2020,0,2660,,0,26.8,19.6,11.5
2020-07-14,Karnataka,167.6,169.2,171.6,161.68571428571428,1,Tuesday,7,2020,0,2661,,0,26.9,19.8,6.8
2020-07-15,Karnataka,155.1,167.6,165.8,161.1142857142857,2,Wednesday,7,2020,0,2662,,0,25.9,20.2,9.1
2020-07-16,Karnataka,138.5,155.1,157.7,159.58571428571426,3,Thursday,7,2020,0,2663,,0,25.2,19.9,10.2
2020-07-17,Karnataka,143.6,138.5,156.5,156.84285714285713,4,Friday,7,2020,0,2664,,0,23.6,19.9,4.2
2020-07-18,Karnataka,146.7,143.6,158.9,155.0,5,Saturday,7,2020,1,2665,,0,27.1,19.9,12.4
2020-07-19,Karnataka,140.3,146.7,152.1,153.25714285714284,6,Sunday,7,2020,1,2666,,0,27.0,19.8,10.0
2020-07-20,Karnataka,144.6,140.3,169.2,151.57142857142858,0,Monday,7,2020,0,2667,,0,27.7,19.8,12.6
2020-07-21,Karnataka,146.2,144.6,167.6,148.05714285714288,1,Tuesday,7,2020,0,2668,,0,28.4,19.9,0.2
2020-07-22,Karnataka,158.7,146.2,155.1,145.0,2,Wednesday,7,2020,0,2669,,0,29.2,20.8,0.4
2020-07-23,Karnataka,162.1,158.7,138.5,145.5142857142857,3,Thursday,7,2020,0,2670,,0,28.1,20.2,64.9
2020-07-24,Karnataka,158.3,162.1,143.6,148.88571428571427,4,Friday,7,2020,0,2671,,0,26.0,20.4,50.2
2020-07-25,Karnataka,149.3,158.3,146.7,150.9857142857143,5,Saturday,7,2020,1,2672,,0,27.6,19.5,10.2
2020-07-26,Karnataka,139.3,149.3,140.3,151.35714285714286,6,Sunday,7,2020,1,2673,,0,27.0,19.7,2.2
2020-07-27,Karnataka,156.9,139.3,144.6,151.21428571428572,0,Monday,7,2020,0,2674,,0,27.4,18.9,1.3
2020-07-28,Karnataka,165.1,156.9,146.2,152.97142857142856,1,Tuesday,7,2020,0,2675,,0,27.9,19.6,6.9
2020-07-29,Karnataka,163.9,165.1,158.7,155.67142857142858,2,Wednesday,7,2020,0,2676,,0,25.9,20.2,13.1
2020-07-30,Karnataka,161.2,163.9,162.1,156.41428571428574,3,Thursday,7,2020,0,2677,,0,26.8,20.2,4.4
2020-07-31,Karnataka,164.8,161.2,158.3,156.28571428571428,4,Friday,7,2020,0,2678,,0,27.6,20.1,5.2
2020-08-01,Karnataka,156.6,164.8,149.3,157.21428571428572,5,Saturday,8,2020,1,2679,Id-ul-Zuha (Bakrid),1,25.5,19.9,2.7
2020-08-02,Karnataka,,156.6,139.3,158.25714285714284,6,Sunday,8,2020,1,2680,,0,23.7,19.7,20.7
2020-08-03,Karnataka,,,156.9,,0,Monday,8,2020,0,2681,,0,25.9,20.0,3.0
2020-08-04,Karnataka,,,165.1,,1,Tuesday,8,2020,0,2682,,0,24.6,20.5,3.1
2020-08-05,Karnataka,,,163.9,,2,Wednesday,8,2020,0,2683,,0,26.4,20.1,4.9
2020-08-06,Karnataka,140.5,,161.2,,3,Thursday,8,2020,0,2684,,0,26.5,20.5,3.4
2020-08-07,Karnataka,149.4,140.5,164.8,,4,Friday,8,2020,0,2685,,0,24.6,20.9,4.6
2020-08-08,Karnataka,149.9,149.4,156.6,,5,Saturday,8,2020,1,2686,,0,25.4,21.0,2.3
2020-08-09,Karnataka,137.9,149.9,,,6,Sunday,8,2020,1,2687,,0,24.3,20.1,13.6
2020-08-10,Karnataka,145.3,137.9,,,0,Monday,8,2020,0,2688,,0,24.8,19.6,6.5
2020-08-11,Karnataka,,145.3,,,1,Tuesday,8,2020,0,2689,,0,26.0,20.1,3.5
2020-08-12,Karnataka,,,,,2,Wednesday,8,2020,0,2690,Janmashtami (Vaishnava),1,25.8,19.5,0.4
2020-08-13,Karnataka,156.9,,140.5,,3,Thursday,8,2020,0,2691,,0,26.8,19.7,0.0
2020-08-14,Karnataka,160.6,156.9,149.4,,4,Friday,8,2020,0,2692,,0,26.0,19.5,0.4
2020-08-15,Karnataka,150.2,160.6,149.9,,5,Saturday,8,2020,1,2693,Independence Day,1,25.4,19.4,0.2
2020-08-16,Karnataka,136.3,150.2,137.9,,6,Sunday,8,2020,1,2694,,0,25.8,19.3,1.7
2020-08-17,Karnataka,149.5,136.3,145.3,,0,Monday,8,2020,0,2695,,0,27.5,19.8,7.2
2020-08-18,Karnataka,147.6,149.5,,,1,Tuesday,8,2020,0,2696,,0,25.9,19.0,7.9
2020-08-19,Karnataka,154.2,147.6,,,2,Wednesday,8,2020,0,2697,,0,26.6,18.6,3.3
2020-08-20,Karnataka,,154.2,156.9,150.75714285714284,3,Thursday,8,2020,0,2698,,0,26.1,19.4,1.0
2020-08-21,Karnataka,160.2,,160.6,,4,Friday,8,2020,0,2699,,0,27.5,19.0,0.8
2020-08-22,Karnataka,151.6,160.2,150.2,,5,Saturday,8,2020,1,2700,,0,27.6,19.1,3.9
2020-08-23,Karnataka,149.9,151.6,136.3,,6,Sunday,8,2020,1,2701,,0,27.5,19.7,2.1
2020-08-24,Karnataka,,149.9,149.5,,0,Monday,8,2020,0,2702,,0,26.3,19.9,3.4
2020-08-25,Karnataka,,,147.6,,1,Tuesday,8,2020,0,2703,,0,28.2,19.9,0.0
2020-08-26,Karnataka,,,154.2,,2,Wednesday,8,2020,0,2704,,0,27.7,20.3,0.0
2020-08-27,Karnataka,,,,,3,Thursday,8,2020,0,2705,,0,27.8,19.0,0.1
2020-08-28,Karnataka,,,160.2,,4,Friday,8,2020,0,2706,,0,28.7,19.3,0.0
2020-08-29,Karnataka,,,151.6,,5,Saturday,8,2020,1,2707,,0,29.7,18.8,0.3
2020-08-30,Karnataka,184.2,,149.9,,6,Sunday,8,2020,1,2708,Muharram,1,28.6,20.1,5.1
2020-08-31,Karnataka,183.5,184.2,,,0,Monday,8,2020,0,2709,,0,27.4,20.0,4.7
2020-09-01,Karnataka,179.2,183.5,,,1,Tuesday,9,2020,0,2710,,0,26.8,19.6,6.6
2020-09-02,Karnataka,,179.2,,,2,Wednesday,9,2020,0,2711,,0,26.2,19.6,19.9
2020-09-03,Karnataka,,,,,3,Thursday,9,2020,0,2712,,0,27.3,19.7,16.8
2020-09-04,Karnataka,,,,,4,Friday,9,2020,0,2713,,0,28.3,20.1,3.1
2020-09-05,Karnataka,167.5,,,,5,Saturday,9,2020,1,2714,,0,27.5,21.0,5.4
2020-09-06,Karnataka,158.7,167.5,184.2,,6,Sunday,9,2020,1,2715,,0,28.2,21.0,11.1
2020-09-07,Karnataka,165.6,158.7,183.5,,0,Monday,9,2020,0,2716,,0,26.4,20.2,6.1
2020-09-08,Karnataka,164.5,165.6,179.2,,1,Tuesday,9,2020,0,2717,,0,28.0,20.2,12.5
2020-09-09,Karnataka,159.5,164.5,,,2,Wednesday,9,2020,0,2718,,0,26.3,19.9,18.1
2020-09-10,Karnataka,155.3,159.5,,,3,Thursday,9,2020,0,2719,,0,25.6,20.2,21.8
2020-09-11,Karnataka,,155.3,,,4,Friday,9,2020,0,2720,,0,25.2,19.8,3.5
2020-09-12,Karnataka,,,167.5,,5,Saturday,9,2020,1,2721,,0,23.4,19.8,13.2
2020-09-13,Karnataka,,,158.7,,6,Sunday,9,2020,1,2722,,0,22.8,19.6,22.1
2020-09-14,Karnataka,,,165.6,,0,Monday,9,2020,0,2723,,0,24.2,19.3,6.0
2020-09-15,Karnataka,146.6,,164.5,,1,Tuesday,9,2020,0,2724,,0,26.4,19.1,14.4
2020-09-16,Karnataka,150.6,146.6,159.5,,2,Wednesday,9,2020,0,2725,,0,26.4,19.2,11.6
2020-09-17,Karnataka,,150.6,155.3,,3,Thursday,9,2020,0,2726,,0,27.1,19.2,5.6
2020-09-18,Karnataka,,,,,4,Friday,9,2020,0,2727,,0,25.7,19.9,10.2
2020-09-19,Karnataka,,,,,5,Saturday,9,2020,1,2728,,0,23.9,19.8,11.7
2020-09-20,Karnataka,,,,,6,Sunday,9,2020,1,2729,,0,22.5,19.8,21.9
2020-09-21,Karnataka,,,,,0,Monday,9,2020,0,2730,,0,22.5,19.8,9.4
2020-09-22,Karnataka,,,146.6,,1,Tuesday,9,2020,0,2731,,0,27.0,19.5,0.4
2020-09-23,Karnataka,,,150.6,,2,Wednesday,9,2020,0,2732,,0,27.4,18.1,0.0
2020-09-24,Karnataka,163.3,,,,3,Thursday,9,2020,0,2733,,0,27.2,18.9,0.2
2020-09-25,Karnataka,166.5,163.3,,,4,Friday,9,2020,0,2734,,0,26.5,19.4,8.8
2020-09-26,Karnataka,148.8,166.5,,,5,Saturday,9,2020,1,2735,,0,24.6,19.9,2.4
2020-09-27,Karnataka,,148.8,,,6,Sunday,9,2020,1,2736,,0,25.3,19.4,1.9
2020-09-28,Karnataka,,,,,0,Monday,9,2020,0,2737,,0,26.4,18.9,3.8
2020-09-29,Karnataka,160.3,,,,1,Tuesday,9,2020,0,2738,,0,25.8,19.4,10.7
2020-09-30,Karnataka,152.1,160.3,,,2,Wednesday,9,2020,0,2739,,0,23.7,19.6,7.2
2020-10-01,Karnataka,154.9,152.1,163.3,,3,Thursday,10,2020,0,2740,,0,26.1,18.5,0.6
2020-10-02,Karnataka,,154.9,166.5,,4,Friday,10,2020,0,2741,Mahatma Gandhi's Jayanti,1,27.1,18.8,1.8
2020-10-03,Karnataka,156.9,,148.8,,5,Saturday,10,2020,1,2742,,0,27.0,19.7,5.0
2020-10-04,Karnataka,146.9,156.9,,,6,Sunday,10,2020,1,2743,,0,26.3,19.4,2.3
2020-10-05,Karnataka,165.7,146.9,,,0,Monday,10,2020,0,2744,,0,27.0,18.2,1.4
2020-10-06,Karnataka,176.3,165.7,160.3,,1,Tuesday,10,2020,0,2745,,0,27.9,19.0,0.8
2020-10-07,Karnataka,180.5,176.3,152.1,,2,Wednesday,10,2020,0,2746,,0,28.0,19.5,0.3
2020-10-08,Karnataka,,180.5,154.9,,3,Thursday,10,2020,0,2747,,0,28.3,18.8,0.7
2020-10-09,Karnataka,185.9,,,,4,Friday,10,2020,0,2748,,0,27.8,20.2,4.8
2020-10-10,Karnataka,159.4,185.9,156.9,,5,Saturday,10,2020,1,2749,,0,26.0,19.0,4.6
2020-10-11,Karnataka,133.2,159.4,146.9,,6,Sunday,10,2020,1,2750,,0,24.4,19.4,17.1
2020-10-12,Karnataka,149.8,133.2,165.7,,0,Monday,10,2020,0,2751,,0,24.6,19.4,9.6
2020-10-13,Karnataka,,149.8,176.3,,1,Tuesday,10,2020,0,2752,,0,24.9,19.4,1.5
2020-10-14,Karnataka,,,180.5,,2,Wednesday,10,2020,0,2753,,0,24.9,18.5,0.5
2020-10-15,Karnataka,147.0,,,,3,Thursday,10,2020,0,2754,,0,26.5,18.6,0.0
2020-10-16,Karnataka,155.0,147.0,185.9,,4,Friday,10,2020,0,2755,,0,26.7,19.0,1.0
2020-10-17,Karnataka,156.7,155.0,159.4,,5,Saturday,10,2020,1,2756,,0,27.2,17.2,0.0
2020-10-18,Karnataka,148.1,156.7,133.2,,6,Sunday,10,2020,1,2757,,0,26.8,19.3,0.5
2020-10-19,Karnataka,,148.1,149.8,,0,Monday,10,2020,0,2758,,0,25.0,20.2,11.4
2020-10-20,Karnataka,,,,,1,Tuesday,10,2020,0,2759,,0,24.8,19.7,8.4
2020-10-21,Karnataka,142.0,,,,2,Wednesday,10,2020,0,2760,,0,25.2,19.9,19.5
2020-10-22,Karnataka,,142.0,147.0,,3,Thursday,10,2020,0,2761,,0,24.4,19.5,15.3
2020-10-23,Karnataka,146.6,,155.0,,4,Friday,10,2020,0,2762,,0,25.1,19.2,5.6
2020-10-24,Karnataka,143.3,146.6,156.7,,5,Saturday,10,2020,1,2763,,0,26.0,16.8,12.2
2020-10-25,Karnataka,135.1,143.3,148.1,,6,Sunday,10,2020,1,2764,Dussehra,1,27.2,18.8,2.6
2020-10-26,Karnataka,136.0,135.1,,,0,Monday,10,2020,0,2765,,0,27.8,18.7,0.6
2020-10-27,Karnataka,152.8,136.0,,,1,Tuesday,10,2020,0,2766,,0,27.4,17.5,0.0
2020-10-28,Karnataka,163.2,152.8,142.0,,2,Wednesday,10,2020,0,2767,,0,27.0,17.8,0.0
2020-10-29,Karnataka,,163.2,,,3,Thursday,10,2020,0,2768,,0,26.3,17.3,0.4
2020-10-30,Karnataka,,,146.6,,4,Friday,10,2020,0,2769,Milad-un-Nabi,1,27.1,17.3,0.0
2020-10-31,Karnataka,179.3,,143.3,,5,Saturday,10,2020,1,2770,,0,26.9,17.5,1.6
2020-11-01,Karnataka,,179.3,135.1,,6,Sunday,11,2020,1,2771,Karnataka Rajyotsava,1,27.0,18.3,0.1
2020-11-02,Karnataka,184.1,,136.0,,0,Monday,11,2020,0,2772,,0,27.9,19.6,0.4
2020-11-03,Karnataka,187.2,184.1,152.8,,1,Tuesday,11,2020,0,2773,,0,27.5,19.0,0.4
2020-11-04,Karnataka,191.5,187.2,163.2,,2,Wednesday,11,2020,0,2774,,0,27.7,19.1,0.7
2020-11-05,Karnataka,192.4,191.5,,,3,Thursday,11,2020,0,2775,,0,27.8,19.4,4.8
2020-11-06,Karnataka,185.9,192.4,,,4,Friday,11,2020,0,2776,,0,27.5,19.7,0.0
2020-11-07,Karnataka,186.4,185.9,179.3,,5,Saturday,11,2020,1,2777,,0,27.3,19.7,0.8
2020-11-08,Karnataka,,186.4,,,6,Sunday,11,2020,1,2778,,0,27.3,19.2,0.2
2020-11-09,Karnataka,188.7,,184.1,,0,Monday,11,2020,0,2779,,0,26.6,17.9,0.0
2020-11-10,Karnataka,190.1,188.7,187.2,,1,Tuesday,11,2020,0,2780,,0,26.2,15.0,0.0
2020-11-11,Karnataka,193.0,190.1,191.5,,2,Wednesday,11,2020,0,2781,,0,27.2,14.9,0.0
2020-11-12,Karnataka,197.2,193.0,192.4,,3,Thursday,11,2020,0,2782,,0,27.7,18.5,1.8
2020-11-13,Karnataka,194.6,197.2,185.9,,4,Friday,11,2020,0,2783,,0,26.6,20.1,2.7
2020-11-14,Karnataka,171.9,194.6,186.4,,5,Saturday,11,2020,1,2784,Diwali (Deepavali),1,27.3,19.4,0.2
2020-11-15,Karnataka,160.6,171.9,,,6,Sunday,11,2020,1,2785,,0,26.5,18.1,8.2
2020-11-16,Karnataka,154.8,160.6,188.7,185.15714285714284,0,Monday,11,2020,0,2786,,0,24.7,20.0,39.5
2020-11-17,Karnataka,164.3,154.8,190.1,180.31428571428572,1,Tuesday,11,2020,0,2787,,0,25.7,19.5,0.6
2020-11-18,Karnataka,177.6,164.3,193.0,176.62857142857143,2,Wednesday,11,2020,0,2788,,0,26.0,18.7,1.0
2020-11-19,Karnataka,181.5,177.6,197.2,174.42857142857142,3,Thursday,11,2020,0,2789,,0,26.3,18.5,0.2
2020-11-20,Karnataka,189.6,181.5,194.6,172.18571428571428,4,Friday,11,2020,0,2790,,0,26.6,18.5,0.0
2020-11-21,Karnataka,,189.6,171.9,171.47142857142856,5,Saturday,11,2020,1,2791,,0,26.1,15.4,0.0
2020-11-22,Karnataka,181.5,,160.6,,6,Sunday,11,2020,1,2792,,0,26.5,13.8,0.0
2020-11-23,Karnataka,,181.5,154.8,,0,Monday,11,2020,0,2793,,0,26.9,15.8,0.0
2020-11-24,Karnataka,200.9,,164.3,,1,Tuesday,11,2020,0,2794,,0,26.7,18.5,0.1
2020-11-25,Karnataka,198.6,200.9,177.6,,2,Wednesday,11,2020,0,2795,,0,25.0,17.7,1.7
2020-11-26,Karnataka,186.1,198.6,181.5,,3,Thursday,11,2020,0,2796,,0,20.6,18.4,24.2
2020-11-27,Karnataka,186.4,186.1,189.6,,4,Friday,11,2020,0,2797,,0,23.4,17.2,0.0
2020-11-28,Karnataka,177.9,186.4,,,5,Saturday,11,2020,1,2798,,0,25.0,15.7,1.1
2020-11-29,Karnataka,174.9,177.9,181.5,,6,Sunday,11,2020,1,2799,,0,25.9,18.4,0.6
2020-11-30,Karnataka,187.6,174.9,,,0,Monday,11,2020,0,2800,Guru Nanak's Jayanti,1,25.3,18.4,0.1
2020-12-01,Karnataka,193.6,187.6,200.9,187.4857142857143,1,Tuesday,12,2020,0,2801,,0,25.1,16.2,0.0
2020-12-02,Karnataka,197.1,193.6,198.6,186.44285714285712,2,Wednesday,12,2020,0,2802,,0,25.8,16.1,0.0
2020-12-03,Karnataka,196.2,197.1,186.1,186.22857142857143,3,Thursday,12,2020,0,2803,,0,22.8,17.4,17.0
2020-12-04,Karnataka,194.4,196.2,186.4,187.67142857142858,4,Friday,12,2020,0,2804,,0,23.0,19.1,5.7
2020-12-05,Karnataka,191.1,194.4,177.9,188.81428571428572,5,Saturday,12,2020,1,2805,,0,24.5,19.3,3.7
2020-12-06,Karnataka,176.8,191.1,174.9,190.7,6,Sunday,12,2020,1,2806,,0,24.8,18.3,4.1
2020-12-07,Karnataka,185.2,176.8,187.6,190.9714285714286,0,Monday,12,2020,0,2807,,0,25.6,19.1,5.8
2020-12-08,Karnataka,,185.2,193.6,190.6285714285714,1,Tuesday,12,2020,0,2808,,0,25.0,19.2,9.2
2020-12-09,Karnataka,,,197.1,,2,Wednesday,12,2020,0,2809,,0,25.4,18.4,3.0
2020-12-10,Karnataka,,,196.2,,3,Thursday,12,2020,0,2810,,0,25.1,16.6,0.0
2020-12-11,Karnataka,188.8,,194.4,,4,Friday,12,2020,0,2811,,0,25.4,15.9,0.0
2020-12-12,Karnataka,192.9,188.8,191.1,,5,Saturday,12,2020,1,2812,,0,24.8,15.5,0.0
2020-12-13,Karnataka,183.7,192.9,176.8,,6,Sunday,12,2020,1,2813,,0,24.9,14.7,0.0
2020-12-14,Karnataka,199.3,183.7,185.2,,0,Monday,12,2020,0,2814,,0,25.0,15.1,0.0
2020-12-15,Karnataka,202.8,199.3,,,1,Tuesday,12,2020,0,2815,,0,25.0,14.3,0.0
2020-12-16,Karnataka,200.4,202.8,,,2,Wednesday,12,2020,0,2816,,0,24.6,17.1,0.5
2020-12-17,Karnataka,207.1,200.4,,,3,Thursday,12,2020,0,2817,,0,24.7,18.4,1.1
2020-12-18,Karnataka,212.3,207.1,188.8,196.42857142857142,4,Friday,12,2020,0,2818,,0,25.5,17.2,0.0
2020-12-19,Karnataka,208.0,212.3,192.9,199.78571428571428,5,Saturday,12,2020,1,2819,,0,25.7,17.2,0.0
2020-12-20,Karnataka,192.5,208.0,183.7,201.94285714285715,6,Sunday,12,2020,1,2820,,0,24.6,16.6,0.0
2020-12-21,Karnataka,205.3,192.5,199.3,203.20000000000002,0,Monday,12,2020,0,2821,,0,24.2,14.4,0.0
2020-12-22,Karnataka,206.1,205.3,202.8,204.05714285714288,1,Tuesday,12,2020,0,2822,,0,25.5,13.9,0.0
2020-12-23,Karnataka,213.0,206.1,200.4,204.52857142857144,2,Wednesday,12,2020,0,2823,,0,26.1,15.5,0.0
2020-12-24,Karnataka,214.6,213.0,207.1,206.32857142857142,3,Thursday,12,2020,0,2824,,0,26.4,15.3,0.0
2020-12-25,Karnataka,210.0,214.6,212.3,207.40000000000003,4,Friday,12,2020,0,2825,Christmas,1,26.2,15.7,0.0
2020-12-26,Karnataka,212.0,210.0,208.0,207.07142857142858,5,Saturday,12,2020,1,2826,,0,25.5,14.8,0.0
2020-12-27,Karnataka,199.5,212.0,192.5,207.64285714285714,6,Sunday,12,2020,1,2827,,0,27.3,14.8,0.0
2020-12-28,Karnataka,212.2,199.5,205.3,208.64285714285714,0,Monday,12,2020,0,2828,,0,26.7,14.5,0.0
2020-12-29,Karnataka,216.3,212.2,206.1,209.6285714285714,1,Tuesday,12,2020,0,2829,,0,27.4,15.0,0.0
2020-12-30,Karnataka,216.7,216.3,213.0,211.08571428571432,2,Wednesday,12,2020,0,2830,,0,27.5,17.2,0.4
2020-12-31,Karnataka,212.3,216.7,214.6,211.6142857142857,3,Thursday,12,2020,0,2831,,0,24.3,17.6,2.0
2021-01-01,Karnataka,207.0,212.3,210.0,211.28571428571428,4,Friday,1,2021,0,2832,,0,25.0,16.3,0.0
2021-01-02,Karnataka,208.5,207.0,212.0,210.85714285714286,5,Saturday,1,2021,1,2833,,0,26.3,14.4,0.0
2021-01-03,Karnataka,198.9,208.5,199.5,210.35714285714286,6,Sunday,1,2021,1,2834,,0,26.5,17.7,1.3
2021-01-04,Karnataka,208.1,198.9,212.2,210.27142857142854,0,Monday,1,2021,0,2835,,0,24.6,18.3,0.2
2021-01-05,Karnataka,208.8,208.1,216.3,209.6857142857143,1,Tuesday,1,2021,0,2836,,0,25.2,17.7,0.5
2021-01-06,Karnataka,203.8,208.8,216.7,208.6142857142857,2,Wednesday,1,2021,0,2837,,0,25.6,19.0,12.1
2021-01-07,Karnataka,174.5,203.8,212.3,206.77142857142857,3,Thursday,1,2021,0,2838,,0,24.7,19.2,3.2
2021-01-08,Karnataka,180.6,174.5,207.0,201.37142857142857,4,Friday,1,2021,0,2839,,0,25.9,19.2,8.3
2021-01-09,Karnataka,172.7,180.6,208.5,197.59999999999997,5,Saturday,1,2021,1,2840,,0,25.1,18.7,0.8
2021-01-10,Karnataka,165.3,172.7,198.9,192.48571428571427,6,Sunday,1,2021,1,2841,,0,25.7,18.1,0.0
2021-01-11,Karnataka,179.4,165.3,208.1,187.6857142857143,0,Monday,1,2021,0,2842,,0,23.8,19.1,0.0
2021-01-12,Karnataka,185.1,179.4,208.8,183.58571428571426,1,Tuesday,1,2021,0,2843,,0,26.4,17.2,0.1
2021-01-13,Karnataka,193.1,185.1,203.8,180.20000000000002,2,Wednesday,1,2021,0,2844,,0,26.6,16.6,0.0
2021-01-14,Karnataka,188.2,193.1,174.5,178.67142857142858,3,Thursday,1,2021,0,2845,,0,26.2,15.7,0.6
2021-01-15,Karnataka,202.6,188.2,180.6,180.62857142857143,4,Friday,1,2021,0,2846,,0,26.9,17.6,0.0
2021-01-16,Karnataka,208.5,202.6,172.7,183.77142857142857,5,Saturday,1,2021,1,2847,,0,27.1,17.2,0.0
2021-01-17,Karnataka,199.0,208.5,165.3,188.8857142857143,6,Sunday,1,2021,1,2848,,0,27.0,16.7,0.0
2021-01-18,Karnataka,214.0,199.0,179.4,193.70000000000002,0,Monday,1,2021,0,2849,,0,26.4,13.8,0.0
2021-01-19,Karnataka,220.3,214.0,185.1,198.64285714285714,1,Tuesday,1,2021,0,2850,,0,26.1,14.9,0.0
2021-01-20,Karnataka,223.2,220.3,193.1,203.67142857142858,2,Wednesday,1,2021,0,2851,,0,28.0,15.1,0.0
2021-01-21,Karnataka,224.4,223.2,188.2,207.97142857142856,3,Thursday,1,2021,0,2852,,0,28.1,17.1,0.0
2021-01-22,Karnataka,228.0,224.4,202.6,213.14285714285714,4,Friday,1,2021,0,2853,,0,28.1,19.1,0.0
2021-01-23,Karnataka,228.5,228.0,208.5,216.77142857142857,5,Saturday,1,2021,1,2854,,0,27.8,17.6,0.0
2021-01-24,Karnataka,219.2,228.5,199.0,219.62857142857143,6,Sunday,1,2021,1,2855,,0,27.6,16.6,0.0
2021-01-25,Karnataka,229.8,219.2,214.0,222.5142857142857,0,Monday,1,2021,0,2856,,0,27.3,15.2,0.0
2021-01-26,Karnataka,219.3,229.8,220.3,224.77142857142857,1,Tuesday,1,2021,0,2857,Republic Day,1,28.4,14.3,0.0
2021-01-27,Karnataka,230.0,219.3,223.2,224.62857142857143,2,Wednesday,1,2021,0,2858,,0,27.8,14.9,0.0
2021-01-28,Karnataka,234.1,230.0,224.4,225.6,3,Thursday,1,2021,0,2859,,0,26.8,14.7,0.0
2021-01-29,Karnataka,237.0,234.1,228.0,226.98571428571427,4,Friday,1,2021,0,2860,,0,27.7,16.2,0.0
2021-01-30,Karnataka,235.7,237.0,228.5,228.27142857142854,5,Saturday,1,2021,1,2861,,0,27.9,17.0,0.0
2021-01-31,Karnataka,223.6,235.7,219.2,229.29999999999998,6,Sunday,1,2021,1,2862,,0,28.7,16.7,0.0
2021-02-01,Karnataka,232.0,223.6,229.8,229.92857142857142,0,Monday,2,2021,0,2863,,0,28.1,16.1,0.0
2021-02-02,Karnataka,,232.0,219.3,230.2428571428571,1,Tuesday,2,2021,0,2864,,0,27.7,15.3,0.0
2021-02-03,Karnataka,236.6,,230.0,,2,Wednesday,2,2021,0,2865,,0,27.3,16.5,0.0
2021-02-04,Karnataka,236.6,236.6,234.1,,3,Thursday,2,2021,0,2866,,0,27.5,15.0,0.0
2021-02-05,Karnataka,239.5,236.6,237.0,,4,Friday,2,2021,0,2867,,0,28.2,14.7,0.0
2021-02-06,Karnataka,239.1,239.5,235.7,,5,Saturday,2,2021,1,2868,,0,28.4,14.0,0.0
2021-02-07,Karnataka,221.3,239.1,223.6,,6,Sunday,2,2021,1,2869,,0,28.0,14.6,0.0
2021-02-08,Karnataka,233.4,221.3,232.0,,0,Monday,2,2021,0,2870,,0,28.1,14.7,0.0
2021-02-09,Karnataka,239.2,233.4,,,1,Tuesday,2,2021,0,2871,,0,27.2,14.3,0.0
2021-02-10,Karnataka,243.3,239.2,236.6,235.1,2,Wednesday,2,2021,0,2872,,0,28.3,13.3,0.0
2021-02-11,Karnataka,240.9,243.3,236.6,236.05714285714285,3,Thursday,2,2021,0,2873,,0,28.2,13.8,0.0
2021-02-12,Karnataka,244.6,240.9,239.5,236.67142857142858,4,Friday,2,2021,0,2874,,0,29.0,13.0,0.0
2021-02-13,Karnataka,243.0,244.6,239.1,237.4,5,Saturday,2,2021,1,2875,,0,28.8,13.7,0.0
2021-02-14,Karnataka,232.8,243.0,221.3,237.95714285714283,6,Sunday,2,2021,1,2876,,0,29.3,14.2,0.0
2021-02-15,Karnataka,244.2,232.8,233.4,239.6,0,Monday,2,2021,0,2877,,0,30.2,16.3,0.0
2021-02-16,Karnataka,247.3,244.2,239.2,241.14285714285714,1,Tuesday,2,2021,0,2878,,0,29.6,16.4,0.0
2021-02-17,Karnataka,249.1,247.3,243.3,242.3,2,Wednesday,2,2021,0,2879,,0,29.6,17.2,0.0
2021-02-18,Karnataka,245.5,249.1,240.9,243.12857142857143,3,Thursday,2,2021,0,2880,,0,28.6,16.3,0.3
2021-02-19,Karnataka,219.9,245.5,244.6,243.78571428571428,4,Friday,2,2021,0,2881,,0,28.6,16.8,2.2
2021-02-20,Karnataka,208.3,219.9,243.0,240.2571428571429,5,Saturday,2,2021,1,2882,,0,25.7,16.7,10.3
2021-02-21,Karnataka,189.4,208.3,232.8,235.3,6,Sunday,2,2021,1,2883,,0,23.2,17.2,3.9
2021-02-22,Karnataka,197.7,189.4,244.2,229.09999999999997,0,Monday,2,2021,0,2884,,0,27.2,16.8,0.5
2021-02-23,Karnataka,207.1,197.7,247.3,222.45714285714286,1,Tuesday,2,2021,0,2885,,0,29.1,16.7,0.0
2021-02-24,Karnataka,215.9,207.1,249.1,216.71428571428572,2,Wednesday,2,2021,0,2886,,0,29.6,17.2,0.0
2021-02-25,Karnataka,226.0,215.9,245.5,211.97142857142856,3,Thursday,2,2021,0,2887,,0,30.9,16.9,0.0
2021-02-26,Karnataka,236.0,226.0,219.9,209.18571428571428,4,Friday,2,2021,0,2888,,0,31.5,16.2,0.0
2021-02-27,Karnataka,236.0,236.0,208.3,211.48571428571427,5,Saturday,2,2021,1,2889,,0,32.2,17.0,0.0
2021-02-28,Karnataka,229.9,236.0,189.4,215.44285714285712,6,Sunday,2,2021,1,2890,,0,32.2,17.5,0.0
2021-03-01,Karnataka,244.6,229.9,197.7,221.22857142857143,0,Monday,3,2021,0,2891,,0,31.9,16.1,0.0
2021-03-02,Karnataka,253.5,244.6,207.1,227.92857142857142,1,Tuesday,3,2021,0,2892,,0,32.8,17.0,0.0
2021-03-03,Karnataka,247.3,253.5,215.9,234.55714285714285,2,Wednesday,3,2021,0,2893,,0,31.3,17.4,0.0
2021-03-04,Karnataka,249.5,247.3,226.0,239.04285714285717,3,Thursday,3,2021,0,2894,,0,30.3,16.5,0.0
2021-03-05,Karnataka,259.9,249.5,236.0,242.40000000000003,4,Friday,3,2021,0,2895,,0,31.3,15.3,0.0
2021-03-06,Karnataka,257.0,259.9,236.0,245.81428571428572,5,Saturday,3,2021,1,2896,,0,33.0,16.2,0.0
2021-03-07,Karnataka,245.1,257.0,229.9,248.81428571428572,6,Sunday,3,2021,1,2897,,0,32.7,17.2,0.0
2021-03-08,Karnataka,259.8,245.1,244.6,250.98571428571427,0,Monday,3,2021,0,2898,,0,31.7,17.3,0.0
2021-03-09,Karnataka,265.0,259.8,253.5,253.15714285714284,1,Tuesday,3,2021,0,2899,,0,31.7,17.1,0.0
2021-03-10,Karnataka,265.8,265.0,247.3,254.79999999999998,2,Wednesday,3,2021,0,2900,,0,31.7,17.6,0.0
2021-03-11,Karnataka,265.8,265.8,249.5,257.4428571428571,3,Thursday,3,2021,0,2901,,0,31.6,19.7,0.0
2021-03-12,Karnataka,262.2,265.8,259.9,259.77142857142854,4,Friday,3,2021,0,2902,,0,31.4,17.8,0.0
2021-03-13,Karnataka,260.4,262.2,257.0,260.1,5,Saturday,3,2021,1,2903,,0,31.3,16.0,0.0
2021-03-14,Karnataka,247.4,260.4,245.1,260.5857142857143,6,Sunday,3,2021,1,2904,,0,31.8,16.8,0.0
2021-03-15,Karnataka,,247.4,259.8,260.9142857142857,0,Monday,3,2021,0,2905,,0,31.9,17.1,0.0
2021-03-16,Karnataka,264.6,,265.0,,1,Tuesday,3,2021,0,2906,,0,32.9,18.3,0.0
2021-03-17,Karnataka,266.0,264.6,265.8,,2,Wednesday,3,2021,0,2907,,0,32.5,17.3,0.0
2021-03-18,Karnataka,265.6,266.0,265.8,,3,Thursday,3,2021,0,2908,,0,32.6,18.4,0.0
2021-03-19,Karnataka,264.1,265.6,262.2,,4,Friday,3,2021,0,2909,,0,32.9,18.2,0.0
2021-03-20,Karnataka,260.6,264.1,260.4,,5,Saturday,3,2021,1,2910,,0,32.3,17.1,0.0
2021-03-21,Karnataka,249.2,260.6,247.4,,6,Sunday,3,2021,1,2911,,0,33.1,18.8,0.0
2021-03-22,Karnataka,262.0,249.2,,,0,Monday,3,2021,0,2912,,0,33.7,18.1,0.0
2021-03-23,Karnataka,267.6,262.0,264.6,261.72857142857146,1,Tuesday,3,2021,0,2913,,0,33.8,18.5,0.0
2021-03-24,Karnataka,269.4,267.6,266.0,262.15714285714284,2,Wednesday,3,2021,0,2914,,0,33.9,19.0,0.0
2021-03-25,Karnataka,272.0,269.4,265.6,262.64285714285717,3,Thursday,3,2021,0,2915,,0,34.2,19.7,0.0
2021-03-26,Karnataka,272.0,272.0,264.1,263.5571428571429,4,Friday,3,2021,0,2916,,0,34.3,19.8,0.0
2021-03-27,Karnataka,276.0,272.0,260.6,264.6857142857143,5,Saturday,3,2021,1,2917,,0,34.3,19.5,0.0
2021-03-28,Karnataka,259.2,276.0,249.2,266.8857142857143,6,Sunday,3,2021,1,2918,,0,34.8,20.2,0.0
2021-03-29,Karnataka,261.0,259.2,262.0,268.3142857142857,0,Monday,3,2021,0,2919,Holi,1,34.4,20.3,0.0
2021-03-30,Karnataka,265.1,261.0,267.6,268.1714285714285,1,Tuesday,3,2021,0,2920,,0,34.9,20.5,0.0
2021-03-31,Karnataka,272.2,265.1,269.4,267.81428571428575,2,Wednesday,3,2021,0,2921,,0,35.4,22.1,0.0
2021-04-01,Karnataka,273.0,272.2,272.0,268.2142857142857,3,Thursday,4,2021,0,2922,,0,35.5,21.7,0.0
2021-04-02,Karnataka,277.1,273.0,272.0,268.35714285714283,4,Friday,4,2021,0,2923,Good Friday,1,35.2,20.0,0.0
2021-04-03,Karnataka,277.5,277.1,276.0,269.0857142857143,5,Saturday,4,2021,1,2924,,0,34.1,20.9,0.0
2021-04-04,Karnataka,266.0,277.5,259.2,269.3,6,Sunday,4,2021,1,2925,,0,33.7,21.4,0.0
2021-04-05,Karnataka,276.0,266.0,261.0,270.2714285714286,0,Monday,4,2021,0,2926,,0,33.6,21.9,0.0
2021-04-06,Karnataka,280.5,276.0,265.1,272.4142857142857,1,Tuesday,4,2021,0,2927,,0,34.9,20.4,0.0
2021-04-07,Karnataka,277.7,280.5,272.2,274.6142857142857,2,Wednesday,4,2021,0,2928,,0,34.7,19.1,0.0
2021-04-08,Karnataka,275.1,277.7,273.0,275.4,3,Thursday,4,2021,0,2929,,0,34.8,20.4,0.0
2021-04-09,Karnataka,271.9,275.1,277.1,275.7,4,Friday,4,2021,0,2930,,0,34.3,20.0,0.0
2021-04-10,Karnataka,273.0,271.9,277.5,274.95714285714286,5,Saturday,4,2021,1,2931,,0,33.8,19.6,0.0
2021-04-11,Karnataka,259.9,273.0,266.0,274.31428571428575,6,Sunday,4,2021,1,2932,,0,33.8,19.8,0.0
2021-04-12,Karnataka,261.2,259.9,276.0,273.4428571428571,0,Monday,4,2021,0,2933,,0,33.7,21.0,0.0
2021-04-13,Karnataka,242.6,261.2,280.5,271.3285714285714,1,Tuesday,4,2021,0,2934,Ugadi,1,33.1,21.2,0.0
2021-04-14,Karnataka,230.7,242.6,277.7,265.9142857142857,2,Wednesday,4,2021,0,2935,Dr. B. R. Ambedkar's Jayanti,1,30.1,21.5,4.6
2021-04-15,Karnataka,,230.7,275.1,259.2,3,Thursday,4,2021,0,2936,,0,28.7,20.0,22.6
2021-04-16,Karnataka,,,271.9,,4,Friday,4,2021,0,2937,,0,30.0,19.1,0.9
2021-04-17,Karnataka,241.3,,273.0,,5,Saturday,4,2021,1,2938,,0,32.4,20.2,0.0
2021-04-18,Karnataka,230.5,241.3,259.9,,6,Sunday,4,2021,1,2939,,0,33.1,21.2,0.2
2021-04-19,Karnataka,240.6,230.5,261.2,,0,Monday,4,2021,0,2940,,0,33.4,20.6,0.0
2021-04-20,Karnataka,237.5,240.6,242.6,,1,Tuesday,4,2021,0,2941,,0,31.0,21.7,7.9
2021-04-21,Karnataka,238.8,237.5,230.7,,2,Wednesday,4,2021,0,2942,Ram Navami,1,30.9,20.7,8.8
2021-04-22,Karnataka,,238.8,,,3,Thursday,4,2021,0,2943,,0,32.2,20.5,1.1
2021-04-23,Karnataka,210.6,,,,4,Friday,4,2021,0,2944,,0,31.0,21.1,12.2
2021-04-24,Karnataka,201.4,210.6,241.3,,5,Saturday,4,2021,1,2945,,0,30.1,20.4,17.6
2021-04-25,Karnataka,200.2,201.4,230.5,,6,Sunday,4,2021,1,2946,Mahavir Jayanti,1,32.0,20.7,0.1
2021-04-26,Karnataka,214.8,200.2,240.6,,0,Monday,4,2021,0,2947,,0,32.7,21.0,0.0
2021-04-27,Karnataka,223.1,214.8,237.5,,1,Tuesday,4,2021,0,2948,,0,32.9,20.1,0.0
2021-04-28,Karnataka,223.3,223.1,238.8,,2,Wednesday,4,2021,0,2949,,0,32.7,20.3,0.0
2021-04-29,Karnataka,221.0,223.3,,,3,Thursday,4,2021,0,2950,,0,32.0,22.1,0.5
2021-04-30,Karnataka,210.1,221.0,210.6,213.48571428571427,4,Friday,4,2021,0,2951,,0,33.0,21.3,0.0
2021-05-01,Karnataka,202.5,210.1,201.4,213.41428571428574,5,Saturday,5,2021,1,2952,,0,32.9,21.2,0.0
2021-05-02,Karnataka,198.3,202.5,200.2,213.57142857142858,6,Sunday,5,2021,1,2953,,0,32.7,21.3,0.0
2021-05-03,Karnataka,211.6,198.3,214.8,213.3,0,Monday,5,2021,0,2954,,0,32.1,21.8,0.8
2021-05-04,Karnataka,213.7,211.6,223.1,212.84285714285713,1,Tuesday,5,2021,0,2955,,0,30.2,21.4,3.3
2021-05-05,Karnataka,208.6,213.7,223.3,211.5,2,Wednesday,5,2021,0,2956,,0,33.8,20.2,0.0
2021-05-06,Karnataka,208.9,208.6,221.0,209.40000000000003,3,Thursday,5,2021,0,2957,,0,33.1,21.8,0.0
2021-05-07,Karnataka,207.7,208.9,210.1,207.67142857142858,4,Friday,5,2021,0,2958,,0,31.4,21.9,0.7
2021-05-08,Karnataka,203.1,207.7,202.5,207.32857142857142,5,Saturday,5,2021,1,2959,,0,33.3,21.3,0.9
2021-05-09,Karnataka,198.9,203.1,198.3,207.41428571428568,6,Sunday,5,2021,1,2960,,0,33.5,21.4,0.1
2021-05-10,Karnataka,196.8,198.9,211.6,207.5,0,Monday,5,2021,0,2961,,0,32.2,22.2,4.9
2021-05-11,Karnataka,190.8,196.8,213.7,205.3857142857143,1,Tuesday,5,2021,0,2962,,0,31.6,22.0,14.2
2021-05-12,Karnataka,188.3,190.8,208.6,202.1142857142857,2,Wednesday,5,2021,0,2963,,0,30.9,21.4,10.0
2021-05-13,Karnataka,183.5,188.3,208.9,199.21428571428572,3,Thursday,5,2021,0,2964,,0,31.1,21.0,2.1
2021-05-14,Karnataka,180.9,183.5,207.7,195.58571428571432,4,Friday,5,2021,0,2965,Id-ul-Fitr,1,31.6,20.8,2.3
2021-05-15,Karnataka,159.6,180.9,203.1,191.75714285714284,5,Saturday,5,2021,1,2966,,0,26.4,21.0,3.9
2021-05-16,Karnataka,144.3,159.6,198.9,185.54285714285717,6,Sunday,5,2021,1,2967,,0,25.8,20.7,8.2
2021-05-17,Karnataka,169.7,144.3,196.8,177.74285714285716,0,Monday,5,2021,0,2968,,0,30.2,20.0,4.7
2021-05-18,Karnataka,176.7,169.7,190.8,173.8714285714286,1,Tuesday,5,2021,0,2969,,0,30.5,20.3,0.1
2021-05-19,Karnataka,179.2,176.7,188.3,171.85714285714286,2,Wednesday,5,2021,0,2970,,0,30.7,20.2,4.5
2021-05-20,Karnataka,180.3,179.2,183.5,170.55714285714288,3,Thursday,5,2021,0,2971,,0,29.3,21.1,22.0
2021-05-21,Karnataka,177.8,180.3,180.9,170.1,4,Friday,5,2021,0,2972,,0,28.9,20.9,13.9
2021-05-22,Karnataka,172.6,177.8,159.6,169.65714285714284,5,Saturday,5,2021,1,2973,,0,27.8,20.2,2.4
2021-05-23,Karnataka,168.4,172.6,144.3,171.5142857142857,6,Sunday,5,2021,1,2974,,0,29.3,20.8,0.1
2021-05-24,Karnataka,177.1,168.4,169.7,174.95714285714286,0,Monday,5,2021,0,2975,,0,30.3,20.3,0.0
2021-05-25,Karnataka,178.2,177.1,176.7,176.0142857142857,1,Tuesday,5,2021,0,2976,,0,29.3,20.7,8.6
2021-05-26,Karnataka,171.3,178.2,179.2,176.22857142857143,2,Wednesday,5,2021,0,2977,Buddha Purnima,1,28.6,20.3,0.1
2021-05-27,Karnataka,180.7,171.3,180.3,175.09999999999997,3,Thursday,5,2021,0,2978,,0,29.8,19.6,0.0
2021-05-28,Karnataka,194.0,180.7,177.8,175.15714285714284,4,Friday,5,2021,0,2979,,0,30.6,18.3,0.0
2021-05-29,Karnataka,198.6,194.0,172.6,177.47142857142856,5,Saturday,5,2021,1,2980,,0,29.7,19.7,0.5
2021-05-30,Karnataka,192.6,198.6,168.4,181.18571428571428,6,Sunday,5,2021,1,2981,,0,31.0,20.0,0.2
2021-05-31,Karnataka,,192.6,177.1,184.64285714285714,0,Monday,5,2021,0,2982,,0,31.6,20.2,0.5
2021-06-01,Karnataka,,,178.2,,1,Tuesday,6,2021,0,2983,,0,31.5,20.6,4.8
2021-06-02,Karnataka,,,171.3,,2,Wednesday,6,2021,0,2984,,0,30.8,21.2,18.0
2021-06-03,Karnataka,,,180.7,,3,Thursday,6,2021,0,2985,,0,29.3,21.0,20.1
2021-06-04,Karnataka,160.3,,194.0,,4,Friday,6,2021,0,2986,,0,26.3,20.9,18.3
2021-06-05,Karnataka,151.5,160.3,198.6,,5,Saturday,6,2021,1,2987,,0,26.9,20.7,7.3
2021-06-06,Karnataka,142.9,151.5,192.6,,6,Sunday,6,2021,1,2988,,0,27.0,20.0,2.3
2021-06-07,Karnataka,160.5,142.9,,,0,Monday,6,2021,0,2989,,0,28.9,19.8,0.0
2021-06-08,Karnataka,173.9,160.5,,,1,Tuesday,6,2021,0,2990,,0,29.5,19.9,0.0
2021-06-09,Karnataka,177.2,173.9,,,2,Wednesday,6,2021,0,2991,,0,28.3,19.1,1.7
2021-06-10,Karnataka,180.3,177.2,,,3,Thursday,6,2021,0,2992,,0,28.1,19.3,0.7
2021-06-11,Karnataka,182.7,180.3,160.3,163.79999999999998,4,Friday,6,2021,0,2993,,0,28.4,19.6,0.0
2021-06-12,Karnataka,179.5,182.7,151.5,167.0,5,Saturday,6,2021,1,2994,,0,27.9,20.3,3.2
2021-06-13,Karnataka,162.3,179.5,142.9,171.0,6,Sunday,6,2021,1,2995,,0,26.0,20.1,2.0
2021-06-14,Karnataka,168.3,162.3,160.5,173.77142857142857,0,Monday,6,2021,0,2996,,0,24.1,20.0,4.7
2021-06-15,Karnataka,167.9,168.3,173.9,174.8857142857143,1,Tuesday,6,2021,0,2997,,0,26.2,19.8,2.9
2021-06-16,Karnataka,159.2,167.9,177.2,174.02857142857144,2,Wednesday,6,2021,0,2998,,0,26.9,20.2,3.2
2021-06-17,Karnataka,153.7,159.2,180.3,171.45714285714286,3,Thursday,6,2021,0,2999,,0,27.8,20.2,0.8
2021-06-18,Karnataka,162.1,153.7,182.7,167.65714285714284,4,Friday,6,2021,0,3000,,0,27.8,20.4,1.1
2021-06-19,Karnataka,161.7,162.1,179.5,164.71428571428572,5,Saturday,6,2021,1,3001,,0,26.8,19.9,0.0
2021-06-20,Karnataka,156.5,161.7,162.3,162.17142857142855,6,Sunday,6,2021,1,3002,,0,28.3,20.0,0.3
2021-06-21,Karnataka,176.4,156.5,168.3,161.34285714285716,0,Monday,6,2021,0,3003,,0,28.7,19.4,0.2
2021-06-22,Karnataka,187.0,176.4,167.9,162.5,1,Tuesday,6,2021,0,3004,,0,29.5,19.4,0.0
2021-06-23,Karnataka,195.5,187.0,159.2,165.22857142857143,2,Wednesday,6,2021,0,3005,,0,29.7,19.9,0.3
2021-06-24,Karnataka,197.4,195.5,153.7,170.41428571428574,3,Thursday,6,2021,0,3006,,0,29.1,20.2,0.6
2021-06-25,Karnataka,195.4,197.4,162.1,176.65714285714284,4,Friday,6,2021,0,3007,,0,30.3,19.5,0.0
2021-06-26,Karnataka,196.3,195.4,161.7,181.41428571428574,5,Saturday,6,2021,1,3008,,0,28.0,20.0,17.2
2021-06-27,Karnataka,164.9,196.3,156.5,186.35714285714286,6,Sunday,6,2021,1,3009,,0,24.9,19.5,2.6
2021-06-28,Karnataka,184.2,164.9,176.4,187.55714285714288,0,Monday,6,2021,0,3010,,0,28.4,18.9,0.1
2021-06-29,Karnataka,199.4,184.2,187.0,188.67142857142855,1,Tuesday,6,2021,0,3011,,0,29.9,19.5,0.6
2021-06-30,Karnataka,211.0,199.4,195.5,190.44285714285712,2,Wednesday,6,2021,0,3012,,0,30.7,20.8,0.8
2021-07-01,Karnataka,215.9,211.0,197.4,192.65714285714284,3,Thursday,7,2021,0,3013,,0,30.4,21.2,10.9
2021-07-02,Karnataka,212.6,215.9,195.4,195.3,4,Friday,7,2021,0,3014,,0,28.3,20.6,4.3
2021-07-03,Karnataka,210.5,212.6,196.3,197.75714285714284,5,Saturday,7,2021,1,3015,,0,29.5,19.9,7.8
2021-07-04,Karnataka,199.5,210.5,164.9,199.78571428571428,6,Sunday,7,2021,1,3016,,0,28.7,20.2,6.9
2021-07-05,Karnataka,196.4,199.5,184.2,204.72857142857143,0,Monday,7,2021,0,3017,,0,28.8,19.8,1.6
2021-07-06,Karnataka,200.2,196.4,199.4,206.4714285714286,1,Tuesday,7,2021,0,3018,,0,28.6,20.0,3.8
2021-07-07,Karnataka,194.8,200.2,211.0,206.58571428571426,2,Wednesday,7,2021,0,3019,,0,28.2,19.9,10.0
2021-07-08,Karnataka,191.6,194.8,215.9,204.27142857142857,3,Thursday,7,2021,0,3020,,0,28.7,20.3,2.3
2021-07-09,Karnataka,185.9,191.6,212.6,200.79999999999998,4,Friday,7,2021,0,3021,,0,27.5,20.2,10.9
2021-07-10,Karnataka,,185.9,210.5,196.9857142857143,5,Saturday,7,2021,1,3022,,0,26.1,20.0,3.4
2021-07-11,Karnataka,152.5,,199.5,,6,Sunday,7,2021,1,3023,,0,26.6,19.6,3.0
2021-07-12,Karnataka,165.7,152.5,196.4,,0,Monday,7,2021,0,3024,,0,27.4,20.0,0.7
2021-07-13,Karnataka,166.3,165.7,200.2,,1,Tuesday,7,2021,0,3025,,0,26.1,20.3,4.5
2021-07-14,Karnataka,160.3,166.3,194.8,,2,Wednesday,7,2021,0,3026,,0,23.5,19.9,10.5
2021-07-15,Karnataka,153.1,160.3,191.6,,3,Thursday,7,2021,0,3027,,0,23.1,19.1,17.3
2021-07-16,Karnataka,159.2,153.1,185.9,,4,Friday,7,2021,0,3028,,0,23.5,19.7,22.3
2021-07-17,Karnataka,158.9,159.2,,,5,Saturday,7,2021,1,3029,,0,25.9,20.0,14.4
2021-07-18,Karnataka,136.2,158.9,152.5,159.42857142857142,6,Sunday,7,2021,1,3030,,0,22.4,19.9,10.9
2021-07-19,Karnataka,146.9,136.2,165.7,157.1,0,Monday,7,2021,0,3031,,0,26.8,19.7,1.7
2021-07-20,Karnataka,147.5,146.9,166.3,154.41428571428574,1,Tuesday,7,2021,0,3032,,0,26.5,19.2,2.2
2021-07-21,Karnataka,140.8,147.5,160.3,151.72857142857146,2,Wednesday,7,2021,0,3033,Id-ul-Zuha (Bakrid),1,25.2,20.0,3.4
2021-07-22,Karnataka,145.6,140.8,153.1,148.94285714285712,3,Thursday,7,2021,0,3034,,0,23.2,20.0,11.2
2021-07-23,Karnataka,144.8,145.6,159.2,147.87142857142857,4,Friday,7,2021,0,3035,,0,25.4,19.4,8.1
2021-07-24,Karnataka,145.6,144.8,158.9,145.81428571428572,5,Saturday,7,2021,1,3036,,0,27.5,19.7,2.6
2021-07-25,Karnataka,131.5,145.6,136.2,143.9142857142857,6,Sunday,7,2021,1,3037,,0,27.6,19.9,1.9
2021-07-26,Karnataka,149.1,131.5,146.9,143.24285714285716,0,Monday,7,2021,0,3038,,0,26.7,19.9,0.0
2021-07-27,Karnataka,161.3,149.1,147.5,143.55714285714288,1,Tuesday,7,2021,0,3039,,0,27.4,19.1,0.5
2021-07-28,Karnataka,170.0,161.3,140.8,145.52857142857144,2,Wednesday,7,2021,0,3040,,0,27.9,19.7,0.9
2021-07-29,Karnataka,175.5,170.0,145.6,149.70000000000002,3,Thursday,7,2021,0,3041,,0,26.8,19.5,1.2
2021-07-30,Karnataka,182.1,175.5,144.8,153.9714285714286,4,Friday,7,2021,0,3042,,0,27.4,19.4,0.6
2021-07-31,Karnataka,182.2,182.1,145.6,159.29999999999998,5,Saturday,7,2021,1,3043,,0,28.3,19.2,1.0
2021-08-01,Karnataka,170.1,182.2,131.5,164.52857142857144,6,Sunday,8,2021,1,3044,,0,27.8,19.4,0.5
2021-08-02,Karnataka,190.1,170.1,149.1,170.04285714285714,0,Monday,8,2021,0,3045,,0,27.5,18.7,1.0
2021-08-03,Karnataka,195.6,190.1,161.3,175.9,1,Tuesday,8,2021,0,3046,,0,28.1,19.6,0.9
2021-08-04,Karnataka,192.8,195.6,170.0,180.8,2,Wednesday,8,2021,0,3047,,0,27.5,19.7,2.1
2021-08-05,Karnataka,194.8,192.8,175.5,184.05714285714285,3,Thursday,8,2021,0,3048,,0,27.8,19.2,4.9
2021-08-06,Karnataka,195.6,194.8,182.1,186.81428571428572,4,Friday,8,2021,0,3049,,0,28.0,19.8,2.3
2021-08-07,Karnataka,194.4,195.6,182.2,188.74285714285716,5,Saturday,8,2021,1,3050,,0,27.9,20.0,5.9
2021-08-08,Karnataka,186.1,194.4,170.1,190.48571428571427,6,Sunday,8,2021,1,3051,,0,28.3,19.7,4.0
2021-08-09,Karnataka,201.6,186.1,190.1,192.77142857142857,0,Monday,8,2021,0,3052,,0,28.2,20.1,1.3
2021-08-10,Karnataka,204.6,201.6,195.6,194.41428571428574,1,Tuesday,8,2021,0,3053,,0,27.7,20.1,3.8
2021-08-11,Karnataka,203.6,204.6,192.8,195.7,2,Wednesday,8,2021,0,3054,,0,27.8,19.7,7.9
2021-08-12,Karnataka,202.3,203.6,194.8,197.24285714285716,3,Thursday,8,2021,0,3055,,0,26.6,20.1,8.8
2021-08-13,Karnataka,198.4,202.3,195.6,198.31428571428572,4,Friday,8,2021,0,3056,,0,28.0,19.6,7.2
2021-08-14,Karnataka,198.1,198.4,194.4,198.71428571428572,5,Saturday,8,2021,1,3057,,0,27.0,19.1,1.4
2021-08-15,Karnataka,181.8,198.1,186.1,199.24285714285716,6,Sunday,8,2021,1,3058,Independence Day,1,26.6,18.7,0.9
2021-08-16,Karnataka,195.7,181.8,201.6,198.6285714285714,0,Monday,8,2021,0,3059,,0,26.6,19.5,1.5
2021-08-17,Karnataka,191.7,195.7,204.6,197.78571428571428,1,Tuesday,8,2021,0,3060,,0,25.3,19.4,1.3
2021-08-18,Karnataka,188.3,191.7,203.6,195.94285714285715,2,Wednesday,8,2021,0,3061,,0,27.4,19.5,3.3
2021-08-19,Karnataka,191.9,188.3,202.3,193.75714285714284,3,Thursday,8,2021,0,3062,Muharram,1,26.3,20.0,0.2
2021-08-20,Karnataka,195.2,191.9,198.4,192.27142857142857,4,Friday,8,2021,0,3063,,0,28.2,19.0,0.4
2021-08-21,Karnataka,192.5,195.2,198.1,191.8142857142857,5,Saturday,8,2021,1,3064,,0,26.8,19.8,1.3
2021-08-22,Karnataka,169.6,192.5,181.8,191.0142857142857,6,Sunday,8,2021,1,3065,,0,27.2,19.2,20.7
2021-08-23,Karnataka,180.4,169.6,195.7,189.27142857142857,0,Monday,8,2021,0,3066,,0,26.9,19.1,11.8
2021-08-24,Karnataka,185.7,180.4,191.7,187.08571428571426,1,Tuesday,8,2021,0,3067,,0,27.8,18.9,2.8
2021-08-25,Karnataka,188.8,185.7,188.3,186.22857142857143,2,Wednesday,8,2021,0,3068,,0,27.3,19.8,9.7
2021-08-26,Karnataka,195.8,188.8,191.9,186.29999999999998,3,Thursday,8,2021,0,3069,,0,27.9,19.9,8.0
2021-08-27,Karnataka,191.0,195.8,195.2,186.85714285714286,4,Friday,8,2021,0,3070,,0,26.7,20.4,30.8
2021-08-28,Karnataka,180.0,191.0,192.5,186.2571428571429,5,Saturday,8,2021,1,3071,,0,24.7,20.2,7.4
2021-08-29,Karnataka,154.7,180.0,169.6,184.4714285714286,6,Sunday,8,2021,1,3072,,0,25.2,19.9,32.8
2021-08-30,Karnataka,167.7,154.7,180.4,182.34285714285713,0,Monday,8,2021,0,3073,Janmashtami (Vaishnava),1,26.4,19.4,0.7
2021-08-31,Karnataka,176.6,167.7,185.7,180.52857142857144,1,Tuesday,8,2021,0,3074,,0,27.9,19.1,0.0
2021-09-01,Karnataka,185.4,176.6,188.8,179.22857142857143,2,Wednesday,9,2021,0,3075,,0,27.6,19.4,1.4
2021-09-02,Karnataka,185.6,185.4,195.8,178.74285714285716,3,Thursday,9,2021,0,3076,,0,27.4,19.7,14.6
2021-09-03,Karnataka,178.9,185.6,191.0,177.28571428571428,4,Friday,9,2021,0,3077,,0,25.3,19.8,12.7
2021-09-04,Karnataka,169.3,178.9,180.0,175.55714285714285,5,Saturday,9,2021,1,3078,,0,24.7,19.5,16.3
2021-09-05,Karnataka,,169.3,154.7,174.0285714285714,6,Sunday,9,2021,1,3079,,0,25.5,19.4,13.7
2021-09-06,Karnataka,159.7,,167.7,,0,Monday,9,2021,0,3080,,0,24.5,19.8,2.6
2021-09-07,Karnataka,160.3,159.7,176.6,,1,Tuesday,9,2021,0,3081,,0,25.6,19.1,2.1
2021-09-08,Karnataka,163.7,160.3,185.4,,2,Wednesday,9,2021,0,3082,,0,27.3,19.7,2.0
2021-09-09,Karnataka,177.5,163.7,185.6,,3,Thursday,9,2021,0,3083,,0,27.5,19.1,1.0
2021-09-10,Karnataka,168.6,177.5,178.9,,4,Friday,9,2021,0,3084,,0,27.4,18.8,0.3
2021-09-11,Karnataka,176.9,168.6,169.3,,5,Saturday,9,2021,1,3085,,0,27.1,19.4,1.0
2021-09-12,Karnataka,166.4,176.9,,,6,Sunday,9,2021,1,3086,,0,25.5,19.7,4.8
2021-09-13,Karnataka,178.8,166.4,159.7,167.58571428571426,0,Monday,9,2021,0,3087,,0,27.2,19.9,1.7
2021-09-14,Karnataka,187.0,178.8,160.3,170.31428571428572,1,Tuesday,9,2021,0,3088,,0,28.0,20.3,1.0
2021-09-15,Karnataka,195.0,187.0,163.7,174.12857142857143,2,Wednesday,9,2021,0,3089,,0,28.1,19.2,1.6
2021-09-16,Karnataka,203.6,195.0,177.5,178.6,3,Thursday,9,2021,0,3090,,0,27.7,19.3,0.6
2021-09-17,Karnataka,211.3,203.6,168.6,182.32857142857142,4,Friday,9,2021,0,3091,,0,28.6,19.4,0.1
2021-09-18,Karnataka,216.2,211.3,176.9,188.42857142857142,5,Saturday,9,2021,1,3092,,0,28.3,19.1,0.0
2021-09-19,Karnataka,209.8,216.2,166.4,194.04285714285714,6,Sunday,9,2021,1,3093,,0,28.9,20.4,4.1
2021-09-20,Karnataka,219.4,209.8,178.8,200.24285714285716,0,Monday,9,2021,0,3094,,0,27.9,20.2,1.4
2021-09-21,Karnataka,205.7,219.4,187.0,206.04285714285714,1,Tuesday,9,2021,0,3095,,0,28.4,20.1,1.0
2021-09-22,Karnataka,205.0,205.7,195.0,208.71428571428572,2,Wednesday,9,2021,0,3096,,0,27.9,19.6,1.7
2021-09-23,Karnataka,,205.0,203.6,210.14285714285714,3,Thursday,9,2021,0,3097,,0,28.5,19.9,1.9
2021-09-24,Karnataka,207.9,,211.3,,4,Friday,9,2021,0,3098,,0,28.2,19.9,5.7
2021-09-25,Karnataka,206.7,207.9,216.2,,5,Saturday,9,2021,1,3099,,0,27.6,19.7,7.5
2021-09-26,Karnataka,192.6,206.7,209.8,,6,Sunday,9,2021,1,3100,,0,27.6,19.6,3.7
2021-09-27,Karnataka,196.8,192.6,219.4,,0,Monday,9,2021,0,3101,,0,26.7,19.6,5.9
2021-09-28,Karnataka,193.4,196.8,205.7,,1,Tuesday,9,2021,0,3102,,0,27.0,19.0,0.5
2021-09-29,Karnataka,199.7,193.4,205.0,,2,Wednesday,9,2021,0,3103,,0,27.5,18.8,0.4
2021-09-30,Karnataka,208.7,199.7,,,3,Thursday,9,2021,0,3104,,0,26.5,19.1,5.7
2021-10-01,Karnataka,201.4,208.7,207.9,200.82857142857142,4,Friday,10,2021,0,3105,,0,27.7,19.5,12.3
2021-10-02,Karnataka,170.4,201.4,206.7,199.9,5,Saturday,10,2021,1,3106,Mahatma Gandhi's Jayanti,1,27.9,20.2,12.4
2021-10-03,Karnataka,165.8,170.4,192.6,194.71428571428572,6,Sunday,10,2021,1,3107,,0,28.2,20.6,2.0
2021-10-04,Karnataka,182.2,165.8,196.8,190.8857142857143,0,Monday,10,2021,0,3108,,0,28.4,19.7,1.8
2021-10-05,Karnataka,183.6,182.2,193.4,188.79999999999998,1,Tuesday,10,2021,0,3109,,0,28.3,19.8,5.3
2021-10-06,Karnataka,169.1,183.6,199.7,187.4,2,Wednesday,10,2021,0,3110,,0,23.8,20.2,55.6
2021-10-07,Karnataka,168.5,169.1,208.7,183.02857142857144,3,Thursday,10,2021,0,3111,,0,27.6,19.5,5.5
2021-10-08,Karnataka,170.6,168.5,201.4,177.28571428571428,4,Friday,10,2021,0,3112,,0,26.4,20.2,9.7
2021-10-09,Karnataka,165.7,170.6,170.4,172.88571428571427,5,Saturday,10,2021,1,3113,,0,25.5,19.9,9.9
2021-10-10,Karnataka,152.2,165.7,165.8,172.21428571428572,6,Sunday,10,2021,1,3114,,0,27.0,19.6,7.4
2021-10-11,Karnataka,164.7,152.2,182.2,170.27142857142854,0,Monday,10,2021,0,3115,,0,26.0,19.5,17.7
2021-10-12,Karnataka,166.4,164.7,183.6,167.77142857142854,1,Tuesday,10,2021,0,3116,,0,24.6,19.8,30.1
2021-10-13,Karnataka,164.3,166.4,169.1,165.31428571428572,2,Wednesday,10,2021,0,3117,,0,25.6,19.5,10.9
2021-10-14,Karnataka,162.8,164.3,168.5,164.62857142857143,3,Thursday,10,2021,0,3118,,0,26.9,19.0,18.6
2021-10-15,Karnataka,,162.8,170.6,163.81428571428572,4,Friday,10,2021,0,3119,Dussehra,1,27.3,19.1,13.9
2021-10-16,Karnataka,159.2,,165.7,,5,Saturday,10,2021,1,3120,,0,27.7,19.9,11.2
2021-10-17,Karnataka,155.8,159.2,152.2,,6,Sunday,10,2021,1,3121,,0,27.4,19.7,5.5
2021-10-18,Karnataka,171.9,155.8,164.7,,0,Monday,10,2021,0,3122,,0,26.8,20.0,5.8
2021-10-19,Karnataka,180.2,171.9,166.4,,1,Tuesday,10,2021,0,3123,Milad-un-Nabi,1,26.8,19.6,0.7
2021-10-20,Karnataka,188.7,180.2,164.3,,2,Wednesday,10,2021,0,3124,,0,28.1,20.4,11.9
2021-10-21,Karnataka,185.9,188.7,162.8,,3,Thursday,10,2021,0,3125,,0,28.1,19.3,7.0
2021-10-22,Karnataka,183.9,185.9,,,4,Friday,10,2021,0,3126,,0,27.7,18.1,3.0
2021-10-23,Karnataka,182.8,183.9,159.2,175.08571428571426,5,Saturday,10,2021,1,3127,,0,27.5,18.8,9.5
2021-10-24,Karnataka,163.4,182.8,155.8,178.45714285714283,6,Sunday,10,2021,1,3128,,0,26.4,17.9,13.1
2021-10-25,Karnataka,177.7,163.4,171.9,179.54285714285714,0,Monday,10,2021,0,3129,,0,26.8,18.0,0.9
2021-10-26,Karnataka,180.4,177.7,180.2,180.3714285714286,1,Tuesday,10,2021,0,3130,,0,26.4,17.9,0.5
2021-10-27,Karnataka,180.8,180.4,188.7,180.40000000000003,2,Wednesday,10,2021,0,3131,,0,26.8,18.1,0.0
2021-10-28,Karnataka,188.1,180.8,185.9,179.27142857142857,3,Thursday,10,2021,0,3132,,0,26.9,17.2,0.0
2021-10-29,Karnataka,187.7,188.1,183.9,179.58571428571426,4,Friday,10,2021,0,3133,,0,26.0,18.7,7.1
2021-10-30,Karnataka,183.2,187.7,182.8,180.12857142857143,5,Saturday,10,2021,1,3134,,0,27.4,19.3,2.6
2021-10-31,Karnataka,172.2,183.2,163.4,180.18571428571428,6,Sunday,10,2021,1,3135,,0,27.3,19.2,4.6
2021-11-01,Karnataka,164.5,172.2,177.7,181.44285714285712,0,Monday,11,2021,0,3136,Karnataka Rajyotsava,1,23.9,18.8,4.9
2021-11-02,Karnataka,174.7,164.5,180.4,179.55714285714285,1,Tuesday,11,2021,0,3137,,0,25.5,19.4,0.5
2021-11-03,Karnataka,178.5,174.7,180.8,178.74285714285716,2,Wednesday,11,2021,0,3138,,0,25.6,19.2,7.8
2021-11-04,Karnataka,173.4,178.5,188.1,178.41428571428568,3,Thursday,11,2021,0,3139,Diwali (Deepavali),1,26.6,19.4,2.8
2021-11-05,Karnataka,160.1,173.4,187.7,176.31428571428572,4,Friday,11,2021,0,3140,,0,25.8,18.5,11.0
2021-11-06,Karnataka,165.6,160.1,183.2,172.37142857142857,5,Saturday,11,2021,1,3141,,0,26.3,18.8,0.5
2021-11-07,Karnataka,160.1,165.6,172.2,169.85714285714286,6,Sunday,11,2021,1,3142,,0,24.1,18.9,1.0
2021-11-08,Karnataka,172.4,160.1,164.5,168.1285714285714,0,Monday,11,2021,0,3143,,0,24.3,19.1,3.6
2021-11-09,Karnataka,174.1,172.4,174.7,169.25714285714284,1,Tuesday,11,2021,0,3144,,0,23.8,17.8,0.0
2021-11-10,Karnataka,178.6,174.1,178.5,169.17142857142858,2,Wednesday,11,2021,0,3145,,0,22.3,17.2,1.9
2021-11-11,Karnataka,172.1,178.6,173.4,169.18571428571428,3,Thursday,11,2021,0,3146,,0,19.1,17.2,20.4
2021-11-12,Karnataka,169.4,172.1,160.1,169.0,4,Friday,11,2021,0,3147,,0,23.6,17.6,5.7
2021-11-13,Karnataka,169.3,169.4,165.6,170.32857142857142,5,Saturday,11,2021,1,3148,,0,25.6,19.3,18.9
2021-11-14,Karnataka,155.4,169.3,160.1,170.85714285714286,6,Sunday,11,2021,1,3149,,0,25.6,19.0,11.9
2021-11-15,Karnataka,164.3,155.4,172.4,170.18571428571428,0,Monday,11,2021,0,3150,,0,26.3,19.0,17.8
2021-11-16,Karnataka,161.7,164.3,174.1,169.02857142857144,1,Tuesday,11,2021,0,3151,,0,25.7,19.6,25.4
2021-11-17,Karnataka,158.1,161.7,178.6,167.25714285714284,2,Wednesday,11,2021,0,3152,,0,26.5,19.2,13.3
2021-11-18,Karnataka,155.6,158.1,172.1,164.32857142857145,3,Thursday,11,2021,0,3153,,0,21.1,19.4,69.6
2021-11-19,Karnataka,146.6,155.6,169.4,161.97142857142856,4,Friday,11,2021,0,3154,Guru Nanak's Jayanti,1,22.4,19.2,31.4
2021-11-20,Karnataka,143.4,146.6,169.3,158.71428571428572,5,Saturday,11,2021,1,3155,,0,24.8,19.7,7.5
2021-11-21,Karnataka,130.5,143.4,155.4,155.0142857142857,6,Sunday,11,2021,1,3156,,0,26.6,19.4,17.9
2021-11-22,Karnataka,147.9,130.5,164.3,151.45714285714286,0,Monday,11,2021,0,3157,,0,26.4,18.4,8.8
2021-11-23,Karnataka,150.1,147.9,161.7,149.1142857142857,1,Tuesday,11,2021,0,3158,,0,27.0,19.2,1.0
2021-11-24,Karnataka,147.3,150.1,158.1,147.45714285714286,2,Wednesday,11,2021,0,3159,,0,26.5,18.6,0.4
2021-11-25,Karnataka,147.1,147.3,155.6,145.9142857142857,3,Thursday,11,2021,0,3160,,0,26.2,18.6,0.0
2021-11-26,Karnataka,151.0,147.1,146.6,144.7,4,Friday,11,2021,0,3161,,0,25.5,18.0,0.0
2021-11-27,Karnataka,148.9,151.0,143.4,145.32857142857142,5,Saturday,11,2021,1,3162,,0,21.7,18.6,5.1
2021-11-28,Karnataka,132.9,148.9,130.5,146.1142857142857,6,Sunday,11,2021,1,3163,,0,23.9,19.4,4.4
2021-11-29,Karnataka,142.9,132.9,147.9,146.45714285714286,0,Monday,11,2021,0,3164,,0,24.1,19.3,1.4
2021-11-30,Karnataka,141.1,142.9,150.1,145.74285714285716,1,Tuesday,11,2021,0,3165,,0,25.0,19.3,1.4
2021-12-01,Karnataka,153.5,141.1,147.3,144.45714285714286,2,Wednesday,12,2021,0,3166,,0,25.5,18.6,1.0
2021-12-02,Karnataka,155.3,153.5,147.1,145.34285714285716,3,Thursday,12,2021,0,3167,,0,25.9,19.3,3.9
2021-12-03,Karnataka,159.3,155.3,151.0,146.5142857142857,4,Friday,12,2021,0,3168,,0,26.4,18.4,1.8
2021-12-04,Karnataka,155.6,159.3,148.9,147.70000000000002,5,Saturday,12,2021,1,3169,,0,25.1,18.2,4.2
2021-12-05,Karnataka,137.6,155.6,132.9,148.65714285714287,6,Sunday,12,2021,1,3170,,0,26.7,17.8,1.2
2021-12-06,Karnataka,155.2,137.6,142.9,149.32857142857142,0,Monday,12,2021,0,3171,,0,25.8,18.1,0.7
2021-12-07,Karnataka,156.7,155.2,141.1,151.08571428571426,1,Tuesday,12,2021,0,3172,,0,26.6,17.9,0.1
2021-12-08,Karnataka,160.7,156.7,153.5,153.31428571428572,2,Wednesday,12,2021,0,3173,,0,26.8,17.3,0.0
2021-12-09,Karnataka,165.5,160.7,155.3,154.34285714285716,3,Thursday,12,2021,0,3174,,0,26.6,19.1,0.5
2021-12-10,Karnataka,163.7,165.5,159.3,155.79999999999998,4,Friday,12,2021,0,3175,,0,26.1,17.7,0.0
2021-12-11,Karnataka,164.5,163.7,155.6,156.42857142857142,5,Saturday,12,2021,1,3176,,0,25.4,18.7,2.3
2021-12-12,Karnataka,149.0,164.5,137.6,157.70000000000002,6,Sunday,12,2021,1,3177,,0,25.2,17.2,0.4
2021-12-13,Karnataka,165.7,149.0,155.2,159.32857142857142,0,Monday,12,2021,0,3178,,0,25.1,18.2,1.2
2021-12-14,Karnataka,170.9,165.7,156.7,160.82857142857142,1,Tuesday,12,2021,0,3179,,0,25.0,18.2,0.8
2021-12-15,Karnataka,174.2,170.9,160.7,162.85714285714286,2,Wednesday,12,2021,0,3180,,0,25.3,17.5,0.0
2021-12-16,Karnataka,177.9,174.2,165.5,164.78571428571428,3,Thursday,12,2021,0,3181,,0,25.6,17.3,0.0
2021-12-17,Karnataka,181.7,177.9,163.7,166.55714285714285,4,Friday,12,2021,0,3182,,0,25.8,16.9,0.0
2021-12-18,Karnataka,180.6,181.7,164.5,169.12857142857143,5,Saturday,12,2021,1,3183,,0,25.3,15.8,0.0
2021-12-19,Karnataka,168.6,180.6,149.0,171.42857142857142,6,Sunday,12,2021,1,3184,,0,24.2,14.1,0.0
2021-12-20,Karnataka,182.4,168.6,165.7,174.22857142857143,0,Monday,12,2021,0,3185,,0,24.4,13.2,0.0
2021-12-21,Karnataka,190.9,182.4,170.9,176.6142857142857,1,Tuesday,12,2021,0,3186,,0,24.9,14.4,0.0
2021-12-22,Karnataka,193.9,190.9,174.2,179.4714285714286,2,Wednesday,12,2021,0,3187,,0,25.5,13.8,0.0
2021-12-23,Karnataka,200.5,193.9,177.9,182.28571428571428,3,Thursday,12,2021,0,3188,,0,26.2,14.3,0.0
2021-12-24,Karnataka,203.2,200.5,181.7,185.5142857142857,4,Friday,12,2021,0,3189,,0,26.6,13.6,0.0
2021-12-25,Karnataka,199.0,203.2,180.6,188.58571428571432,5,Saturday,12,2021,1,3190,Christmas,1,27.7,13.0,0.0
2021-12-26,Karnataka,187.1,199.0,168.6,191.21428571428572,6,Sunday,12,2021,1,3191,,0,27.7,14.5,0.0
2021-12-27,Karnataka,199.9,187.1,182.4,193.85714285714286,0,Monday,12,2021,0,3192,,0,26.1,15.4,0.0
2021-12-28,Karnataka,204.3,199.9,190.9,196.35714285714286,1,Tuesday,12,2021,0,3193,,0,26.1,15.5,0.0
2021-12-29,Karnataka,206.6,204.3,193.9,198.27142857142854,2,Wednesday,12,2021,0,3194,,0,26.1,16.8,0.0
2021-12-30,Karnataka,207.5,206.6,200.5,200.08571428571426,3,Thursday,12,2021,0,3195,,0,26.0,15.2,0.6
2021-12-31,Karnataka,208.1,207.5,203.2,201.08571428571426,4,Friday,12,2021,0,3196,,0,26.2,18.0,2.4
2022-01-01,Karnataka,201.0,208.1,199.0,201.78571428571428,5,Saturday,1,2022,1,3197,,0,25.9,18.1,2.3
2022-01-02,Karnataka,191.2,201.0,187.1,202.07142857142858,6,Sunday,1,2022,1,3198,,0,27.0,16.2,0.0
2022-01-03,Karnataka,209.3,191.2,199.9,202.65714285714287,0,Monday,1,2022,0,3199,,0,26.9,15.6,0.0
2022-01-04,Karnataka,214.9,209.3,204.3,204.0,1,Tuesday,1,2022,0,3200,,0,26.5,16.3,0.0
2022-01-05,Karnataka,216.6,214.9,206.6,205.5142857142857,2,Wednesday,1,2022,0,3201,,0,26.4,14.8,0.0
2022-01-06,Karnataka,219.8,216.6,207.5,206.94285714285715,3,Thursday,1,2022,0,3202,,0,27.0,16.1,0.0
2022-01-07,Karnataka,221.3,219.8,208.1,208.7,4,Friday,1,2022,0,3203,,0,26.3,17.3,0.1
2022-01-08,Karnataka,225.5,221.3,201.0,210.58571428571426,5,Saturday,1,2022,1,3204,,0,27.0,17.8,0.0
2022-01-09,Karnataka,209.7,225.5,191.2,214.08571428571426,6,Sunday,1,2022,1,3205,,0,27.0,17.1,0.0
2022-01-10,Karnataka,220.4,209.7,209.3,216.72857142857143,0,Monday,1,2022,0,3206,,0,27.0,17.1,0.2
2022-01-11,Karnataka,223.9,220.4,214.9,218.31428571428572,1,Tuesday,1,2022,0,3207,,0,27.9,16.3,0.1
2022-01-12,Karnataka,222.6,223.9,216.6,219.6,2,Wednesday,1,2022,0,3208,,0,27.1,18.1,0.2
2022-01-13,Karnataka,224.2,222.6,219.8,220.45714285714286,3,Thursday,1,2022,0,3209,,0,27.4,17.1,0.0
2022-01-14,Karnataka,227.1,224.2,221.3,221.08571428571426,4,Friday,1,2022,0,3210,,0,27.3,17.6,0.0
2022-01-15,Karnataka,216.6,227.1,225.5,221.91428571428574,5,Saturday,1,2022,1,3211,,0,28.2,16.2,0.0
2022-01-16,Karnataka,213.3,216.6,209.7,220.64285714285714,6,Sunday,1,2022,1,3212,,0,27.0,18.2,0.5
2022-01-17,Karnataka,234.7,213.3,220.4,221.15714285714284,0,Monday,1,2022,0,3213,,0,26.8,17.3,0.2
2022-01-18,Karnataka,225.9,234.7,223.9,223.2,1,Tuesday,1,2022,0,3214,,0,27.3,16.0,0.0
2022-01-19,Karnataka,229.0,225.9,222.6,223.4857142857143,2,Wednesday,1,2022,0,3215,,0,27.1,15.8,0.0
2022-01-20,Karnataka,233.1,229.0,224.2,224.4,3,Thursday,1,2022,0,3216,,0,28.2,13.8,0.0
2022-01-21,Karnataka,232.1,233.1,227.1,225.67142857142855,4,Friday,1,2022,0,3217,,0,30.2,15.2,0.0
2022-01-22,Karnataka,231.9,232.1,216.6,226.3857142857143,5,Saturday,1,2022,1,3218,,0,29.2,14.4,0.0
2022-01-23,Karnataka,213.8,231.9,213.3,228.57142857142858,6,Sunday,1,2022,1,3219,,0,28.5,14.5,0.0
2022-01-24,Karnataka,244.6,213.8,234.7,228.64285714285714,0,Monday,1,2022,0,3220,,0,27.5,13.8,0.0
2022-01-25,Karnataka,245.2,244.6,225.9,230.05714285714288,1,Tuesday,1,2022,0,3221,,0,27.6,14.2,0.0
2022-01-26,Karnataka,224.3,245.2,229.0,232.81428571428572,2,Wednesday,1,2022,0,3222,Republic Day,1,27.4,16.8,0.0
2022-01-27,Karnataka,229.4,224.3,233.1,232.14285714285714,3,Thursday,1,2022,0,3223,,0,25.2,17.4,2.3
2022-01-28,Karnataka,234.4,229.4,232.1,231.61428571428573,4,Friday,1,2022,0,3224,,0,26.6,17.1,0.0
2022-01-29,Karnataka,234.6,234.4,231.9,231.94285714285712,5,Saturday,1,2022,1,3225,,0,27.9,16.0,0.0
2022-01-30,Karnataka,228.8,234.6,213.8,232.32857142857145,6,Sunday,1,2022,1,3226,,0,28.2,17.1,0.2
2022-01-31,Karnataka,240.7,228.8,244.6,234.47142857142856,0,Monday,1,2022,0,3227,,0,29.7,17.9,0.0
2022-02-01,Karnataka,241.4,240.7,245.2,233.91428571428574,1,Tuesday,2,2022,0,3228,,0,29.5,18.2,0.0
2022-02-02,Karnataka,244.1,241.4,224.3,233.37142857142857,2,Wednesday,2,2022,0,3229,,0,29.9,16.7,0.0
2022-02-03,Karnataka,242.2,244.1,229.4,236.20000000000002,3,Thursday,2,2022,0,3230,,0,29.0,16.7,0.0
2022-02-04,Karnataka,241.3,242.2,234.4,238.0285714285714,4,Friday,2,2022,0,3231,,0,29.4,15.5,0.0
2022-02-05,Karnataka,243.9,241.3,234.6,239.0142857142857,5,Saturday,2,2022,1,3232,,0,29.7,16.2,0.0
2022-02-06,Karnataka,229.9,243.9,228.8,240.34285714285716,6,Sunday,2,2022,1,3233,,0,28.3,17.6,0.0
2022-02-07,Karnataka,246.1,229.9,240.7,240.5,0,Monday,2,2022,0,3234,,0,29.0,18.5,0.0
2022-02-08,Karnataka,249.8,246.1,241.4,241.27142857142857,1,Tuesday,2,2022,0,3235,,0,28.8,16.2,0.0
2022-02-09,Karnataka,250.6,249.8,244.1,242.47142857142856,2,Wednesday,2,2022,0,3236,,0,28.6,15.4,0.0
2022-02-10,Karnataka,249.2,250.6,242.2,243.4,3,Thursday,2,2022,0,3237,,0,28.9,15.9,0.0
2022-02-11,Karnataka,248.2,249.2,241.3,244.40000000000003,4,Friday,2,2022,0,3238,,0,29.1,15.9,0.0
2022-02-12,Karnataka,250.1,248.2,243.9,245.38571428571427,5,Saturday,2,2022,1,3239,,0,28.8,16.3,0.0
2022-02-13,Karnataka,237.2,250.1,229.9,246.27142857142857,6,Sunday,2,2022,1,3240,,0,28.6,16.2,0.0
2022-02-14,Karnataka,250.6,237.2,246.1,247.3142857142857,0,Monday,2,2022,0,3241,,0,28.3,15.9,0.0
2022-02-15,Karnataka,255.8,250.6,249.8,247.95714285714286,1,Tuesday,2,2022,0,3242,,0,28.7,17.0,0.0
2022-02-16,Karnataka,256.2,255.8,250.6,248.81428571428572,2,Wednesday,2,2022,0,3243,,0,29.5,16.0,0.0
2022-02-17,Karnataka,256.3,256.2,249.2,249.6142857142857,3,Thursday,2,2022,0,3244,,0,29.5,16.5,0.0
2022-02-18,Karnataka,256.4,256.3,248.2,250.6285714285714,4,Friday,2,2022,0,3245,,0,29.4,15.2,0.0
2022-02-19,Karnataka,257.5,256.4,250.1,251.79999999999998,5,Saturday,2,2022,1,3246,,0,29.7,16.0,0.0
2022-02-20,Karnataka,245.0,257.5,237.2,252.85714285714286,6,Sunday,2,2022,1,3247,,0,30.8,16.0,0.0
2022-02-21,Karnataka,257.4,245.0,250.6,253.9714285714286,0,Monday,2,2022,0,3248,,0,31.5,17.0,0.0
2022-02-22,Karnataka,265.1,257.4,255.8,254.94285714285712,1,Tuesday,2,2022,0,3249,,0,31.4,18.7,0.0
2022-02-23,Karnataka,265.3,265.1,256.2,256.2714285714286,2,Wednesday,2,2022,0,3250,,0,29.9,17.0,0.0
2022-02-24,Karnataka,266.5,265.3,256.3,257.57142857142856,3,Thursday,2,2022,0,3251,,0,29.0,15.9,0.0
2022-02-25,Karnataka,267.4,266.5,256.4,259.0285714285714,4,Friday,2,2022,0,3252,,0,30.7,14.7,0.0
2022-02-26,Karnataka,265.0,267.4,257.5,260.6,5,Saturday,2,2022,1,3253,,0,29.7,15.7,0.0
2022-02-27,Karnataka,253.1,265.0,245.0,261.6714285714285,6,Sunday,2,2022,1,3254,,0,30.0,17.4,0.0
2022-02-28,Karnataka,265.1,253.1,257.4,262.8285714285714,0,Monday,2,2022,0,3255,,0,29.4,16.0,0.0
2022-03-01,Karnataka,267.7,265.1,265.1,263.92857142857144,1,Tuesday,3,2022,0,3256,Maha Shivaratri,1,30.1,17.0,0.0
2022-03-02,Karnataka,266.9,267.7,265.3,264.3,2,Wednesday,3,2022,0,3257,,0,30.2,17.3,0.0
2022-03-03,Karnataka,259.4,266.9,266.5,264.5285714285714,3,Thursday,3,2022,0,3258,,0,30.5,16.4,0.0
2022-03-04,Karnataka,268.2,259.4,267.4,263.5142857142857,4,Friday,3,2022,0,3259,,0,31.3,16.1,0.0
2022-03-05,Karnataka,272.8,268.2,265.0,263.62857142857143,5,Saturday,3,2022,1,3260,,0,30.9,15.9,0.0
2022-03-06,Karnataka,255.7,272.8,253.1,264.74285714285713,6,Sunday,3,2022,1,3261,,0,30.7,17.3,0.0
2022-03-07,Karnataka,268.1,255.7,265.1,265.1142857142857,0,Monday,3,2022,0,3262,,0,27.8,17.7,3.4
2022-03-08,Karnataka,269.5,268.1,267.7,265.54285714285714,1,Tuesday,3,2022,0,3263,,0,30.2,17.3,0.1
2022-03-09,Karnataka,276.4,269.5,266.9,265.8,2,Wednesday,3,2022,0,3264,,0,31.8,17.6,0.0
2022-03-10,Karnataka,280.0,276.4,259.4,267.15714285714284,3,Thursday,3,2022,0,3265,,0,32.5,18.8,0.0
2022-03-11,Karnataka,284.6,280.0,268.2,270.09999999999997,4,Friday,3,2022,0,3266,,0,32.4,18.2,0.0
2022-03-12,Karnataka,279.7,284.6,272.8,272.4428571428572,5,Saturday,3,2022,1,3267,,0,32.2,17.9,0.0
2022-03-13,Karnataka,261.7,279.7,255.7,273.42857142857144,6,Sunday,3,2022,1,3268,,0,31.9,18.6,0.0
2022-03-14,Karnataka,282.0,261.7,268.1,274.2857142857143,0,Monday,3,2022,0,3269,,0,32.8,18.8,0.0
2022-03-15,Karnataka,280.3,282.0,269.5,276.2714285714286,1,Tuesday,3,2022,0,3270,,0,33.1,17.8,0.0
2022-03-16,Karnataka,280.5,280.3,276.4,277.81428571428575,2,Wednesday,3,2022,0,3271,,0,33.2,17.4,0.0
2022-03-17,Karnataka,288.0,280.5,280.0,278.40000000000003,3,Thursday,3,2022,0,3272,,0,33.8,18.4,0.0
2022-03-18,Karnataka,277.5,288.0,284.6,279.54285714285714,4,Friday,3,2022,0,3273,Holi,1,34.2,19.2,0.0
2022-03-19,Karnataka,263.9,277.5,279.7,278.5285714285714,5,Saturday,3,2022,1,3274,,0,32.3,19.2,0.0
2022-03-20,Karnataka,241.5,263.9,261.7,276.27142857142854,6,Sunday,3,2022,1,3275,,0,29.9,22.0,0.0
2022-03-21,Karnataka,262.0,241.5,282.0,273.38571428571424,0,Monday,3,2022,0,3276,,0,33.0,19.8,0.2
2022-03-22,Karnataka,255.3,262.0,280.3,270.5285714285714,1,Tuesday,3,2022,0,3277,,0,31.2,21.0,0.0
2022-03-23,Karnataka,261.6,255.3,280.5,266.95714285714286,2,Wednesday,3,2022,0,3278,,0,32.9,20.9,0.0
2022-03-24,Karnataka,254.4,261.6,288.0,264.25714285714287,3,Thursday,3,2022,0,3279,,0,32.7,20.6,0.4
2022-03-25,Karnataka,255.7,254.4,277.5,259.45714285714286,4,Friday,3,2022,0,3280,,0,32.2,20.3,0.0
2022-03-26,Karnataka,257.3,255.7,263.9,256.3428571428571,5,Saturday,3,2022,1,3281,,0,33.2,20.2,0.0
2022-03-27,Karnataka,245.2,257.3,241.5,255.40000000000003,6,Sunday,3,2022,1,3282,,0,34.2,20.8,0.0
2022-03-28,Karnataka,257.9,245.2,262.0,255.92857142857142,0,Monday,3,2022,0,3283,,0,34.3,20.8,0.0
2022-03-29,Karnataka,268.5,257.9,255.3,255.34285714285716,1,Tuesday,3,2022,0,3284,,0,34.0,21.2,0.1
2022-03-30,Karnataka,272.6,268.5,261.6,257.2285714285714,2,Wednesday,3,2022,0,3285,,0,33.9,21.5,0.2
2022-03-31,Karnataka,274.6,272.6,254.4,258.8,3,Thursday,3,2022,0,3286,,0,32.3,21.7,0.0
2022-04-01,Karnataka,276.2,274.6,255.7,261.68571428571425,4,Friday,4,2022,0,3287,,0,33.5,21.7,0.0
2022-04-02,Karnataka,252.7,276.2,257.3,264.61428571428576,5,Saturday,4,2022,1,3288,Ugadi,1,32.8,20.3,0.0
2022-04-03,Karnataka,245.1,252.7,245.2,263.95714285714286,6,Sunday,4,2022,1,3289,,0,33.7,19.9,0.0
2022-04-04,Karnataka,271.5,245.1,257.9,263.9428571428572,0,Monday,4,2022,0,3290,,0,32.9,19.7,0.0
2022-04-05,Karnataka,270.9,271.5,268.5,265.88571428571424,1,Tuesday,4,2022,0,3291,,0,33.1,19.6,0.0
2022-04-06,Karnataka,271.3,270.9,272.6,266.2285714285714,2,Wednesday,4,2022,0,3292,,0,33.8,18.9,0.0
2022-04-07,Karnataka,277.4,271.3,274.6,266.04285714285714,3,Thursday,4,2022,0,3293,,0,35.3,20.0,0.0
2022-04-08,Karnataka,282.9,277.4,276.2,266.4428571428571,4,Friday,4,2022,0,3294,,0,33.2,19.4,0.1
2022-04-09,Karnataka,271.5,282.9,252.7,267.4,5,Saturday,4,2022,1,3295,,0,33.7,20.5,0.0
2022-04-10,Karnataka,250.1,271.5,245.1,270.0857142857143,6,Sunday,4,2022,1,3296,,0,34.1,20.3,0.0
2022-04-11,Karnataka,270.5,250.1,271.5,270.8,0,Monday,4,2022,0,3297,,0,34.0,20.4,0.0
2022-04-12,Karnataka,269.3,270.5,270.9,270.65714285714284,1,Tuesday,4,2022,0,3298,,0,33.3,20.9,0.0
2022-04-13,Karnataka,262.1,269.3,271.3,270.42857142857144,2,Wednesday,4,2022,0,3299,,0,31.6,21.7,2.5
2022-04-14,Karnataka,236.1,262.1,277.4,269.1142857142857,3,Thursday,4,2022,0,3300,Dr. B. R. Ambedkar's Jayanti; Mahavir Jayanti,1,32.2,20.9,12.8
2022-04-15,Karnataka,213.2,236.1,282.9,263.2142857142857,4,Friday,4,2022,0,3301,Good Friday,1,33.7,20.4,5.3
2022-04-16,Karnataka,212.7,213.2,271.5,253.25714285714284,5,Saturday,4,2022,1,3302,,0,33.8,20.2,4.2
2022-04-17,Karnataka,190.5,212.7,250.1,244.85714285714286,6,Sunday,4,2022,1,3303,,0,33.0,19.3,10.5
2022-04-18,Karnataka,209.3,190.5,270.5,236.34285714285713,0,Monday,4,2022,0,3304,,0,31.7,19.2,0.2
2022-04-19,Karnataka,207.2,209.3,269.3,227.6,1,Tuesday,4,2022,0,3305,,0,33.2,19.5,0.0
2022-04-20,Karnataka,209.7,207.2,262.1,218.72857142857143,2,Wednesday,4,2022,0,3306,,0,34.4,20.6,0.0
2022-04-21,Karnataka,230.5,209.7,236.1,211.24285714285716,3,Thursday,4,2022,0,3307,,0,33.7,20.8,0.0
2022-04-22,Karnataka,,230.5,213.2,210.44285714285712,4,Friday,4,2022,0,3308,,0,33.4,20.1,0.0
2022-04-23,Karnataka,238.1,,212.7,,5,Saturday,4,2022,1,3309,,0,33.0,20.5,0.0
2022-04-24,Karnataka,225.8,238.1,190.5,,6,Sunday,4,2022,1,3310,,0,33.2,20.3,0.0
2022-04-25,Karnataka,246.2,225.8,209.3,,0,Monday,4,2022,0,3311,,0,34.7,20.9,0.0
2022-04-26,Karnataka,246.4,246.2,207.2,,1,Tuesday,4,2022,0,3312,,0,34.7,21.5,0.0
2022-04-27,Karnataka,260.3,246.4,209.7,,2,Wednesday,4,2022,0,3313,,0,35.3,21.2,0.0
2022-04-28,Karnataka,257.4,260.3,230.5,,3,Thursday,4,2022,0,3314,,0,34.9,21.9,0.0
2022-04-29,Karnataka,239.7,257.4,,,4,Friday,4,2022,0,3315,,0,37.1,21.8,0.0
2022-04-30,Karnataka,244.6,239.7,238.1,244.84285714285713,5,Saturday,4,2022,1,3316,,0,34.7,21.8,0.0
2022-05-01,Karnataka,215.9,244.6,225.8,245.77142857142857,6,Sunday,5,2022,1,3317,,0,34.2,21.7,0.0
2022-05-02,Karnataka,234.4,215.9,246.2,244.35714285714283,0,Monday,5,2022,0,3318,,0,34.2,21.7,0.0
2022-05-03,Karnataka,241.1,234.4,246.4,242.67142857142858,1,Tuesday,5,2022,0,3319,Id-ul-Fitr,1,34.1,20.7,1.6
2022-05-04,Karnataka,234.2,241.1,260.3,241.91428571428568,2,Wednesday,5,2022,0,3320,,0,33.3,21.3,0.7
2022-05-05,Karnataka,218.9,234.2,257.4,238.18571428571428,3,Thursday,5,2022,0,3321,,0,31.4,20.3,0.6
2022-05-06,Karnataka,219.3,218.9,239.7,232.6857142857143,4,Friday,5,2022,0,3322,,0,31.0,20.3,10.7
2022-05-07,Karnataka,219.2,219.3,244.6,229.77142857142857,5,Saturday,5,2022,1,3323,,0,31.5,20.2,0.6
2022-05-08,Karnataka,199.6,219.2,215.9,226.14285714285714,6,Sunday,5,2022,1,3324,,0,33.0,19.7,0.1
2022-05-09,Karnataka,212.2,199.6,234.4,223.81428571428572,0,Monday,5,2022,0,3325,,0,31.6,19.9,0.1
2022-05-10,Karnataka,210.3,212.2,241.1,220.64285714285714,1,Tuesday,5,2022,0,3326,,0,27.2,21.4,4.9
2022-05-11,Karnataka,197.6,210.3,234.2,216.24285714285716,2,Wednesday,5,2022,0,3327,,0,25.5,20.8,0.4
2022-05-12,Karnataka,188.5,197.6,218.9,211.0142857142857,3,Thursday,5,2022,0,3328,,0,24.8,20.3,20.6
2022-05-13,Karnataka,189.6,188.5,219.3,206.67142857142855,4,Friday,5,2022,0,3329,,0,27.3,20.2,18.1
2022-05-14,Karnataka,199.5,189.6,219.2,202.42857142857142,5,Saturday,5,2022,1,3330,,0,28.8,20.3,14.6
2022-05-15,Karnataka,186.0,199.5,199.6,199.6142857142857,6,Sunday,5,2022,1,3331,,0,29.2,20.8,17.3
2022-05-16,Karnataka,202.2,186.0,212.2,197.67142857142858,0,Monday,5,2022,0,3332,Buddha Purnima,1,27.6,21.0,25.1
2022-05-17,Karnataka,188.7,202.2,210.3,196.2428571428571,1,Tuesday,5,2022,0,3333,,0,28.0,20.7,18.0
2022-05-18,Karnataka,175.8,188.7,197.6,193.15714285714284,2,Wednesday,5,2022,0,3334,,0,27.3,20.5,13.4
2022-05-19,Karnataka,166.5,175.8,188.5,190.04285714285717,3,Thursday,5,2022,0,3335,,0,24.6,19.2,0.9
2022-05-20,Karnataka,152.8,166.5,189.6,186.90000000000003,4,Friday,5,2022,0,3336,,0,26.2,18.5,4.9
2022-05-21,Karnataka,154.4,152.8,199.5,181.64285714285714,5,Saturday,5,2022,1,3337,,0,26.9,19.3,0.5
2022-05-22,Karnataka,150.1,154.4,186.0,175.2,6,Sunday,5,2022,1,3338,,0,27.8,19.8,0.6
2022-05-23,Karnataka,176.4,150.1,202.2,170.07142857142858,0,Monday,5,2022,0,3339,,0,29.5,19.7,0.3
2022-05-24,Karnataka,188.2,176.4,188.7,166.3857142857143,1,Tuesday,5,2022,0,3340,,0,29.5,20.2,0.4
2022-05-25,Karnataka,201.9,188.2,175.8,166.31428571428572,2,Wednesday,5,2022,0,3341,,0,29.6,20.5,0.5
2022-05-26,Karnataka,207.9,201.9,166.5,170.04285714285714,3,Thursday,5,2022,0,3342,,0,29.5,19.9,3.6
2022-05-27,Karnataka,209.5,207.9,152.8,175.95714285714286,4,Friday,5,2022,0,3343,,0,29.4,19.9,0.1
2022-05-28,Karnataka,215.8,209.5,154.4,184.05714285714288,5,Saturday,5,2022,1,3344,,0,29.5,19.2,0.3
2022-05-29,Karnataka,206.6,215.8,150.1,192.82857142857142,6,Sunday,5,2022,1,3345,,0,29.7,19.5,0.0
2022-05-30,Karnataka,230.8,206.6,176.4,200.90000000000003,0,Monday,5,2022,0,3346,,0,29.9,19.5,6.2
2022-05-31,Karnataka,225.2,230.8,188.2,208.67142857142858,1,Tuesday,5,2022,0,3347,,0,29.4,19.3,2.1
2022-06-01,Karnataka,217.8,225.2,201.9,213.95714285714283,2,Wednesday,6,2022,0,3348,,0,29.2,19.4,4.8
2022-06-02,Karnataka,212.7,217.8,207.9,216.22857142857146,3,Thursday,6,2022,0,3349,,0,29.5,19.5,0.5
2022-06-03,Karnataka,204.5,212.7,209.5,216.91428571428574,4,Friday,6,2022,0,3350,,0,29.8,19.7,8.7
2022-06-04,Karnataka,205.8,204.5,215.8,216.20000000000002,5,Saturday,6,2022,1,3351,,0,31.4,19.8,9.4
2022-06-05,Karnataka,193.0,205.8,206.6,214.77142857142857,6,Sunday,6,2022,1,3352,,0,30.3,20.3,15.1
2022-06-06,Karnataka,185.4,193.0,230.8,212.82857142857145,0,Monday,6,2022,0,3353,,0,29.1,19.9,7.4
2022-06-07,Karnataka,195.6,185.4,225.2,206.34285714285713,1,Tuesday,6,2022,0,3354,,0,27.3,19.9,1.3
2022-06-08,Karnataka,195.1,195.6,217.8,202.1142857142857,2,Wednesday,6,2022,0,3355,,0,29.4,19.9,0.4
2022-06-09,Karnataka,202.8,195.1,212.7,198.87142857142857,3,Thursday,6,2022,0,3356,,0,29.6,20.0,0.7
2022-06-10,Karnataka,210.6,202.8,204.5,197.45714285714286,4,Friday,6,2022,0,3357,,0,29.0,19.4,1.8
2022-06-11,Karnataka,208.5,210.6,205.8,198.32857142857142,5,Saturday,6,2022,1,3358,,0,28.5,19.3,1.6
2022-06-12,Karnataka,194.3,208.5,193.0,198.71428571428572,6,Sunday,6,2022,1,3359,,0,28.4,19.3,11.0
2022-06-13,Karnataka,212.4,194.3,185.4,198.9,0,Monday,6,2022,0,3360,,0,28.8,19.3,0.1
2022-06-14,Karnataka,,212.4,195.6,202.7571428571429,1,Tuesday,6,2022,0,3361,,0,29.3,19.5,11.8
2022-06-15,Karnataka,209.5,,195.1,,2,Wednesday,6,2022,0,3362,,0,27.7,20.6,0.5
2022-06-16,Karnataka,211.8,209.5,202.8,,3,Thursday,6,2022,0,3363,,0,28.7,20.0,10.2
2022-06-17,Karnataka,206.3,211.8,210.6,,4,Friday,6,2022,0,3364,,0,28.2,19.5,7.7
2022-06-18,Karnataka,202.5,206.3,208.5,,5,Saturday,6,2022,1,3365,,0,26.7,19.5,24.1
2022-06-19,Karnataka,180.4,202.5,194.3,,6,Sunday,6,2022,1,3366,,0,27.6,20.0,3.0
2022-06-20,Karnataka,195.2,180.4,212.4,,0,Monday,6,2022,0,3367,,0,28.0,19.2,1.7
2022-06-21,Karnataka,191.1,195.2,,,1,Tuesday,6,2022,0,3368,,0,27.0,19.8,7.1
2022-06-22,Karnataka,192.4,191.1,209.5,199.54285714285714,2,Wednesday,6,2022,0,3369,,0,26.2,19.9,0.9
2022-06-23,Karnataka,197.2,192.4,211.8,197.1,3,Thursday,6,2022,0,3370,,0,26.8,19.7,0.9
2022-06-24,Karnataka,193.3,197.2,206.3,195.01428571428573,4,Friday,6,2022,0,3371,,0,27.5,19.4,1.2
2022-06-25,Karnataka,187.8,193.3,202.5,193.15714285714284,5,Saturday,6,2022,1,3372,,0,27.9,19.6,10.2
2022-06-26,Karnataka,178.3,187.8,180.4,191.05714285714285,6,Sunday,6,2022,1,3373,,0,27.2,20.2,1.0
2022-06-27,Karnataka,204.3,178.3,195.2,190.7571428571429,0,Monday,6,2022,0,3374,,0,27.9,19.7,0.5
2022-06-28,Karnataka,210.9,204.3,191.1,192.05714285714288,1,Tuesday,6,2022,0,3375,,0,27.4,19.5,1.0
2022-06-29,Karnataka,213.2,210.9,192.4,194.8857142857143,2,Wednesday,6,2022,0,3376,,0,27.7,19.9,3.0
2022-06-30,Karnataka,206.9,213.2,197.2,197.85714285714286,3,Thursday,6,2022,0,3377,,0,27.7,19.5,13.3
2022-07-01,Karnataka,202.9,206.9,193.3,199.24285714285716,4,Friday,7,2022,0,3378,,0,27.3,19.6,6.3
2022-07-02,Karnataka,195.5,202.9,187.8,200.6142857142857,5,Saturday,7,2022,1,3379,,0,28.2,19.7,3.4
2022-07-03,Karnataka,183.0,195.5,178.3,201.71428571428572,6,Sunday,7,2022,1,3380,,0,28.1,20.0,4.9
2022-07-04,Karnataka,194.6,183.0,204.3,202.38571428571427,0,Monday,7,2022,0,3381,,0,25.3,20.3,1.7
2022-07-05,Karnataka,183.3,194.6,210.9,201.0,1,Tuesday,7,2022,0,3382,,0,24.1,19.8,10.3
2022-07-06,Karnataka,177.3,183.3,213.2,197.05714285714288,2,Wednesday,7,2022,0,3383,,0,24.9,19.7,3.6
2022-07-07,Karnataka,174.6,177.3,206.9,191.92857142857142,3,Thursday,7,2022,0,3384,,0,24.1,19.8,15.2
2022-07-08,Karnataka,168.8,174.6,202.9,187.31428571428572,4,Friday,7,2022,0,3385,,0,26.2,19.6,1.4
2022-07-09,Karnataka,155.2,168.8,195.5,182.44285714285715,5,Saturday,7,2022,1,3386,,0,23.7,19.5,11.4
2022-07-10,Karnataka,135.9,155.2,183.0,176.6857142857143,6,Sunday,7,2022,1,3387,Id-ul-Zuha (Bakrid),1,25.0,19.5,4.1
2022-07-11,Karnataka,154.5,135.9,194.6,169.95714285714286,0,Monday,7,2022,0,3388,,0,24.1,19.3,5.0
2022-07-12,Karnataka,159.0,154.5,183.3,164.22857142857143,1,Tuesday,7,2022,0,3389,,0,26.1,19.0,0.9
2022-07-13,Karnataka,156.1,159.0,177.3,160.75714285714284,2,Wednesday,7,2022,0,3390,,0,26.3,19.7,3.3
2022-07-14,Karnataka,155.4,156.1,174.6,157.72857142857146,3,Thursday,7,2022,0,3391,,0,26.2,19.6,5.3
2022-07-15,Karnataka,160.3,155.4,168.8,154.9857142857143,4,Friday,7,2022,0,3392,,0,27.0,19.7,1.7
2022-07-16,Karnataka,159.3,160.3,155.2,153.77142857142857,5,Saturday,7,2022,1,3393,,0,27.2,19.7,7.2
2022-07-17,Karnataka,148.9,159.3,135.9,154.35714285714286,6,Sunday,7,2022,1,3394,,0,27.7,19.8,5.0
2022-07-18,Karnataka,162.1,148.9,154.5,156.21428571428572,0,Monday,7,2022,0,3395,,0,26.8,20.1,5.0
2022-07-19,Karnataka,171.7,162.1,159.0,157.29999999999998,1,Tuesday,7,2022,0,3396,,0,27.5,18.9,1.8
2022-07-20,Karnataka,179.0,171.7,156.1,159.1142857142857,2,Wednesday,7,2022,0,3397,,0,28.7,19.8,18.6
2022-07-21,Karnataka,182.1,179.0,155.4,162.3857142857143,3,Thursday,7,2022,0,3398,,0,28.0,20.0,10.0
2022-07-22,Karnataka,188.2,182.1,160.3,166.2,4,Friday,7,2022,0,3399,,0,26.9,20.0,12.9
2022-07-23,Karnataka,181.0,188.2,159.3,170.18571428571428,5,Saturday,7,2022,1,3400,,0,27.0,19.3,1.6
2022-07-24,Karnataka,166.8,181.0,148.9,173.28571428571428,6,Sunday,7,2022,1,3401,,0,26.3,18.7,1.7
2022-07-25,Karnataka,188.5,166.8,162.1,175.84285714285713,0,Monday,7,2022,0,3402,,0,27.4,18.7,0.3
2022-07-26,Karnataka,195.0,188.5,171.7,179.6142857142857,1,Tuesday,7,2022,0,3403,,0,26.9,19.1,2.5
2022-07-27,Karnataka,195.5,195.0,179.0,182.94285714285712,2,Wednesday,7,2022,0,3404,,0,28.4,18.3,5.6
2022-07-28,Karnataka,182.5,195.5,182.1,185.29999999999998,3,Thursday,7,2022,0,3405,,0,28.0,19.1,4.9
2022-07-29,Karnataka,186.7,182.5,188.2,185.35714285714286,4,Friday,7,2022,0,3406,,0,29.0,18.7,5.0
2022-07-30,Karnataka,171.9,186.7,181.0,185.14285714285714,5,Saturday,7,2022,1,3407,,0,28.3,18.9,12.7
2022-07-31,Karnataka,155.4,171.9,166.8,183.84285714285716,6,Sunday,7,2022,1,3408,,0,28.2,19.3,9.9
2022-08-01,Karnataka,169.2,155.4,188.5,182.21428571428572,0,Monday,8,2022,0,3409,,0,27.9,19.9,39.6
2022-08-02,Karnataka,156.8,169.2,195.0,179.45714285714286,1,Tuesday,8,2022,0,3410,,0,27.6,19.7,25.0
2022-08-03,Karnataka,162.3,156.8,195.5,174.0,2,Wednesday,8,2022,0,3411,,0,26.8,19.2,17.7
2022-08-04,Karnataka,160.2,162.3,182.5,169.25714285714284,3,Thursday,8,2022,0,3412,,0,25.0,19.7,17.6
2022-08-05,Karnataka,159.2,160.2,186.7,166.07142857142858,4,Friday,8,2022,0,3413,,0,23.2,19.7,24.2
2022-08-06,Karnataka,150.3,159.2,171.9,162.14285714285714,5,Saturday,8,2022,1,3414,,0,25.0,19.6,5.2
2022-08-07,Karnataka,156.6,150.3,155.4,159.05714285714285,6,Sunday,8,2022,1,3415,,0,24.0,20.0,5.2
2022-08-08,Karnataka,160.4,156.6,169.2,159.22857142857143,0,Monday,8,2022,0,3416,,0,25.9,19.8,3.7
2022-08-09,Karnataka,151.4,160.4,156.8,157.97142857142856,1,Tuesday,8,2022,0,3417,Muharram,1,26.4,19.9,0.9
2022-08-10,Karnataka,159.6,151.4,162.3,157.20000000000002,2,Wednesday,8,2022,0,3418,,0,26.5,19.4,2.5
2022-08-11,Karnataka,172.3,159.6,160.2,156.81428571428572,3,Thursday,8,2022,0,3419,,0,27.2,19.4,1.7
2022-08-12,Karnataka,179.0,172.3,159.2,158.54285714285714,4,Friday,8,2022,0,3420,,0,26.7,20.0,1.0
2022-08-13,Karnataka,164.7,179.0,150.3,161.3714285714286,5,Saturday,8,2022,1,3421,,0,27.4,19.2,0.5
2022-08-14,Karnataka,156.1,164.7,156.6,163.42857142857142,6,Sunday,8,2022,1,3422,,0,26.2,18.7,0.0
2022-08-15,Karnataka,158.2,156.1,160.4,163.35714285714286,0,Monday,8,2022,0,3423,Independence Day,1,27.6,18.3,0.0
2022-08-16,Karnataka,180.7,158.2,151.4,163.04285714285714,1,Tuesday,8,2022,0,3424,,0,27.7,18.6,0.3
2022-08-17,Karnataka,211.8,180.7,159.6,167.22857142857143,2,Wednesday,8,2022,0,3425,,0,28.0,18.6,0.2
2022-08-18,Karnataka,219.0,211.8,172.3,174.68571428571428,3,Thursday,8,2022,0,3426,,0,28.3,19.3,0.9
2022-08-19,Karnataka,226.9,219.0,179.0,181.35714285714286,4,Friday,8,2022,0,3427,Janmashtami (Vaishnava),1,27.6,19.9,0.3
2022-08-20,Karnataka,205.8,226.9,164.7,188.20000000000002,5,Saturday,8,2022,1,3428,,0,27.1,19.1,0.3
2022-08-21,Karnataka,184.8,205.8,156.1,194.07142857142858,6,Sunday,8,2022,1,3429,,0,26.0,19.3,3.6
2022-08-22,Karnataka,195.7,184.8,158.2,198.17142857142858,0,Monday,8,2022,0,3430,,0,27.3,19.4,4.4
2022-08-23,Karnataka,202.3,195.7,180.7,203.52857142857144,1,Tuesday,8,2022,0,3431,,0,27.5,19.3,3.2
2022-08-24,Karnataka,208.4,202.3,211.8,206.6142857142857,2,Wednesday,8,2022,0,3432,,0,25.8,19.2,8.0
2022-08-25,Karnataka,204.2,208.4,219.0,206.12857142857143,3,Thursday,8,2022,0,3433,,0,26.7,19.2,9.3
2022-08-26,Karnataka,218.4,204.2,226.9,204.0142857142857,4,Friday,8,2022,0,3434,,0,26.1,19.1,20.2
2022-08-27,Karnataka,199.8,218.4,205.8,202.79999999999998,5,Saturday,8,2022,1,3435,,0,27.4,19.4,16.7
2022-08-28,Karnataka,165.5,199.8,184.8,201.94285714285712,6,Sunday,8,2022,1,3436,,0,27.0,19.3,4.2
2022-08-29,Karnataka,180.3,165.5,195.7,199.18571428571428,0,Monday,8,2022,0,3437,,0,27.2,19.2,17.3
2022-08-30,Karnataka,180.9,180.3,202.3,196.9857142857143,1,Tuesday,8,2022,0,3438,,0,28.0,19.3,9.3
2022-08-31,Karnataka,159.8,180.9,208.4,193.92857142857142,2,Wednesday,8,2022,0,3439,,0,27.5,19.5,5.2
2022-09-01,Karnataka,164.3,159.8,204.2,186.9857142857143,3,Thursday,9,2022,0,3440,,0,27.1,19.5,12.5
2022-09-02,Karnataka,172.6,164.3,218.4,181.2857142857143,4,Friday,9,2022,0,3441,,0,27.6,19.1,1.4
2022-09-03,Karnataka,179.9,172.6,199.8,174.74285714285716,5,Saturday,9,2022,1,3442,,0,27.9,19.0,1.6
2022-09-04,Karnataka,162.2,179.9,165.5,171.9,6,Sunday,9,2022,1,3443,,0,28.5,19.0,11.8
2022-09-05,Karnataka,168.6,162.2,180.3,171.42857142857142,0,Monday,9,2022,0,3444,,0,28.7,19.3,5.8
2022-09-06,Karnataka,163.7,168.6,180.9,169.75714285714284,1,Tuesday,9,2022,0,3445,,0,27.6,18.3,12.7
2022-09-07,Karnataka,161.5,163.7,159.8,167.29999999999998,2,Wednesday,9,2022,0,3446,,0,26.3,19.8,8.1
2022-09-08,Karnataka,162.4,161.5,164.3,167.54285714285714,3,Thursday,9,2022,0,3447,,0,23.5,19.6,7.3
2022-09-09,Karnataka,162.4,162.4,172.6,167.27142857142857,4,Friday,9,2022,0,3448,,0,26.2,19.4,3.0
2022-09-10,Karnataka,155.1,162.4,179.9,165.81428571428572,5,Saturday,9,2022,1,3449,,0,26.7,19.9,8.9
2022-09-11,Karnataka,132.3,155.1,162.2,162.27142857142854,6,Sunday,9,2022,1,3450,,0,26.9,19.5,2.6
2022-09-12,Karnataka,150.0,132.3,168.6,158.0,0,Monday,9,2022,0,3451,,0,27.0,19.5,0.8
2022-09-13,Karnataka,161.0,150.0,163.7,155.34285714285716,1,Tuesday,9,2022,0,3452,,0,27.0,18.6,1.2
2022-09-14,Karnataka,163.5,161.0,161.5,154.95714285714286,2,Wednesday,9,2022,0,3453,,0,27.1,19.4,1.2
2022-09-15,Karnataka,168.7,163.5,162.4,155.24285714285716,3,Thursday,9,2022,0,3454,,0,26.4,18.7,0.8
2022-09-16,Karnataka,174.2,168.7,162.4,156.14285714285714,4,Friday,9,2022,0,3455,,0,27.5,18.3,0.1
2022-09-17,Karnataka,180.1,174.2,155.1,157.82857142857142,5,Saturday,9,2022,1,3456,,0,27.2,18.6,0.4
2022-09-18,Karnataka,172.0,180.1,132.3,161.4,6,Sunday,9,2022,1,3457,,0,27.2,18.5,0.4
2022-09-19,Karnataka,191.2,172.0,150.0,167.07142857142858,0,Monday,9,2022,0,3458,,0,27.4,18.9,0.4
2022-09-20,Karnataka,195.4,191.2,161.0,172.95714285714286,1,Tuesday,9,2022,0,3459,,0,27.3,17.5,0.1
2022-09-21,Karnataka,199.0,195.4,163.5,177.87142857142857,2,Wednesday,9,2022,0,3460,,0,27.0,17.9,0.9
2022-09-22,Karnataka,205.4,199.0,168.7,182.94285714285712,3,Thursday,9,2022,0,3461,,0,27.5,18.3,0.0
2022-09-23,Karnataka,212.7,205.4,174.2,188.18571428571428,4,Friday,9,2022,0,3462,,0,27.1,17.5,0.4
2022-09-24,Karnataka,209.7,212.7,180.1,193.68571428571428,5,Saturday,9,2022,1,3463,,0,28.0,18.2,1.6
2022-09-25,Karnataka,200.5,209.7,172.0,197.91428571428568,6,Sunday,9,2022,1,3464,,0,27.8,18.3,0.6
2022-09-26,Karnataka,207.9,200.5,191.2,201.98571428571427,0,Monday,9,2022,0,3465,,0,26.4,19.4,3.0
2022-09-27,Karnataka,212.8,207.9,195.4,204.37142857142857,1,Tuesday,9,2022,0,3466,,0,27.6,19.9,1.2
2022-09-28,Karnataka,216.3,212.8,199.0,206.85714285714286,2,Wednesday,9,2022,0,3467,,0,27.9,19.9,0.3
2022-09-29,Karnataka,211.2,216.3,205.4,209.32857142857145,3,Thursday,9,2022,0,3468,,0,27.9,18.8,0.0
2022-09-30,Karnataka,190.1,211.2,212.7,210.15714285714284,4,Friday,9,2022,0,3469,,0,24.9,18.7,8.1
2022-10-01,Karnataka,162.6,190.1,209.7,206.92857142857142,5,Saturday,10,2022,1,3470,,0,22.9,19.5,6.0
2022-10-02,Karnataka,149.2,162.6,200.5,200.20000000000002,6,Sunday,10,2022,1,3471,Mahatma Gandhi's Jayanti,1,26.9,19.5,0.9
2022-10-03,Karnataka,184.1,149.2,207.9,192.8714285714286,0,Monday,10,2022,0,3472,,0,26.8,18.6,0.7
2022-10-04,Karnataka,160.2,184.1,212.8,189.47142857142856,1,Tuesday,10,2022,0,3473,,0,26.8,18.5,0.2
2022-10-05,Karnataka,154.4,160.2,216.3,181.95714285714286,2,Wednesday,10,2022,0,3474,Dussehra,1,27.3,19.0,1.2
2022-10-06,Karnataka,163.1,154.4,211.2,173.11428571428573,3,Thursday,10,2022,0,3475,,0,25.7,19.1,5.5
2022-10-07,Karnataka,171.0,163.1,190.1,166.24285714285716,4,Friday,10,2022,0,3476,,0,26.8,17.7,1.1
2022-10-08,Karnataka,175.1,171.0,162.6,163.5142857142857,5,Saturday,10,2022,1,3477,,0,27.0,16.5,0.1
2022-10-09,Karnataka,170.5,175.1,149.2,165.29999999999998,6,Sunday,10,2022,1,3478,Milad-un-Nabi,1,26.1,18.8,15.9
2022-10-10,Karnataka,171.3,170.5,184.1,168.34285714285713,0,Monday,10,2022,0,3479,,0,26.8,19.3,9.7
2022-10-11,Karnataka,171.6,171.3,160.2,166.5142857142857,1,Tuesday,10,2022,0,3480,,0,25.9,19.7,6.5
2022-10-12,Karnataka,173.5,171.6,154.4,168.14285714285714,2,Wednesday,10,2022,0,3481,,0,26.1,18.8,23.6
2022-10-13,Karnataka,165.7,173.5,163.1,170.87142857142857,3,Thursday,10,2022,0,3482,,0,26.4,18.7,21.9
2022-10-14,Karnataka,157.3,165.7,171.0,171.24285714285716,4,Friday,10,2022,0,3483,,0,26.5,19.0,8.2
2022-10-15,Karnataka,157.1,157.3,175.1,169.28571428571428,5,Saturday,10,2022,1,3484,,0,27.4,18.8,7.8
2022-10-16,Karnataka,142.7,157.1,170.5,166.71428571428572,6,Sunday,10,2022,1,3485,,0,26.6,18.9,17.1
2022-10-17,Karnataka,160.5,142.7,171.3,162.7428571428571,0,Monday,10,2022,0,3486,,0,27.3,19.5,2.7
2022-10-18,Karnataka,166.4,160.5,171.6,161.20000000000002,1,Tuesday,10,2022,0,3487,,0,26.4,19.0,2.9
2022-10-19,Karnataka,172.1,166.4,173.5,160.45714285714286,2,Wednesday,10,2022,0,3488,,0,27.2,18.2,6.5
2022-10-20,Karnataka,171.9,172.1,165.7,160.25714285714284,3,Thursday,10,2022,0,3489,,0,26.9,18.2,10.7
2022-10-21,Karnataka,166.8,171.9,157.3,161.14285714285714,4,Friday,10,2022,0,3490,,0,27.1,18.1,2.7
2022-10-22,Karnataka,157.0,166.8,157.1,162.5,5,Saturday,10,2022,1,3491,,0,26.8,17.5,0.0
2022-10-23,Karnataka,145.1,157.0,142.7,162.4857142857143,6,Sunday,10,2022,1,3492,,0,25.7,16.1,0.0
2022-10-24,Karnataka,152.1,145.1,160.5,162.82857142857142,0,Monday,10,2022,0,3493,Diwali (Deepavali),1,25.0,14.9,0.0
2022-10-25,Karnataka,159.7,152.1,166.4,161.62857142857143,1,Tuesday,10,2022,0,3494,,0,25.1,13.8,0.0
2022-10-26,Karnataka,164.2,159.7,172.1,160.67142857142858,2,Wednesday,10,2022,0,3495,,0,25.6,14.6,0.0
2022-10-27,Karnataka,173.9,164.2,171.9,159.54285714285714,3,Thursday,10,2022,0,3496,,0,27.1,15.4,0.0
2022-10-28,Karnataka,183.9,173.9,166.8,159.82857142857142,4,Friday,10,2022,0,3497,,0,25.9,17.2,0.3
2022-10-29,Karnataka,183.9,183.9,157.0,162.27142857142854,5,Saturday,10,2022,1,3498,,0,26.0,18.1,1.0
2022-10-30,Karnataka,168.2,183.9,145.1,166.1142857142857,6,Sunday,10,2022,1,3499,,0,25.9,18.4,1.5
2022-10-31,Karnataka,187.2,168.2,152.1,169.41428571428574,0,Monday,10,2022,0,3500,,0,26.4,17.7,0.0
2022-11-01,Karnataka,174.8,187.2,159.7,174.42857142857142,1,Tuesday,11,2022,0,3501,Karnataka Rajyotsava,1,24.6,17.1,14.0
2022-11-02,Karnataka,182.3,174.8,164.2,176.58571428571432,2,Wednesday,11,2022,0,3502,,0,23.7,17.5,9.9
2022-11-03,Karnataka,185.2,182.3,173.9,179.17142857142858,3,Thursday,11,2022,0,3503,,0,25.2,18.6,0.3
2022-11-04,Karnataka,188.4,185.2,183.9,180.78571428571428,4,Friday,11,2022,0,3504,,0,26.7,18.9,1.3
2022-11-05,Karnataka,189.9,188.4,183.9,181.42857142857142,5,Saturday,11,2022,1,3505,,0,26.9,19.0,0.5
2022-11-06,Karnataka,177.7,189.9,168.2,182.28571428571428,6,Sunday,11,2022,1,3506,,0,26.2,17.8,0.4
2022-11-07,Karnataka,196.6,177.7,187.2,183.64285714285714,0,Monday,11,2022,0,3507,,0,26.3,17.2,0.0
2022-11-08,Karnataka,203.9,196.6,174.8,184.9857142857143,1,Tuesday,11,2022,0,3508,Guru Nanak's Jayanti,1,27.1,17.1,0.0
2022-11-09,Karnataka,207.4,203.9,182.3,189.14285714285714,2,Wednesday,11,2022,0,3509,,0,26.9,16.3,0.0
2022-11-10,Karnataka,207.8,207.4,185.2,192.72857142857143,3,Thursday,11,2022,0,3510,,0,27.2,16.6,0.3
2022-11-11,Karnataka,203.7,207.8,188.4,195.95714285714286,4,Friday,11,2022,0,3511,,0,21.9,18.0,20.5
2022-11-12,Karnataka,189.4,203.7,189.9,198.14285714285714,5,Saturday,11,2022,1,3512,,0,23.1,18.6,3.0
2022-11-13,Karnataka,168.3,189.4,177.7,198.07142857142858,6,Sunday,11,2022,1,3513,,0,24.5,18.7,2.0
2022-11-14,Karnataka,197.0,168.3,196.6,196.72857142857143,0,Monday,11,2022,0,3514,,0,26.6,18.4,1.5
2022-11-15,Karnataka,209.5,197.0,203.9,196.78571428571428,1,Tuesday,11,2022,0,3515,,0,25.9,18.3,1.5
2022-11-16,Karnataka,211.6,209.5,207.4,197.58571428571426,2,Wednesday,11,2022,0,3516,,0,26.8,18.0,0.0
2022-11-17,Karnataka,213.1,211.6,207.8,198.1857142857143,3,Thursday,11,2022,0,3517,,0,25.9,14.8,0.0
2022-11-18,Karnataka,216.0,213.1,203.7,198.94285714285712,4,Friday,11,2022,0,3518,,0,25.8,13.4,0.0
2022-11-19,Karnataka,213.9,216.0,189.4,200.70000000000002,5,Saturday,11,2022,1,3519,,0,25.4,13.1,0.0
2022-11-20,Karnataka,199.0,213.9,168.3,204.20000000000002,6,Sunday,11,2022,1,3520,,0,24.7,13.0,0.0
2022-11-21,Karnataka,214.5,199.0,197.0,208.58571428571432,0,Monday,11,2022,0,3521,,0,25.0,13.8,0.1
2022-11-22,Karnataka,214.3,214.5,209.5,211.08571428571432,1,Tuesday,11,2022,0,3522,,0,24.7,16.7,1.8
2022-11-23,Karnataka,207.3,214.3,211.6,211.77142857142857,2,Wednesday,11,2022,0,3523,,0,24.1,18.4,8.3
2022-11-24,Karnataka,199.0,207.3,213.1,211.15714285714284,3,Thursday,11,2022,0,3524,,0,26.4,19.2,3.7
2022-11-25,Karnataka,206.2,199.0,216.0,209.14285714285714,4,Friday,11,2022,0,3525,,0,26.7,18.2,0.4
2022-11-26,Karnataka,204.4,206.2,213.9,207.74285714285716,5,Saturday,11,2022,1,3526,,0,27.3,18.0,0.0
2022-11-27,Karnataka,192.7,204.4,199.0,206.38571428571427,6,Sunday,11,2022,1,3527,,0,26.8,18.6,0.8
2022-11-28,Karnataka,211.6,192.7,214.5,205.48571428571427,0,Monday,11,2022,0,3528,,0,27.3,18.8,0.9
2022-11-29,Karnataka,198.3,211.6,214.3,205.07142857142858,1,Tuesday,11,2022,0,3529,,0,27.3,18.2,0.1
2022-11-30,Karnataka,,198.3,207.3,202.78571428571428,2,Wednesday,11,2022,0,3530,,0,26.1,15.8,0.0
2022-12-01,Karnataka,218.5,,199.0,,3,Thursday,12,2022,0,3531,,0,26.4,16.6,0.7
2022-12-02,Karnataka,,218.5,206.2,,4,Friday,12,2022,0,3532,,0,26.9,19.0,0.0
2022-12-03,Karnataka,219.0,,204.4,,5,Saturday,12,2022,1,3533,,0,27.3,18.4,0.3
2022-12-04,Karnataka,206.1,219.0,192.7,,6,Sunday,12,2022,1,3534,,0,27.7,19.2,0.0
2022-12-05,Karnataka,224.3,206.1,211.6,,0,Monday,12,2022,0,3535,,0,27.2,17.1,0.0
2022-12-06,Karnataka,224.2,224.3,198.3,,1,Tuesday,12,2022,0,3536,,0,27.1,17.9,0.0
2022-12-07,Karnataka,223.9,224.2,,,2,Wednesday,12,2022,0,3537,,0,27.1,16.5,0.0
2022-12-08,Karnataka,219.6,223.9,218.5,,3,Thursday,12,2022,0,3538,,0,25.7,16.0,0.2
2022-12-09,Karnataka,214.5,219.6,,,4,Friday,12,2022,0,3539,,0,20.5,15.8,3.4
2022-12-10,Karnataka,193.6,214.5,219.0,218.79999999999998,5,Saturday,12,2022,1,3540,,0,18.5,16.6,32.5
2022-12-11,Karnataka,152.3,193.6,206.1,215.17142857142858,6,Sunday,12,2022,1,3541,,0,21.9,17.9,4.5
2022-12-12,Karnataka,166.0,152.3,224.3,207.4857142857143,0,Monday,12,2022,0,3542,,0,23.9,18.4,4.0
2022-12-13,Karnataka,169.3,166.0,224.2,199.15714285714284,1,Tuesday,12,2022,0,3543,,0,24.6,18.9,7.0
2022-12-14,Karnataka,172.8,169.3,223.9,191.31428571428572,2,Wednesday,12,2022,0,3544,,0,25.1,17.8,0.1
2022-12-15,Karnataka,179.3,172.8,219.6,184.0142857142857,3,Thursday,12,2022,0,3545,,0,25.7,15.8,0.0
2022-12-16,Karnataka,185.0,179.3,214.5,178.2571428571429,4,Friday,12,2022,0,3546,,0,26.0,15.2,0.0
2022-12-17,Karnataka,192.5,185.0,193.6,174.04285714285717,5,Saturday,12,2022,1,3547,,0,26.2,15.3,0.0
2022-12-18,Karnataka,176.2,192.5,152.3,173.8857142857143,6,Sunday,12,2022,1,3548,,0,26.0,16.6,0.0
2022-12-19,Karnataka,199.8,176.2,166.0,177.29999999999998,0,Monday,12,2022,0,3549,,0,24.7,16.6,0.1
2022-12-20,Karnataka,208.5,199.8,169.3,182.12857142857143,1,Tuesday,12,2022,0,3550,,0,26.4,14.9,0.0
2022-12-21,Karnataka,212.0,208.5,172.8,187.72857142857146,2,Wednesday,12,2022,0,3551,,0,25.8,14.9,0.0
2022-12-22,Karnataka,218.3,212.0,179.3,193.32857142857145,3,Thursday,12,2022,0,3552,,0,25.8,14.3,0.0
2022-12-23,Karnataka,222.6,218.3,185.0,198.9,4,Friday,12,2022,0,3553,,0,26.4,13.3,0.0
2022-12-24,Karnataka,216.3,222.6,192.5,204.27142857142854,5,Saturday,12,2022,1,3554,,0,26.7,12.9,0.0
2022-12-25,Karnataka,196.8,216.3,176.2,207.67142857142855,6,Sunday,12,2022,1,3555,Christmas,1,25.5,16.1,1.5
2022-12-26,Karnataka,203.9,196.8,199.8,210.61428571428573,0,Monday,12,2022,0,3556,,0,26.4,19.1,0.8
2022-12-27,Karnataka,209.8,203.9,208.5,211.2,1,Tuesday,12,2022,0,3557,,0,26.7,18.8,1.4
2022-12-28,Karnataka,219.6,209.8,212.0,211.3857142857143,2,Wednesday,12,2022,0,3558,,0,27.0,18.5,0.0
2022-12-29,Karnataka,223.2,219.6,218.3,212.47142857142856,3,Thursday,12,2022,0,3559,,0,27.4,16.6,0.0
2022-12-30,Karnataka,228.9,223.2,222.6,213.17142857142858,4,Friday,12,2022,0,3560,,0,27.2,15.8,0.0
2022-12-31,Karnataka,227.7,228.9,216.3,214.07142857142858,5,Saturday,12,2022,1,3561,,0,27.2,14.8,0.0
2023-01-01,Karnataka,214.6,227.7,196.8,215.7,6,Sunday,1,2023,1,3562,,0,27.5,14.9,0.0
2023-01-02,Karnataka,225.3,214.6,203.9,218.2428571428571,0,Monday,1,2023,0,3563,,0,26.7,15.5,0.0
2023-01-03,Karnataka,229.2,225.3,209.8,221.3,1,Tuesday,1,2023,0,3564,,0,26.5,14.9,0.0
2023-01-04,Karnataka,231.6,229.2,219.6,224.07142857142858,2,Wednesday,1,2023,0,3565,,0,26.4,16.0,0.0
2023-01-05,Karnataka,229.7,231.6,223.2,225.78571428571428,3,Thursday,1,2023,0,3566,,0,25.1,15.8,0.1
2023-01-06,Karnataka,233.7,229.7,228.9,226.71428571428572,4,Friday,1,2023,0,3567,,0,26.8,15.0,0.0
2023-01-07,Karnataka,229.7,233.7,227.7,227.4,5,Saturday,1,2023,1,3568,,0,26.6,15.3,0.0
2023-01-08,Karnataka,214.9,229.7,214.6,227.68571428571428,6,Sunday,1,2023,1,3569,,0,26.7,15.8,0.0
2023-01-09,Karnataka,230.1,214.9,225.3,227.72857142857143,0,Monday,1,2023,0,3570,,0,26.1,14.5,0.0
2023-01-10,Karnataka,236.9,230.1,229.2,228.41428571428568,1,Tuesday,1,2023,0,3571,,0,26.6,12.7,0.0
2023-01-11,Karnataka,236.4,236.9,231.6,229.5142857142857,2,Wednesday,1,2023,0,3572,,0,27.2,11.9,0.0
2023-01-12,Karnataka,240.8,236.4,229.7,230.2,3,Thursday,1,2023,0,3573,,0,28.2,12.8,0.0
2023-01-13,Karnataka,249.2,240.8,233.7,231.78571428571428,4,Friday,1,2023,0,3574,,0,28.4,12.3,0.0
2023-01-14,Karnataka,241.8,249.2,229.7,234.0,5,Saturday,1,2023,1,3575,,0,29.0,13.4,0.0
2023-01-15,Karnataka,226.0,241.8,214.9,235.72857142857146,6,Sunday,1,2023,1,3576,,0,28.4,12.0,0.0
2023-01-16,Karnataka,237.2,226.0,230.1,237.31428571428572,0,Monday,1,2023,0,3577,,0,29.0,12.5,0.0
2023-01-17,Karnataka,244.9,237.2,236.9,238.32857142857142,1,Tuesday,1,2023,0,3578,,0,28.6,14.1,0.0
2023-01-18,Karnataka,242.6,244.9,236.4,239.47142857142856,2,Wednesday,1,2023,0,3579,,0,27.5,13.5,0.0
2023-01-19,Karnataka,242.4,242.6,240.8,240.35714285714286,3,Thursday,1,2023,0,3580,,0,27.1,13.7,0.0
2023-01-20,Karnataka,249.7,242.4,249.2,240.58571428571426,4,Friday,1,2023,0,3581,,0,26.5,13.5,0.0
2023-01-21,Karnataka,247.2,249.7,241.8,240.65714285714287,5,Saturday,1,2023,1,3582,,0,26.6,16.6,0.0
2023-01-22,Karnataka,228.8,247.2,226.0,241.42857142857142,6,Sunday,1,2023,1,3583,,0,26.7,14.7,0.0
2023-01-23,Karnataka,247.1,228.8,237.2,241.82857142857142,0,Monday,1,2023,0,3584,,0,27.4,14.9,0.0
2023-01-24,Karnataka,250.1,247.1,244.9,243.24285714285716,1,Tuesday,1,2023,0,3585,,0,27.9,17.9,0.0
2023-01-25,Karnataka,251.6,250.1,242.6,243.9857142857143,2,Wednesday,1,2023,0,3586,,0,27.8,16.1,0.0
2023-01-26,Karnataka,233.1,251.6,242.4,245.27142857142857,3,Thursday,1,2023,0,3587,Republic Day,1,27.8,15.0,0.0
2023-01-27,Karnataka,241.9,233.1,249.7,243.94285714285712,4,Friday,1,2023,0,3588,,0,28.3,15.3,0.0
2023-01-28,Karnataka,242.8,241.9,247.2,242.82857142857142,5,Saturday,1,2023,1,3589,,0,27.9,13.9,0.0
2023-01-29,Karnataka,229.3,242.8,228.8,242.2,6,Sunday,1,2023,1,3590,,0,27.7,13.5,0.0
2023-01-30,Karnataka,247.4,229.3,247.1,242.27142857142854,0,Monday,1,2023,0,3591,,0,27.2,17.0,2.3
2023-01-31,Karnataka,257.7,247.4,250.1,242.31428571428572,1,Tuesday,1,2023,0,3592,,0,29.1,17.5,0.0
2023-02-01,Karnataka,252.0,257.7,251.6,243.4,2,Wednesday,2,2023,0,3593,,0,28.4,15.7,0.0
2023-02-02,Karnataka,252.5,252.0,233.1,243.45714285714286,3,Thursday,2,2023,0,3594,,0,29.0,17.3,0.0
2023-02-03,Karnataka,258.6,252.5,241.9,246.22857142857146,4,Friday,2,2023,0,3595,,0,26.6,16.4,0.0
2023-02-04,Karnataka,257.6,258.6,242.8,248.6142857142857,5,Saturday,2,2023,1,3596,,0,29.2,17.0,0.0
2023-02-05,Karnataka,245.0,257.6,229.3,250.72857142857146,6,Sunday,2,2023,1,3597,,0,30.1,16.5,0.0
2023-02-06,Karnataka,265.1,245.0,247.4,252.9714285714286,0,Monday,2,2023,0,3598,,0,29.4,15.9,0.0
2023-02-07,Karnataka,269.0,265.1,257.7,255.5,1,Tuesday,2,2023,0,3599,,0,29.7,16.0,0.0
2023-02-08,Karnataka,271.9,269.0,252.0,257.1142857142857,2,Wednesday,2,2023,0,3600,,0,30.9,17.0,0.0
2023-02-09,Karnataka,271.9,271.9,252.5,259.95714285714286,3,Thursday,2,2023,0,3601,,0,30.3,16.9,0.0
2023-02-10,Karnataka,271.5,271.9,258.6,262.7285714285714,4,Friday,2,2023,0,3602,,0,30.2,16.3,0.0
2023-02-11,Karnataka,269.4,271.5,257.6,264.57142857142856,5,Saturday,2,2023,1,3603,,0,30.3,14.8,0.0
2023-02-12,Karnataka,251.1,269.4,245.0,266.25714285714287,6,Sunday,2,2023,1,3604,,0,31.0,16.1,0.0
2023-02-13,Karnataka,267.4,251.1,265.1,267.12857142857143,0,Monday,2,2023,0,3605,,0,30.5,16.4,0.0
2023-02-14,Karnataka,272.6,267.4,269.0,267.45714285714286,1,Tuesday,2,2023,0,3606,,0,30.5,15.6,0.0
2023-02-15,Karnataka,272.2,272.6,271.9,267.9714285714286,2,Wednesday,2,2023,0,3607,,0,30.6,14.7,0.0
2023-02-16,Karnataka,264.9,272.2,271.9,268.0142857142857,3,Thursday,2,2023,0,3608,,0,30.5,15.7,0.0
2023-02-17,Karnataka,273.5,264.9,271.5,267.0142857142857,4,Friday,2,2023,0,3609,,0,30.4,15.5,0.0
2023-02-18,Karnataka,275.6,273.5,269.4,267.3,5,Saturday,2,2023,1,3610,,0,30.2,14.8,0.0
2023-02-19,Karnataka,258.5,275.6,251.1,268.18571428571425,6,Sunday,2,2023,1,3611,,0,29.9,15.4,0.0
2023-02-20,Karnataka,274.8,258.5,267.4,269.24285714285713,0,Monday,2,2023,0,3612,,0,30.0,16.4,0.0
2023-02-21,Karnataka,281.2,274.8,272.6,270.3,1,Tuesday,2,2023,0,3613,,0,31.1,16.9,0.0
2023-02-22,Karnataka,282.4,281.2,272.2,271.5285714285714,2,Wednesday,2,2023,0,3614,,0,31.1,16.7,0.0
2023-02-23,Karnataka,276.6,282.4,264.9,272.98571428571427,3,Thursday,2,2023,0,3615,,0,31.0,15.1,0.0
2023-02-24,Karnataka,284.0,276.6,273.5,274.6571428571429,4,Friday,2,2023,0,3616,,0,31.4,14.2,0.0
2023-02-25,Karnataka,281.2,284.0,275.6,276.1571428571429,5,Saturday,2,2023,1,3617,,0,31.7,15.4,0.0
2023-02-26,Karnataka,262.5,281.2,258.5,276.95714285714286,6,Sunday,2,2023,1,3618,,0,30.5,16.4,0.0
2023-02-27,Karnataka,273.7,262.5,274.8,277.5285714285714,0,Monday,2,2023,0,3619,,0,29.9,13.9,0.0
2023-02-28,Karnataka,280.3,273.7,281.2,277.37142857142857,1,Tuesday,2,2023,0,3620,,0,30.7,14.2,0.0
2023-03-01,Karnataka,285.0,280.3,282.4,277.24285714285713,2,Wednesday,3,2023,0,3621,,0,30.0,18.2,0.0
2023-03-02,Karnataka,279.0,285.0,276.6,277.61428571428576,3,Thursday,3,2023,0,3622,,0,30.1,15.2,0.0
2023-03-03,Karnataka,277.8,279.0,284.0,277.95714285714286,4,Friday,3,2023,0,3623,,0,31.0,15.0,0.0
2023-03-04,Karnataka,277.7,277.8,281.2,277.07142857142856,5,Saturday,3,2023,1,3624,,0,31.0,16.2,0.0
2023-03-05,Karnataka,269.0,277.7,262.5,276.57142857142856,6,Sunday,3,2023,1,3625,,0,31.3,17.2,0.0
2023-03-06,Karnataka,283.6,269.0,273.7,277.5,0,Monday,3,2023,0,3626,,0,31.2,16.8,0.0
2023-03-07,Karnataka,280.4,283.6,280.3,278.9142857142857,1,Tuesday,3,2023,0,3627,,0,31.0,16.1,0.0
2023-03-08,Karnataka,278.9,280.4,285.0,278.92857142857144,2,Wednesday,3,2023,0,3628,Holi,1,30.8,16.2,0.0
2023-03-09,Karnataka,281.6,278.9,279.0,278.0571428571428,3,Thursday,3,2023,0,3629,,0,30.5,16.0,0.0
2023-03-10,Karnataka,288.7,281.6,277.8,278.42857142857144,4,Friday,3,2023,0,3630,,0,30.4,16.5,0.0
2023-03-11,Karnataka,284.3,288.7,277.7,279.98571428571427,5,Saturday,3,2023,1,3631,,0,31.4,15.7,0.0
2023-03-12,Karnataka,261.3,284.3,269.0,280.92857142857144,6,Sunday,3,2023,1,3632,,0,31.2,15.3,0.0
2023-03-13,Karnataka,286.4,261.3,283.6,279.8285714285714,0,Monday,3,2023,0,3633,,0,31.8,17.5,0.0
2023-03-14,Karnataka,296.5,286.4,280.4,280.2285714285714,1,Tuesday,3,2023,0,3634,,0,32.7,18.0,0.0
2023-03-15,Karnataka,295.5,296.5,278.9,282.5285714285714,2,Wednesday,3,2023,0,3635,,0,32.6,18.3,0.0
2023-03-16,Karnataka,280.8,295.5,281.6,284.9,3,Thursday,3,2023,0,3636,,0,30.7,20.0,1.2
2023-03-17,Karnataka,266.4,280.8,288.7,284.7857142857143,4,Friday,3,2023,0,3637,,0,29.4,19.2,3.9
2023-03-18,Karnataka,260.6,266.4,284.3,281.6,5,Saturday,3,2023,1,3638,,0,30.0,18.9,12.4
2023-03-19,Karnataka,239.6,260.6,261.3,278.2142857142857,6,Sunday,3,2023,1,3639,,0,30.4,17.7,6.7
2023-03-20,Karnataka,267.7,239.6,286.4,275.1142857142857,0,Monday,3,2023,0,3640,,0,31.4,17.0,0.0
2023-03-21,Karnataka,281.8,267.7,296.5,272.4428571428571,1,Tuesday,3,2023,0,3641,,0,31.4,18.1,0.0
2023-03-22,Karnataka,268.9,281.8,295.5,270.34285714285716,2,Wednesday,3,2023,0,3642,Ugadi,1,31.7,18.1,0.0
2023-03-23,Karnataka,281.0,268.9,280.8,266.54285714285714,3,Thursday,3,2023,0,3643,,0,33.6,19.3,0.0
2023-03-24,Karnataka,289.0,281.0,266.4,266.57142857142856,4,Friday,3,2023,0,3644,,0,33.0,19.9,0.0
2023-03-25,Karnataka,288.8,289.0,260.6,269.8,5,Saturday,3,2023,1,3645,,0,30.8,19.6,1.3
2023-03-26,Karnataka,274.4,288.8,239.6,273.8285714285715,6,Sunday,3,2023,1,3646,,0,31.0,20.7,0.4
2023-03-27,Karnataka,290.5,274.4,267.7,278.8,0,Monday,3,2023,0,3647,,0,35.5,20.2,0.0
2023-03-28,Karnataka,296.5,290.5,281.8,282.0571428571429,1,Tuesday,3,2023,0,3648,,0,34.7,20.4,0.0
2023-03-29,Karnataka,300.5,296.5,268.9,284.15714285714284,2,Wednesday,3,2023,0,3649,,0,32.3,21.3,5.7
2023-03-30,Karnataka,,300.5,281.0,288.6714285714286,3,Thursday,3,2023,0,3650,Ram Navami,1,32.2,20.9,0.6
2023-03-31,Karnataka,295.3,,289.0,,4,Friday,3,2023,0,3651,,0,31.4,19.8,0.2
2023-04-01,Karnataka,288.9,295.3,288.8,,5,Saturday,4,2023,1,3652,,0,29.7,21.5,1.5
2023-04-02,Karnataka,271.0,288.9,274.4,,6,Sunday,4,2023,1,3653,,0,33.8,20.1,0.0
2023-04-03,Karnataka,291.8,271.0,290.5,,0,Monday,4,2023,0,3654,,0,32.9,19.7,0.0
2023-04-04,Karnataka,288.6,291.8,296.5,,1,Tuesday,4,2023,0,3655,Mahavir Jayanti,1,31.1,20.9,0.6
2023-04-05,Karnataka,292.9,288.6,300.5,,2,Wednesday,4,2023,0,3656,,0,32.5,19.1,0.0
2023-04-06,Karnataka,294.9,292.9,,,3,Thursday,4,2023,0,3657,,0,31.2,20.6,0.2
2023-04-07,Karnataka,277.1,294.9,295.3,289.0571428571429,4,Friday,4,2023,0,3658,Good Friday,1,32.1,20.3,0.0
2023-04-08,Karnataka,274.6,277.1,288.9,286.45714285714286,5,Saturday,4,2023,1,3659,,0,32.2,19.5,0.0
2023-04-09,Karnataka,268.4,274.6,271.0,284.4142857142857,6,Sunday,4,2023,1,3660,,0,32.4,18.3,0.0
2023-04-10,Karnataka,293.4,268.4,291.8,284.04285714285714,0,Monday,4,2023,0,3661,,0,32.9,19.4,0.0
2023-04-11,Karnataka,297.7,293.4,288.6,284.2714285714286,1,Tuesday,4,2023,0,3662,,0,33.6,18.8,0.0
2023-04-12,Karnataka,301.2,297.7,292.9,285.57142857142856,2,Wednesday,4,2023,0,3663,,0,34.7,18.6,0.0
2023-04-13,Karnataka,304.8,301.2,294.9,286.75714285714287,3,Thursday,4,2023,0,3664,,0,35.1,18.9,0.0
2023-04-14,Karnataka,299.3,304.8,277.1,288.1714285714286,4,Friday,4,2023,0,3665,Dr. B. R. Ambedkar's Jayanti,1,35.2,20.1,0.0
2023-04-15,Karnataka,289.1,299.3,274.6,291.34285714285716,5,Saturday,4,2023,1,3666,,0,34.0,19.7,0.0
2023-04-16,Karnataka,282.2,289.1,268.4,293.4142857142857,6,Sunday,4,2023,1,3667,,0,34.3,19.5,0.0
2023-04-17,Karnataka,301.3,282.2,293.4,295.38571428571424,0,Monday,4,2023,0,3668,,0,34.6,19.5,0.0
2023-04-18,Karnataka,305.6,301.3,297.7,296.5142857142857,1,Tuesday,4,2023,0,3669,,0,34.9,20.5,0.0
2023-04-19,Karnataka,307.8,305.6,301.2,297.64285714285717,2,Wednesday,4,2023,0,3670,,0,35.5,21.0,0.0
2023-04-20,Karnataka,309.5,307.8,304.8,298.5857142857143,3,Thursday,4,2023,0,3671,,0,34.9,20.6,0.0
2023-04-21,Karnataka,298.1,309.5,299.3,299.25714285714287,4,Friday,4,2023,0,3672,,0,33.9,21.4,0.0
2023-04-22,Karnataka,278.4,298.1,289.1,299.0857142857143,5,Saturday,4,2023,1,3673,Id-ul-Fitr,1,33.4,21.1,0.0
2023-04-23,Karnataka,267.0,278.4,282.2,297.5571428571429,6,Sunday,4,2023,1,3674,,0,33.3,21.4,0.0
2023-04-24,Karnataka,294.1,267.0,301.3,295.38571428571424,0,Monday,4,2023,0,3675,,0,33.8,21.5,0.1
2023-04-25,Karnataka,287.6,294.1,305.6,294.35714285714283,1,Tuesday,4,2023,0,3676,,0,32.1,22.1,2.1
2023-04-26,Karnataka,284.4,287.6,307.8,291.78571428571433,2,Wednesday,4,2023,0,3677,,0,33.2,21.1,0.8
2023-04-27,Karnataka,289.5,284.4,309.5,288.4428571428571,3,Thursday,4,2023,0,3678,,0,33.7,21.1,0.1
2023-04-28,Karnataka,287.8,289.5,298.1,285.5857142857143,4,Friday,4,2023,0,3679,,0,32.8,21.3,0.3
2023-04-29,Karnataka,275.0,287.8,278.4,284.11428571428576,5,Saturday,4,2023,1,3680,,0,31.8,20.9,4.5
2023-04-30,Karnataka,229.1,275.0,267.0,283.62857142857143,6,Sunday,4,2023,1,3681,,0,31.9,20.3,17.8
2023-05-01,Karnataka,223.7,229.1,294.1,278.2142857142857,0,Monday,5,2023,0,3682,,0,29.5,19.4,3.8
2023-05-02,Karnataka,230.3,223.7,287.6,268.1571428571429,1,Tuesday,5,2023,0,3683,,0,29.6,20.6,2.5
2023-05-03,Karnataka,242.4,230.3,284.4,259.9714285714286,2,Wednesday,5,2023,0,3684,,0,27.0,19.8,5.2
2023-05-04,Karnataka,251.2,242.4,289.5,253.9714285714286,3,Thursday,5,2023,0,3685,,0,28.6,19.8,1.0
2023-05-05,Karnataka,253.1,251.2,287.8,248.5,4,Friday,5,2023,0,3686,Buddha Purnima,1,27.7,20.0,0.7
2023-05-06,Karnataka,249.8,253.1,275.0,243.54285714285714,5,Saturday,5,2023,1,3687,,0,29.8,20.4,8.7
2023-05-07,Karnataka,222.8,249.8,229.1,239.94285714285715,6,Sunday,5,2023,1,3688,,0,26.1,20.1,4.1
2023-05-08,Karnataka,229.3,222.8,223.7,239.04285714285714,0,Monday,5,2023,0,3689,,0,29.3,21.0,19.8
2023-05-09,Karnataka,216.9,229.3,230.3,239.84285714285713,1,Tuesday,5,2023,0,3690,,0,31.0,19.1,9.6
2023-05-10,Karnataka,197.9,216.9,242.4,237.92857142857142,2,Wednesday,5,2023,0,3691,,0,32.0,19.4,0.0
2023-05-11,Karnataka,218.4,197.9,251.2,231.57142857142858,3,Thursday,5,2023,0,3692,,0,32.6,20.4,6.7
2023-05-12,Karnataka,220.3,218.4,253.1,226.8857142857143,4,Friday,5,2023,0,3693,,0,31.8,20.9,0.2
2023-05-13,Karnataka,219.4,220.3,249.8,222.20000000000002,5,Saturday,5,2023,1,3694,,0,30.9,21.5,2.1
2023-05-14,Karnataka,214.1,219.4,222.8,217.85714285714286,6,Sunday,5,2023,1,3695,,0,32.4,20.5,0.0
2023-05-15,Karnataka,245.9,214.1,229.3,216.61428571428573,0,Monday,5,2023,0,3696,,0,33.0,21.2,0.0
2023-05-16,Karnataka,263.6,245.9,216.9,218.9857142857143,1,Tuesday,5,2023,0,3697,,0,33.0,19.8,0.0
2023-05-17,Karnataka,274.4,263.6,197.9,225.65714285714284,2,Wednesday,5,2023,0,3698,,0,32.6,21.9,0.0
2023-05-18,Karnataka,283.5,274.4,218.4,236.58571428571426,3,Thursday,5,2023,0,3699,,0,34.2,21.5,0.1
2023-05-19,Karnataka,286.2,283.5,220.3,245.8857142857143,4,Friday,5,2023,0,3700,,0,34.2,21.7,0.0
2023-05-20,Karnataka,287.5,286.2,219.4,255.3,5,Saturday,5,2023,1,3701,,0,33.3,21.2,0.1
2023-05-21,Karnataka,243.3,287.5,214.1,265.0285714285714,6,Sunday,5,2023,1,3702,,0,31.6,21.8,7.3
2023-05-22,Karnataka,236.5,243.3,245.9,269.2,0,Monday,5,2023,0,3703,,0,31.6,20.4,1.6
2023-05-23,Karnataka,246.1,236.5,263.6,267.85714285714283,1,Tuesday,5,2023,0,3704,,0,32.4,19.8,1.0
2023-05-24,Karnataka,242.8,246.1,274.4,265.35714285714283,2,Wednesday,5,2023,0,3705,,0,31.8,21.1,6.6
2023-05-25,Karnataka,245.8,242.8,283.5,260.84285714285716,3,Thursday,5,2023,0,3706,,0,31.3,20.9,1.4
2023-05-26,Karnataka,253.7,245.8,286.2,255.45714285714286,4,Friday,5,2023,0,3707,,0,31.3,20.8,0.0
2023-05-27,Karnataka,259.8,253.7,287.5,250.81428571428572,5,Saturday,5,2023,1,3708,,0,31.4,20.5,0.5
2023-05-28,Karnataka,246.6,259.8,243.3,246.85714285714286,6,Sunday,5,2023,1,3709,,0,32.3,21.1,0.0
2023-05-29,Karnataka,265.6,246.6,236.5,247.32857142857142,0,Monday,5,2023,0,3710,,0,32.6,21.4,1.8
2023-05-30,Karnataka,245.3,265.6,246.1,251.4857142857143,1,Tuesday,5,2023,0,3711,,0,30.0,21.5,36.6
2023-05-31,Karnataka,243.1,245.3,242.8,251.3714285714286,2,Wednesday,5,2023,0,3712,,0,30.6,21.2,20.3
2023-06-01,Karnataka,234.9,243.1,245.8,251.41428571428574,3,Thursday,6,2023,0,3713,,0,31.0,20.7,3.1
2023-06-02,Karnataka,241.6,234.9,253.7,249.85714285714286,4,Friday,6,2023,0,3714,,0,30.3,20.8,0.0
2023-06-03,Karnataka,250.9,241.6,259.8,248.12857142857143,5,Saturday,6,2023,1,3715,,0,31.6,20.9,0.4
2023-06-04,Karnataka,231.9,250.9,246.6,246.85714285714286,6,Sunday,6,2023,1,3716,,0,30.0,21.2,0.0
2023-06-05,Karnataka,257.9,231.9,265.6,244.7571428571429,0,Monday,6,2023,0,3717,,0,30.8,21.0,0.1
2023-06-06,Karnataka,262.0,257.9,245.3,243.65714285714284,1,Tuesday,6,2023,0,3718,,0,31.3,21.3,0.3
2023-06-07,Karnataka,263.3,262.0,243.1,246.04285714285717,2,Wednesday,6,2023,0,3719,,0,31.6,21.2,0.0
2023-06-08,Karnataka,264.8,263.3,234.9,248.92857142857142,3,Thursday,6,2023,0,3720,,0,31.6,20.6,0.0
2023-06-09,Karnataka,256.1,264.8,241.6,253.20000000000002,4,Friday,6,2023,0,3721,,0,31.4,20.3,5.5
2023-06-10,Karnataka,238.5,256.1,250.9,255.27142857142857,5,Saturday,6,2023,1,3722,,0,30.8,20.1,0.7
2023-06-11,Karnataka,221.5,238.5,231.9,253.5,6,Sunday,6,2023,1,3723,,0,30.8,20.6,0.2
2023-06-12,Karnataka,245.2,221.5,257.9,252.0142857142857,0,Monday,6,2023,0,3724,,0,30.5,20.3,13.0
2023-06-13,Karnataka,256.3,245.2,262.0,250.2,1,Tuesday,6,2023,0,3725,,0,30.8,20.1,1.8
2023-06-14,Karnataka,261.1,256.3,263.3,249.38571428571433,2,Wednesday,6,2023,0,3726,,0,30.7,20.0,1.1
2023-06-15,Karnataka,271.7,261.1,264.8,249.07142857142858,3,Thursday,6,2023,0,3727,,0,31.6,19.9,0.0
2023-06-16,Karnataka,276.6,271.7,256.1,250.05714285714288,4,Friday,6,2023,0,3728,,0,32.0,20.8,0.0
2023-06-17,Karnataka,274.3,276.6,238.5,252.9857142857143,5,Saturday,6,2023,1,3729,,0,31.4,19.9,0.2
2023-06-18,Karnataka,259.4,274.3,221.5,258.1,6,Sunday,6,2023,1,3730,,0,30.8,21.2,1.0
2023-06-19,Karnataka,269.1,259.4,245.2,263.51428571428573,0,Monday,6,2023,0,3731,,0,28.4,20.5,2.4
2023-06-20,Karnataka,253.5,269.1,256.3,266.92857142857144,1,Tuesday,6,2023,0,3732,,0,26.3,21.4,18.5
2023-06-21,Karnataka,246.2,253.5,261.1,266.5285714285714,2,Wednesday,6,2023,0,3733,,0,29.4,20.3,13.6
2023-06-22,Karnataka,241.6,246.2,271.7,264.4,3,Thursday,6,2023,0,3734,,0,29.1,20.8,3.7
2023-06-23,Karnataka,241.7,241.6,276.6,260.1,4,Friday,6,2023,0,3735,,0,28.9,20.3,0.5
2023-06-24,Karnataka,221.8,241.7,274.3,255.1142857142857,5,Saturday,6,2023,1,3736,,0,28.1,20.3,3.6
2023-06-25,Karnataka,204.6,221.8,259.4,247.61428571428573,6,Sunday,6,2023,1,3737,,0,29.1,19.3,0.9
2023-06-26,Karnataka,219.1,204.6,269.1,239.78571428571428,0,Monday,6,2023,0,3738,,0,28.7,20.2,0.2
2023-06-27,Karnataka,234.8,219.1,253.5,232.64285714285714,1,Tuesday,6,2023,0,3739,,0,28.8,19.4,2.3
2023-06-28,Karnataka,235.8,234.8,246.2,229.9714285714286,2,Wednesday,6,2023,0,3740,,0,28.9,19.8,2.4
2023-06-29,Karnataka,228.6,235.8,241.6,228.4857142857143,3,Thursday,6,2023,0,3741,Id-ul-Zuha (Bakrid),1,28.7,19.5,9.1
2023-06-30,Karnataka,218.6,228.6,241.7,226.6285714285714,4,Friday,6,2023,0,3742,,0,29.8,20.1,1.7
2023-07-01,Karnataka,224.9,218.6,221.8,223.32857142857145,5,Saturday,7,2023,1,3743,,0,29.3,19.8,0.7
2023-07-02,Karnataka,211.4,224.9,204.6,223.77142857142854,6,Sunday,7,2023,1,3744,,0,28.9,20.5,4.7
2023-07-03,Karnataka,222.6,211.4,219.1,224.74285714285716,0,Monday,7,2023,0,3745,,0,28.9,20.3,8.3
2023-07-04,Karnataka,219.1,222.6,234.8,225.24285714285716,1,Tuesday,7,2023,0,3746,,0,26.4,20.0,14.9
2023-07-05,Karnataka,212.0,219.1,235.8,223.0,2,Wednesday,7,2023,0,3747,,0,26.5,20.1,12.3
2023-07-06,Karnataka,203.1,212.0,228.6,219.6,3,Thursday,7,2023,0,3748,,0,25.2,19.6,15.3
2023-07-07,Karnataka,203.7,203.1,218.6,215.95714285714286,4,Friday,7,2023,0,3749,,0,26.7,19.4,4.9
2023-07-08,Karnataka,203.1,203.7,224.9,213.82857142857142,5,Saturday,7,2023,1,3750,,0,26.9,19.9,1.8
2023-07-09,Karnataka,188.3,203.1,211.4,210.71428571428572,6,Sunday,7,2023,1,3751,,0,27.9,20.1,4.6
2023-07-10,Karnataka,215.0,188.3,222.6,207.41428571428568,0,Monday,7,2023,0,3752,,0,26.4,19.6,4.3
2023-07-11,Karnataka,219.0,215.0,219.1,206.32857142857142,1,Tuesday,7,2023,0,3753,,0,26.0,20.0,0.7
2023-07-12,Karnataka,221.7,219.0,212.0,206.3142857142857,2,Wednesday,7,2023,0,3754,,0,28.0,19.4,1.7
2023-07-13,Karnataka,220.5,221.7,203.1,207.7,3,Thursday,7,2023,0,3755,,0,25.4,19.6,6.2
2023-07-14,Karnataka,222.7,220.5,203.7,210.18571428571428,4,Friday,7,2023,0,3756,,0,27.5,19.8,2.4
2023-07-15,Karnataka,222.9,222.7,203.1,212.9,5,Saturday,7,2023,1,3757,,0,28.1,19.3,0.6
2023-07-16,Karnataka,202.9,222.9,188.3,215.72857142857143,6,Sunday,7,2023,1,3758,,0,27.7,19.6,1.3
2023-07-17,Karnataka,215.6,202.9,215.0,217.81428571428572,0,Monday,7,2023,0,3759,,0,27.5,19.5,2.5
2023-07-18,Karnataka,207.0,215.6,219.0,217.90000000000003,1,Tuesday,7,2023,0,3760,,0,27.9,20.4,0.8
2023-07-19,Karnataka,201.6,207.0,221.7,216.1857142857143,2,Wednesday,7,2023,0,3761,,0,26.6,20.4,1.1
2023-07-20,Karnataka,195.9,201.6,220.5,213.31428571428572,3,Thursday,7,2023,0,3762,,0,27.2,20.4,1.6
2023-07-21,Karnataka,202.4,195.9,222.7,209.79999999999998,4,Friday,7,2023,0,3763,,0,27.6,20.1,2.3
2023-07-22,Karnataka,193.6,202.4,222.9,206.9,5,Saturday,7,2023,1,3764,,0,25.6,20.6,8.4
2023-07-23,Karnataka,170.5,193.6,202.9,202.71428571428572,6,Sunday,7,2023,1,3765,,0,26.0,20.3,9.7
2023-07-24,Karnataka,177.9,170.5,215.6,198.08571428571426,0,Monday,7,2023,0,3766,,0,25.7,19.8,12.7
2023-07-25,Karnataka,172.3,177.9,207.0,192.70000000000002,1,Tuesday,7,2023,0,3767,,0,23.4,19.8,13.5
2023-07-26,Karnataka,170.4,172.3,201.6,187.74285714285716,2,Wednesday,7,2023,0,3768,,0,23.2,19.3,19.3
2023-07-27,Karnataka,166.3,170.4,195.9,183.28571428571428,3,Thursday,7,2023,0,3769,,0,27.1,19.6,2.3
2023-07-28,Karnataka,175.3,166.3,202.4,179.05714285714285,4,Friday,7,2023,0,3770,,0,28.2,19.0,1.5
2023-07-29,Karnataka,173.6,175.3,193.6,175.1857142857143,5,Saturday,7,2023,1,3771,Muharram,1,27.8,19.5,1.0
2023-07-30,Karnataka,166.3,173.6,170.5,172.32857142857145,6,Sunday,7,2023,1,3772,,0,28.0,18.6,0.7
2023-07-31,Karnataka,196.8,166.3,177.9,171.72857142857146,0,Monday,7,2023,0,3773,,0,28.7,19.4,1.3
2023-08-01,Karnataka,201.4,196.8,172.3,174.42857142857142,1,Tuesday,8,2023,0,3774,,0,28.2,19.7,0.4
2023-08-02,Karnataka,204.5,201.4,170.4,178.58571428571432,2,Wednesday,8,2023,0,3775,,0,28.0,19.5,0.0
2023-08-03,Karnataka,212.9,204.5,166.3,183.45714285714286,3,Thursday,8,2023,0,3776,,0,28.0,19.6,1.0
2023-08-04,Karnataka,225.3,212.9,175.3,190.11428571428573,4,Friday,8,2023,0,3777,,0,28.6,19.1,1.1
2023-08-05,Karnataka,226.5,225.3,173.6,197.25714285714284,5,Saturday,8,2023,1,3778,,0,28.7,19.4,1.2
2023-08-06,Karnataka,212.2,226.5,166.3,204.81428571428572,6,Sunday,8,2023,1,3779,,0,28.8,19.4,0.3
2023-08-07,Karnataka,235.8,212.2,196.8,211.3714285714286,0,Monday,8,2023,0,3780,,0,29.0,19.5,0.9
2023-08-08,Karnataka,242.6,235.8,201.4,216.94285714285715,1,Tuesday,8,2023,0,3781,,0,28.9,19.2,0.6
2023-08-09,Karnataka,249.3,242.6,204.5,222.82857142857142,2,Wednesday,8,2023,0,3782,,0,29.1,19.2,1.1
2023-08-10,Karnataka,252.7,249.3,212.9,229.22857142857143,3,Thursday,8,2023,0,3783,,0,28.7,19.9,0.5
2023-08-11,Karnataka,254.2,252.7,225.3,234.91428571428568,4,Friday,8,2023,0,3784,,0,28.4,20.3,0.6
2023-08-12,Karnataka,258.2,254.2,226.5,239.04285714285714,5,Saturday,8,2023,1,3785,,0,29.7,20.1,0.3
2023-08-13,Karnataka,245.9,258.2,212.2,243.57142857142858,6,Sunday,8,2023,1,3786,,0,29.3,19.6,0.1
2023-08-14,Karnataka,268.2,245.9,235.8,248.38571428571427,0,Monday,8,2023,0,3787,,0,29.2,20.6,0.4
2023-08-15,Karnataka,258.0,268.2,242.6,253.0142857142857,1,Tuesday,8,2023,0,3788,Independence Day,1,29.4,19.0,0.5
2023-08-16,Karnataka,271.2,258.0,249.3,255.21428571428572,2,Wednesday,8,2023,0,3789,,0,30.8,19.1,0.0
2023-08-17,Karnataka,282.1,271.2,252.7,258.3428571428571,3,Thursday,8,2023,0,3790,,0,30.7,20.1,0.6
2023-08-18,Karnataka,280.1,282.1,254.2,262.54285714285714,4,Friday,8,2023,0,3791,,0,30.1,19.8,1.1
2023-08-19,Karnataka,257.4,280.1,258.2,266.24285714285713,5,Saturday,8,2023,1,3792,,0,28.9,19.9,7.3
2023-08-20,Karnataka,236.3,257.4,245.9,266.12857142857143,6,Sunday,8,2023,1,3793,,0,30.0,19.4,0.8
2023-08-21,Karnataka,260.6,236.3,268.2,264.75714285714287,0,Monday,8,2023,0,3794,,0,30.5,19.4,0.0
2023-08-22,Karnataka,260.1,260.6,258.0,263.6714285714286,1,Tuesday,8,2023,0,3795,,0,30.7,20.3,0.8
2023-08-23,Karnataka,291.0,260.1,271.2,263.9714285714286,2,Wednesday,8,2023,0,3796,,0,30.6,20.5,0.0
2023-08-24,Karnataka,295.6,291.0,282.1,266.8,3,Thursday,8,2023,0,3797,,0,30.5,20.0,0.0
2023-08-25,Karnataka,295.5,295.6,280.1,268.72857142857146,4,Friday,8,2023,0,3798,,0,31.0,19.7,0.0
2023-08-26,Karnataka,283.7,295.5,257.4,270.92857142857144,5,Saturday,8,2023,1,3799,,0,31.0,19.9,3.8
2023-08-27,Karnataka,272.0,283.7,236.3,274.6857142857143,6,Sunday,8,2023,1,3800,,0,30.6,20.5,0.1
2023-08-28,Karnataka,289.4,272.0,260.6,279.7857142857143,0,Monday,8,2023,0,3801,,0,31.4,20.5,0.0
2023-08-29,Karnataka,284.7,289.4,260.1,283.9,1,Tuesday,8,2023,0,3802,,0,31.0,20.8,0.7
2023-08-30,Karnataka,278.3,284.7,291.0,287.4142857142857,2,Wednesday,8,2023,0,3803,,0,31.4,19.9,12.5
2023-08-31,Karnataka,268.3,278.3,295.6,285.6,3,Thursday,8,2023,0,3804,,0,28.8,19.9,8.8
2023-09-01,Karnataka,257.0,268.3,295.5,281.7,4,Friday,9,2023,0,3805,,0,30.2,20.0,9.2
2023-09-02,Karnataka,253.3,257.0,283.7,276.2,5,Saturday,9,2023,1,3806,,0,29.2,20.2,11.8
2023-09-03,Karnataka,230.2,253.3,272.0,271.85714285714283,6,Sunday,9,2023,1,3807,,0,28.3,20.0,0.0
2023-09-04,Karnataka,221.8,230.2,289.4,265.88571428571424,0,Monday,9,2023,0,3808,,0,26.9,20.3,1.2
2023-09-05,Karnataka,223.3,221.8,284.7,256.22857142857146,1,Tuesday,9,2023,0,3809,,0,25.8,19.5,1.5
2023-09-06,Karnataka,219.6,223.3,278.3,247.45714285714286,2,Wednesday,9,2023,0,3810,,0,28.2,20.4,1.3
2023-09-07,Karnataka,223.3,219.6,268.3,239.07142857142858,3,Thursday,9,2023,0,3811,Janmashtami (Vaishnava),1,28.7,20.4,4.7
2023-09-08,Karnataka,233.3,223.3,257.0,232.64285714285714,4,Friday,9,2023,0,3812,,0,28.1,20.2,2.1
2023-09-09,Karnataka,228.8,233.3,253.3,229.25714285714284,5,Saturday,9,2023,1,3813,,0,29.0,19.7,1.1
2023-09-10,Karnataka,218.5,228.8,230.2,225.75714285714284,6,Sunday,9,2023,1,3814,,0,28.6,19.5,2.0
2023-09-11,Karnataka,245.3,218.5,221.8,224.08571428571426,0,Monday,9,2023,0,3815,,0,27.6,19.6,1.6
2023-09-12,Karnataka,252.6,245.3,223.3,227.44285714285712,1,Tuesday,9,2023,0,3816,,0,28.8,20.0,2.5
2023-09-13,Karnataka,258.3,252.6,219.6,231.62857142857143,2,Wednesday,9,2023,0,3817,,0,28.9,19.2,4.1
2023-09-14,Karnataka,263.4,258.3,223.3,237.15714285714287,3,Thursday,9,2023,0,3818,,0,28.8,19.1,0.6
2023-09-15,Karnataka,262.1,263.4,233.3,242.88571428571427,4,Friday,9,2023,0,3819,,0,28.8,19.7,3.5
2023-09-16,Karnataka,254.4,262.1,228.8,247.0,5,Saturday,9,2023,1,3820,,0,28.6,20.0,5.8
2023-09-17,Karnataka,231.9,254.4,218.5,250.65714285714287,6,Sunday,9,2023,1,3821,,0,26.8,19.9,7.5
2023-09-18,Karnataka,226.6,231.9,245.3,252.57142857142858,0,Monday,9,2023,0,3822,,0,28.8,19.5,4.8
2023-09-19,Karnataka,236.5,226.6,252.6,249.90000000000003,1,Tuesday,9,2023,0,3823,,0,28.7,19.7,1.0
2023-09-20,Karnataka,255.8,236.5,258.3,247.6,2,Wednesday,9,2023,0,3824,,0,28.7,19.1,0.3
2023-09-21,Karnataka,263.1,255.8,263.4,247.24285714285716,3,Thursday,9,2023,0,3825,,0,27.0,19.6,0.2
2023-09-22,Karnataka,262.3,263.1,262.1,247.20000000000002,4,Friday,9,2023,0,3826,,0,28.6,19.6,6.2
2023-09-23,Karnataka,247.1,262.3,254.4,247.22857142857146,5,Saturday,9,2023,1,3827,,0,29.0,19.9,6.5
2023-09-24,Karnataka,222.3,247.1,231.9,246.18571428571428,6,Sunday,9,2023,1,3828,,0,27.1,19.9,7.5
2023-09-25,Karnataka,235.8,222.3,226.6,244.81428571428572,0,Monday,9,2023,0,3829,,0,26.9,19.5,1.1
2023-09-26,Karnataka,233.1,235.8,236.5,246.12857142857143,1,Tuesday,9,2023,0,3830,,0,28.4,19.5,1.8
2023-09-27,Karnataka,237.0,233.1,255.8,245.64285714285714,2,Wednesday,9,2023,0,3831,,0,27.9,19.7,11.5
2023-09-28,Karnataka,236.7,237.0,263.1,242.95714285714286,3,Thursday,9,2023,0,3832,Milad-un-Nabi,1,27.1,19.0,9.4
2023-09-29,Karnataka,221.0,236.7,262.3,239.18571428571428,4,Friday,9,2023,0,3833,,0,27.5,19.8,5.7
2023-09-30,Karnataka,225.5,221.0,247.1,233.28571428571428,5,Saturday,9,2023,1,3834,,0,28.2,19.5,2.7
2023-10-01,Karnataka,203.0,225.5,222.3,230.20000000000002,6,Sunday,10,2023,1,3835,,0,27.5,20.3,1.1
2023-10-02,Karnataka,214.4,203.0,235.8,227.44285714285715,0,Monday,10,2023,0,3836,Mahatma Gandhi's Jayanti,1,28.1,19.8,0.3
2023-10-03,Karnataka,247.0,214.4,233.1,224.38571428571427,1,Tuesday,10,2023,0,3837,,0,28.2,19.1,0.1
2023-10-04,Karnataka,264.2,247.0,237.0,226.37142857142857,2,Wednesday,10,2023,0,3838,,0,28.2,19.0,0.4
2023-10-05,Karnataka,265.7,264.2,236.7,230.25714285714284,3,Thursday,10,2023,0,3839,,0,27.5,19.7,2.2
2023-10-06,Karnataka,256.7,265.7,221.0,234.4,4,Friday,10,2023,0,3840,,0,29.5,20.2,1.5
2023-10-07,Karnataka,245.1,256.7,225.5,239.5,5,Saturday,10,2023,1,3841,,0,29.3,20.0,0.8
2023-10-08,Karnataka,247.2,245.1,203.0,242.29999999999998,6,Sunday,10,2023,1,3842,,0,29.7,20.2,14.4
2023-10-09,Karnataka,256.5,247.2,214.4,248.6142857142857,0,Monday,10,2023,0,3843,,0,27.8,19.2,19.3
2023-10-10,Karnataka,255.7,256.5,247.0,254.62857142857143,1,Tuesday,10,2023,0,3844,,0,28.7,19.5,1.9
2023-10-11,Karnataka,254.4,255.7,264.2,255.87142857142857,2,Wednesday,10,2023,0,3845,,0,29.2,19.8,1.0
2023-10-12,Karnataka,247.3,254.4,265.7,254.47142857142856,3,Thursday,10,2023,0,3846,,0,30.0,19.9,0.3
2023-10-13,Karnataka,252.8,247.3,256.7,251.84285714285713,4,Friday,10,2023,0,3847,,0,29.4,18.5,0.0
2023-10-14,Karnataka,259.8,252.8,245.1,251.28571428571425,5,Saturday,10,2023,1,3848,,0,29.2,18.4,0.0
2023-10-15,Karnataka,246.6,259.8,247.2,253.38571428571427,6,Sunday,10,2023,1,3849,,0,30.7,19.2,0.0
2023-10-16,Karnataka,266.2,246.6,256.5,253.29999999999998,0,Monday,10,2023,0,3850,,0,30.0,20.8,0.4
2023-10-17,Karnataka,267.0,266.2,255.7,254.68571428571425,1,Tuesday,10,2023,0,3851,,0,30.0,20.5,0.3
2023-10-18,Karnataka,269.8,267.0,254.4,256.3,2,Wednesday,10,2023,0,3852,,0,30.4,19.1,0.0
2023-10-19,Karnataka,276.6,269.8,247.3,258.5,3,Thursday,10,2023,0,3853,,0,30.8,17.6,0.0
2023-10-20,Karnataka,277.3,276.6,252.8,262.68571428571425,4,Friday,10,2023,0,3854,,0,31.1,18.9,0.0
2023-10-21,Karnataka,274.4,277.3,259.8,266.1857142857143,5,Saturday,10,2023,1,3855,,0,31.4,19.8,0.0
2023-10-22,Karnataka,259.6,274.4,246.6,268.27142857142854,6,Sunday,10,2023,1,3856,,0,31.6,19.1,0.0
2023-10-23,Karnataka,253.4,259.6,266.2,270.12857142857143,0,Monday,10,2023,0,3857,,0,30.4,18.3,0.0
2023-10-24,Karnataka,248.2,253.4,267.0,268.3,1,Tuesday,10,2023,0,3858,Dussehra,1,29.9,17.0,0.0
2023-10-25,Karnataka,270.9,248.2,269.8,265.6142857142857,2,Wednesday,10,2023,0,3859,,0,30.0,17.1,0.0
2023-10-26,Karnataka,282.3,270.9,276.6,265.7714285714286,3,Thursday,10,2023,0,3860,,0,30.0,16.5,0.0
2023-10-27,Karnataka,286.9,282.3,277.3,266.5857142857143,4,Friday,10,2023,0,3861,,0,30.7,18.6,0.0
2023-10-28,Karnataka,283.4,286.9,274.4,267.95714285714286,5,Saturday,10,2023,1,3862,,0,30.9,20.3,0.0
2023-10-29,Karnataka,271.0,283.4,259.6,269.24285714285713,6,Sunday,10,2023,1,3863,,0,29.5,20.2,6.1
2023-10-30,Karnataka,273.4,271.0,253.4,270.87142857142857,0,Monday,10,2023,0,3864,,0,28.7,19.5,4.1
2023-10-31,Karnataka,271.6,273.4,248.2,273.7285714285714,1,Tuesday,10,2023,0,3865,,0,28.8,19.5,1.4
2023-11-01,Karnataka,253.6,271.6,270.9,277.07142857142856,2,Wednesday,11,2023,0,3866,Karnataka Rajyotsava,1,29.4,18.9,1.3
2023-11-02,Karnataka,271.7,253.6,282.3,274.59999999999997,3,Thursday,11,2023,0,3867,,0,29.6,18.4,0.6
2023-11-03,Karnataka,275.4,271.7,286.9,273.0857142857143,4,Friday,11,2023,0,3868,,0,30.0,20.7,2.0
2023-11-04,Karnataka,266.7,275.4,283.4,271.4428571428571,5,Saturday,11,2023,1,3869,,0,28.0,19.6,4.8
2023-11-05,Karnataka,239.0,266.7,271.0,269.0571428571428,6,Sunday,11,2023,1,3870,,0,27.8,19.3,22.6
2023-11-06,Karnataka,233.2,239.0,273.4,264.48571428571427,0,Monday,11,2023,0,3871,,0,27.8,19.0,26.6
2023-11-07,Karnataka,220.2,233.2,271.6,258.74285714285713,1,Tuesday,11,2023,0,3872,,0,27.1,18.9,9.2
2023-11-08,Karnataka,223.2,220.2,253.6,251.4,2,Wednesday,11,2023,0,3873,,0,27.4,20.1,13.2
2023-11-09,Karnataka,206.1,223.2,271.7,247.05714285714288,3,Thursday,11,2023,0,3874,,0,27.2,19.6,6.4
2023-11-10,Karnataka,210.4,206.1,275.4,237.68571428571428,4,Friday,11,2023,0,3875,,0,27.3,19.6,0.9
2023-11-11,Karnataka,205.6,210.4,266.7,228.40000000000003,5,Saturday,11,2023,1,3876,,0,28.1,16.9,0.0
2023-11-12,Karnataka,195.9,205.6,239.0,219.67142857142858,6,Sunday,11,2023,1,3877,Diwali (Deepavali),1,27.6,15.9,0.0
2023-11-13,Karnataka,199.1,195.9,233.2,213.5142857142857,0,Monday,11,2023,0,3878,,0,27.2,16.0,0.0
2023-11-14,Karnataka,209.6,199.1,220.2,208.64285714285714,1,Tuesday,11,2023,0,3879,,0,24.1,18.0,0.7
2023-11-15,Karnataka,229.5,209.6,223.2,207.1285714285714,2,Wednesday,11,2023,0,3880,,0,27.4,18.2,1.0
2023-11-16,Karnataka,242.0,229.5,206.1,208.0285714285714,3,Thursday,11,2023,0,3881,,0,28.8,18.4,0.0
2023-11-17,Karnataka,252.3,242.0,210.4,213.15714285714284,4,Friday,11,2023,0,3882,,0,29.7,19.0,0.0
2023-11-18,Karnataka,258.7,252.3,205.6,219.14285714285714,5,Saturday,11,2023,1,3883,,0,29.4,18.9,0.0
2023-11-19,Karnataka,235.5,258.7,195.9,226.72857142857143,6,Sunday,11,2023,1,3884,,0,29.2,17.3,0.0
2023-11-20,Karnataka,253.8,235.5,199.1,232.38571428571427,0,Monday,11,2023,0,3885,,0,28.7,17.4,0.1
2023-11-21,Karnataka,262.2,253.8,209.6,240.20000000000002,1,Tuesday,11,2023,0,3886,,0,28.4,19.0,3.5
2023-11-22,Karnataka,260.0,262.2,229.5,247.71428571428572,2,Wednesday,11,2023,0,3887,,0,28.2,19.8,1.7
2023-11-23,Karnataka,259.2,260.0,242.0,252.07142857142858,3,Thursday,11,2023,0,3888,,0,27.1,19.6,5.4
2023-11-24,Karnataka,256.5,259.2,252.3,254.52857142857144,4,Friday,11,2023,0,3889,,0,27.2,19.5,3.7
2023-11-25,Karnataka,246.3,256.5,258.7,255.12857142857143,5,Saturday,11,2023,1,3890,,0,27.5,19.5,1.5
2023-11-26,Karnataka,225.1,246.3,235.5,253.35714285714286,6,Sunday,11,2023,1,3891,,0,26.8,18.7,0.6
2023-11-27,Karnataka,249.7,225.1,253.8,251.8714285714286,0,Monday,11,2023,0,3892,Guru Nanak's Jayanti,1,26.5,19.4,1.9
2023-11-28,Karnataka,252.4,249.7,262.2,251.28571428571428,1,Tuesday,11,2023,0,3893,,0,27.7,19.4,0.7
2023-11-29,Karnataka,250.9,252.4,260.0,249.8857142857143,2,Wednesday,11,2023,0,3894,,0,28.2,19.7,0.5
2023-11-30,Karnataka,249.8,250.9,259.2,248.58571428571432,3,Thursday,11,2023,0,3895,,0,27.9,18.5,0.2
2023-12-01,Karnataka,254.7,249.8,256.5,247.24285714285716,4,Friday,12,2023,0,3896,,0,28.0,19.3,2.9
2023-12-02,Karnataka,248.8,254.7,246.3,246.9857142857143,5,Saturday,12,2023,1,3897,,0,28.2,17.4,1.2
2023-12-03,Karnataka,228.8,248.8,225.1,247.34285714285716,6,Sunday,12,2023,1,3898,,0,26.5,19.6,2.8
2023-12-04,Karnataka,243.5,228.8,249.7,247.87142857142857,0,Monday,12,2023,0,3899,,0,24.0,19.8,0.0
2023-12-05,Karnataka,248.6,243.5,252.4,246.9857142857143,1,Tuesday,12,2023,0,3900,,0,28.5,18.5,0.0
2023-12-06,Karnataka,255.4,248.6,250.9,246.44285714285712,2,Wednesday,12,2023,0,3901,,0,28.4,17.1,0.0
2023-12-07,Karnataka,258.9,255.4,249.8,247.08571428571426,3,Thursday,12,2023,0,3902,,0,28.9,18.4,0.1
2023-12-08,Karnataka,257.9,258.9,254.7,248.38571428571427,4,Friday,12,2023,0,3903,,0,28.4,19.8,1.9
2023-12-09,Karnataka,247.0,257.9,248.8,248.84285714285713,5,Saturday,12,2023,1,3904,,0,27.1,20.0,1.9
2023-12-10,Karnataka,230.5,247.0,228.8,248.58571428571426,6,Sunday,12,2023,1,3905,,0,28.3,18.9,0.0
2023-12-11,Karnataka,252.2,230.5,243.5,248.82857142857142,0,Monday,12,2023,0,3906,,0,27.8,18.2,0.2
2023-12-12,Karnataka,254.2,252.2,248.6,250.07142857142858,1,Tuesday,12,2023,0,3907,,0,28.1,18.4,0.0
2023-12-13,Karnataka,256.1,254.2,255.4,250.87142857142857,2,Wednesday,12,2023,0,3908,,0,26.6,16.3,0.0
2023-12-14,Karnataka,256.0,256.1,258.9,250.97142857142856,3,Thursday,12,2023,0,3909,,0,26.2,16.8,0.0
2023-12-15,Karnataka,259.4,256.0,257.9,250.55714285714288,4,Friday,12,2023,0,3910,,0,28.4,16.4,0.0
2023-12-16,Karnataka,256.8,259.4,247.0,250.77142857142857,5,Saturday,12,2023,1,3911,,0,28.6,18.8,0.7
2023-12-17,Karnataka,235.2,256.8,230.5,252.17142857142858,6,Sunday,12,2023,1,3912,,0,26.5,18.3,0.2
2023-12-18,Karnataka,251.7,235.2,252.2,252.84285714285716,0,Monday,12,2023,0,3913,,0,26.6,18.5,0.0
2023-12-19,Karnataka,256.6,251.7,254.2,252.77142857142854,1,Tuesday,12,2023,0,3914,,0,27.0,17.8,0.0
2023-12-20,Karnataka,260.6,256.6,256.1,253.1142857142857,2,Wednesday,12,2023,0,3915,,0,27.0,17.1,0.0
2023-12-21,Karnataka,263.3,260.6,256.0,253.75714285714284,3,Thursday,12,2023,0,3916,,0,28.5,16.9,0.0
2023-12-22,Karnataka,271.0,263.3,259.4,254.79999999999998,4,Friday,12,2023,0,3917,,0,28.5,17.8,0.0
2023-12-23,Karnataka,261.6,271.0,256.8,256.45714285714286,5,Saturday,12,2023,1,3918,,0,28.3,16.2,0.0
2023-12-24,Karnataka,241.6,261.6,235.2,257.14285714285717,6,Sunday,12,2023,1,3919,,0,28.9,14.0,0.0
2023-12-25,Karnataka,254.0,241.6,251.7,258.0571428571429,0,Monday,12,2023,0,3920,Christmas,1,28.5,17.5,0.0
2023-12-26,Karnataka,265.9,254.0,256.6,258.3857142857143,1,Tuesday,12,2023,0,3921,,0,28.0,14.5,0.0
2023-12-27,Karnataka,263.6,265.9,260.6,259.7142857142857,2,Wednesday,12,2023,0,3922,,0,28.2,14.9,0.0
2023-12-28,Karnataka,266.1,263.6,263.3,260.14285714285717,3,Thursday,12,2023,0,3923,,0,28.0,15.4,0.0
2023-12-29,Karnataka,269.0,266.1,271.0,260.54285714285714,4,Friday,12,2023,0,3924,,0,27.9,16.6,0.0
2023-12-30,Karnataka,269.2,269.0,261.6,260.25714285714287,5,Saturday,12,2023,1,3925,,0,27.8,17.4,0.0
2023-12-31,Karnataka,254.0,269.2,241.6,261.34285714285716,6,Sunday,12,2023,1,3926,,0,27.9,16.8,0.0
2024-01-01,Karnataka,261.6,254.0,254.0,263.11428571428576,0,Monday,1,2024,0,3927,,0,28.4,16.6,0.0
2024-01-02,Karnataka,271.1,261.6,265.9,264.2,1,Tuesday,1,2024,0,3928,,0,27.6,18.2,0.0
2024-01-03,Karnataka,271.5,271.1,263.6,264.9428571428572,2,Wednesday,1,2024,0,3929,,0,27.4,16.4,0.0
2024-01-04,Karnataka,262.8,271.5,266.1,266.07142857142856,3,Thursday,1,2024,0,3930,,0,25.5,18.2,2.7
2024-01-05,Karnataka,261.7,262.8,269.0,265.6,4,Friday,1,2024,0,3931,,0,27.0,18.6,0.2
2024-01-06,Karnataka,257.4,261.7,269.2,264.5571428571429,5,Saturday,1,2024,1,3932,,0,28.7,19.3,1.2
2024-01-07,Karnataka,228.7,257.4,254.0,262.87142857142857,6,Sunday,1,2024,1,3933,,0,27.8,17.0,0.0
2024-01-08,Karnataka,245.2,228.7,261.6,259.25714285714287,0,Monday,1,2024,0,3934,,0,23.5,18.4,2.4
2024-01-09,Karnataka,247.3,245.2,271.1,256.9142857142857,1,Tuesday,1,2024,0,3935,,0,26.6,18.8,1.0
2024-01-10,Karnataka,252.6,247.3,271.5,253.5142857142857,2,Wednesday,1,2024,0,3936,,0,25.0,17.2,0.0
2024-01-11,Karnataka,258.4,252.6,262.8,250.8142857142857,3,Thursday,1,2024,0,3937,,0,27.8,17.0,0.0
2024-01-12,Karnataka,261.8,258.4,261.7,250.18571428571428,4,Friday,1,2024,0,3938,,0,27.3,15.6,0.0
2024-01-13,Karnataka,269.1,261.8,257.4,250.2,5,Saturday,1,2024,1,3939,,0,28.5,15.8,0.0
2024-01-14,Karnataka,258.7,269.1,228.7,251.8714285714286,6,Sunday,1,2024,1,3940,,0,28.4,16.9,0.0
2024-01-15,Karnataka,263.4,258.7,245.2,256.15714285714284,0,Monday,1,2024,0,3941,,0,28.2,15.6,0.0
2024-01-16,Karnataka,277.5,263.4,247.3,258.75714285714287,1,Tuesday,1,2024,0,3942,,0,28.3,15.7,0.0
2024-01-17,Karnataka,279.5,277.5,252.6,263.07142857142856,2,Wednesday,1,2024,0,3943,,0,28.4,15.9,0.0
2024-01-18,Karnataka,282.9,279.5,258.4,266.9142857142857,3,Thursday,1,2024,0,3944,,0,28.9,16.6,0.0
2024-01-19,Karnataka,284.2,282.9,261.8,270.4142857142857,4,Friday,1,2024,0,3945,,0,29.4,17.5,0.0
2024-01-20,Karnataka,281.6,284.2,269.1,273.6142857142857,5,Saturday,1,2024,1,3946,,0,29.2,16.6,0.0
2024-01-21,Karnataka,267.1,281.6,258.7,275.4,6,Sunday,1,2024,1,3947,,0,29.2,17.0,0.0
2024-01-22,Karnataka,280.5,267.1,263.4,276.59999999999997,0,Monday,1,2024,0,3948,,0,29.2,17.0,0.0
2024-01-23,Karnataka,286.3,280.5,277.5,279.04285714285714,1,Tuesday,1,2024,0,3949,,0,29.1,17.0,0.0
2024-01-24,Karnataka,290.1,286.3,279.5,280.3,2,Wednesday,1,2024,0,3950,,0,29.7,17.3,0.0
2024-01-25,Karnataka,289.9,290.1,282.9,281.81428571428575,3,Thursday,1,2024,0,3951,,0,28.6,17.6,0.0
2024-01-26,Karnataka,273.0,289.9,284.2,282.81428571428575,4,Friday,1,2024,0,3952,Republic Day,1,28.3,16.9,0.0
2024-01-27,Karnataka,273.3,273.0,281.6,281.2142857142857,5,Saturday,1,2024,1,3953,,0,28.4,16.2,0.0
2024-01-28,Karnataka,262.9,273.3,267.1,280.0285714285714,6,Sunday,1,2024,1,3954,,0,28.4,16.0,0.0
2024-01-29,Karnataka,282.8,262.9,280.5,279.42857142857144,0,Monday,1,2024,0,3955,,0,28.2,16.7,0.0
2024-01-30,Karnataka,291.2,282.8,286.3,279.75714285714287,1,Tuesday,1,2024,0,3956,,0,29.2,15.1,0.0
2024-01-31,Karnataka,293.0,291.2,290.1,280.45714285714286,2,Wednesday,1,2024,0,3957,,0,29.6,16.8,0.0
2024-02-01,Karnataka,293.4,293.0,289.9,280.87142857142857,3,Thursday,2,2024,0,3958,,0,30.0,18.4,0.0
2024-02-02,Karnataka,296.6,293.4,273.0,281.37142857142857,4,Friday,2,2024,0,3959,,0,30.6,18.9,0.0
2024-02-03,Karnataka,294.6,296.6,273.3,284.74285714285713,5,Saturday,2,2024,1,3960,,0,30.4,19.4,0.0
2024-02-04,Karnataka,275.2,294.6,262.9,287.7857142857143,6,Sunday,2,2024,1,3961,,0,29.7,17.9,0.0
2024-02-05,Karnataka,294.3,275.2,282.8,289.54285714285714,0,Monday,2,2024,0,3962,,0,30.6,16.7,0.0
2024-02-06,Karnataka,301.4,294.3,291.2,291.18571428571425,1,Tuesday,2,2024,0,3963,,0,32.2,15.8,0.0
2024-02-07,Karnataka,301.1,301.4,293.0,292.64285714285717,2,Wednesday,2,2024,0,3964,,0,32.6,16.8,0.0
2024-02-08,Karnataka,306.1,301.1,293.4,293.8,3,Thursday,2,2024,0,3965,,0,32.9,17.0,0.0
2024-02-09,Karnataka,308.1,306.1,296.6,295.61428571428576,4,Friday,2,2024,0,3966,,0,32.3,17.1,0.0
2024-02-10,Karnataka,301.0,308.1,294.6,297.25714285714287,5,Saturday,2,2024,1,3967,,0,30.8,17.1,0.0
2024-02-11,Karnataka,284.9,301.0,275.2,298.1714285714285,6,Sunday,2,2024,1,3968,,0,30.5,17.4,0.0
2024-02-12,Karnataka,301.6,284.9,294.3,299.5571428571429,0,Monday,2,2024,0,3969,,0,30.8,15.8,0.0
2024-02-13,Karnataka,306.6,301.6,301.4,300.59999999999997,1,Tuesday,2,2024,0,3970,,0,30.7,16.4,0.0
2024-02-14,Karnataka,309.8,306.6,301.1,301.34285714285716,2,Wednesday,2,2024,0,3971,,0,30.7,17.9,0.0
2024-02-15,Karnataka,309.1,309.8,306.1,302.5857142857143,3,Thursday,2,2024,0,3972,,0,30.8,17.0,0.0
2024-02-16,Karnataka,305.7,309.1,308.1,303.0142857142858,4,Friday,2,2024,0,3973,,0,29.8,16.7,0.0
2024-02-17,Karnataka,302.2,305.7,301.0,302.6714285714285,5,Saturday,2,2024,1,3974,,0,31.3,17.1,0.0
2024-02-18,Karnataka,291.0,302.2,284.9,302.84285714285716,6,Sunday,2,2024,1,3975,,0,32.1,17.6,0.0
2024-02-19,Karnataka,308.6,291.0,301.6,303.7142857142857,0,Monday,2,2024,0,3976,,0,31.0,17.3,0.0
2024-02-20,Karnataka,312.5,308.6,306.6,304.7142857142857,1,Tuesday,2,2024,0,3977,,0,31.6,18.8,0.0
2024-02-21,Karnataka,312.8,312.5,309.8,305.5571428571429,2,Wednesday,2,2024,0,3978,,0,32.1,19.7,0.0
2024-02-22,Karnataka,311.1,312.8,309.1,305.9857142857143,3,Thursday,2,2024,0,3979,,0,32.4,19.4,0.0
2024-02-23,Karnataka,316.0,311.1,305.7,306.2714285714286,4,Friday,2,2024,0,3980,,0,32.7,18.5,0.0
2024-02-24,Karnataka,314.0,316.0,302.2,307.74285714285713,5,Saturday,2,2024,1,3981,,0,31.8,19.5,0.0
2024-02-25,Karnataka,296.6,314.0,291.0,309.42857142857144,6,Sunday,2,2024,1,3982,,0,32.1,20.2,0.0
2024-02-26,Karnataka,309.3,296.6,308.6,310.22857142857146,0,Monday,2,2024,0,3983,,0,31.2,17.8,0.0
2024-02-27,Karnataka,318.8,309.3,312.5,310.3285714285715,1,Tuesday,2,2024,0,3984,,0,31.1,18.0,0.0
2024-02-28,Karnataka,319.5,318.8,312.8,311.2285714285714,2,Wednesday,2,2024,0,3985,,0,32.6,17.2,0.0
2024-02-29,Karnataka,320.9,319.5,311.1,312.1857142857143,3,Thursday,2,2024,0,3986,,0,32.2,16.4,0.0
2024-03-01,Karnataka,322.4,320.9,316.0,313.5857142857143,4,Friday,3,2024,0,3987,,0,32.4,16.7,0.0
2024-03-02,Karnataka,317.8,322.4,314.0,314.5,5,Saturday,3,2024,1,3988,,0,32.5,17.6,0.0
2024-03-03,Karnataka,303.6,317.8,296.6,315.04285714285714,6,Sunday,3,2024,1,3989,,0,32.7,18.4,0.0
2024-03-04,Karnataka,323.1,303.6,309.3,316.04285714285714,0,Monday,3,2024,0,3990,,0,34.4,18.9,0.0
2024-03-05,Karnataka,325.7,323.1,318.8,318.0142857142857,1,Tuesday,3,2024,0,3991,,0,34.3,18.9,0.0
2024-03-06,Karnataka,323.9,325.7,319.5,319.0,2,Wednesday,3,2024,0,3992,,0,34.5,20.0,0.0
2024-03-07,Karnataka,326.1,323.9,320.9,319.62857142857143,3,Thursday,3,2024,0,3993,,0,34.5,19.9,0.0
2024-03-08,Karnataka,328.9,326.1,322.4,320.37142857142857,4,Friday,3,2024,0,3994,,0,33.6,20.8,0.0
2024-03-09,Karnataka,322.7,328.9,317.8,321.3,5,Saturday,3,2024,1,3995,,0,33.4,20.5,0.0
2024-03-10,Karnataka,307.3,322.7,303.6,322.0,6,Sunday,3,2024,1,3996,,0,33.3,22.3,0.0
2024-03-11,Karnataka,325.5,307.3,323.1,322.52857142857147,0,Monday,3,2024,0,3997,,0,33.9,20.8,0.0
2024-03-12,Karnataka,328.7,325.5,325.7,322.87142857142857,1,Tuesday,3,2024,0,3998,,0,34.2,20.3,0.0
2024-03-13,Karnataka,330.5,328.7,323.9,323.3,2,Wednesday,3,2024,0,3999,,0,34.6,21.7,0.0
2024-03-14,Karnataka,329.1,330.5,326.1,324.24285714285713,3,Thursday,3,2024,0,4000,,0,34.1,21.7,0.0
2024-03-15,Karnataka,329.7,329.1,328.9,324.6714285714285,4,Friday,3,2024,0,4001,,0,34.8,21.8,0.0
2024-03-16,Karnataka,322.4,329.7,322.7,324.7857142857143,5,Saturday,3,2024,1,4002,,0,35.5,22.6,0.0
2024-03-17,Karnataka,309.5,322.4,307.3,324.74285714285713,6,Sunday,3,2024,1,4003,,0,34.6,20.6,0.0
2024-03-18,Karnataka,327.7,309.5,325.5,325.0571428571429,0,Monday,3,2024,0,4004,,0,34.8,20.0,0.0
2024-03-19,Karnataka,326.4,327.7,328.7,325.37142857142857,1,Tuesday,3,2024,0,4005,,0,34.4,20.8,0.0
2024-03-20,Karnataka,328.1,326.4,330.5,325.04285714285714,2,Wednesday,3,2024,0,4006,,0,35.2,20.2,0.0
2024-03-21,Karnataka,323.8,328.1,329.1,324.7,3,Thursday,3,2024,0,4007,,0,32.7,20.0,0.0
2024-03-22,Karnataka,331.4,323.8,329.7,323.9428571428571,4,Friday,3,2024,0,4008,,0,34.1,20.0,0.0
2024-03-23,Karnataka,324.0,331.4,322.4,324.1857142857143,5,Saturday,3,2024,1,4009,,0,34.6,19.4,0.0
2024-03-24,Karnataka,309.2,324.0,309.5,324.4142857142857,6,Sunday,3,2024,1,4010,,0,35.0,19.7,0.0
2024-03-25,Karnataka,318.1,309.2,327.7,324.37142857142857,0,Monday,3,2024,0,4011,Holi,1,35.5,19.3,0.0
2024-03-26,Karnataka,324.7,318.1,326.4,323.0,1,Tuesday,3,2024,0,4012,,0,35.5,19.9,0.0
2024-03-27,Karnataka,330.6,324.7,328.1,322.75714285714287,2,Wednesday,3,2024,0,4013,,0,35.0,18.9,0.0
2024-03-28,Karnataka,328.9,330.6,323.8,323.11428571428576,3,Thursday,3,2024,0,4014,,0,35.3,19.8,0.0
2024-03-29,Karnataka,330.9,328.9,331.4,323.84285714285716,4,Friday,3,2024,0,4015,Good Friday,1,36.0,21.3,0.0
2024-03-30,Karnataka,327.4,330.9,324.0,323.7714285714286,5,Saturday,3,2024,1,4016,,0,35.7,20.7,0.0
2024-03-31,Karnataka,309.1,327.4,309.2,324.25714285714287,6,Sunday,3,2024,1,4017,,0,35.5,20.2,0.0
2024-04-01,Karnataka,325.2,309.1,318.1,324.24285714285713,0,Monday,4,2024,0,4018,,0,36.1,20.4,0.0
2024-04-02,Karnataka,332.3,325.2,324.7,325.25714285714287,1,Tuesday,4,2024,0,4019,,0,36.8,22.7,0.0
2024-04-03,Karnataka,334.3,332.3,330.6,326.34285714285716,2,Wednesday,4,2024,0,4020,,0,36.7,21.7,0.0
2024-04-04,Karnataka,334.1,334.3,328.9,326.87142857142857,3,Thursday,4,2024,0,4021,,0,36.5,22.0,0.0
2024-04-05,Karnataka,336.9,334.1,330.9,327.61428571428576,4,Friday,4,2024,0,4022,,0,37.5,22.3,0.0
2024-04-06,Karnataka,329.7,336.9,327.4,328.4714285714286,5,Saturday,4,2024,1,4023,,0,37.4,21.4,0.0
2024-04-07,Karnataka,316.3,329.7,309.1,328.8,6,Sunday,4,2024,1,4024,,0,37.1,22.4,0.0
2024-04-08,Karnataka,331.7,316.3,325.2,329.8285714285715,0,Monday,4,2024,0,4025,,0,37.0,21.6,0.0
2024-04-09,Karnataka,312.9,331.7,332.3,330.75714285714287,1,Tuesday,4,2024,0,4026,Ugadi,1,35.4,21.5,0.0
2024-04-10,Karnataka,320.2,312.9,334.3,327.9857142857143,2,Wednesday,4,2024,0,4027,,0,35.6,20.7,0.0
2024-04-11,Karnataka,319.4,320.2,334.1,325.9714285714286,3,Thursday,4,2024,0,4028,Id-ul-Fitr,1,35.7,20.6,0.0
2024-04-12,Karnataka,316.8,319.4,336.9,323.87142857142857,4,Friday,4,2024,0,4029,,0,34.7,21.9,0.1
2024-04-13,Karnataka,301.3,316.8,329.7,321.0,5,Saturday,4,2024,1,4030,,0,35.0,21.4,0.0
2024-04-14,Karnataka,287.4,301.3,316.3,316.9428571428571,6,Sunday,4,2024,1,4031,Dr. B. R. Ambedkar's Jayanti,1,35.3,20.7,0.0
2024-04-15,Karnataka,311.2,287.4,331.7,312.8142857142857,0,Monday,4,2024,0,4032,,0,36.0,20.7,0.0
2024-04-16,Karnataka,324.1,311.2,312.9,309.88571428571424,1,Tuesday,4,2024,0,4033,,0,36.3,19.9,0.0
2024-04-17,Karnataka,328.3,324.1,320.2,311.4857142857143,2,Wednesday,4,2024,0,4034,Ram Navami,1,37.6,22.7,0.0
2024-04-18,Karnataka,316.7,328.3,319.4,312.64285714285717,3,Thursday,4,2024,0,4035,,0,37.8,22.9,0.0
2024-04-19,Karnataka,298.6,316.7,316.8,312.2571428571428,4,Friday,4,2024,0,4036,,0,38.1,24.1,0.0
2024-04-20,Karnataka,276.0,298.6,301.3,309.65714285714284,5,Saturday,4,2024,1,4037,,0,37.2,23.8,0.0
2024-04-21,Karnataka,272.6,276.0,287.4,306.04285714285714,6,Sunday,4,2024,1,4038,Mahavir Jayanti,1,37.1,22.9,0.0
2024-04-22,Karnataka,295.2,272.6,311.2,303.92857142857144,0,Monday,4,2024,0,4039,,0,37.7,23.1,0.0
2024-04-23,Karnataka,307.8,295.2,324.1,301.64285714285717,1,Tuesday,4,2024,0,4040,,0,37.3,22.2,0.0
2024-04-24,Karnataka,313.5,307.8,328.3,299.3142857142857,2,Wednesday,4,2024,0,4041,,0,36.9,22.0,0.0
2024-04-25,Karnataka,322.6,313.5,316.7,297.2,3,Thursday,4,2024,0,4042,,0,37.5,22.6,0.0
2024-04-26,Karnataka,304.7,322.6,298.6,298.04285714285714,4,Friday,4,2024,0,4043,,0,37.2,22.6,0.0
2024-04-27,Karnataka,319.4,304.7,276.0,298.9142857142857,5,Saturday,4,2024,1,4044,,0,37.7,21.4,0.0
2024-04-28,Karnataka,309.9,319.4,272.6,305.11428571428576,6,Sunday,4,2024,1,4045,,0,38.6,22.3,0.0
