Date,Andaman and Nicobar Islands,Andhra Pradesh,Arunachal Pradesh,Assam,Bihar,Chandigarh,Chhattisgarh,Dadra and Nagar Haveli,Daman and Diu,Delhi,Goa,Gujarat,Haryana,Himachal Pradesh,Jammu and Kashmir,Jharkhand,Karnataka,Kerala,Lakshadweep,Madhya Pradesh,Maharashtra,Manipur,Meghalaya,Mizoram,Nagaland,Odisha,Puducherry,Punjab,Rajasthan,Sikkim,Tamil Nadu,Telangana,Tripura,Uttar Pradesh,Uttarakhand,West Bengal,AMNSIL,Damodar Valley Corporation,Total
2013-01-01,,247.4,1.5,18.6,36.6,3.8,64.4,13.5,5.0,64.9,8.1,231.1,98.3,24.7,28.6,21.6,171.7,57.1,,162.0,353.1,1.5,5.4,1.2,1.5,67.5,5.5,91.5,175.6,1.7,245.3,,2.9,219.2,31.7,102.0,6.0,59.3,2629.7999999999997
2013-01-02,,253.0,1.7,17.5,40.5,3.8,64.2,13.8,5.3,65.0,8.4,237.5,104.6,25.0,38.4,21.4,174.6,57.7,,173.4,361.7,1.7,4.9,1.2,1.6,64.4,5.7,92.4,189.0,1.7,247.7,,2.9,214.9,33.0,101.4,6.0,57.9,2693.8999999999996
2013-01-03,,256.1,1.7,17.8,39.3,3.9,63.7,14.9,5.7,67.2,7.9,241.8,113.2,25.7,43.3,21.4,179.9,58.4,,176.4,357.7,1.8,4.9,1.2,1.6,63.7,5.9,94.7,196.0,1.7,253.8,,3.3,227.2,33.6,101.5,7.4,58.7,2753.0
2013-01-04,,252.6,1.7,18.7,40.3,3.7,63.4,15.2,5.8,63.5,8.0,242.2,110.7,26.0,37.4,21.0,177.2,58.8,,176.0,365.0,1.5,5.3,1.2,1.6,66.3,5.8,96.8,189.0,1.3,252.2,,2.5,229.2,34.1,118.5,7.7,60.0,2760.2000000000003
2013-01-05,,248.6,1.6,17.6,41.5,3.7,62.7,15.0,5.7,61.8,7.3,234.5,103.7,24.1,40.6,21.2,167.0,53.9,,162.5,356.7,1.5,5.1,1.2,1.7,64.2,5.3,89.1,183.1,1.4,243.9,,2.4,219.6,32.8,102.8,7.5,59.5,2650.7999999999997
2013-01-06,,251.5,1.6,20.0,40.9,3.8,60.3,15.0,5.8,66.0,8.6,238.7,100.4,24.9,39.6,18.9,176.6,57.8,,164.1,362.5,1.5,5.4,1.0,1.6,68.6,5.6,95.2,192.0,1.7,254.5,,2.6,225.0,33.6,107.5,7.8,56.2,2716.7999999999997
2013-01-07,,257.9,1.7,20.2,39.6,3.8,64.3,15.1,5.8,67.2,7.9,232.9,110.0,25.7,40.6,20.8,179.7,58.6,,170.8,365.9,1.6,5.3,1.2,1.6,62.8,5.5,92.8,192.9,1.8,262.3,,2.6,219.1,34.2,106.6,7.8,59.9,2746.4999999999995
2013-03-31,,253.7,1.4,16.0,32.7,3.1,72.7,13.2,5.9,56.1,7.2,249.9,91.6,21.0,33.8,19.6,158.0,56.0,,133.0,337.8,0.8,4.2,1.1,1.2,69.4,6.0,92.3,155.0,1.1,223.2,,3.5,195.0,27.3,126.6,,56.7,2526.0999999999995
2013-04-01,,248.5,1.2,16.8,30.3,3.5,76.3,12.8,5.5,61.0,7.5,246.1,92.4,21.2,31.8,19.8,159.4,57.6,,135.2,357.5,1.2,4.4,1.0,1.2,70.2,6.0,97.8,155.6,1.2,234.4,,2.9,192.4,27.6,137.0,,57.3,2574.6
2013-04-02,,249.0,1.1,16.3,29.5,3.6,65.5,12.8,5.8,62.1,8.6,250.8,93.3,22.3,29.2,19.4,164.6,59.5,,127.1,365.0,1.2,4.5,1.0,1.0,68.1,6.4,98.4,145.1,1.3,229.4,,2.6,192.4,29.0,136.2,,56.3,2558.4
2013-04-03,,249.0,0.9,16.1,27.6,3.5,62.1,13.4,6.0,62.0,8.2,251.4,95.3,23.3,29.5,16.5,163.7,62.0,,127.6,366.5,1.2,4.3,1.0,1.0,67.2,6.4,99.7,136.9,1.3,224.0,,3.1,197.3,28.5,140.4,,54.1,2551.0
2013-04-04,,253.9,1.0,15.2,29.4,3.5,74.0,13.8,6.1,63.0,8.2,256.1,102.0,23.8,30.7,17.8,161.8,61.4,,134.8,362.5,1.3,4.2,0.9,0.8,68.5,6.5,101.3,142.5,0.9,227.3,,3.0,194.8,29.4,134.0,,51.9,2586.3
2013-04-05,,246.0,1.0,15.1,26.0,3.6,71.5,13.3,6.1,64.6,8.1,260.5,93.3,23.1,28.4,17.3,163.3,60.5,,135.7,359.6,1.0,4.1,0.8,1.1,70.3,6.6,100.3,143.1,0.8,230.2,,2.8,187.3,28.8,135.9,,54.7,2564.8000000000006
2013-04-06,,248.9,1.0,15.6,28.7,3.5,72.6,14.0,5.8,62.6,7.9,262.3,90.8,23.7,27.0,19.3,161.1,59.4,,136.5,356.6,1.0,4.5,1.0,0.9,71.0,6.6,100.7,142.3,0.8,241.3,,2.6,197.7,29.6,134.5,,56.7,2588.5
2013-04-07,,246.5,0.9,16.1,30.0,3.3,73.1,13.9,6.0,60.1,7.9,252.2,89.7,22.1,28.5,17.6,161.2,56.3,,136.0,353.3,1.0,4.5,0.9,0.9,67.0,6.2,96.9,147.8,0.8,227.2,,3.0,201.8,26.9,126.1,,66.8,2552.5
2013-04-08,,250.5,1.0,15.7,29.8,3.8,75.5,13.9,5.7,68.4,7.8,261.7,91.9,22.9,30.8,19.3,169.6,60.3,,138.9,372.1,1.0,4.5,1.0,0.9,70.3,6.5,99.3,140.2,1.2,227.8,,3.4,204.6,30.4,136.4,,56.6,2623.7000000000003
2013-04-09,,249.0,1.1,16.1,30.5,4.0,74.7,14.0,6.2,69.9,7.9,264.3,89.6,23.2,32.2,19.5,172.1,59.3,,136.7,372.4,1.2,4.1,1.0,0.9,73.4,6.6,103.0,141.5,1.2,233.7,,3.1,201.2,31.8,147.8,,53.4,2646.6
2013-04-10,,245.0,1.1,15.3,31.5,4.1,75.0,14.0,6.2,72.7,8.1,262.9,86.5,23.3,26.6,20.7,169.7,59.4,,142.6,374.0,1.1,4.4,1.0,0.9,67.8,6.5,97.1,132.4,1.1,236.7,,3.2,195.4,30.4,152.5,,51.1,2620.2999999999997
2013-04-11,,246.0,1.2,15.3,36.5,4.3,74.8,14.0,6.3,74.7,8.0,264.8,91.9,23.6,26.7,20.2,162.4,60.8,,143.0,361.7,1.1,4.0,1.0,0.9,73.4,6.5,105.1,141.2,1.5,233.7,,3.2,199.3,25.4,141.9,,53.8,2628.2
2013-04-12,,248.8,1.2,16.7,34.8,4.2,77.5,14.0,6.3,73.1,8.2,267.5,94.9,22.4,27.3,20.4,169.3,61.2,,144.9,362.5,1.1,3.4,1.1,0.9,72.8,6.6,100.5,141.1,0.5,228.9,,3.1,206.7,29.3,135.0,,56.2,2642.4
2013-04-13,,250.4,1.1,16.2,33.9,3.9,69.6,13.5,6.2,67.5,8.3,267.0,89.2,23.8,28.0,19.1,172.2,60.5,,141.1,367.9,1.1,4.0,1.1,0.9,85.9,6.6,99.9,138.6,1.2,225.1,,3.3,211.8,30.9,121.7,,54.7,2626.2000000000003
2013-04-14,,249.5,1.1,14.7,28.8,3.6,51.1,14.0,6.1,68.6,7.5,258.7,88.2,22.0,29.4,17.1,167.2,57.4,,132.7,360.1,1.1,3.8,1.0,0.6,62.6,6.0,98.5,135.1,0.5,237.2,,3.4,210.0,28.4,124.5,,51.4,2541.9
2013-04-15,,249.2,1.3,12.6,29.3,4.2,67.7,14.1,6.2,75.3,7.3,269.9,96.3,21.0,30.1,15.4,170.8,57.9,,138.7,373.7,1.1,4.2,0.9,1.1,76.0,6.4,99.9,141.8,1.2,224.3,,3.1,217.5,30.6,127.6,,54.4,2631.0999999999995
2013-04-16,,249.7,1.2,15.7,33.5,4.2,73.6,14.3,6.3,78.6,7.3,269.8,97.6,23.1,23.7,19.0,169.6,59.6,,140.1,368.4,1.1,4.2,0.9,1.0,71.6,6.4,101.6,137.9,0.8,246.3,,2.7,218.6,32.6,131.5,,57.8,2670.3
2013-04-17,,241.1,1.2,16.0,29.6,4.1,79.9,14.9,6.4,78.4,7.9,267.9,96.1,24.6,28.7,22.8,170.7,61.1,,140.4,368.6,1.2,3.7,1.0,0.9,69.6,6.5,102.2,141.3,1.0,241.1,,3.1,220.9,32.1,123.5,,55.8,2664.2999999999997
2013-04-18,,245.7,1.3,16.7,31.9,4.2,72.8,14.3,6.3,78.6,7.4,264.8,95.2,24.7,29.4,19.1,171.2,60.4,,137.1,361.0,1.2,3.8,1.0,1.0,67.9,6.7,102.0,140.1,1.3,243.7,,3.0,216.0,32.3,116.9,,57.7,2636.7
2013-04-19,,247.8,1.2,15.0,31.6,4.1,69.5,14.5,6.4,76.3,7.9,255.8,95.1,24.6,29.4,15.5,166.7,60.7,,121.4,352.8,1.0,4.0,1.0,1.1,62.1,6.6,105.1,136.8,1.4,236.4,,3.2,216.0,31.8,118.9,,55.0,2576.7
2013-04-20,,238.0,1.2,14.8,32.0,4.1,55.0,13.8,6.1,76.5,8.0,230.9,94.9,24.5,30.7,16.5,169.5,60.0,,122.0,357.5,1.2,3.8,1.1,1.1,56.0,6.8,102.0,138.2,0.6,236.0,,2.8,215.7,29.8,108.5,,59.2,2518.8
2013-04-21,,231.2,1.1,15.7,30.0,3.7,55.8,14.4,6.2,71.1,7.2,237.1,90.8,22.9,30.9,17.2,161.7,55.4,,122.1,354.0,1.0,3.7,1.0,1.1,59.2,6.2,92.8,131.6,0.8,230.3,,3.4,208.1,29.3,101.9,,55.3,2454.2
2013-04-22,,234.6,1.1,15.8,34.1,4.3,61.5,14.5,6.3,74.0,8.0,244.4,92.3,24.0,28.0,19.4,167.4,59.8,,128.6,365.7,1.2,4.0,1.1,1.2,64.0,6.6,100.5,132.4,0.7,232.6,,3.2,212.1,31.9,107.5,,54.3,2537.0999999999995
2013-04-23,,235.0,0.7,17.1,32.5,4.3,67.6,14.3,6.3,77.1,8.0,247.3,95.8,24.6,28.9,19.7,169.4,60.5,,136.9,371.0,1.1,4.0,1.1,1.2,67.9,6.6,103.3,138.2,1.1,233.4,,3.1,219.3,31.8,117.9,,58.7,2605.7
2013-04-24,,232.3,1.2,16.1,31.6,4.3,69.1,14.3,6.2,78.4,7.9,261.2,101.2,24.2,31.4,20.2,164.2,59.7,,141.0,370.2,1.2,3.8,1.0,1.3,69.4,6.6,103.5,145.9,1.3,231.6,,3.1,227.3,32.3,120.6,,59.1,2642.7000000000003
2013-04-25,,239.2,0.8,16.8,32.9,4.5,67.9,14.0,6.3,83.4,8.3,262.8,104.7,23.6,30.2,21.3,156.8,58.9,,134.7,367.9,1.1,3.3,1.1,1.1,70.9,6.7,103.8,142.8,1.2,232.9,,3.1,228.0,32.7,129.0,,59.7,2652.3999999999996
2013-04-26,,238.8,0.9,17.4,37.1,4.3,70.4,14.2,6.2,83.6,8.0,266.2,101.8,24.3,30.9,21.0,149.4,59.0,,132.5,349.0,1.2,3.3,1.1,1.2,68.2,6.6,98.6,146.5,1.2,232.8,,2.6,224.9,32.8,123.8,,61.5,2621.2999999999997
2013-04-27,,242.6,1.0,16.3,37.9,4.2,72.4,14.4,6.2,79.2,8.5,269.4,105.0,23.8,29.6,21.0,156.3,58.3,,142.0,362.8,1.1,3.3,1.0,1.2,69.9,6.4,101.7,144.9,1.5,231.7,,3.0,225.6,33.6,138.7,,62.9,2677.3999999999996
2013-04-28,,240.6,0.8,17.5,37.6,3.7,73.6,14.2,6.2,74.5,7.2,258.1,101.6,22.1,30.7,20.9,149.0,52.9,,142.7,362.8,1.3,3.1,1.0,1.1,70.7,6.1,98.2,143.5,0.7,241.9,,2.3,231.1,30.6,124.6,,61.9,2634.8
2013-04-29,,242.8,1.2,17.6,39.4,4.4,74.2,13.5,5.7,81.6,8.6,270.8,104.8,22.9,29.4,21.2,153.8,53.6,,144.5,377.5,0.9,3.4,1.0,1.2,71.8,6.5,106.7,153.2,0.3,238.3,,3.0,231.1,32.8,132.7,,62.8,2713.2
2013-04-30,,245.9,1.2,18.0,37.5,4.6,76.0,14.0,6.0,86.1,8.3,273.9,107.1,23.3,30.1,21.5,158.6,59.0,,145.3,378.2,1.1,2.6,1.0,1.2,72.3,6.4,111.2,155.1,1.2,233.4,,2.8,235.5,33.7,145.2,,57.3,2754.6
2013-05-01,,240.2,1.4,16.1,38.6,4.5,75.3,13.1,4.9,82.7,8.4,266.4,109.2,22.3,28.4,21.2,153.7,56.7,,145.3,342.9,1.3,2.8,1.1,1.8,70.9,5.9,114.2,153.8,1.5,220.2,,3.0,235.7,31.9,131.0,,56.2,2662.6000000000004
2013-05-02,,236.3,1.1,15.0,39.0,4.5,75.0,13.4,5.6,83.5,8.3,270.0,107.5,23.3,28.4,21.7,160.2,58.8,,138.2,362.0,1.1,2.4,0.9,1.3,70.2,6.4,116.3,153.9,1.1,225.8,,3.0,233.9,32.3,138.6,,57.2,2696.2000000000003
2013-05-03,,242.0,1.1,14.9,39.0,4.5,73.4,13.9,5.2,85.3,8.8,270.1,111.4,23.5,29.1,21.1,163.2,60.4,,136.6,367.5,1.0,3.0,1.0,1.3,69.7,6.4,118.1,154.4,1.1,249.6,,3.1,235.2,31.6,129.8,,59.5,2735.8
2013-05-04,,240.9,1.0,15.0,39.2,4.5,72.9,13.9,5.5,83.3,8.4,271.9,113.8,23.5,29.9,20.0,167.7,60.0,,139.8,367.4,1.0,3.7,0.9,1.2,66.5,6.6,120.1,155.4,1.1,238.5,,2.5,234.2,32.2,126.3,,58.6,2727.3999999999996
2013-05-05,,237.1,1.3,14.2,38.3,4.2,74.3,13.8,5.7,80.8,7.5,256.6,113.2,21.6,29.6,19.3,164.2,56.4,,142.6,361.5,1.5,2.8,0.9,1.5,66.8,6.3,118.1,155.6,1.1,223.8,,2.2,240.5,31.3,115.2,,55.7,2665.5
2013-05-06,,242.5,1.2,15.2,35.7,5.1,73.8,14.0,5.9,90.8,8.3,268.8,120.8,23.1,28.6,19.4,165.5,59.6,,145.4,371.3,1.5,3.6,0.9,1.7,66.6,6.4,124.0,157.7,1.5,221.9,,1.8,239.7,32.8,127.8,,56.4,2739.3
2013-05-07,,239.7,1.2,16.3,38.8,4.6,70.0,13.5,6.2,92.1,8.0,270.8,116.5,22.7,29.7,19.4,168.9,57.9,,146.8,375.9,1.3,3.7,0.9,1.4,62.8,6.4,127.2,159.0,1.5,228.2,,2.3,227.5,31.8,131.3,,58.3,2742.6
2013-05-08,,241.0,1.1,16.4,39.3,5.3,74.3,14.1,6.2,93.0,8.4,268.1,130.9,23.8,31.0,21.2,167.7,58.7,,147.1,374.1,1.4,4.1,1.0,1.3,71.5,6.6,130.6,161.6,1.6,254.5,,2.6,228.7,31.6,137.0,,57.1,2812.9
2013-05-09,,242.7,1.3,16.5,40.1,5.3,74.3,13.9,6.2,94.8,8.2,271.3,131.7,23.6,32.0,21.7,146.4,59.0,,145.1,375.2,1.4,3.4,1.0,1.2,73.1,6.7,134.7,158.9,1.3,259.0,,2.5,236.4,34.4,135.7,,55.3,2814.2999999999997
2013-05-10,,244.9,1.4,14.9,39.9,5.5,73.9,13.8,6.1,96.6,8.5,268.1,135.0,23.5,31.0,22.0,149.5,61.2,,138.0,369.5,1.4,4.2,1.0,1.4,72.1,6.8,134.6,156.5,1.3,259.4,,2.8,239.2,35.3,134.3,,57.7,2811.3
2013-05-11,,247.7,1.3,17.2,39.2,4.7,69.5,13.7,5.8,88.3,8.3,265.7,133.6,15.8,30.7,21.7,147.1,60.7,,137.0,368.7,1.7,3.9,0.7,1.3,74.0,6.6,119.0,146.3,1.5,258.6,,2.3,246.7,33.9,134.4,,56.6,2764.2000000000007
2013-05-12,,229.8,1.4,15.1,37.6,3.8,69.8,13.6,5.6,79.7,7.5,254.4,124.0,21.3,31.4,21.2,141.8,56.2,,135.9,357.6,1.8,3.3,0.8,1.2,67.0,6.1,121.1,136.5,1.5,257.0,,2.7,241.1,29.7,106.9,,55.2,2639.5999999999995
2013-05-13,,240.4,1.3,16.7,36.9,4.4,68.8,13.7,5.7,86.9,8.1,261.7,122.9,22.7,30.8,19.0,156.8,58.5,,140.9,369.3,0.9,3.7,0.9,1.1,65.3,5.8,126.1,147.0,1.3,250.7,,2.5,235.5,32.6,110.9,,54.3,2704.1
2013-05-14,,241.4,1.3,16.8,36.0,5.3,69.9,13.4,5.8,89.8,8.0,267.6,116.8,23.2,29.4,19.1,159.4,58.0,,145.0,369.6,1.7,3.5,0.8,1.4,71.5,6.3,135.0,157.4,1.2,267.3,,2.5,246.5,31.2,121.4,,53.7,2777.2000000000003
2013-05-15,,238.7,1.5,20.1,37.4,5.0,69.0,13.4,5.2,92.2,8.2,266.4,121.1,24.1,30.9,21.2,162.4,58.1,,144.8,365.5,1.6,4.1,1.1,1.6,70.5,6.3,133.2,154.6,1.2,265.9,,2.5,245.8,32.7,123.0,,54.4,2783.7
2013-05-16,,236.4,1.3,18.1,36.3,5.2,69.8,13.4,5.6,94.4,8.1,267.3,127.3,24.2,31.3,21.4,162.3,59.0,,143.5,367.2,1.5,4.3,0.8,1.3,71.8,6.6,137.0,149.7,0.7,263.9,,2.0,251.9,33.6,127.8,,52.1,2797.1000000000004
2013-05-17,,239.2,1.4,18.1,31.8,5.3,70.2,13.4,5.6,95.5,8.3,266.2,133.5,24.7,32.3,19.8,168.5,60.2,,140.2,364.8,1.3,4.5,0.9,1.2,70.2,6.6,144.1,160.4,1.4,233.5,,2.2,249.2,34.3,120.0,,57.2,2785.9999999999995
2013-05-18,,235.0,1.4,17.4,29.9,5.3,65.2,13.5,5.3,93.7,8.0,265.1,132.1,24.4,31.5,20.9,162.9,60.2,,140.7,366.4,1.0,4.4,1.0,1.6,73.5,6.5,135.4,162.6,1.8,232.9,,2.8,253.0,34.8,116.2,,58.8,2765.2000000000003
2013-05-19,,240.1,1.4,16.8,35.1,4.9,66.2,13.3,5.6,92.6,7.0,253.7,129.3,22.7,29.5,20.2,146.3,56.8,,135.6,360.4,1.4,4.2,1.0,1.5,69.4,6.1,144.5,157.7,0.3,239.6,,2.5,255.9,34.2,106.9,,55.0,2717.7
2013-05-20,,239.8,1.4,18.6,36.0,5.7,66.5,13.6,5.9,99.6,7.0,261.1,134.5,24.5,28.8,20.7,149.4,54.5,,138.9,366.2,1.2,4.5,1.0,1.5,72.2,6.3,149.8,166.5,2.0,238.9,,2.8,245.8,35.8,122.8,,55.5,2779.3
2013-05-21,,243.3,1.4,20.1,39.1,6.0,67.5,13.7,6.0,101.3,7.0,262.0,137.2,25.0,30.5,20.9,142.3,52.8,,140.8,377.3,1.4,4.3,1.1,1.5,71.2,6.6,154.2,162.5,1.5,252.8,,3.0,247.6,36.4,124.9,,58.0,2821.2
2013-05-22,,245.9,1.2,18.7,40.4,6.2,67.5,13.7,5.9,101.8,8.2,259.4,137.1,24.9,30.1,21.6,152.8,59.2,,139.5,381.2,1.4,4.3,1.0,1.5,69.5,6.6,153.5,165.6,1.1,262.9,,3.2,250.7,36.6,126.1,,59.5,2858.8
2013-05-23,,243.0,1.1,18.4,38.8,6.2,68.2,13.8,5.9,104.9,8.3,263.8,137.1,25.2,30.1,22.1,150.8,59.2,,140.9,374.2,1.6,4.9,1.0,1.2,72.8,6.5,156.8,167.3,1.3,260.4,,2.5,248.6,36.0,125.3,,59.1,2857.2999999999997
2013-05-24,,242.9,1.3,19.2,40.1,6.3,67.9,13.8,5.9,107.7,8.4,265.3,138.7,25.8,30.8,21.4,160.8,58.5,,141.8,368.3,1.8,5.2,1.0,1.4,73.5,5.5,157.8,165.8,1.1,264.0,,2.7,256.2,36.2,123.5,,58.8,2879.4
2013-05-25,,244.7,1.3,20.5,40.5,6.2,67.2,13.8,5.9,105.3,7.8,262.4,139.4,26.2,30.3,19.3,159.0,53.1,,140.2,372.1,1.3,4.3,1.1,1.3,74.3,6.6,161.2,165.1,0.7,255.1,,2.6,259.7,35.8,121.0,,56.5,2861.8
2013-05-26,,244.1,1.4,21.6,41.2,5.6,65.5,15.2,5.8,100.0,6.4,254.8,134.7,24.7,23.3,18.9,148.5,48.8,,139.7,361.8,1.4,4.3,1.0,1.4,66.3,6.5,157.8,162.7,1.0,241.4,,2.7,260.6,34.6,120.8,,60.5,2785.0
2013-05-27,,240.4,1.4,20.3,37.1,6.3,60.6,13.8,5.8,108.4,6.3,261.1,133.2,23.2,24.4,19.8,147.7,53.6,,142.5,375.6,1.6,3.8,1.0,1.6,58.3,6.6,149.1,171.2,0.9,246.7,,2.6,265.0,35.3,128.2,,58.0,2811.3999999999996
2013-05-28,,242.0,1.3,19.9,37.9,6.0,61.8,13.9,4.7,105.8,6.3,261.5,135.0,24.5,29.5,21.1,146.4,54.1,,141.1,374.9,1.6,3.0,1.0,1.7,64.7,6.8,153.8,172.5,1.3,250.8,,2.6,264.6,35.1,124.6,,58.9,2830.7
2013-05-29,,235.4,1.3,20.7,39.7,5.8,63.7,13.1,5.8,104.5,6.8,259.5,132.8,24.5,30.1,18.2,141.9,53.8,,142.6,370.2,1.5,3.9,1.1,1.5,68.0,6.8,146.4,176.3,1.3,246.2,,2.6,268.6,35.0,111.0,,57.2,2797.7999999999997
2013-05-31,,224.5,1.4,21.2,19.8,5.8,64.7,13.8,6.0,104.7,7.6,265.8,133.9,25.7,31.9,15.7,139.9,51.4,,140.2,367.2,1.6,3.7,1.0,1.1,68.2,6.6,151.9,169.0,1.2,230.8,,2.9,251.2,34.9,104.0,,44.8,2714.1000000000004
2013-06-02,,216.4,1.5,21.1,38.2,5.1,60.3,13.6,5.6,89.1,6.9,246.8,129.4,23.9,28.3,16.9,117.4,44.1,,131.1,337.2,1.4,4.3,1.0,1.6,66.8,6.0,148.9,162.2,1.1,224.7,,2.7,239.4,34.0,119.0,,53.0,2599.0
2013-06-04,,223.6,1.5,21.6,39.6,6.1,60.1,13.8,6.0,104.7,7.8,251.4,136.4,24.9,29.6,19.7,131.1,51.0,,133.4,333.5,1.5,3.8,1.0,1.5,70.5,6.3,158.0,168.0,1.1,238.6,,2.4,244.6,35.9,133.4,,53.7,2716.1
2013-06-05,,227.3,1.3,21.7,39.4,6.4,62.1,13.9,5.9,109.2,7.6,250.3,138.6,25.2,29.4,18.5,135.5,53.1,,113.6,344.3,1.4,4.6,1.0,1.4,67.8,6.4,159.0,169.0,1.2,246.4,,2.8,248.0,36.3,132.4,,55.7,2736.7000000000003
2013-06-06,,221.6,1.4,19.7,40.1,5.5,58.5,14.0,6.0,106.1,7.2,256.8,127.3,24.9,29.5,18.8,132.6,51.3,,122.5,339.8,1.4,4.2,1.0,1.3,69.5,5.9,148.1,168.3,1.2,245.1,,2.9,244.9,29.4,133.6,,55.4,2695.8000000000006
2013-06-07,,222.7,1.3,19.7,38.3,5.7,59.6,13.7,5.8,104.4,7.4,242.2,119.5,26.1,31.0,18.1,134.9,50.2,,116.5,323.1,1.5,4.4,0.9,1.4,67.6,6.4,146.8,165.6,1.1,242.0,,2.8,240.0,28.3,138.0,,53.2,2640.2000000000003
2013-06-08,,210.0,0.9,20.1,40.6,5.8,54.3,11.0,5.8,107.0,7.4,244.3,138.5,25.8,29.9,17.8,130.9,47.9,,121.0,327.9,1.3,4.4,1.0,1.2,64.3,6.2,159.5,165.3,1.2,246.1,,2.5,244.0,34.5,130.1,,55.1,2663.6
2013-06-09,,208.1,1.3,20.0,40.8,5.4,59.3,13.3,5.6,103.0,6.3,240.5,136.6,24.7,29.3,18.5,121.8,44.2,,112.4,304.0,1.5,4.6,1.0,1.5,68.4,5.9,163.5,158.5,1.1,237.7,,2.9,241.1,32.1,128.0,,54.5,2597.4
2013-06-10,,216.3,1.2,22.1,42.1,6.0,56.9,13.3,5.6,109.6,6.9,230.5,143.4,23.1,27.4,17.5,136.7,50.3,,122.3,313.6,1.4,4.5,1.0,1.6,68.2,6.5,178.1,151.0,1.3,238.3,,2.9,235.8,34.4,122.7,,53.2,2645.7000000000003
2013-06-11,,218.5,1.3,23.6,42.9,5.8,58.3,13.2,6.0,103.8,6.9,224.3,139.5,24.3,27.0,18.9,138.6,47.3,,115.4,325.0,1.5,4.1,1.0,1.5,68.5,6.6,161.4,147.6,1.2,247.4,,2.6,229.2,27.2,134.6,,49.8,2624.7999999999997
2013-06-12,,212.4,1.2,21.4,42.1,5.6,54.2,13.8,5.8,104.2,7.5,226.1,144.5,24.3,26.2,19.5,137.7,48.5,,112.8,269.3,1.3,4.2,1.0,1.5,62.2,6.6,168.6,148.0,1.2,243.3,,2.7,236.3,33.3,130.5,,55.1,2572.8999999999996
2013-06-13,,209.8,1.2,21.2,40.8,5.1,53.3,13.8,5.8,97.8,7.5,227.0,126.6,23.7,25.7,18.5,135.7,47.4,,111.8,272.9,1.2,4.5,1.0,1.5,65.1,6.6,133.0,144.9,1.2,241.7,,2.7,241.7,33.0,119.8,,55.3,2498.7999999999997
2013-06-14,,203.0,1.3,22.3,35.7,5.2,54.5,13.6,5.9,97.6,8.1,226.6,127.2,24.1,25.5,16.6,136.6,47.5,,113.0,304.8,1.4,4.0,1.0,1.6,70.2,6.6,152.6,140.4,1.1,251.3,,3.2,247.9,33.8,120.8,,54.1,2559.1
2013-06-15,,207.8,1.3,23.1,36.4,4.1,53.0,13.7,5.8,89.3,7.5,218.3,109.6,21.1,23.9,17.7,135.6,46.5,,107.0,298.3,1.6,4.3,0.9,1.5,67.8,6.5,112.0,139.8,1.2,248.2,,2.8,230.9,30.8,121.1,,56.0,2445.4
2013-06-16,,213.7,1.1,21.7,39.2,3.4,57.8,13.5,5.8,75.0,7.1,205.5,90.8,20.4,24.9,17.7,127.0,42.8,,100.7,282.9,1.3,4.1,0.7,1.2,71.7,6.0,106.4,141.6,1.0,244.2,,2.4,199.3,22.6,116.8,,52.7,2323.0
2013-06-17,,227.4,1.1,23.3,41.0,4.1,60.6,13.3,5.6,76.1,7.4,192.4,93.5,20.6,25.5,18.9,140.9,48.4,,99.2,298.5,1.3,4.8,1.0,1.3,70.5,6.5,109.2,141.4,1.1,251.7,,2.7,182.8,18.9,135.8,,57.0,2383.8
2013-06-18,,233.3,1.3,22.3,40.6,4.5,58.6,14.1,5.9,81.1,7.6,199.1,113.6,22.0,26.3,19.3,146.8,49.8,,104.5,305.4,1.4,4.0,1.0,1.4,73.0,6.6,143.1,142.7,1.1,257.0,,2.9,202.3,17.1,137.9,,58.8,2506.4
2013-06-19,,235.3,1.3,23.1,38.5,5.0,61.5,14.2,6.0,86.5,7.7,204.7,128.3,21.0,25.8,18.8,147.9,50.9,,109.8,313.0,1.4,4.1,1.0,1.6,68.0,7.0,168.6,145.1,1.3,258.3,,3.0,200.3,27.0,136.6,,56.5,2579.1
2013-06-20,,240.4,1.2,23.3,39.8,5.5,61.7,14.2,6.1,94.1,7.6,211.4,137.8,25.5,29.9,17.3,148.5,50.9,,106.8,318.0,1.3,4.1,1.0,1.5,64.6,6.8,188.0,151.7,1.1,263.2,,3.1,223.9,32.7,120.1,,51.7,2654.7999999999997
2013-06-21,,240.9,1.4,22.7,40.6,5.9,62.1,14.0,6.0,103.3,7.9,219.1,147.1,26.8,29.4,18.1,151.2,52.1,,107.6,316.3,1.4,4.2,1.0,1.7,68.7,6.7,192.3,155.2,0.8,266.5,,3.2,229.4,32.5,124.8,,59.0,2719.8999999999996
2013-06-22,,231.3,1.1,21.1,41.0,6.0,58.4,14.2,6.0,100.4,7.8,226.5,156.1,25.9,29.9,18.3,148.6,51.0,,111.1,319.7,1.3,4.9,1.0,1.7,61.8,6.7,189.6,163.0,1.3,265.4,,3.3,229.4,33.7,127.2,,58.6,2723.3
2013-06-23,,224.1,1.2,20.5,42.2,5.5,58.0,14.3,6.0,102.9,7.2,213.5,154.1,24.6,29.7,18.5,140.7,46.2,,108.9,310.5,1.5,4.1,1.0,1.7,71.8,6.2,193.7,161.4,1.0,249.4,,3.3,233.8,32.2,124.3,,58.0,2672.0
2013-06-24,,221.9,1.2,20.7,43.9,6.3,56.3,13.3,6.1,109.5,7.5,227.9,156.5,24.6,29.1,18.0,145.9,47.9,,109.4,317.5,1.4,4.4,1.0,1.7,69.8,6.5,196.2,169.0,1.0,256.0,,3.0,233.4,32.7,125.9,,52.5,2717.9999999999995
2013-06-25,,214.9,1.0,18.7,40.6,5.9,55.9,14.3,6.3,105.2,7.4,232.7,165.5,24.9,29.5,18.0,141.3,48.3,,107.4,302.4,1.5,4.8,0.9,1.5,76.3,6.6,195.9,165.1,1.1,254.2,,2.9,216.1,31.4,132.2,,57.5,2688.2000000000003
2013-06-26,,223.0,1.0,21.0,40.1,5.7,58.0,14.2,6.3,102.2,7.7,222.2,168.8,24.5,26.7,17.4,142.7,50.8,,103.2,303.9,1.4,4.3,1.0,1.6,73.4,6.6,195.0,201.8,1.2,262.0,,3.0,231.2,31.4,125.3,,54.6,2733.2000000000003
2013-06-26,,223.0,1.0,21.0,40.1,5.7,58.0,14.2,6.3,102.2,7.7,222.2,168.8,24.5,26.7,17.4,142.7,50.8,,103.2,303.9,1.4,4.3,1.0,1.6,73.4,6.6,195.0,158.6,1.2,262.0,,3.0,231.2,31.4,125.3,,54.6,2689.9999999999995
2013-06-27,,229.0,1.2,21.4,39.7,5.5,54.6,14.3,6.1,104.1,7.9,223.6,168.1,24.1,25.9,17.5,143.9,52.3,,97.9,308.3,1.5,4.6,1.0,1.5,71.9,6.6,190.0,156.9,1.1,263.3,,3.0,217.8,30.7,129.4,,55.0,2679.7000000000003
2013-06-29,,227.8,1.3,21.2,36.9,4.9,59.5,14.5,5.8,100.0,7.3,227.5,160.9,23.9,27.3,19.3,148.0,52.9,,100.3,308.9,1.6,4.9,1.0,1.7,65.3,6.1,171.6,166.0,1.1,258.4,,3.2,197.0,32.4,120.6,,57.1,2636.2
2013-06-30,,231.5,1.3,21.3,38.4,4.6,60.3,14.4,5.7,96.6,6.9,219.9,144.1,23.4,28.0,18.3,140.8,49.3,,101.3,306.1,1.3,4.6,1.0,1.6,61.9,5.9,140.2,156.9,1.0,246.0,,3.0,176.4,31.4,105.7,,55.1,2504.2
2013-07-01,,234.9,1.5,20.8,40.7,5.8,59.3,14.2,5.6,106.3,7.3,233.2,166.3,25.0,28.2,18.1,148.8,51.4,,101.6,320.5,1.3,4.5,1.0,1.6,70.2,6.2,183.7,163.2,1.2,256.4,,3.2,208.5,31.3,113.5,,55.0,2690.2999999999997
2013-07-02,,228.9,1.2,22.1,41.5,6.3,58.4,14.5,5.8,110.3,7.1,236.9,176.7,25.6,30.4,19.7,150.4,52.3,,102.3,327.1,1.7,4.7,1.0,1.6,68.4,6.4,188.4,151.2,1.0,255.7,,3.0,218.1,32.2,126.1,,56.0,2733.0
2013-07-03,,230.9,1.1,22.5,43.4,5.9,59.1,14.6,5.9,106.3,7.8,233.8,174.3,24.1,31.0,20.0,147.4,50.6,,102.0,318.1,1.7,5.1,1.0,1.5,68.9,6.1,189.9,149.2,1.1,260.1,,2.9,223.4,32.8,126.3,7.9,59.7,2736.4
2013-07-04,,223.9,1.3,21.3,42.6,6.2,61.8,14.1,6.2,108.2,7.8,199.6,177.8,25.1,31.0,19.9,145.0,49.8,,102.7,311.5,1.7,4.9,1.0,1.5,69.3,6.2,195.2,149.7,1.0,259.8,,3.7,230.5,33.2,118.4,9.1,56.9,2697.8999999999996
2013-07-04,,226.9,1.3,21.3,42.6,6.2,61.8,14.1,6.2,108.2,7.8,199.6,177.8,25.1,31.0,19.9,145.0,49.8,,102.7,311.5,1.7,4.9,1.0,1.5,69.3,6.2,195.2,149.7,1.0,262.0,,3.7,230.5,33.2,118.4,9.1,56.9,2703.0999999999995
2013-07-05,,223.0,1.3,21.6,42.2,6.1,65.3,14.2,6.2,108.6,7.9,194.8,175.5,24.0,30.2,20.1,150.0,53.0,,107.7,313.3,1.5,4.9,1.0,1.4,69.9,6.5,180.2,155.4,1.2,261.8,,3.2,226.9,34.4,136.2,8.5,59.0,2716.9999999999995
2013-07-06,,224.8,1.2,22.5,38.9,5.4,66.4,14.6,6.1,103.1,7.1,200.4,176.6,24.6,27.9,20.1,149.0,53.3,,109.7,317.5,1.8,4.4,1.0,1.3,64.8,6.6,185.6,154.2,1.2,258.2,,3.2,233.1,34.4,136.4,9.1,54.5,2719.0
2013-07-07,,218.4,1.1,22.1,40.2,4.7,67.1,14.6,6.1,97.0,6.9,193.4,172.7,21.9,28.2,19.7,137.8,48.5,,110.3,308.3,1.4,4.1,0.9,1.4,61.2,5.7,196.0,146.5,1.1,237.4,,3.2,229.4,31.3,119.5,10.9,59.0,2628.0
2013-07-08,,219.8,1.2,20.1,42.7,5.2,67.3,14.7,6.0,101.7,6.8,205.4,164.7,23.2,25.9,19.9,144.5,52.0,,114.5,322.3,1.4,3.6,0.9,1.6,66.7,6.2,175.8,138.1,0.8,245.9,,3.3,228.2,31.2,122.9,10.9,59.2,2654.6000000000004
2013-07-09,,225.5,1.2,21.5,40.2,5.3,67.2,14.7,6.1,93.8,7.0,206.9,145.3,24.4,27.5,19.2,148.1,53.4,,113.1,319.5,1.4,3.7,0.9,1.6,69.0,6.3,170.5,142.9,1.1,253.3,,3.0,237.5,31.3,131.4,11.7,58.4,2663.9
2013-07-10,,223.9,1.3,21.9,38.9,5.4,65.3,14.4,6.2,93.0,7.3,200.2,142.3,23.3,27.7,18.5,147.1,47.5,,112.0,315.9,1.4,4.4,1.0,1.5,69.7,6.2,164.6,144.8,1.1,249.2,,3.4,232.6,32.6,139.0,10.7,58.4,2632.7000000000003
2013-07-11,,214.5,1.1,22.9,41.1,5.9,64.4,14.4,6.1,99.0,7.6,202.2,161.4,24.4,30.2,18.9,140.5,50.9,,114.2,311.4,1.4,4.6,0.9,1.4,68.6,6.2,183.9,150.8,0.9,245.0,,3.1,230.7,32.0,134.7,10.8,58.8,2664.9
2013-07-12,,205.5,1.2,22.2,40.8,5.9,61.1,14.1,5.8,97.9,7.3,196.9,165.3,24.7,30.7,17.7,138.8,52.4,,116.3,297.2,1.4,4.2,0.9,1.3,70.9,6.4,188.4,146.7,1.1,251.5,,3.1,240.5,33.5,133.9,9.6,57.9,2653.1000000000004
2013-07-13,,209.2,1.0,23.1,42.3,5.7,62.1,14.5,5.9,97.7,7.3,186.8,171.3,25.0,30.8,19.8,136.2,52.2,,112.7,297.1,1.5,4.6,1.1,1.5,70.0,6.2,195.8,138.6,1.1,254.6,,3.2,245.2,33.9,128.1,10.8,58.1,2654.9999999999995
2013-07-14,,215.6,1.2,21.4,43.3,5.3,63.4,14.5,6.0,96.0,6.5,181.4,165.3,23.5,30.4,19.8,130.3,49.2,,102.6,292.3,1.6,4.2,1.0,1.6,67.9,5.9,198.6,132.3,1.1,244.0,,3.3,239.0,33.2,124.6,9.5,57.1,2592.9
2013-07-15,,221.1,1.2,22.5,45.0,5.9,63.8,13.3,6.0,102.4,6.8,195.1,170.0,24.7,29.9,19.8,141.9,53.5,,102.6,304.7,1.3,4.1,1.0,1.4,69.6,6.2,194.7,142.8,1.5,250.4,,3.6,242.5,35.0,130.6,11.2,59.7,2685.8
2013-07-16,,221.3,1.1,23.2,43.5,5.7,63.9,14.4,6.2,103.7,7.1,198.1,168.0,24.2,31.5,21.1,141.1,53.0,,110.8,305.5,1.3,4.7,1.0,1.5,69.6,6.1,190.9,146.3,1.2,249.2,,3.2,246.6,34.2,133.8,11.3,58.6,2702.9
2013-07-17,,211.8,1.3,23.5,43.9,6.0,65.2,14.2,5.9,103.9,7.3,197.8,171.6,24.9,31.1,20.8,141.4,53.1,,114.9,307.2,1.3,4.4,1.0,1.6,71.3,6.0,194.4,152.0,1.2,251.6,,3.4,248.8,33.4,136.5,11.0,59.9,2723.6
2013-07-18,,214.6,1.3,23.0,44.5,5.7,66.9,14.2,6.1,104.0,7.1,202.1,173.2,25.6,31.2,20.8,138.6,51.4,,113.6,300.6,1.3,4.1,1.0,1.5,71.0,6.2,193.2,146.9,1.2,251.6,,3.0,253.7,33.1,137.3,10.2,62.8,2722.6000000000004
2013-07-19,,206.3,1.1,22.6,43.2,5.9,68.5,13.7,6.1,104.0,7.0,204.8,172.0,25.5,31.2,20.4,137.0,51.2,,111.0,294.0,1.7,4.3,1.0,1.6,68.8,6.2,194.2,150.4,1.2,245.1,,3.5,246.6,33.8,135.3,10.0,59.1,2688.2999999999997
2013-07-20,,207.2,1.1,22.4,44.0,5.1,64.9,12.4,6.1,85.9,7.0,207.6,157.4,22.9,24.6,20.5,132.5,51.2,,110.8,289.3,1.4,4.3,1.0,1.3,66.7,6.0,180.6,143.4,1.2,238.8,,3.2,236.1,34.5,130.1,10.7,59.9,2592.1
2013-07-21,,213.4,1.2,23.3,44.5,4.9,62.7,12.5,5.9,82.7,6.2,200.1,152.9,21.9,28.1,20.4,124.5,47.3,,110.7,282.3,1.4,4.2,1.0,1.3,64.6,5.6,181.6,132.8,0.9,228.5,,3.1,236.3,31.0,131.0,10.1,58.5,2537.4
2013-07-22,,209.9,1.2,22.7,38.9,5.6,63.3,12.2,5.8,92.4,6.5,205.7,153.3,22.8,31.3,21.0,136.5,51.1,,110.8,298.0,1.3,4.3,0.9,1.2,66.5,5.9,220.7,133.2,0.9,243.0,,3.4,241.6,32.1,135.9,9.3,58.5,2647.7
2013-07-23,,202.0,1.3,22.6,40.2,5.9,63.0,12.6,5.9,96.7,6.5,199.5,155.0,22.9,31.6,20.8,129.8,51.2,,112.1,295.6,1.6,4.4,0.8,1.6,67.5,6.0,191.7,137.4,1.0,246.8,,3.5,245.0,31.4,135.2,8.8,58.9,2616.7999999999997
2013-07-24,,213.7,0.7,23.3,41.4,6.0,61.8,12.6,5.9,100.2,6.5,196.2,159.4,23.8,29.3,20.0,131.5,51.5,,118.4,291.4,1.6,4.6,1.1,1.6,66.8,6.2,192.7,145.0,1.2,247.9,,3.5,243.1,28.4,137.8,8.0,60.0,2643.0999999999995
2013-07-25,,226.4,0.7,23.1,40.2,6.0,62.7,12.6,6.1,94.5,7.0,196.9,155.8,24.2,27.5,19.2,136.3,51.0,,114.2,292.7,1.5,4.4,1.1,1.6,68.8,6.2,192.6,142.8,1.2,242.3,,3.4,242.1,27.8,134.8,7.7,57.4,2632.7999999999997
2013-07-26,,233.8,0.8,22.4,38.5,5.9,60.6,13.9,6.1,95.0,7.4,196.8,158.7,24.9,31.0,17.8,135.0,50.0,,111.1,290.2,1.8,4.4,1.1,1.1,66.9,6.4,193.9,135.4,1.3,253.0,,3.4,240.9,32.7,131.2,5.7,58.0,2637.1
2013-07-28,,235.9,1.4,23.0,39.8,5.6,59.1,14.0,6.0,93.7,7.4,188.2,157.1,22.8,28.7,19.2,124.0,48.5,,101.5,282.3,1.5,4.3,1.0,1.5,67.8,6.2,198.7,125.9,1.0,246.1,,3.0,242.5,32.6,123.6,9.4,56.3,2579.6
2013-07-29,,243.6,1.1,23.0,40.0,7.3,59.9,13.7,6.0,102.6,8.2,186.8,164.0,24.1,30.8,18.8,134.9,52.6,,104.9,297.7,1.5,4.5,1.0,1.4,66.5,6.5,197.9,132.3,1.1,254.8,,3.1,247.9,32.7,117.5,9.1,57.6,2655.4000000000005
2013-07-30,,238.0,1.2,23.2,41.1,5.2,55.7,14.4,6.0,102.5,8.4,188.6,159.1,25.1,26.1,19.1,137.4,54.4,,109.9,302.3,1.3,4.4,1.0,1.3,62.2,6.5,198.3,132.2,1.3,261.6,,3.0,246.0,31.9,126.4,9.0,55.7,2659.8
2013-07-31,,220.2,1.1,21.0,41.7,6.3,55.5,14.8,5.9,96.9,7.7,190.9,159.2,24.7,31.0,18.9,137.5,55.6,,105.4,295.5,1.2,4.6,1.0,1.4,67.0,6.5,198.4,135.9,1.3,258.5,,3.2,250.9,28.9,127.8,9.2,55.4,2641.0
2013-08-01,,223.3,1.2,23.6,41.1,6.3,58.2,14.4,5.9,97.1,6.8,192.0,151.3,23.8,28.8,19.3,137.2,50.8,,106.4,284.7,1.2,4.4,1.0,1.6,66.2,6.6,186.0,135.4,1.2,257.4,,3.2,246.5,27.8,128.9,8.7,54.5,2602.7999999999997
2013-08-02,,234.8,1.1,23.3,45.0,5.8,57.0,14.3,6.0,102.1,7.7,188.3,155.5,24.1,26.7,20.0,140.8,49.0,,111.3,277.6,1.6,4.0,1.1,1.7,64.8,6.7,182.3,149.1,1.2,260.1,,3.4,252.9,33.4,129.5,8.8,57.2,2648.2
2013-08-03,,247.8,1.2,23.0,43.7,5.7,56.8,14.2,6.0,97.8,7.5,185.4,164.7,23.4,28.4,20.0,140.6,51.9,,112.2,290.3,1.6,4.0,1.0,1.6,67.2,6.6,188.7,150.9,0.6,252.9,,3.1,256.7,33.3,133.0,7.4,57.9,2687.0999999999995
2013-08-04,,247.7,1.0,24.1,40.2,5.3,58.5,14.9,6.0,94.4,7.0,181.4,158.0,22.0,29.5,18.8,131.4,47.8,,114.2,286.2,1.3,4.3,0.7,1.5,68.6,6.3,189.6,148.7,0.8,238.4,,3.1,259.1,31.4,129.2,6.9,56.5,2634.7999999999997
2013-08-05,,245.4,1.1,19.3,38.6,5.6,58.8,15.1,6.1,103.5,7.9,192.6,163.4,23.7,29.6,19.6,138.2,49.2,,116.3,307.5,1.3,4.1,1.0,1.4,67.7,6.2,188.5,148.3,0.6,239.0,,3.3,255.1,29.8,128.6,9.1,58.0,2683.5000000000005
2013-08-06,,240.4,1.1,20.6,42.5,5.2,56.9,15.1,6.2,94.0,8.0,198.0,151.5,24.1,27.5,20.8,143.0,51.0,,114.8,316.1,1.2,4.3,1.0,1.3,68.8,6.2,163.4,136.5,1.1,245.6,,3.1,250.5,27.4,129.9,5.9,57.8,2640.8
2013-08-07,,246.0,1.0,19.6,41.5,5.4,57.5,15.4,6.2,90.8,8.0,199.5,150.4,23.3,28.1,20.4,145.5,52.7,,115.7,318.2,1.3,4.7,0.9,1.4,68.9,6.3,169.9,136.3,1.3,245.3,,3.0,247.9,31.3,124.7,6.0,57.7,2652.1000000000004
2013-08-08,,256.3,1.2,21.8,42.6,5.3,58.5,15.4,6.3,89.9,8.2,205.2,146.5,22.9,30.0,19.5,147.4,52.5,,116.5,317.3,1.3,4.5,1.0,1.4,67.0,6.5,181.8,139.3,1.2,253.5,,3.1,237.2,31.4,124.1,9.2,55.5,2681.2999999999997
2013-08-09,,256.6,1.2,22.3,43.2,4.6,58.6,15.1,6.2,81.5,8.1,201.6,134.3,22.7,28.2,19.9,146.3,51.6,,110.7,304.3,1.3,4.1,1.1,1.7,68.5,5.0,177.7,144.3,1.2,246.0,,3.1,243.7,31.8,121.7,9.2,58.0,2635.3999999999996
2013-08-10,,253.7,1.0,22.3,41.3,5.1,60.1,15.0,6.1,82.4,7.8,196.0,138.7,24.4,27.0,18.8,143.8,53.3,,109.1,302.8,1.4,4.8,1.0,1.4,68.4,5.5,174.0,143.3,1.1,236.0,,3.4,234.6,32.2,124.4,8.7,56.9,2605.8
2013-08-11,,250.6,1.1,22.1,41.2,4.8,62.1,15.0,6.0,82.4,7.7,188.6,141.4,23.1,25.7,19.5,139.2,50.9,,111.6,298.4,1.7,4.5,1.0,2.1,69.2,5.6,181.6,138.4,1.1,221.3,,3.2,229.3,31.2,118.4,8.5,59.2,2567.7000000000003
2013-08-12,,235.1,1.1,21.1,41.7,5.6,61.1,15.2,6.1,97.3,7.7,197.4,151.3,22.6,26.9,19.2,144.0,55.3,,114.8,316.3,1.6,4.7,1.0,1.4,68.9,5.9,187.5,137.6,1.2,229.6,,3.2,236.1,32.1,124.0,8.7,57.5,2640.7999999999997
2013-08-14,,241.7,1.2,23.7,43.4,5.3,64.9,15.2,6.1,93.3,7.7,198.8,150.5,23.7,23.2,20.0,147.3,55.6,,113.0,310.5,1.2,4.3,1.0,1.2,69.2,5.4,183.7,135.4,1.1,233.7,,3.0,237.8,28.7,137.5,8.7,61.0,2658.0
2013-08-15,,227.5,1.4,21.7,41.8,4.9,65.9,9.7,4.2,73.4,6.8,178.7,118.3,20.4,20.4,19.6,145.5,53.1,,115.1,283.4,1.5,4.3,1.0,1.5,71.5,4.7,127.3,122.5,0.9,215.0,,3.3,231.8,30.0,122.9,8.1,58.5,2416.6
2013-08-16,,222.7,1.3,21.7,40.4,5.1,61.0,14.0,5.5,83.8,7.7,192.1,121.8,22.7,24.9,18.9,141.5,55.2,,116.0,301.4,1.4,4.3,1.0,1.5,70.9,4.6,130.2,117.2,1.9,228.4,,3.2,229.2,33.1,128.6,8.3,56.8,2478.2999999999993
2013-08-17,,221.5,1.3,22.9,41.5,4.8,60.2,15.0,5.5,81.6,7.8,200.3,121.7,23.0,27.5,18.9,139.8,55.4,,114.0,317.2,1.3,4.6,1.0,1.3,68.0,5.0,122.7,117.7,0.9,225.3,,3.3,225.2,34.0,128.3,8.3,56.6,2483.4000000000005
2013-08-18,,220.6,1.6,22.2,41.7,4.5,55.1,15.4,6.3,79.9,6.4,197.7,121.8,22.4,26.7,18.5,137.2,51.3,,107.7,305.5,1.3,3.8,1.0,1.7,67.6,6.4,127.7,120.3,0.9,219.7,,3.3,226.9,33.0,121.2,8.4,55.5,2441.2
2013-08-19,,230.4,1.2,23.5,42.2,5.0,58.7,15.0,6.3,86.3,7.9,203.6,123.5,23.3,27.5,18.6,139.8,54.1,,106.7,318.1,1.4,4.3,1.0,1.4,68.1,5.8,135.4,129.0,1.0,242.4,,3.7,227.0,33.5,120.6,8.4,58.3,2533.0
2013-08-20,,237.9,1.4,23.9,42.0,5.1,54.2,14.6,5.2,80.6,7.4,178.1,121.4,23.0,28.2,17.3,148.6,55.5,,104.2,313.7,1.8,4.1,1.0,1.6,65.5,6.1,150.9,117.4,0.9,243.5,,3.2,225.6,31.8,106.4,8.4,56.4,2486.9
2013-08-21,,244.6,1.2,22.2,31.9,5.4,55.3,15.0,5.8,86.1,7.8,199.3,121.7,22.8,28.6,16.7,153.4,55.7,,100.0,318.5,1.2,4.4,1.0,1.3,66.8,6.2,160.5,123.5,1.0,246.5,,3.2,224.2,30.1,101.6,5.8,52.1,2521.4
2013-08-22,,246.4,1.1,22.8,36.5,5.4,55.9,14.7,6.4,88.3,7.6,216.3,124.2,23.2,29.3,17.5,155.4,56.8,,97.4,320.2,1.1,4.2,1.1,1.2,69.2,6.3,166.8,129.6,1.0,250.7,,3.3,225.6,32.0,117.0,6.1,53.5,2594.1
2013-08-23,,256.2,1.3,22.7,39.3,5.4,58.3,15.0,6.4,92.8,7.7,225.0,132.0,21.8,29.6,17.9,156.4,56.8,,101.7,314.8,1.4,4.4,1.0,1.4,72.1,6.4,169.7,141.0,1.2,254.0,,3.3,227.0,33.3,129.1,6.7,55.4,2668.5000000000005
2013-08-24,,263.2,1.3,23.7,41.0,5.4,58.6,15.1,5.7,95.3,7.8,222.8,140.4,23.9,29.5,18.8,155.1,57.3,,108.7,311.8,1.4,4.5,1.0,1.4,67.2,6.3,178.7,143.6,1.1,253.6,,3.3,227.1,34.8,124.5,5.2,58.5,2697.6000000000004
2013-08-25,,261.9,1.3,22.0,40.1,5.1,58.5,15.1,5.7,93.1,6.9,218.1,142.6,22.1,27.3,18.0,147.7,52.6,,110.4,302.6,1.7,4.4,1.0,1.5,68.6,6.0,186.6,146.9,0.8,251.5,,3.4,229.2,32.4,117.7,3.3,56.1,2662.2000000000003
2013-08-26,,266.4,1.5,20.4,42.2,6.0,65.2,6.0,15.3,101.8,8.0,231.3,147.9,23.3,28.0,19.1,161.8,56.4,,111.5,313.3,1.4,3.8,1.0,1.2,70.3,6.5,194.9,151.4,0.9,250.6,,3.4,237.2,34.5,117.5,3.5,58.8,2762.2999999999997
2013-08-27,,264.2,1.1,21.0,38.3,5.9,62.3,15.2,6.2,104.4,8.2,230.0,153.4,24.0,27.9,18.9,164.6,57.8,,112.6,324.1,1.6,3.9,1.0,1.6,67.9,5.7,198.0,161.6,0.9,245.3,,3.1,236.4,32.8,129.3,5.1,58.7,2793.0
2013-08-30,,268.2,1.4,21.7,40.6,5.3,59.3,15.1,6.3,97.0,7.9,241.4,159.7,24.8,28.1,19.4,171.9,58.4,,113.5,333.1,1.4,5.4,1.0,1.5,73.3,6.7,187.0,158.5,1.2,223.7,,3.9,215.2,32.5,137.5,7.7,56.7,2786.2999999999997
2013-08-31,,261.0,1.4,23.1,39.8,5.1,61.2,15.2,6.3,91.8,7.9,247.9,161.5,24.2,30.0,20.1,166.1,58.0,,117.0,340.2,1.4,4.7,1.0,1.5,68.3,6.6,190.7,165.9,1.2,226.3,,3.1,212.9,31.1,131.1,7.7,56.2,2787.5
2013-09-01,,253.2,1.3,22.7,36.4,4.7,61.8,15.2,6.0,88.7,7.8,246.8,159.7,22.7,28.8,20.0,150.0,53.1,,113.5,335.5,1.5,4.4,1.0,1.3,63.9,6.2,190.7,169.3,1.0,227.6,,3.5,205.1,28.1,120.6,7.6,55.6,2715.3
2013-09-02,,255.4,1.2,21.3,38.0,5.6,64.7,15.3,6.1,97.7,8.9,258.9,163.4,24.2,29.1,19.0,150.5,57.5,,118.6,352.0,1.5,4.0,1.0,1.7,67.3,6.4,192.7,174.1,1.1,231.1,,3.4,217.1,32.6,121.3,7.7,56.7,2807.1
2013-09-03,,254.8,1.3,22.4,37.8,5.7,64.5,15.4,6.3,97.3,8.5,264.7,164.3,25.3,28.2,19.0,144.2,57.5,,125.8,358.9,1.5,4.5,1.1,1.4,66.6,6.6,191.8,175.7,1.1,241.9,,3.0,219.5,32.5,126.7,7.8,56.1,2839.7
2013-09-04,,255.5,1.2,21.9,38.3,5.7,64.4,15.4,6.3,97.1,7.8,267.4,164.3,25.7,29.6,19.7,145.8,56.6,,129.5,361.9,1.7,4.1,1.1,1.7,69.7,6.5,191.8,176.2,1.2,240.7,,2.8,221.2,31.5,127.1,7.9,55.8,2855.1
2013-09-05,,260.5,1.2,21.8,40.5,5.6,62.5,15.4,6.5,98.1,8.2,267.1,161.4,25.4,28.1,20.3,148.9,57.0,,131.2,361.2,1.8,4.3,1.1,1.8,72.6,6.3,190.6,175.2,1.2,254.9,,2.8,227.6,32.5,136.8,6.6,55.3,2892.3
2013-09-06,,262.9,1.3,21.4,42.9,5.1,67.8,15.3,5.7,98.0,8.3,269.6,162.6,24.7,28.5,20.2,151.0,56.4,,133.3,353.5,1.4,4.7,1.1,1.4,71.1,5.8,185.7,172.1,1.1,248.6,,3.2,233.9,32.5,131.0,6.6,58.8,2887.5
2013-09-07,,257.1,1.2,21.6,41.9,5.1,67.6,15.4,6.3,94.6,7.4,266.1,156.8,24.9,28.7,19.7,146.0,54.0,,136.6,362.0,1.4,4.9,1.1,1.4,73.5,5.6,184.1,164.1,1.4,233.5,,3.4,243.8,30.4,125.6,5.5,57.6,2850.3
2013-09-08,,240.0,1.2,21.2,42.3,4.3,62.8,15.4,6.3,89.8,6.4,261.9,149.9,22.9,26.4,19.0,130.0,50.3,,141.9,354.8,1.4,4.5,1.0,1.8,70.7,5.3,209.0,171.8,1.2,220.3,,3.4,226.2,27.6,124.4,6.2,55.2,2776.8
2013-09-09,,231.6,1.1,22.0,43.0,4.8,65.6,14.9,5.4,94.8,5.8,268.6,151.2,24.6,27.4,18.2,119.1,54.5,,149.7,332.1,1.4,4.6,1.0,1.4,71.3,5.4,183.7,181.9,1.2,217.8,,2.9,231.0,30.2,124.4,6.6,56.8,2756.0
2013-09-10,,242.3,1.4,23.2,45.1,4.9,67.8,15.0,5.9,96.8,6.0,277.3,154.4,25.0,28.9,19.5,124.2,56.2,,149.8,344.9,1.4,4.3,1.0,1.6,71.8,5.7,186.1,192.8,1.2,230.2,,3.2,226.1,31.0,123.1,6.3,57.3,2831.7
2013-09-11,,240.6,1.2,23.8,45.2,5.3,69.2,13.8,6.3,98.9,6.0,272.1,152.3,24.4,28.3,18.9,126.1,56.4,,156.8,346.1,1.4,4.3,1.1,1.7,72.8,5.9,190.8,192.7,1.0,228.6,,2.9,232.4,31.0,123.3,4.2,58.0,2843.8
2013-09-12,,245.0,1.3,23.4,43.1,5.3,70.5,13.3,6.3,101.4,6.3,259.1,158.8,24.7,27.5,18.4,126.1,56.6,,158.4,348.7,1.4,4.7,1.0,1.6,74.3,5.5,190.8,191.4,1.2,228.6,,3.1,238.1,30.8,133.9,6.1,56.8,2863.5
2013-09-13,,244.6,1.1,22.8,31.0,5.3,70.7,15.2,6.2,102.9,7.3,260.9,156.6,25.3,28.5,19.5,124.7,56.3,,159.6,343.0,1.4,5.0,0.9,1.7,74.2,6.2,181.6,192.6,1.1,231.0,,2.8,239.3,30.1,128.7,7.0,58.1,2843.2000000000003
2013-09-15,,246.5,1.1,23.3,42.8,3.8,69.7,15.4,6.4,94.4,6.8,255.7,151.8,21.6,28.9,18.8,113.4,51.0,,152.8,324.1,1.3,4.1,0.8,1.5,70.3,5.8,153.4,192.3,0.8,222.8,,3.2,235.9,30.4,110.6,6.1,56.2,2723.8
2013-09-16,,243.5,1.4,22.9,41.1,4.2,66.5,14.5,6.3,96.8,7.7,268.4,150.1,17.4,29.2,19.7,124.6,48.4,,147.3,322.6,1.3,4.9,0.9,1.7,72.6,6.1,112.1,170.8,1.1,237.5,,3.9,237.4,30.8,127.2,6.1,56.8,2703.8
2013-09-17,,237.5,1.4,22.9,41.5,4.6,66.9,14.7,6.0,93.9,7.0,269.2,151.8,21.3,29.6,19.2,126.8,47.8,,145.6,321.6,1.3,4.9,0.9,1.7,70.5,6.2,155.3,175.3,1.0,240.5,,3.9,242.2,30.9,118.1,7.0,52.9,2741.8999999999996
2013-09-18,,234.9,1.4,24.5,39.8,4.8,64.3,15.2,6.2,94.7,7.3,256.3,160.5,22.5,29.3,17.9,127.3,51.3,,150.1,303.9,1.3,4.1,1.0,1.6,72.1,6.3,168.9,181.7,1.3,243.4,,3.0,245.9,30.8,123.6,6.4,53.3,2756.8999999999996
2013-09-19,,239.5,1.5,25.2,37.9,5.1,66.0,15.4,6.3,96.8,7.9,277.2,158.2,24.5,30.8,17.7,125.0,54.5,,149.5,303.8,1.3,3.2,1.0,1.6,70.2,6.4,170.8,188.1,1.3,248.0,,3.2,242.4,31.4,122.6,5.8,55.3,2795.3999999999996
2013-09-21,,228.8,1.4,23.8,41.5,4.4,61.8,14.2,6.6,83.7,8.0,280.4,119.1,23.8,31.2,20.2,123.0,55.7,,119.2,299.7,1.5,3.3,1.1,1.6,70.6,6.4,176.8,167.2,1.2,247.0,,3.2,229.1,32.6,130.9,5.1,56.5,2680.5999999999995
2013-09-22,,231.3,1.3,24.9,41.3,3.8,61.4,14.7,5.4,78.8,7.7,241.6,105.0,22.7,31.3,19.7,116.5,52.4,,119.7,291.0,1.3,4.4,1.0,1.4,71.8,6.3,176.1,152.9,1.1,244.6,,3.1,232.5,30.8,125.7,4.7,57.4,2585.6
2013-09-24,,260.7,1.4,23.9,42.4,4.8,65.3,13.5,5.8,96.4,7.4,200.7,115.7,24.0,31.4,20.2,139.7,57.9,,124.9,317.5,1.9,4.1,1.0,1.6,76.1,6.2,163.5,151.6,1.1,263.4,,3.1,247.7,33.8,143.9,4.6,57.9,2715.0999999999995
2013-09-25,,264.8,1.1,20.3,41.4,4.9,67.2,14.5,6.0,94.0,7.7,173.1,113.2,24.0,31.6,19.5,147.8,58.5,,129.1,319.4,1.4,4.0,1.0,1.3,74.5,6.4,160.0,147.2,1.0,261.7,,3.4,244.0,32.8,136.9,3.9,57.2,2674.8
2013-09-26,,270.6,1.1,21.5,44.1,5.2,68.8,14.2,6.1,92.9,7.9,167.2,131.6,24.9,32.0,19.1,152.6,59.2,,131.1,322.6,1.4,4.4,0.9,1.5,74.7,6.5,158.6,144.2,1.1,263.6,,3.5,239.9,32.5,137.2,3.8,56.4,2702.9
2013-09-27,,268.7,1.3,21.6,38.4,5.2,68.8,14.8,6.1,92.0,7.9,178.8,133.5,24.7,30.0,19.1,156.7,59.7,,133.9,319.9,1.4,4.4,1.0,1.6,71.0,6.5,169.3,152.6,1.1,265.2,,3.9,232.5,32.1,133.9,4.0,56.2,2717.8
2013-09-28,,267.0,1.2,19.6,42.5,4.8,64.2,14.8,6.0,88.2,8.0,184.6,131.3,22.9,28.2,19.7,156.6,59.3,,134.7,323.9,1.4,4.6,1.1,1.3,67.4,6.4,164.6,141.1,1.2,267.8,,3.7,245.2,32.1,127.2,4.5,59.4,2706.5
2013-09-29,,255.6,1.3,19.2,40.5,4.4,62.8,14.8,5.9,84.1,7.0,187.8,120.7,22.2,30.3,15.7,149.4,54.3,,132.8,317.0,1.5,4.7,1.3,1.6,65.0,5.8,161.7,121.0,0.7,255.5,,3.8,235.5,30.1,112.6,4.7,55.7,2587.0000000000005
2013-09-30,,264.5,1.3,20.9,41.4,4.9,62.8,14.8,5.9,84.5,7.5,201.2,126.3,23.5,29.5,18.0,157.9,56.4,,135.3,331.8,1.5,4.6,1.0,1.4,69.8,6.3,160.5,122.9,0.8,264.8,,3.3,235.3,29.8,111.3,5.1,54.6,2661.4
2013-10-01,,266.3,1.3,21.1,41.5,4.9,60.4,14.3,5.7,86.3,7.4,201.4,121.6,23.6,29.4,18.8,158.4,57.1,,133.3,336.6,1.5,4.1,1.1,1.4,68.0,6.5,157.5,132.3,1.1,270.0,,3.2,227.8,31.8,117.3,6.5,54.1,2673.6
2013-10-02,,251.4,1.3,22.4,42.7,4.3,57.0,14.1,5.3,73.1,6.8,199.6,120.0,20.8,30.6,17.1,147.8,55.1,,125.5,333.6,1.5,4.4,1.0,1.5,69.3,5.8,155.5,134.9,1.3,252.1,,2.8,224.8,28.7,119.7,6.0,52.5,2590.3
2013-10-03,,237.7,1.3,23.1,45.7,4.5,57.9,14.3,4.8,83.8,7.9,209.9,124.9,22.9,29.7,19.3,155.5,57.3,,119.5,334.9,1.3,4.2,1.0,1.3,70.5,5.9,157.7,137.5,1.2,258.3,,2.9,217.6,31.4,118.7,6.0,56.4,2626.8
2013-10-04,,234.4,1.4,22.9,44.8,4.5,60.0,15.0,6.0,77.7,7.8,210.4,123.6,23.5,29.0,19.6,160.3,57.6,,116.8,325.0,1.3,4.6,1.1,1.3,71.9,5.8,153.4,132.7,1.2,262.2,,2.9,202.0,31.0,119.0,6.0,57.4,2594.1000000000004
2013-10-05,,230.0,1.3,20.0,37.6,4.4,59.0,14.3,6.0,76.9,8.1,214.2,125.9,23.4,30.0,18.9,158.1,57.2,,121.3,334.0,1.5,4.5,1.1,1.3,70.5,5.4,151.6,138.0,1.4,262.6,,2.9,191.6,31.8,126.4,6.0,56.9,2594.1
2013-10-06,,215.4,1.2,17.0,41.1,3.9,61.4,14.6,6.1,76.9,7.1,214.6,123.0,22.8,29.6,18.9,148.5,52.9,,121.9,330.1,1.5,4.6,1.1,1.3,71.3,5.7,147.0,142.9,1.4,255.3,,3.4,199.8,31.3,117.2,6.0,55.0,2551.8000000000006
2013-10-07,,208.8,1.3,19.4,44.1,4.7,59.1,14.8,6.1,85.9,7.8,220.7,125.9,24.1,29.3,19.8,160.4,57.3,,126.3,348.7,1.4,4.5,1.0,1.2,70.4,6.2,145.5,151.3,1.3,264.9,,3.4,206.1,34.0,108.9,5.4,55.4,2625.3999999999996
2013-10-08,,211.8,1.4,20.2,44.5,4.9,57.3,15.0,6.1,89.2,8.4,212.3,131.4,25.0,30.5,19.0,158.6,58.9,,125.7,352.5,1.4,4.6,1.0,1.2,67.9,5.9,147.0,152.7,1.2,254.4,,3.5,218.4,34.3,113.2,5.8,54.2,2639.3999999999996
2013-10-09,,202.2,1.2,21.3,42.3,4.7,59.9,14.9,6.1,90.3,8.5,201.9,136.5,24.4,32.4,19.3,157.6,56.8,,124.9,349.7,1.4,4.5,1.1,1.4,68.9,5.9,146.9,154.3,1.5,246.2,,3.5,218.6,30.9,120.9,6.5,55.9,2623.3
2013-10-10,,225.5,1.4,22.6,44.0,4.7,59.3,15.0,6.2,91.0,8.1,202.8,129.7,24.1,32.7,19.8,159.8,58.0,,126.0,345.0,1.4,4.0,1.0,1.4,68.8,6.2,143.0,157.3,1.3,245.0,,3.7,234.3,32.4,126.3,6.5,55.2,2663.4999999999995
2013-10-11,,230.4,1.4,23.3,45.0,4.2,60.3,15.0,6.2,76.2,8.1,207.2,101.3,23.8,31.0,20.7,164.8,58.4,,123.0,338.3,1.4,3.9,1.0,1.4,66.8,6.1,127.9,144.9,1.3,251.6,,3.9,217.1,28.5,121.9,4.7,57.6,2578.6000000000004
2013-10-12,,236.3,1.4,21.1,45.0,3.9,59.6,14.8,6.2,72.9,8.2,205.9,102.5,23.4,31.2,19.1,158.7,56.8,,122.4,330.8,1.4,4.6,1.1,1.5,34.3,6.1,112.9,140.6,1.6,251.8,,3.8,217.1,31.2,118.8,5.1,55.6,2507.7000000000003
2013-10-13,,230.5,1.8,19.8,27.2,3.5,51.7,13.3,6.2,66.5,7.4,192.8,95.6,20.7,31.0,8.4,151.9,52.0,,112.6,301.1,1.4,3.2,1.0,1.5,9.9,5.3,102.6,134.5,1.0,223.9,,3.8,207.7,28.6,88.4,5.0,38.5,2250.3
2013-10-14,,236.4,1.3,18.9,9.6,4.0,52.3,13.9,5.0,76.8,8.0,209.7,100.7,22.3,31.1,9.7,150.8,56.1,,113.0,326.4,1.4,4.2,1.0,1.4,34.7,5.6,107.2,143.1,0.9,245.8,,3.9,190.6,29.4,83.6,6.0,40.1,2344.9
2013-10-16,,236.2,1.4,21.5,31.3,4.0,58.8,14.7,6.3,75.8,8.4,222.8,115.3,24.3,35.1,18.6,155.4,57.6,,126.1,344.4,1.4,4.3,1.1,1.5,55.4,6.1,112.1,151.1,1.1,248.9,,3.9,211.6,27.4,114.6,6.4,49.8,2554.7
2013-10-17,,238.0,1.2,23.0,37.8,4.0,59.4,14.9,6.3,78.5,8.4,228.4,108.0,24.1,34.0,19.9,155.2,56.5,,129.1,344.7,1.3,4.1,1.1,1.4,59.1,6.2,113.6,148.3,1.3,246.8,,3.4,208.4,31.9,116.0,7.2,54.0,2575.5000000000005
2013-10-18,,248.1,1.3,23.4,38.6,3.8,59.7,15.3,5.1,79.6,8.2,231.9,114.9,24.7,35.9,19.8,157.5,56.9,,130.8,338.8,1.4,4.4,1.1,1.4,63.1,6.4,113.0,150.9,1.5,245.5,,3.8,216.1,31.3,119.4,5.9,56.1,2615.6000000000004
2013-10-19,,253.4,1.4,22.7,38.6,3.7,58.8,15.2,6.0,73.4,8.5,234.4,111.7,23.7,31.4,19.8,156.2,56.1,,133.9,347.5,1.4,4.3,1.1,1.4,65.8,6.4,110.2,150.5,1.5,232.4,,3.7,213.8,29.6,120.6,5.2,55.9,2600.2
2013-10-20,,251.8,1.6,20.9,38.3,3.2,59.7,15.0,6.2,66.8,7.8,229.4,102.9,21.9,32.5,18.9,145.2,51.8,,134.4,352.3,1.3,4.6,1.1,1.4,65.3,5.4,107.5,148.0,1.5,214.3,,3.4,207.5,28.8,115.4,5.6,56.0,2527.7000000000003
2013-10-21,,246.4,1.4,19.7,37.7,3.7,60.4,15.2,6.5,70.6,8.2,238.5,103.6,23.4,32.9,19.2,151.2,56.6,,136.7,361.0,1.3,4.4,1.1,1.3,63.7,5.7,105.9,151.8,1.6,218.9,,3.2,208.4,30.3,117.6,6.7,57.1,2571.8999999999996
2013-10-22,,233.7,1.3,20.7,41.0,3.7,58.4,15.1,5.7,70.1,8.3,238.0,110.7,23.7,31.7,20.0,146.0,56.7,,138.3,359.7,1.3,4.3,1.1,1.4,62.8,5.9,105.4,154.3,1.5,225.4,,3.3,208.1,30.4,118.1,5.5,52.9,2564.5
2013-10-23,,219.6,1.1,22.1,41.5,3.6,58.9,15.1,6.2,70.5,7.5,233.7,110.3,22.5,29.5,19.5,138.1,57.8,,139.8,360.7,1.2,4.1,1.1,1.3,59.5,6.0,104.7,151.1,1.6,231.1,,3.3,206.4,30.4,111.3,4.8,53.5,2529.4
2013-10-24,,205.9,1.4,21.5,41.2,3.7,50.6,15.1,6.3,71.0,8.3,239.8,106.9,22.9,29.9,20.0,133.8,57.2,,144.7,357.3,1.5,4.5,1.1,1.4,58.0,5.9,102.4,152.1,1.4,236.0,,3.3,200.4,29.9,115.2,5.4,49.0,2505.0
2013-10-25,,197.6,1.4,21.0,41.8,3.7,57.5,14.3,6.3,69.6,8.6,247.4,109.6,21.8,30.6,19.4,132.9,57.7,,147.6,349.3,1.3,4.8,1.2,1.4,60.1,6.1,102.1,157.1,1.3,241.9,,3.3,202.4,29.9,120.8,5.9,53.3,2530.9999999999995
2013-10-26,,195.4,1.3,19.4,39.3,3.5,56.1,14.3,6.3,64.7,8.3,250.8,110.8,23.0,31.3,19.9,127.5,57.7,,152.6,347.7,1.3,4.7,1.2,1.2,60.1,6.1,100.9,159.8,1.6,236.4,,3.1,207.7,29.1,106.1,5.9,51.0,2506.0999999999995
2013-10-27,,192.1,1.3,20.2,41.6,3.1,56.3,15.2,5.9,61.0,7.5,241.8,106.0,22.1,31.4,20.1,121.4,53.0,,153.3,341.4,1.3,4.7,1.1,1.3,59.5,5.6,95.8,153.7,1.6,236.2,,3.2,203.6,28.0,99.2,5.2,53.5,2448.2
2013-10-28,,207.9,1.6,17.5,39.7,3.5,54.6,15.4,5.9,64.6,8.3,249.0,99.4,23.3,32.8,19.5,134.1,57.2,,160.4,360.7,1.3,4.7,1.0,1.3,60.9,5.9,95.7,155.9,1.2,246.3,,3.3,206.8,28.9,103.2,5.1,56.8,2533.7000000000003
2013-10-29,,216.4,1.1,18.3,38.1,3.4,57.2,15.1,5.8,65.3,8.4,250.4,107.9,23.8,33.3,20.1,140.8,58.0,,164.0,363.2,1.3,4.5,0.9,1.6,61.7,6.3,96.0,155.8,1.4,237.6,,3.3,204.7,29.2,111.4,4.6,54.8,2565.7
2013-10-30,,222.5,1.2,19.5,39.5,3.4,55.1,15.1,5.9,63.4,8.3,247.3,101.9,23.7,34.6,20.0,143.8,59.6,,169.6,361.6,1.3,4.2,1.2,1.3,61.8,6.3,96.4,160.4,1.7,240.3,,3.3,204.9,29.2,114.4,5.5,55.6,2583.8
2013-10-31,,225.3,1.3,20.3,39.6,3.3,57.3,15.1,5.8,65.4,8.6,245.5,96.0,22.9,31.4,20.1,150.8,58.7,,174.3,370.9,1.3,4.1,1.1,1.2,62.0,6.4,87.6,166.9,1.4,253.3,,3.2,207.8,28.9,109.9,5.3,53.1,2606.1
2013-11-01,,226.7,1.3,19.5,40.9,3.4,57.5,14.7,5.7,66.2,8.2,239.9,100.5,23.7,32.9,20.3,144.4,58.9,,174.2,364.5,1.4,5.0,1.1,1.2,62.7,6.1,91.4,171.0,1.7,237.4,,3.2,215.2,29.5,104.0,5.0,54.4,2593.6999999999994
2013-11-02,,227.2,1.3,20.6,43.5,3.2,57.5,14.2,5.1,61.7,7.1,225.6,99.8,22.3,34.1,20.2,144.5,55.9,,182.4,355.9,1.4,4.7,1.2,1.4,61.9,4.9,108.5,156.4,1.3,201.6,,3.3,229.9,28.3,104.2,4.5,55.6,2551.2000000000003
2013-11-03,,209.9,1.8,18.3,44.3,2.9,54.8,9.5,2.7,53.7,6.4,194.8,91.4,17.8,33.9,20.1,136.3,50.5,,177.8,331.0,1.4,4.6,1.1,1.4,63.5,4.6,80.5,152.7,1.4,193.7,,3.3,239.4,25.3,101.6,4.1,51.5,2388.0
2013-11-04,,219.6,1.5,18.8,40.9,2.9,51.6,9.4,2.0,51.9,7.8,173.6,85.0,16.0,35.8,20.0,137.0,57.1,,170.1,324.5,1.4,4.4,1.1,1.4,61.8,5.0,73.5,148.1,1.6,205.0,,3.3,235.1,24.5,107.3,4.7,55.2,2358.9000000000005
2013-11-05,,227.3,1.5,18.7,41.8,3.2,52.7,12.0,2.8,55.1,8.3,183.1,88.3,19.0,35.9,19.8,151.5,59.0,,174.6,329.9,1.4,4.6,1.2,1.4,61.3,5.5,84.8,155.5,1.8,212.2,,3.3,210.4,26.5,105.8,4.5,55.2,2419.9
2013-11-06,,231.1,1.7,19.9,44.3,3.3,53.9,13.6,4.1,58.5,8.4,196.9,88.8,21.9,36.5,19.4,159.5,60.2,,178.9,343.1,1.4,4.6,1.1,1.4,61.1,5.5,88.6,160.9,1.3,220.1,,3.2,212.3,27.9,105.1,4.0,53.7,2496.2
2013-11-07,,234.0,1.6,19.8,44.3,3.3,55.2,14.6,5.3,59.8,8.7,207.7,88.9,22.4,30.4,19.6,164.8,58.9,,181.3,352.2,1.4,4.4,1.2,1.4,63.1,5.7,82.5,156.7,1.8,224.0,,3.2,206.4,28.8,105.7,3.7,55.2,2517.9999999999995
2013-11-08,,234.5,1.7,20.3,42.9,3.3,55.8,14.6,5.6,56.8,8.4,216.1,92.7,22.2,35.0,19.9,168.6,60.6,,177.6,352.3,1.9,3.1,1.2,1.4,62.5,5.8,80.9,162.3,1.5,228.7,,3.9,197.6,28.3,100.9,3.5,55.4,2527.8
2013-11-09,,232.9,1.3,20.3,43.2,3.2,56.2,14.7,5.5,56.1,8.3,219.5,90.2,22.8,36.8,19.7,168.0,60.1,,178.5,350.9,1.5,3.3,1.2,1.5,62.7,5.8,82.2,164.8,1.5,229.4,,3.5,195.8,29.5,100.4,4.2,55.0,2530.4999999999995
2013-11-10,,228.1,1.2,19.1,43.4,2.9,55.3,14.6,5.6,53.8,7.1,217.3,88.8,21.5,36.9,20.9,161.1,55.8,,182.0,339.7,1.5,3.9,1.2,1.5,61.8,5.4,80.0,165.0,1.4,230.7,,3.3,194.2,28.2,96.2,5.5,55.3,2490.2
2013-11-11,,232.1,1.4,17.5,37.8,3.3,55.4,14.9,5.6,57.1,7.8,228.5,98.0,22.5,36.5,19.6,168.9,59.5,,179.9,362.5,1.5,4.7,1.2,1.4,62.9,5.8,74.7,168.9,1.5,225.5,,3.3,198.5,28.5,99.6,4.3,54.6,2545.7
2013-11-12,,234.6,1.4,18.0,37.7,3.2,55.5,14.9,5.7,57.6,7.9,231.9,98.0,22.6,35.2,19.4,172.6,58.8,,186.1,366.0,1.5,4.8,1.0,1.3,61.6,5.8,83.3,174.9,1.5,232.3,,3.1,203.6,31.3,100.2,4.1,54.6,2592.0000000000005
2013-11-13,,230.1,1.5,18.6,39.5,3.3,55.1,15.0,5.6,57.9,8.0,233.8,98.6,24.1,36.7,20.3,171.7,58.4,,187.6,363.3,1.5,4.8,1.1,1.4,61.4,5.9,86.2,175.1,1.5,228.1,,3.3,202.7,30.6,101.9,5.4,55.4,2595.3999999999996
2013-11-14,,227.4,1.6,18.2,32.9,3.3,54.8,15.1,5.8,56.7,8.3,236.9,95.8,23.8,36.4,20.6,172.4,60.0,,186.7,364.5,1.5,4.7,1.2,1.4,62.8,5.9,84.0,174.4,1.9,221.6,,3.3,201.9,29.2,103.6,4.7,54.9,2578.2000000000003
2013-11-15,,223.2,1.5,17.7,35.5,3.3,52.1,14.9,5.8,57.8,7.9,239.1,99.5,23.7,38.6,19.9,172.5,59.4,,186.3,358.4,1.5,4.1,1.1,1.4,65.0,6.0,83.9,176.1,1.2,227.6,,3.5,192.2,29.0,97.5,5.4,54.8,2567.4
2013-11-16,,238.2,1.6,18.4,41.8,3.2,53.9,14.8,5.7,56.1,7.3,237.5,102.7,24.0,38.2,21.0,166.4,58.1,,183.4,350.8,1.7,5.3,1.2,1.4,66.6,4.9,87.9,173.0,1.3,213.9,,3.4,199.2,30.2,96.5,6.0,53.7,2569.3
2013-11-17,,216.4,1.2,18.3,40.7,3.0,54.4,14.5,5.5,54.3,6.7,226.1,92.7,22.3,37.3,20.2,150.2,53.4,,184.0,343.1,1.4,4.6,1.2,1.4,66.1,5.2,85.6,171.2,1.1,195.3,,3.3,197.7,29.1,93.0,6.8,54.5,2461.7999999999997
2013-11-18,,224.9,1.2,17.2,38.9,3.2,54.2,14.8,5.7,57.6,7.6,238.0,100.1,23.6,37.3,20.6,162.0,52.9,,184.4,351.1,1.4,4.8,1.2,1.4,66.3,5.5,86.9,171.8,2.0,201.8,,3.2,208.6,30.1,101.0,6.8,55.6,2543.6999999999994
2013-11-19,,234.5,1.5,18.0,35.9,3.3,53.9,14.9,5.8,58.1,8.3,241.9,103.6,24.1,37.6,21.0,164.7,57.5,,188.9,364.2,1.4,5.1,1.2,1.4,68.1,5.9,89.5,176.5,1.7,200.4,,3.1,199.6,33.0,106.7,6.6,56.3,2594.2
2013-11-20,,240.3,1.4,18.2,40.8,3.3,54.9,15.0,5.8,57.7,8.0,242.1,99.9,24.3,37.9,20.2,168.4,59.7,,191.6,366.5,1.4,5.1,1.2,1.4,69.9,5.8,90.1,177.0,1.4,204.6,,3.4,199.6,30.0,104.2,6.6,55.5,2613.2000000000003
2013-11-21,,239.4,1.3,18.0,39.1,3.2,55.6,14.9,5.8,57.3,7.8,247.1,101.2,23.8,37.2,20.1,166.8,59.4,,193.0,363.3,1.4,5.1,1.2,1.4,65.1,6.0,93.0,180.5,1.4,200.0,,3.0,203.6,29.3,105.4,6.5,56.4,2613.6
2013-11-22,,229.4,1.3,18.3,38.1,3.3,56.1,14.9,5.9,58.6,7.6,248.3,100.9,24.7,37.3,20.3,172.0,60.0,,195.0,355.4,1.4,5.0,1.2,1.4,65.5,5.7,92.0,174.6,1.5,204.9,,3.4,207.7,29.7,98.5,8.0,56.2,2604.1
2013-11-23,,225.7,1.5,18.2,40.0,3.2,55.5,14.8,5.1,56.2,7.6,250.6,102.7,23.5,36.7,20.5,169.6,58.7,,198.2,360.2,1.6,4.8,1.2,1.4,64.2,5.6,92.0,178.6,1.4,205.3,,3.3,202.4,29.8,105.7,10.0,56.8,2612.6
2013-11-24,,222.9,1.2,17.8,39.2,2.9,56.0,14.5,5.7,53.9,6.9,244.1,96.2,21.7,36.7,20.1,152.9,52.7,,200.4,353.5,1.5,4.5,1.2,1.5,64.0,5.3,86.9,176.7,1.3,194.9,,3.4,201.8,29.1,94.3,9.3,58.2,2533.2
2013-11-25,,226.5,1.2,17.9,39.4,3.2,56.7,15.0,5.8,56.9,7.8,248.4,99.4,22.8,35.2,20.7,163.9,56.8,,197.8,363.1,1.4,4.8,1.2,1.4,60.4,5.6,88.9,176.5,1.1,207.0,,3.8,199.3,28.5,90.4,8.2,57.5,2574.5
2013-11-26,,229.0,1.2,18.7,37.4,3.3,55.2,14.8,5.8,57.2,8.1,253.0,100.6,23.6,37.0,21.4,166.3,57.5,,194.8,370.4,1.4,4.7,1.2,1.4,64.8,5.9,89.3,176.7,1.3,208.7,,3.4,202.9,29.1,99.8,8.3,56.9,2611.1
2013-11-27,,229.6,1.4,19.0,38.4,3.4,56.9,14.9,5.7,57.3,8.1,257.3,100.8,24.1,39.6,20.4,166.9,58.7,,194.9,367.2,1.4,4.8,1.2,1.4,63.7,5.8,92.4,177.3,1.2,217.2,,3.2,206.7,29.0,104.4,7.5,56.5,2638.2999999999997
2013-11-28,,225.1,1.5,19.2,37.5,3.3,56.7,15.0,5.9,57.0,7.9,253.6,101.6,23.4,38.1,20.2,168.1,59.4,,192.5,363.6,1.4,4.5,1.2,1.5,63.1,5.5,92.7,178.3,1.0,221.4,,3.3,205.9,29.8,103.0,7.9,56.1,2626.2
2013-11-29,,219.7,1.7,18.7,36.1,3.3,59.0,13.4,5.9,58.6,8.5,251.3,103.3,23.7,37.8,20.9,150.7,58.3,,193.1,355.7,1.4,4.9,1.2,1.6,65.6,5.9,98.0,179.2,1.0,215.8,,3.3,207.1,28.9,100.7,8.2,55.2,2597.7000000000003
2013-11-30,,226.3,1.7,19.2,36.6,3.3,57.7,14.5,5.9,55.8,8.4,251.2,102.8,23.3,37.4,21.5,160.4,58.4,,195.0,358.6,1.4,4.7,1.3,1.5,62.8,5.8,96.6,185.9,1.4,225.7,,3.3,203.3,28.2,100.5,8.0,53.0,2621.4000000000005
2013-12-01,,220.0,1.7,18.6,38.4,3.0,58.1,14.1,4.9,53.4,6.9,243.6,99.6,21.5,38.5,20.5,157.8,54.1,,194.7,356.7,1.4,3.7,1.2,1.6,59.7,5.1,98.3,174.4,2.2,226.9,,3.3,200.9,27.9,95.1,8.0,53.3,2569.1
2013-12-02,,224.1,1.5,18.2,38.1,3.3,57.9,14.6,5.7,56.5,8.5,252.6,103.6,22.9,38.5,20.4,160.8,55.1,,196.7,368.9,1.4,3.8,1.2,2.1,60.1,5.2,94.3,171.4,2.0,219.8,,3.3,197.5,29.7,95.0,8.0,55.6,2598.2999999999997
2013-12-03,,227.7,1.3,18.5,38.4,3.3,57.2,14.7,5.9,58.0,7.1,250.3,105.8,23.4,37.9,20.0,165.2,57.2,,192.6,361.9,1.4,4.7,1.2,1.4,60.3,5.4,98.1,176.8,2.3,228.8,,3.4,194.0,29.0,99.7,7.9,55.3,2616.1000000000004
2013-12-04,,229.2,1.2,18.8,37.5,3.4,58.5,14.8,5.9,50.3,8.2,250.4,106.1,24.1,38.7,21.5,167.1,58.0,,194.9,361.6,1.4,4.9,1.1,1.4,62.3,5.7,98.1,180.6,2.3,228.2,,3.4,202.0,29.0,103.2,7.8,62.1,2643.7000000000003
2013-12-05,,229.9,1.8,17.2,38.0,3.3,59.3,14.9,6.0,57.1,8.0,250.3,72.9,24.4,36.6,21.3,168.0,57.6,,196.7,362.7,1.4,4.8,1.1,1.7,62.6,5.6,100.3,183.6,1.5,228.2,,3.4,211.6,28.6,100.7,7.4,55.2,2623.7
2013-12-06,,239.1,1.3,18.4,39.2,3.4,59.1,14.7,6.0,59.1,7.8,250.7,107.1,24.8,38.9,21.3,170.2,58.9,,196.6,352.5,1.4,4.7,1.1,1.5,59.8,5.7,98.0,182.9,1.3,227.3,,3.2,210.1,28.9,101.9,8.7,57.7,2663.2999999999997
2013-12-07,,235.1,1.7,17.7,38.7,3.3,58.8,14.5,5.0,56.3,8.2,248.1,106.1,24.9,38.6,21.5,168.2,57.3,,196.0,349.0,1.4,4.3,1.2,1.7,58.0,5.6,101.8,185.1,1.1,226.5,,3.3,213.2,29.0,101.9,8.4,57.2,2648.7
2013-12-08,,234.5,1.8,19.3,37.1,3.0,58.9,14.0,5.6,55.5,6.9,237.3,101.4,23.0,38.2,21.1,161.6,53.4,,199.8,339.4,1.4,3.9,1.1,1.7,63.8,5.0,95.3,185.5,1.4,229.0,,3.3,209.3,29.2,94.1,5.4,52.8,2594.0
2013-12-09,,235.5,1.7,16.7,36.7,3.3,59.0,14.0,5.7,57.4,7.3,243.8,106.0,23.6,38.8,20.9,169.1,57.1,,197.9,354.0,1.4,5.0,1.3,1.7,65.2,5.7,96.6,186.9,1.4,223.4,,3.1,208.0,29.2,96.7,5.0,57.4,2636.5
2013-12-10,,242.1,1.7,17.5,36.7,3.4,59.4,14.1,5.8,58.4,7.4,243.7,107.5,24.2,39.5,21.0,168.9,58.3,,198.7,359.5,1.4,4.8,1.2,1.7,62.9,5.7,98.1,182.9,1.8,239.0,,3.3,219.9,30.5,97.5,4.9,58.1,2681.5
2013-12-11,,243.3,1.4,18.4,38.0,3.4,59.2,14.0,5.8,58.6,7.7,242.3,105.1,24.9,37.6,21.5,171.7,58.6,,200.3,356.0,1.4,4.7,1.2,1.4,62.7,5.9,102.1,184.2,1.7,240.8,,3.3,216.7,30.0,101.4,4.9,57.3,2687.5
2013-12-12,,243.9,1.6,17.6,39.1,3.4,60.1,14.1,5.8,59.2,7.8,243.0,106.2,24.5,38.6,20.9,169.4,58.1,,199.9,356.5,1.4,5.0,1.2,1.5,61.6,5.3,101.5,187.9,1.3,230.8,,3.5,216.1,30.1,102.4,5.5,56.1,2680.9
2013-12-13,,245.2,1.7,17.3,40.3,3.4,59.0,13.9,5.8,59.8,7.5,242.8,107.0,24.4,39.4,20.5,174.4,56.9,,204.7,348.7,1.7,4.8,1.2,1.7,60.1,5.6,101.7,190.7,1.8,223.2,,3.0,218.4,30.8,98.0,5.5,56.5,2677.3999999999996
2013-12-14,,234.6,1.7,18.9,38.6,3.4,59.0,12.9,5.7,57.2,7.4,242.6,107.3,24.7,40.6,21.0,171.8,58.3,,202.1,350.3,1.6,3.1,1.3,1.7,59.5,5.7,98.3,191.8,3.0,227.4,,3.4,221.8,30.1,97.0,6.0,55.9,2665.7000000000003
2013-12-15,,231.5,1.7,17.5,34.8,3.1,58.0,13.4,5.7,55.3,6.8,234.0,102.5,23.2,39.0,20.7,164.5,54.3,,200.0,345.6,1.6,5.1,1.2,1.6,62.8,5.2,94.4,183.5,2.4,220.3,,3.2,216.8,28.9,93.5,5.3,56.3,2593.6999999999994
2013-12-16,,235.5,1.8,17.1,38.5,3.4,52.3,13.7,5.7,58.7,7.8,241.6,103.9,32.7,36.2,20.7,167.5,59.3,,199.8,359.2,1.6,4.9,1.2,1.6,62.2,5.5,93.4,194.4,2.3,223.8,,2.9,213.0,30.8,94.0,5.0,56.5,2648.5
2013-12-17,,240.8,1.5,17.2,39.4,3.4,64.1,14.1,5.9,58.1,7.5,240.5,105.0,24.4,39.6,18.6,168.9,57.5,,200.6,357.9,1.6,5.1,1.2,1.7,64.5,5.5,92.6,196.8,1.8,236.1,,3.3,219.6,31.0,96.7,6.0,57.9,2686.3999999999996
2013-12-18,,241.5,1.4,17.2,38.4,3.5,62.1,14.2,5.8,59.3,7.4,240.3,104.7,24.0,39.8,18.6,165.7,56.9,,201.3,356.6,1.6,4.8,1.2,1.7,63.4,5.7,87.0,190.4,1.9,240.8,,3.2,220.5,30.7,103.7,8.6,57.0,2680.8999999999996
2013-12-19,,242.2,1.5,17.7,36.7,3.5,61.9,14.2,4.2,60.0,6.8,241.0,103.0,25.3,39.0,21.2,160.4,57.4,,199.6,354.7,1.5,4.7,1.2,1.4,65.6,5.7,88.7,186.2,2.4,237.6,,3.4,217.3,29.8,104.8,8.4,54.3,2663.3
2013-12-20,,246.2,1.5,17.0,35.7,3.7,61.9,14.2,5.4,60.8,7.4,241.2,110.0,25.5,39.0,21.4,163.3,58.5,,202.2,353.2,1.5,4.8,1.2,1.5,61.8,5.8,92.5,185.3,1.7,246.8,,3.6,210.3,31.2,96.1,6.9,54.8,2673.8999999999996
2013-12-21,,247.8,1.6,15.7,38.4,3.5,59.3,14.1,5.9,58.3,7.5,238.9,104.2,25.0,39.0,21.4,168.3,58.6,,196.9,306.6,1.6,5.4,1.2,1.6,65.9,5.7,92.9,185.2,1.8,248.9,,3.5,206.7,31.2,104.3,8.2,56.2,2631.2999999999997
2013-12-22,,244.3,1.8,17.3,39.1,3.1,61.4,13.8,5.9,57.8,6.7,231.4,92.1,22.1,34.9,20.5,165.5,53.6,,192.1,347.4,1.5,4.9,1.2,1.7,63.4,5.1,80.5,179.5,1.6,240.6,,3.0,209.1,29.4,96.5,8.4,56.5,2593.7
2013-12-23,,245.3,1.7,18.0,39.2,3.7,60.2,14.2,5.3,61.7,6.8,237.6,99.0,24.4,37.3,21.8,173.2,56.7,,194.4,355.9,1.5,5.1,1.3,1.7,65.2,5.5,89.8,181.8,1.6,244.5,,3.1,203.1,32.0,96.8,9.0,62.1,2660.4999999999995
2013-12-24,,242.1,1.6,18.5,38.5,3.7,62.8,14.5,6.7,61.5,7.9,242.2,95.7,25.0,38.4,21.7,173.5,56.4,,195.1,361.0,1.5,5.2,1.3,1.6,66.4,5.8,88.9,185.3,1.9,247.1,,2.7,211.3,32.6,101.5,9.0,57.9,2686.7999999999997
2013-12-25,,252.6,1.6,18.0,37.5,3.5,62.8,14.7,6.0,60.8,6.9,238.8,108.6,25.1,40.5,21.7,172.0,53.1,,198.2,355.6,2.0,4.9,1.1,1.8,66.5,5.6,91.6,193.7,2.0,235.7,,3.0,210.3,32.0,108.3,7.0,57.6,2701.1000000000004
2013-12-26,,255.5,1.8,17.9,35.3,3.6,63.3,14.9,5.9,62.6,7.7,241.8,105.7,25.1,39.5,21.5,176.6,56.4,,199.0,365.9,2.1,4.7,1.1,1.7,62.9,5.9,88.8,194.4,1.5,237.0,,3.3,208.1,32.0,97.5,5.8,51.9,2698.7
2013-12-27,,255.5,1.9,18.0,37.8,3.7,63.6,14.9,6.0,64.6,7.9,241.2,107.9,25.7,40.2,21.1,177.5,57.0,,198.0,363.6,1.7,5.2,1.2,1.7,64.3,5.9,90.3,193.3,1.7,236.8,,2.7,217.7,32.2,98.7,6.3,55.7,2721.499999999999
2013-12-28,,252.0,1.5,17.8,38.1,3.6,63.1,15.0,5.9,61.5,7.7,238.2,108.5,25.6,41.1,20.8,174.8,56.6,,190.8,359.6,1.5,5.4,1.3,1.5,66.6,6.0,91.7,195.5,1.9,245.5,,3.7,218.5,32.1,104.6,8.0,56.6,2722.6000000000004
2013-12-29,,249.2,1.8,19.1,39.9,3.2,64.7,15.0,5.8,59.5,7.0,231.5,108.1,24.2,40.9,20.8,166.3,52.2,,206.1,349.6,1.5,5.0,1.3,1.6,69.7,5.4,83.5,193.4,2.0,240.2,,2.7,210.8,30.2,104.7,7.6,58.2,2682.7000000000003
2013-12-30,,248.3,1.7,17.7,38.3,3.6,64.9,15.1,5.9,63.1,7.9,241.2,108.3,25.1,41.1,21.2,174.8,56.6,,181.4,360.7,1.7,4.9,1.0,1.5,63.6,5.6,91.5,185.7,2.1,248.4,,2.8,216.8,31.4,99.6,7.4,60.5,2701.4000000000005
2013-12-31,,252.1,1.6,18.4,37.1,3.8,65.0,14.7,5.7,65.2,7.9,238.2,98.2,26.6,32.4,21.0,177.3,57.3,,161.8,360.0,1.5,5.2,1.2,1.5,67.2,5.9,89.5,183.3,2.2,252.7,,2.9,195.4,29.4,101.5,8.5,59.4,2651.6
2013-12-31,,252.1,1.6,18.4,37.1,3.8,65.0,14.7,5.7,65.2,7.9,238.2,98.2,26.6,32.4,21.0,177.3,57.3,,161.8,360.0,1.5,5.2,1.2,1.5,67.2,5.9,89.5,183.3,2.2,252.7,,2.9,195.4,29.4,101.5,8.5,59.4,2651.6
2014-01-08,,265.1,1.6,19.9,39.2,3.9,63.0,15.2,5.9,66.7,7.6,242.6,110.0,25.8,40.4,22.6,181.5,58.7,,179.1,365.0,1.6,4.8,1.3,1.6,65.5,5.8,93.9,197.1,1.8,256.6,,2.1,238.7,33.9,103.9,7.9,60.3,2790.6000000000004
2014-01-09,,261.0,1.6,19.1,39.5,3.7,65.0,15.2,5.8,67.4,7.9,244.3,107.4,25.6,37.8,22.0,182.4,59.6,,178.9,366.3,1.6,5.1,1.0,1.6,66.7,5.9,90.1,197.6,1.9,254.6,,2.7,229.1,32.7,105.7,8.0,60.0,2774.7999999999997
2014-01-10,,260.0,1.6,18.9,39.7,3.8,66.5,14.9,5.9,67.8,7.8,244.8,112.9,26.0,41.2,22.3,184.9,60.3,,176.4,359.5,1.6,5.4,1.0,1.6,72.0,5.9,93.5,199.9,1.9,255.3,,3.2,224.5,35.4,105.3,8.0,58.9,2788.6
2014-01-11,,254.5,1.5,20.3,34.3,3.6,64.3,14.7,5.8,65.8,7.5,240.7,113.7,25.0,41.5,21.5,183.6,59.5,,169.9,355.6,1.6,4.9,1.0,1.6,68.0,5.9,96.1,197.5,2.0,256.3,,2.7,222.9,33.4,107.4,8.2,57.5,2750.2999999999997
2014-01-12,,257.4,1.6,20.3,39.9,3.4,65.1,14.8,5.8,61.7,6.7,235.9,108.4,23.9,42.0,21.1,175.4,54.7,,170.8,352.2,1.7,5.1,1.0,1.5,70.3,5.8,95.5,195.4,1.5,248.8,,3.0,222.6,32.4,97.8,8.4,55.6,2707.5
2014-01-13,,263.2,1.7,19.5,42.3,3.8,64.6,15.1,5.9,65.4,7.6,238.4,111.6,24.8,42.1,22.3,182.0,59.2,,176.6,362.6,1.6,4.8,1.2,1.5,68.5,5.6,86.6,195.0,1.5,253.6,,2.9,226.1,35.2,106.8,5.2,57.4,2762.2
2014-01-14,,260.6,1.6,19.0,38.4,3.7,65.1,15.1,5.1,63.5,7.9,192.2,110.8,24.4,42.4,21.4,181.5,58.9,,176.9,367.3,1.6,5.1,1.3,1.6,69.1,5.3,87.9,195.7,2.1,224.0,,2.8,235.5,35.0,110.4,5.7,57.1,2696.0000000000005
2014-01-15,,258.4,1.6,18.1,40.9,4.0,64.1,14.3,5.5,67.6,7.8,207.9,108.5,24.6,41.0,22.1,177.5,60.5,,171.0,364.5,1.6,5.0,1.2,1.6,67.5,4.4,93.6,193.3,1.4,202.1,,2.4,236.4,34.7,109.4,6.5,58.0,2679.0
2014-01-16,,259.5,1.6,19.4,43.7,3.9,62.3,15.0,5.8,67.7,7.7,231.3,106.7,25.0,41.1,22.2,182.0,60.7,,170.4,360.2,1.6,5.0,1.2,1.6,65.3,4.2,90.7,195.5,1.9,217.0,,2.5,241.9,34.5,107.3,8.8,57.7,2722.8999999999996
2014-01-17,,266.1,1.4,18.8,42.1,4.0,65.6,14.9,5.8,69.4,7.9,240.8,110.6,26.3,41.7,21.6,184.6,60.9,,163.1,355.6,1.6,5.3,1.2,1.7,62.5,5.0,89.8,194.4,2.0,237.5,,2.6,229.9,34.2,108.6,6.0,58.6,2742.0999999999995
2014-01-18,,270.0,1.4,18.8,41.3,3.7,63.6,15.0,5.6,64.4,7.7,241.7,101.2,24.6,41.5,22.1,182.4,60.0,,148.1,353.1,1.6,5.3,1.2,1.6,68.9,5.4,84.8,192.3,2.1,246.3,,3.1,175.5,27.9,102.6,6.0,57.4,2648.2
2014-01-19,,267.1,1.3,18.9,42.9,3.4,64.5,14.9,5.6,62.9,6.8,235.2,104.6,23.7,41.5,21.0,174.2,55.1,,158.4,349.3,1.1,4.9,1.2,1.5,69.6,5.1,80.9,192.9,1.3,240.1,,3.1,213.3,29.6,97.9,5.3,53.4,2652.5
2014-01-20,,269.1,1.5,18.0,42.0,3.8,64.9,15.1,5.8,66.2,7.8,243.4,105.2,23.8,41.3,21.3,181.4,59.3,,159.8,363.4,1.6,4.9,1.2,1.5,68.1,5.6,86.4,192.7,1.6,243.3,,2.7,216.3,32.7,104.8,4.4,52.4,2713.2999999999997
2014-01-21,,268.2,1.5,17.8,42.5,3.9,66.3,14.7,5.9,67.8,7.8,224.6,105.2,25.1,41.0,21.4,180.4,59.9,,146.7,371.4,1.5,4.8,1.2,1.5,65.7,5.6,84.1,170.2,1.5,245.8,,3.0,205.9,35.1,107.9,5.2,57.7,2668.7999999999997
2014-01-22,,265.9,1.3,17.8,42.3,4.0,65.9,14.9,5.8,68.1,7.9,224.7,105.2,25.4,23.6,21.3,182.1,60.2,,126.8,368.6,1.5,5.0,1.2,1.6,63.9,5.4,68.2,162.3,2.0,252.2,,2.9,226.5,35.3,110.0,6.5,57.8,2634.0999999999995
2014-01-23,,268.8,1.4,18.1,42.4,3.7,68.2,14.9,6.0,65.6,8.0,232.2,74.1,22.5,33.1,21.3,183.2,60.4,,121.0,371.5,1.5,4.9,1.2,1.6,64.0,5.3,78.2,168.0,1.9,251.2,,3.1,212.2,33.4,108.5,4.9,56.9,2613.2
2014-01-24,,269.3,1.4,17.6,41.6,3.8,66.2,15.3,6.0,67.6,8.0,235.7,97.3,24.3,38.6,21.5,185.8,60.6,,118.0,356.5,1.6,5.0,1.2,1.6,64.4,5.4,85.4,175.7,1.3,258.1,,3.3,216.5,34.7,109.7,4.6,59.4,2663.0
2014-01-25,,269.7,1.5,19.2,40.7,3.6,67.6,15.3,6.0,66.0,7.7,235.1,99.4,24.2,39.7,21.4,184.5,60.3,,119.9,358.3,1.6,5.0,1.3,1.6,64.3,5.4,77.2,176.6,1.2,253.5,,2.9,215.0,33.1,110.8,4.2,58.3,2652.1000000000004
2014-01-26,,267.6,1.5,18.4,40.9,3.2,64.8,12.0,4.2,56.4,6.7,222.7,91.1,21.0,41.9,20.5,173.2,53.5,,124.7,331.1,1.6,5.2,1.2,1.6,64.9,4.9,82.0,170.7,1.1,234.1,,3.1,219.8,30.7,103.4,5.6,57.4,2542.6999999999994
2014-01-27,,261.9,1.5,19.0,42.0,3.6,67.5,13.8,5.4,62.4,7.4,233.5,96.0,23.6,38.7,20.5,181.1,58.6,,126.2,355.2,1.6,4.6,1.1,1.6,65.2,5.6,81.6,177.1,1.1,244.4,,2.9,218.0,32.5,101.6,7.4,57.8,2621.9999999999995
2014-01-28,,263.8,1.6,17.2,42.2,3.6,67.4,15.0,5.9,63.8,8.3,240.8,103.2,24.4,43.5,21.1,185.9,59.9,,129.4,365.3,1.6,4.7,1.1,1.6,66.3,5.9,91.7,184.9,1.2,252.9,,4.1,219.6,32.1,111.1,8.2,57.9,2707.2
2014-01-29,,262.0,1.4,16.5,42.3,3.7,66.1,14.9,6.0,63.1,7.9,239.7,103.3,25.2,41.3,21.6,187.9,59.9,,135.7,370.2,1.5,4.8,1.1,1.4,65.0,5.9,91.4,183.2,1.3,252.4,,2.9,226.1,33.3,111.2,8.0,58.8,2717.0
2014-01-30,,261.3,1.6,17.8,42.3,3.7,68.3,14.4,6.1,62.7,8.0,244.6,100.9,24.7,40.1,20.4,180.4,60.4,,139.6,371.0,1.5,4.9,1.1,1.5,65.5,5.9,88.3,184.4,1.3,251.5,,2.3,227.2,32.3,114.7,8.0,58.8,2717.5000000000005
2014-01-31,,256.5,1.6,18.1,42.9,3.8,66.2,14.5,6.1,65.5,7.9,246.0,103.0,25.2,40.6,20.2,185.2,61.2,,146.3,365.1,1.5,4.9,1.1,1.5,66.1,6.1,86.2,186.4,1.3,253.9,,2.8,228.3,33.7,108.7,8.6,57.7,2724.7000000000003
2014-02-01,,258.5,1.5,15.1,43.7,3.6,68.3,14.0,5.8,63.5,7.9,243.7,105.6,25.0,41.2,20.5,184.4,61.3,,150.7,364.8,1.5,4.8,1.1,1.6,65.4,6.0,89.0,186.6,1.2,258.1,,2.8,223.1,33.4,109.5,8.8,57.4,2729.3999999999996
2014-02-02,,259.0,1.5,15.7,42.2,3.3,66.3,14.3,5.8,59.9,6.9,236.1,100.2,23.3,41.0,20.3,175.8,55.8,,154.6,355.6,1.5,4.6,1.0,1.6,67.1,5.5,80.1,187.4,1.2,250.0,,2.9,213.2,32.7,103.9,7.8,56.9,2655.0
2014-02-03,,258.2,1.4,16.7,41.8,3.6,69.0,14.6,5.8,61.8,8.0,242.9,99.1,24.7,40.6,20.0,187.3,60.5,,159.0,368.6,1.5,4.4,1.1,1.5,68.6,5.1,79.1,188.8,1.4,250.0,,2.8,219.3,33.3,110.7,7.9,57.7,2716.8
2014-02-04,,265.8,1.5,16.5,43.2,3.6,69.9,14.7,5.9,61.6,8.2,242.7,102.8,24.9,40.9,20.9,188.9,61.4,,164.9,377.8,1.5,4.8,1.2,1.6,65.7,6.0,86.5,191.8,0.8,251.7,,3.1,224.2,33.9,113.5,7.0,57.4,2766.7999999999997
2014-02-05,,263.2,1.2,16.1,41.4,3.6,70.0,14.8,6.1,61.4,8.1,244.2,103.1,25.2,33.7,20.2,188.6,61.8,,209.5,382.6,1.5,4.5,1.0,1.6,65.2,6.0,88.6,192.7,1.0,247.7,,3.0,221.3,33.5,108.7,8.1,56.6,2795.8
2014-02-06,,264.0,1.4,18.7,41.6,3.6,70.0,14.9,6.2,60.8,8.1,246.7,101.8,25.9,34.1,20.4,185.5,61.8,,170.7,387.6,1.6,4.9,1.1,1.6,63.4,6.0,83.7,191.9,1.1,251.9,,2.9,224.2,33.4,115.1,9.0,55.6,2771.2
2014-02-07,,262.3,1.5,19.3,43.6,3.6,70.8,11.9,6.2,61.7,8.2,249.3,100.5,23.5,26.7,21.1,186.6,61.3,,174.6,379.8,1.6,4.9,1.1,1.6,60.8,6.1,86.2,188.4,1.2,253.7,,2.8,217.0,33.3,113.7,8.5,56.0,2749.4000000000005
2014-02-08,,266.8,1.5,18.6,42.6,3.5,69.3,14.8,6.0,59.7,8.0,245.7,100.7,23.8,35.4,20.3,184.0,60.6,,177.7,380.3,1.5,4.6,1.2,1.5,63.3,5.9,86.6,187.7,1.3,260.8,,2.8,218.4,33.8,109.9,8.2,54.4,2761.2
2014-02-09,,262.6,1.3,18.3,40.3,3.2,69.6,14.6,6.0,57.7,8.0,232.4,93.1,21.5,38.5,19.4,178.2,55.6,,179.2,366.6,1.5,4.7,1.1,1.4,64.1,5.4,84.3,193.9,1.5,245.0,,2.9,215.7,32.2,104.4,6.5,56.4,2687.1
2014-02-10,,266.7,1.3,17.8,40.9,3.7,72.0,14.5,5.8,61.8,7.7,237.3,99.3,24.1,40.5,21.1,186.1,59.9,,180.7,375.2,1.6,4.8,1.1,1.6,64.8,5.9,85.8,189.9,1.3,251.2,,2.8,223.2,34.1,112.6,4.6,56.1,2757.8
2014-02-11,,266.4,1.6,18.8,39.9,3.6,67.7,14.6,5.8,60.3,7.8,238.8,105.1,24.0,39.7,20.6,193.2,61.2,,182.4,377.9,1.5,4.8,1.2,1.6,65.0,6.1,90.4,200.0,1.4,255.1,,2.8,225.9,34.4,114.4,4.3,55.9,2794.1999999999994
2014-02-12,,267.8,1.6,17.8,39.2,3.7,67.6,14.6,5.7,61.6,7.8,238.2,106.4,23.9,40.3,20.8,192.5,61.2,,182.4,379.2,1.5,5.0,1.2,1.6,65.1,6.0,93.2,196.7,1.4,258.4,,3.0,235.4,35.0,117.4,6.1,56.2,2815.4999999999995
2014-02-13,,273.1,1.5,18.2,37.3,3.6,68.7,14.7,6.0,62.3,8.3,240.4,106.8,23.8,40.8,21.1,194.0,61.4,,175.2,372.1,1.6,5.0,1.2,1.5,65.5,6.1,95.6,201.4,1.5,263.0,,2.7,233.9,34.2,113.9,6.1,57.5,2819.9999999999995
2014-02-14,,273.7,1.5,19.8,35.4,3.7,69.8,14.6,5.8,62.2,7.6,240.6,94.5,23.7,40.9,21.2,194.9,62.5,,159.0,366.7,1.7,5.0,1.1,1.6,65.4,6.3,91.2,194.0,1.7,261.7,,3.0,204.2,32.5,112.8,5.8,57.2,2743.2999999999993
2014-02-15,,273.6,1.6,20.3,36.2,3.7,60.3,14.1,5.7,62.8,7.6,238.6,93.5,23.2,39.9,17.9,191.1,62.0,,155.8,361.5,1.6,5.0,1.2,1.6,66.2,6.1,82.8,186.6,1.3,258.2,,2.8,218.3,31.7,105.3,7.9,55.2,2701.2000000000003
2014-02-16,,262.7,1.7,18.0,41.7,3.3,55.5,14.1,6.0,60.1,6.8,227.6,93.0,21.0,38.9,20.2,181.4,56.8,,153.0,352.1,1.6,5.0,1.1,1.5,62.8,5.7,88.4,187.7,1.5,248.1,,2.7,223.4,31.7,88.5,9.0,55.5,2628.1
2014-02-17,,261.6,1.6,17.4,39.2,3.6,62.1,14.3,5.7,60.7,7.6,233.3,96.4,23.5,39.5,21.2,190.0,61.2,,162.0,363.7,1.5,4.8,1.0,1.5,59.5,5.9,94.6,181.7,1.4,254.1,,1.4,223.7,32.7,101.5,8.2,56.6,2694.7000000000003
2014-02-18,,265.0,1.6,17.4,41.4,3.6,69.1,14.4,5.8,62.7,7.8,233.4,101.9,23.7,39.9,21.6,192.1,62.9,,166.0,368.9,1.6,4.7,1.1,1.5,62.6,6.1,94.0,194.9,1.4,252.0,,3.0,222.9,33.5,101.2,8.0,57.1,2744.7999999999997
2014-02-19,,267.2,1.5,17.3,41.3,3.6,67.1,14.5,5.7,62.6,8.2,238.8,103.5,24.2,38.8,21.4,192.8,63.5,,168.9,371.2,1.6,4.3,1.2,1.5,63.7,6.1,97.3,196.3,1.3,249.1,,2.8,223.7,33.9,101.7,9.0,57.5,2763.1000000000004
2014-02-20,,265.0,1.6,17.9,41.4,3.5,67.6,14.7,5.5,61.1,8.2,243.1,103.9,32.8,37.7,21.5,192.6,63.4,,172.4,377.5,1.6,4.3,1.2,1.5,63.5,6.1,89.0,194.0,1.3,253.8,,2.7,226.0,32.8,103.6,9.8,57.3,2779.8999999999996
2014-02-21,,268.2,1.6,19.8,41.9,3.5,68.7,14.5,5.9,59.5,8.3,244.7,107.6,23.8,39.3,20.9,192.6,62.3,,161.8,379.5,1.6,4.2,1.1,1.6,63.9,6.1,95.9,184.0,1.4,259.7,,2.8,221.8,33.4,108.2,9.5,59.5,2779.1000000000004
2014-02-22,,276.1,1.6,17.9,41.6,3.4,69.2,14.1,5.9,59.9,7.9,243.0,103.2,23.8,39.4,21.0,192.3,61.1,,146.5,376.2,1.6,4.5,1.1,1.6,64.0,6.0,89.9,184.5,1.6,261.1,,2.8,209.4,32.2,108.1,10.2,58.9,2741.6000000000004
2014-02-23,,265.9,1.6,18.6,40.2,3.1,61.4,14.1,5.8,56.6,7.2,233.8,98.3,22.7,39.9,20.1,187.9,58.4,,141.4,365.8,1.6,4.5,1.1,1.5,65.1,5.4,91.0,186.5,1.4,249.8,,2.8,206.5,31.3,104.0,10.0,57.3,2662.6
2014-02-24,,272.1,1.7,19.0,40.2,3.4,58.4,14.5,5.8,59.9,8.1,238.0,104.4,23.5,39.3,20.3,191.3,61.6,,142.3,368.6,1.7,4.3,1.0,1.4,62.9,5.5,93.2,188.1,1.5,257.2,,2.5,216.7,32.5,109.2,10.1,57.0,2717.2000000000003
2014-02-25,,272.5,1.5,18.6,41.3,3.4,65.8,14.7,6.4,58.8,8.4,240.6,103.3,23.9,38.4,20.9,194.0,64.0,,118.2,366.7,1.6,4.8,1.1,1.6,64.5,5.4,99.0,184.6,1.3,251.2,,2.7,221.6,32.9,109.9,10.3,56.3,2710.2
2014-02-26,,264.9,1.4,19.6,40.4,3.4,65.1,14.9,3.8,58.9,8.5,240.4,106.3,23.9,37.6,20.4,190.5,64.8,,101.7,369.3,1.6,4.7,1.1,1.6,64.9,5.7,98.1,180.8,1.1,252.6,,2.6,227.8,31.6,114.1,7.7,57.7,2689.4999999999995
2014-02-27,,265.2,1.4,19.7,38.6,3.2,62.8,14.7,5.4,55.8,8.4,235.5,102.9,24.2,37.4,20.1,187.4,64.3,,99.8,351.0,1.5,4.5,1.1,1.5,68.2,5.7,100.7,172.9,1.5,254.0,,2.7,215.9,31.5,112.2,7.2,58.9,2637.7999999999997
2014-02-28,,258.2,1.2,18.0,37.8,3.4,57.9,13.8,5.5,58.9,8.3,238.9,82.4,24.0,39.0,17.0,186.5,65.2,,104.9,334.1,1.5,4.1,0.9,1.2,66.5,5.8,89.7,155.0,1.6,257.0,,3.0,201.7,28.9,111.2,6.8,53.7,2543.6
2014-03-01,,256.7,1.3,16.1,36.4,3.4,60.8,14.2,5.8,58.0,7.8,239.2,89.5,25.6,37.7,18.6,182.4,64.0,,109.2,332.3,1.5,3.7,0.9,1.3,67.8,5.6,91.3,155.2,1.5,252.3,,3.3,197.3,29.5,109.9,6.3,55.8,2542.2000000000003
2014-03-02,,258.6,1.2,16.7,40.6,3.1,60.2,14.0,5.7,54.6,6.9,230.0,81.3,23.7,38.6,18.1,172.8,58.6,,111.8,324.7,1.4,3.7,0.8,1.2,66.9,5.5,82.2,158.0,1.7,249.8,,3.2,207.3,32.2,111.7,8.8,55.2,2510.8
2014-03-03,,253.8,1.5,16.3,41.2,3.4,64.9,14.4,5.8,57.9,7.6,238.4,86.0,24.6,38.9,19.4,176.7,63.2,,117.2,343.0,1.4,4.2,1.0,1.3,62.8,6.1,86.8,165.6,1.3,250.5,,2.9,214.2,30.8,109.6,9.3,56.2,2578.2000000000003
2014-03-04,,244.8,1.5,16.6,41.9,3.4,61.7,14.7,5.8,58.5,7.9,240.5,90.6,25.5,36.4,20.0,178.7,64.0,,121.0,327.9,1.4,4.7,1.1,1.4,57.1,6.2,87.0,172.6,1.4,253.8,,2.9,217.5,31.8,109.2,10.4,57.0,2576.9
2014-03-05,,248.7,1.4,17.9,41.4,3.4,62.8,14.8,6.0,58.6,8.3,243.1,89.9,24.1,37.3,19.6,181.4,64.8,,124.3,340.8,1.5,4.5,1.1,1.5,59.2,6.1,93.9,178.6,1.4,267.4,,2.9,211.5,31.7,107.5,11.0,55.6,2624.0
2014-03-06,,250.4,1.4,18.5,40.8,3.4,66.2,14.8,6.0,58.1,8.1,248.2,91.1,24.6,36.5,20.2,179.5,64.4,,124.8,335.4,1.5,4.4,1.1,1.5,64.7,6.3,95.3,176.2,1.3,264.5,,2.8,213.3,32.7,112.5,10.6,56.7,2637.8
2014-03-07,,256.8,1.5,19.2,40.3,3.4,67.4,14.7,6.0,59.2,8.2,250.0,93.4,24.3,36.8,20.4,175.2,64.7,,128.0,336.7,1.5,4.2,1.0,1.4,67.2,6.2,97.1,184.6,1.4,261.7,,2.9,209.9,32.8,114.9,9.7,54.4,2657.1
2014-03-08,,253.3,1.4,18.1,41.3,3.3,65.8,14.6,6.3,55.9,8.3,250.5,94.9,24.5,37.8,19.6,159.8,65.3,,130.3,336.7,1.5,4.2,1.1,1.3,66.1,6.2,94.8,186.4,1.2,266.6,,2.7,207.1,31.8,115.4,9.9,56.0,2639.9999999999995
2014-03-09,,252.9,1.5,17.5,42.4,3.0,67.0,14.4,6.2,52.9,7.6,242.6,89.6,23.3,35.4,20.0,151.1,59.6,,130.1,311.4,1.5,4.1,1.0,1.5,64.0,5.8,103.8,187.1,1.2,257.8,,2.7,216.5,29.7,109.7,10.3,51.7,2576.9
2014-03-10,,258.1,1.4,17.5,40.6,3.3,67.3,14.7,6.2,56.7,8.2,254.0,78.4,24.3,26.3,20.6,165.6,64.6,,129.4,325.3,1.5,4.6,1.0,1.5,65.0,6.1,86.5,177.5,1.3,265.2,,2.9,208.5,32.4,119.3,12.7,56.6,2605.1
2014-03-11,,262.9,1.6,19.6,41.6,3.3,68.2,14.9,6.2,57.3,8.9,254.9,74.5,22.6,26.3,20.9,173.6,65.8,,125.2,338.9,1.5,3.9,1.1,1.5,66.5,6.3,70.8,172.9,1.4,267.3,,2.8,206.8,30.7,122.6,12.3,56.8,2612.4
2014-03-12,,267.6,1.5,19.3,42.5,3.3,68.0,14.7,6.2,57.6,9.7,252.9,81.3,23.0,22.9,19.8,176.6,65.6,,129.9,348.2,1.5,4.3,1.2,1.5,66.7,6.4,84.1,176.6,1.4,262.0,,3.6,203.1,29.3,124.4,12.4,56.1,2645.2
2014-03-13,,272.6,1.5,19.5,42.8,3.3,66.5,14.5,6.3,58.0,8.7,260.4,94.0,23.0,27.1,20.4,182.1,64.6,,133.9,342.6,1.5,4.3,1.1,1.5,69.3,6.2,79.3,184.1,1.5,266.9,,2.9,225.1,31.1,122.7,12.6,57.9,2709.8
2014-03-14,,273.6,1.6,19.3,41.9,3.3,68.0,14.4,6.4,58.8,8.8,262.6,91.7,23.6,29.3,21.0,188.3,64.9,,134.8,343.9,1.5,4.4,1.1,1.5,71.6,6.2,97.6,185.9,1.3,266.7,,2.9,225.7,32.1,130.9,10.4,55.1,2751.1000000000004
2014-03-15,,279.9,1.3,17.3,41.9,3.2,69.2,14.4,6.2,55.8,8.8,265.0,97.1,23.8,29.6,20.6,187.6,64.8,,137.6,358.0,1.5,4.0,1.0,1.3,71.1,6.2,99.3,187.7,1.2,264.3,,3.4,227.9,31.7,131.3,12.5,56.2,2782.7000000000003
2014-03-16,,277.8,1.4,15.5,40.7,2.9,70.1,9.6,6.1,51.0,7.9,244.9,97.0,20.2,31.6,20.3,179.6,59.5,,140.0,352.8,1.5,3.7,1.0,1.4,69.3,5.6,106.6,179.7,1.0,259.5,,2.9,235.7,28.2,116.7,11.9,55.9,2709.5000000000005
2014-03-17,,271.6,1.5,15.5,42.9,2.7,63.8,7.8,3.3,43.8,8.0,205.0,85.9,15.2,33.2,19.7,189.5,64.1,,130.2,335.3,1.3,3.3,1.1,1.3,69.0,5.6,93.5,154.1,1.1,262.9,,3.7,247.8,22.2,118.0,10.1,50.2,2584.2
2014-03-18,,272.9,1.6,19.0,42.1,3.2,65.4,10.6,4.6,52.3,8.3,233.5,89.9,17.4,29.9,19.7,190.8,66.4,,134.7,368.3,1.6,3.7,1.1,1.6,71.0,6.0,72.6,164.4,1.5,262.3,,2.9,222.9,24.7,123.2,11.4,52.0,2653.5
2014-03-19,,264.3,1.5,15.4,41.4,3.3,70.9,13.5,5.9,57.1,9.0,254.0,104.8,22.1,32.9,19.3,192.3,66.7,,141.1,387.3,1.6,3.6,0.9,1.3,70.5,6.5,91.8,180.4,0.6,268.3,,2.9,229.3,29.7,131.0,12.1,56.2,2789.5000000000005
2014-03-20,,277.4,1.5,17.1,41.9,3.3,74.7,13.8,6.2,57.7,8.9,259.7,108.0,24.4,31.6,18.0,186.6,66.2,,142.6,391.5,1.5,3.8,1.0,1.4,70.7,6.6,95.6,182.9,1.3,256.5,,2.6,232.1,30.4,131.8,11.5,57.9,2818.7
2014-03-21,,281.7,1.5,18.2,40.5,3.3,74.6,13.8,6.2,59.6,8.8,258.1,105.8,24.5,33.0,19.6,188.4,67.2,,133.7,380.5,1.5,4.2,1.1,1.5,74.5,6.6,97.6,185.1,1.3,250.8,,2.7,233.2,30.3,128.2,11.3,59.2,2808.0999999999995
2014-03-22,,284.8,1.5,19.3,41.6,3.3,75.1,14.0,6.2,58.4,8.3,259.5,105.4,24.7,32.9,20.6,199.9,68.1,,140.5,378.0,1.5,4.3,1.1,1.5,77.7,6.6,98.2,188.0,0.9,262.2,,2.8,236.8,31.6,124.9,12.2,59.9,2852.2999999999997
2014-03-23,,281.5,1.5,17.8,38.9,3.0,75.1,13.5,6.1,55.5,7.6,254.2,98.6,23.7,34.2,20.7,193.2,63.2,,143.7,376.7,1.5,3.9,1.0,1.4,74.2,6.1,96.7,174.7,1.2,273.6,,2.6,236.9,29.0,116.7,12.1,59.4,2799.7
2014-03-24,,283.5,1.6,18.8,39.3,3.3,75.1,13.5,6.1,58.1,7.6,254.2,81.4,24.9,32.4,20.0,200.8,68.0,,143.7,376.7,1.5,4.7,1.1,1.6,75.8,6.2,78.6,156.4,1.2,273.7,,2.8,224.0,30.5,117.6,12.1,59.4,2756.2
2014-03-25,,282.1,1.7,18.6,39.2,3.3,76.3,14.1,6.2,60.1,8.7,264.7,88.8,23.9,33.8,20.8,199.2,68.4,,140.0,398.7,1.7,4.1,1.1,1.6,73.8,6.3,81.7,164.4,1.5,283.6,,3.6,227.2,30.2,120.8,12.1,58.9,2821.2
2014-03-26,,281.2,1.7,19.6,42.5,3.3,77.7,12.8,6.2,61.5,8.8,262.2,94.7,24.6,31.7,21.6,203.4,68.3,,146.0,404.6,1.6,3.8,1.1,1.7,80.6,6.5,102.8,170.4,1.4,285.2,,2.5,240.6,31.8,128.5,11.9,58.4,2901.2
2014-03-27,,283.6,1.6,19.6,42.1,3.3,78.3,14.3,6.2,61.8,8.9,265.0,89.7,24.9,32.6,20.5,203.2,68.0,,147.2,406.5,1.6,3.7,1.1,1.6,83.1,6.2,85.5,170.9,1.1,273.2,,2.9,242.2,32.4,139.5,11.5,56.1,2889.9
2014-03-28,,280.6,1.6,18.8,39.8,3.3,79.4,14.2,6.2,61.4,8.5,267.2,86.0,24.5,33.9,20.0,201.4,68.1,,148.1,402.6,1.6,4.8,1.1,1.6,80.2,6.5,85.1,168.0,1.0,267.1,,3.0,234.6,31.3,145.3,12.9,54.8,2864.5
2014-03-29,,278.1,1.6,19.5,39.5,3.3,79.0,14.2,6.2,60.3,8.7,265.5,88.6,24.4,35.5,19.2,202.4,67.4,,147.9,406.3,1.6,4.0,1.1,1.6,78.1,6.6,89.3,171.3,0.7,267.0,,3.0,227.2,31.6,140.7,13.1,55.6,2860.1
2014-03-30,,279.6,1.6,19.9,37.3,2.9,78.5,13.9,4.5,59.0,8.0,255.9,91.3,23.4,33.6,18.3,196.1,63.6,,145.2,396.3,1.6,4.0,1.0,1.6,80.3,6.0,86.9,164.0,0.3,262.4,,2.4,222.6,30.2,139.7,12.7,56.9,2801.5
2014-03-31,,281.6,1.5,20.3,38.3,3.3,80.2,13.5,5.9,60.8,8.3,263.2,94.6,23.4,33.4,19.7,194.8,68.7,,149.1,394.6,1.5,3.4,1.1,1.6,79.2,6.2,92.2,166.3,0.9,271.6,,3.2,236.1,30.9,140.7,12.7,56.7,2859.5
2014-04-01,,284.0,1.4,19.3,39.1,3.4,78.5,12.2,5.7,62.3,8.7,261.9,96.6,23.2,32.1,19.6,194.4,68.8,,148.8,398.3,1.5,3.8,1.1,1.7,75.6,6.4,93.6,167.4,1.4,276.9,,3.0,238.9,30.8,144.7,12.6,55.7,2873.3999999999996
2014-04-02,,278.4,1.4,18.7,41.7,3.3,78.4,13.6,5.7,62.9,8.2,260.5,98.3,23.3,32.5,20.1,197.2,69.1,,149.1,404.7,1.6,3.9,1.0,1.6,73.5,6.8,91.6,165.4,1.2,276.0,,3.1,243.9,30.1,145.7,8.0,56.4,2876.8999999999996
2014-04-03,,279.4,1.5,19.1,42.0,3.6,79.9,14.2,6.0,64.2,8.6,270.4,95.2,23.1,33.7,21.3,204.1,70.1,,150.7,407.8,1.5,3.7,1.0,1.7,76.4,6.9,92.7,167.6,1.3,268.2,,2.8,233.4,29.1,154.0,12.1,57.3,2904.6000000000004
2014-04-04,,276.4,1.5,16.9,40.2,3.5,79.3,14.4,6.1,65.2,8.8,271.1,96.8,15.7,35.5,21.2,205.0,70.1,,151.9,406.9,1.5,3.6,0.9,1.4,77.1,6.9,95.7,169.5,1.7,266.3,,2.0,250.0,32.0,145.8,12.7,57.0,2910.6000000000004
2014-04-05,,266.9,1.5,18.3,40.1,3.3,79.1,14.5,6.1,63.3,8.7,273.4,95.5,23.6,31.6,20.0,203.1,68.3,,151.6,413.4,1.5,4.3,1.1,1.6,75.1,7.0,95.9,167.4,1.3,256.1,,2.6,246.2,31.5,141.0,13.0,57.7,2885.6
2014-04-05,,266.9,1.5,18.3,40.1,3.3,79.1,14.5,6.1,63.3,8.7,273.4,95.5,23.6,31.6,20.0,203.1,68.3,,151.6,413.4,1.5,4.3,1.1,1.6,75.1,7.0,95.9,167.4,1.3,256.1,,2.6,246.2,31.5,141.0,13.0,57.7,2885.6
2014-04-06,,268.0,1.5,19.8,42.8,3.1,81.7,14.7,6.1,63.4,7.9,262.4,91.7,21.7,31.8,20.4,193.3,62.7,,151.1,403.4,1.5,4.3,1.0,1.6,73.9,6.6,87.8,158.9,1.3,256.0,,2.8,248.4,31.1,136.2,11.0,56.2,2826.1
2014-04-07,,269.6,1.5,18.9,39.7,3.5,81.0,14.7,6.1,69.1,9.0,272.5,87.4,21.3,28.8,20.6,206.7,63.0,,152.8,415.3,1.6,4.3,1.0,1.6,76.3,7.0,82.6,154.6,1.8,269.7,,2.9,247.8,29.4,150.0,11.2,56.9,2880.2
2014-04-08,,268.1,1.3,17.9,42.2,3.4,81.8,14.9,6.1,65.1,8.9,273.0,96.4,23.3,32.2,18.7,201.2,61.7,,152.0,414.1,1.6,3.8,1.0,1.4,79.6,7.2,93.1,152.7,1.5,274.2,,2.3,250.0,31.8,153.5,11.1,55.1,2902.2000000000003
2014-04-08,,268.1,1.3,17.9,42.2,3.4,81.8,14.9,6.1,65.1,8.9,273.0,96.4,23.3,32.2,18.7,201.2,61.7,,152.0,414.1,1.6,3.8,1.0,1.4,79.6,7.2,93.1,152.7,1.5,274.2,,2.3,250.0,31.8,153.5,11.1,55.1,2902.2000000000003
2014-04-09,,269.7,1.3,17.6,47.2,3.6,78.4,15.1,6.2,66.8,8.8,274.2,94.8,24.2,31.6,19.7,185.6,64.2,,152.1,411.2,1.4,3.6,0.9,1.6,74.8,6.9,98.5,152.3,1.2,285.2,,2.5,244.3,31.5,150.6,10.2,56.6,2894.3999999999996
2014-04-10,,267.4,1.3,19.7,46.0,2.9,78.6,15.2,6.2,56.4,9.1,276.5,92.0,24.4,30.9,20.2,185.9,59.6,,154.9,411.4,1.6,4.1,1.1,1.4,74.3,7.3,100.9,160.6,1.2,263.9,,2.4,249.8,31.1,151.9,10.9,51.4,2872.5
2014-04-11,,263.4,1.4,19.4,48.4,3.6,81.2,15.0,6.3,67.4,9.0,277.5,92.8,24.7,31.3,20.8,194.3,62.9,,153.7,400.5,1.6,4.0,1.1,1.7,76.2,7.3,99.0,161.1,1.5,279.4,,2.8,243.3,31.3,149.0,12.3,54.7,2899.9
2014-04-11,,263.4,1.4,19.4,48.4,3.6,81.2,15.0,6.3,67.4,9.0,277.5,92.8,24.7,31.3,20.8,194.3,62.9,,153.7,400.5,1.6,4.0,1.1,1.7,76.2,7.3,99.0,161.1,1.5,279.4,,2.8,243.3,31.3,149.0,12.3,54.7,2899.9
2014-04-12,,263.6,1.5,18.2,49.1,3.5,76.4,14.9,6.2,67.5,7.5,277.3,94.7,24.3,30.9,21.0,191.6,63.4,,153.9,398.6,1.6,4.4,1.1,1.6,73.2,7.3,101.2,161.1,0.8,274.0,,2.8,242.7,31.5,149.5,11.3,55.5,2883.7
2014-04-13,,258.1,1.4,20.0,46.9,3.2,78.5,14.8,6.1,64.1,7.3,265.5,84.1,23.3,29.3,19.8,182.4,56.8,,151.2,387.8,1.5,3.4,1.0,1.5,67.9,6.7,89.9,156.8,1.2,268.5,,2.6,230.0,28.0,142.1,10.7,55.9,2768.2999999999997
2014-04-14,,261.5,1.5,19.6,46.7,3.5,70.7,14.9,6.0,67.9,8.2,275.5,96.1,23.8,32.0,19.4,190.0,59.2,,148.2,406.1,1.5,4.0,1.1,1.5,71.3,6.5,94.4,158.2,1.4,267.6,,2.8,228.6,31.3,143.1,10.8,57.0,2831.9
2014-04-15,,261.7,1.5,18.7,48.0,3.7,70.5,14.9,6.1,73.2,8.2,279.2,99.5,24.1,32.7,20.9,185.0,57.6,,153.7,411.7,1.5,4.1,1.1,1.5,74.3,7.0,98.6,163.5,1.5,273.6,,2.8,257.7,32.8,143.8,11.3,56.7,2902.7000000000003
2014-04-16,,264.3,1.0,19.5,48.2,3.8,71.0,15.1,6.2,72.7,8.4,282.6,95.1,24.5,31.7,19.9,188.5,61.7,,152.2,414.0,1.7,3.8,1.1,1.4,73.9,7.0,99.9,155.1,1.5,276.7,,2.8,248.2,31.1,145.5,10.4,57.8,2898.3
2014-04-17,,266.0,1.1,19.3,48.8,3.6,73.3,15.1,6.3,72.7,8.4,287.4,96.4,25.0,31.9,19.6,177.9,63.5,,150.2,406.6,1.6,3.9,1.1,1.4,70.5,7.2,91.4,149.8,1.1,289.4,,3.0,241.5,25.8,152.2,11.3,59.1,2883.4
2014-04-18,,265.3,1.5,19.4,48.3,3.5,72.0,15.2,6.4,64.5,8.3,285.8,85.2,25.3,31.4,19.5,168.2,60.1,,142.0,395.6,1.6,4.0,1.1,1.4,74.5,7.2,88.8,133.1,1.4,286.6,,2.7,201.4,29.4,145.8,9.3,49.4,2755.2
2014-04-19,,266.4,1.5,18.9,47.8,3.4,74.0,15.3,6.3,65.7,8.8,286.0,93.5,23.5,32.1,18.7,169.8,63.3,,134.7,398.9,1.6,4.0,1.0,1.6,75.4,7.1,84.3,137.1,1.4,278.7,,2.8,222.5,30.7,147.3,9.2,57.7,2790.9999999999995
2014-04-20,,261.7,1.6,20.6,50.4,3.2,76.8,15.1,6.3,63.8,0.4,258.9,91.2,22.5,30.9,21.2,159.8,60.4,,137.3,379.0,1.6,3.6,1.1,1.6,69.3,6.7,83.5,140.7,1.2,262.2,,2.8,232.9,30.2,137.2,8.7,58.3,2702.7
2014-04-21,,261.0,1.6,20.6,48.8,3.7,79.5,15.3,5.8,70.7,9.2,257.4,97.2,23.8,33.1,20.4,181.6,65.6,,138.7,397.5,1.6,3.9,1.0,1.6,72.1,6.6,92.0,142.7,1.2,274.4,,2.9,244.5,31.6,143.5,8.2,57.0,2816.2999999999997
2014-04-21,,261.0,1.6,20.6,48.8,3.7,79.5,15.3,5.8,70.7,9.2,257.4,97.2,23.8,33.1,20.4,181.6,65.6,,138.7,397.5,1.6,3.9,1.0,1.6,72.1,6.6,92.0,142.7,1.2,274.4,,2.9,244.5,31.6,143.5,8.2,57.0,2816.2999999999997
2014-04-22,,262.4,1.5,21.6,47.3,3.8,80.6,15.4,5.8,73.7,9.3,275.1,102.1,24.2,29.8,20.8,191.4,66.6,,142.7,400.8,1.6,3.9,1.2,1.6,73.3,7.2,97.9,144.3,1.6,280.9,,3.1,251.9,31.9,151.6,7.2,58.3,2892.3999999999996
2014-04-23,,250.4,1.5,23.8,48.0,3.9,80.8,15.2,5.9,75.6,8.9,279.7,100.6,24.6,30.4,20.9,195.0,66.9,,141.3,415.3,1.6,3.1,1.1,1.6,74.8,7.3,96.3,148.5,1.1,289.7,,2.9,258.4,31.7,147.4,6.9,60.7,2921.7999999999997
2014-04-24,,256.0,1.6,22.6,46.0,4.0,81.6,15.3,5.9,78.9,9.7,285.7,99.9,24.3,31.2,21.6,196.3,65.2,,150.2,400.5,1.5,3.1,1.1,1.4,77.0,5.8,102.9,155.7,1.2,258.4,,3.1,256.8,32.0,151.5,6.9,59.5,2914.4
2014-04-25,,257.7,1.4,21.6,48.2,4.2,80.1,15.4,5.8,80.9,9.5,289.6,105.9,24.7,30.6,21.8,195.0,66.3,,154.0,415.0,1.5,2.9,1.1,1.4,74.9,7.1,110.0,157.6,1.2,278.1,,2.8,253.6,33.2,155.9,6.8,59.0,2974.8
2014-04-26,,263.0,1.4,20.1,47.9,4.2,78.1,15.6,5.9,78.8,9.2,291.3,108.1,24.7,28.9,21.0,181.8,66.2,,155.4,417.0,1.4,3.0,1.0,1.4,77.4,8.2,112.2,162.4,1.1,280.5,,2.8,257.1,33.0,160.2,8.5,59.8,2988.6000000000004
2014-04-27,,258.5,1.4,21.6,46.7,4.0,79.7,15.5,6.4,76.3,7.9,285.9,106.9,22.6,29.2,18.6,169.1,59.7,,153.1,409.0,1.4,2.9,0.9,1.5,76.5,6.6,109.5,162.5,1.0,270.2,,3.1,260.9,32.7,150.0,8.6,58.0,2918.3999999999996
2014-04-28,,255.7,1.4,18.9,46.6,4.0,78.6,15.7,6.5,84.4,8.6,297.0,110.7,23.7,25.8,19.4,181.8,63.7,,155.6,423.3,1.4,2.8,0.9,1.5,74.6,7.2,115.9,166.8,1.1,279.1,,2.0,261.3,34.0,145.9,8.5,60.2,2984.6
2014-04-28,,260.6,1.4,20.5,48.4,4.7,78.0,15.6,6.3,87.3,9.4,305.0,114.5,24.3,27.9,20.7,179.9,66.2,,154.0,424.0,1.4,2.9,0.9,1.4,74.8,7.3,119.2,167.7,1.1,279.5,,2.2,268.0,34.1,147.9,9.0,57.7,3023.8
2014-04-30,,260.9,1.4,20.0,49.1,4.9,77.2,13.1,4.3,90.7,9.3,279.1,118.1,24.2,29.9,22.2,176.9,61.4,,155.2,418.4,1.3,3.0,0.9,1.3,74.7,7.2,114.8,171.5,1.6,276.1,,2.6,269.6,34.5,150.5,8.3,58.7,2992.9
2014-05-01,,256.3,1.4,19.7,43.0,5.1,74.2,14.2,4.4,93.0,8.2,288.6,122.0,23.5,29.7,21.6,162.3,54.2,,152.0,382.9,1.4,3.2,1.1,1.4,73.6,6.4,118.6,176.2,0.8,273.3,,3.0,273.5,33.9,141.6,9.9,59.6,2933.8
2014-05-02,,256.0,1.7,18.6,40.7,5.2,73.7,15.3,5.7,96.2,8.9,288.6,117.7,24.9,33.1,19.5,162.4,60.6,,150.4,385.3,1.4,2.9,0.9,1.4,73.4,7.0,115.7,170.9,0.9,273.1,,2.8,264.8,32.7,124.7,11.1,56.0,2904.2000000000007
2014-05-03,,254.4,1.4,20.0,42.8,5.0,73.4,15.6,6.3,91.9,9.6,289.9,116.3,25.3,30.4,16.3,162.7,61.4,,149.1,405.1,1.4,3.0,0.9,1.3,71.2,7.2,115.4,171.3,0.6,274.5,,2.2,259.2,30.8,105.1,12.6,52.7,2886.3
2014-05-04,,246.5,1.5,19.0,43.2,4.1,76.0,13.9,6.2,86.8,8.1,280.4,116.1,23.3,28.5,17.1,154.0,57.5,,142.1,390.0,1.4,3.1,1.1,1.1,65.9,6.2,112.1,163.0,0.8,276.7,,2.4,272.3,33.7,102.1,12.1,52.7,2820.9999999999995
2014-05-05,,245.9,1.4,19.6,43.1,4.5,73.2,15.6,6.3,92.5,8.9,290.7,113.3,23.7,24.8,19.8,170.2,59.1,,139.8,412.6,1.4,3.4,1.1,1.2,61.3,6.1,119.0,166.5,0.8,265.0,,2.2,254.9,33.6,114.3,12.7,50.3,2858.7999999999997
2014-05-06,,253.1,1.6,19.8,42.6,4.8,71.7,15.7,6.3,91.9,9.1,289.1,120.2,23.6,27.6,19.4,170.4,60.8,,143.6,418.6,1.4,3.3,1.1,1.6,69.6,5.9,122.4,174.4,1.3,257.6,,2.5,278.1,34.8,130.2,12.3,52.9,2939.2999999999997
2014-05-07,,238.2,1.5,14.5,42.9,5.0,73.4,15.3,6.2,94.9,8.9,286.4,126.0,20.9,30.6,20.2,169.3,56.5,,149.0,410.9,1.4,3.1,0.9,1.3,72.5,5.7,126.7,179.1,1.2,227.4,,2.9,288.9,29.3,129.0,11.2,55.7,2906.9
2014-05-08,,242.2,1.4,16.0,43.3,5.0,71.6,15.6,6.3,94.2,7.8,290.8,110.4,23.8,28.6,20.8,142.4,50.9,,150.7,406.0,1.4,3.9,0.9,1.5,72.4,5.7,118.6,171.1,0.9,225.2,,2.2,264.2,31.2,134.5,11.6,57.5,2830.6
2014-05-09,,220.5,1.5,17.0,41.4,5.1,69.7,15.5,6.4,91.3,7.7,290.3,109.9,27.2,30.8,19.9,134.0,56.7,,150.5,400.0,1.5,3.8,1.0,1.5,70.1,6.3,120.2,176.0,0.6,237.9,,2.9,266.1,33.5,141.9,9.1,57.3,2825.1
2014-05-10,,218.8,1.6,17.9,42.3,4.8,69.0,15.5,6.3,87.7,9.1,280.7,112.4,25.2,29.2,20.5,145.5,60.1,,147.1,402.8,1.5,4.4,1.1,1.6,66.8,6.6,118.1,169.2,0.4,253.9,,2.6,270.1,35.5,135.6,11.2,56.3,2831.4
2014-05-11,,233.3,1.6,18.3,44.4,4.2,70.2,15.3,6.2,80.0,9.1,263.7,110.6,23.1,31.8,19.9,145.0,58.1,,142.4,391.3,1.5,4.4,1.1,1.6,67.1,6.2,110.4,162.3,0.5,245.3,,2.7,272.5,32.6,127.7,12.6,56.9,2773.8999999999996
2014-05-12,,243.1,1.5,18.7,47.4,4.5,70.5,15.4,5.6,87.2,9.1,276.6,114.8,22.1,31.2,18.5,162.0,61.4,,145.5,410.2,1.5,3.7,1.0,1.5,78.3,6.5,104.9,154.9,0.5,256.6,,2.5,276.6,31.5,132.0,10.8,57.6,2865.7
2014-05-13,,250.4,1.6,18.5,48.4,4.2,70.0,15.5,5.5,80.6,9.4,271.9,101.5,22.6,22.9,19.5,170.0,63.3,,147.1,411.8,1.5,4.2,1.1,1.6,72.8,7.1,85.9,144.4,0.6,270.1,,2.8,248.6,29.7,146.4,9.8,56.5,2817.8
2014-05-14,,251.8,1.6,19.6,48.4,4.0,69.0,15.3,6.2,75.5,8.8,269.5,99.4,22.9,28.1,19.0,175.4,64.1,,142.4,407.9,1.5,4.0,1.1,1.6,59.7,6.9,82.5,120.9,0.8,276.7,,2.7,239.5,33.0,138.2,10.5,54.7,2763.2
2014-05-15,,251.9,1.7,19.4,45.9,4.2,69.4,15.2,5.7,81.2,9.6,275.5,109.8,23.5,29.9,18.4,182.1,65.5,,142.4,412.4,1.5,3.7,1.0,1.5,64.6,5.7,103.8,149.1,1.0,274.6,,2.9,250.6,33.4,144.5,11.0,56.3,2868.9
2014-05-16,,251.3,1.5,21.2,47.2,4.5,72.3,14.6,3.4,86.6,8.7,276.1,112.2,25.0,33.1,20.8,188.6,67.4,,146.7,416.2,1.5,4.3,1.1,1.7,68.2,6.1,105.2,162.1,1.0,290.1,,3.0,258.7,32.6,145.5,9.5,57.7,2945.6999999999994
2014-05-17,,248.7,1.5,21.0,48.0,4.4,69.3,15.3,4.2,85.5,8.7,271.7,111.6,24.5,32.2,20.0,178.5,63.7,,146.8,402.3,1.5,3.9,1.2,1.6,78.6,7.0,115.9,160.2,1.1,283.7,,2.8,252.5,34.5,146.9,9.6,54.5,2913.4
2014-05-18,,246.9,1.5,18.8,45.7,4.2,68.4,14.8,6.2,82.0,8.8,265.1,113.3,23.2,29.8,20.4,165.4,60.8,,146.7,391.8,1.5,4.2,1.0,1.5,79.4,5.9,107.5,163.0,1.2,263.6,,2.9,248.7,31.5,145.0,6.0,53.2,2829.9
2014-05-19,,244.5,1.4,19.3,47.9,4.9,69.8,15.2,5.8,89.2,7.4,274.8,112.0,24.7,31.1,19.4,171.2,65.8,,146.4,407.8,1.5,3.7,1.0,1.5,80.6,5.4,110.3,172.8,1.3,263.2,,3.3,245.5,34.0,152.3,6.3,54.5,2895.8
2014-05-20,,237.1,1.2,19.2,46.1,5.1,70.3,15.2,5.7,91.8,7.3,280.0,125.5,24.9,30.0,19.5,157.6,64.4,,146.1,413.3,1.5,4.0,1.0,1.6,78.9,6.7,118.3,176.3,1.0,273.7,,3.6,254.9,36.4,149.7,9.8,55.7,2933.3999999999996
2014-05-21,,246.6,1.5,19.9,46.6,5.1,68.4,15.1,6.3,94.4,8.7,279.6,135.7,25.0,27.3,19.7,154.3,63.7,,146.5,412.5,1.5,3.7,1.1,1.6,82.3,7.0,120.3,179.5,1.1,282.5,,3.4,260.0,35.8,153.7,10.7,55.4,2976.5000000000005
2014-05-22,,249.7,1.5,19.3,46.9,5.3,68.7,15.5,5.9,97.2,8.6,284.4,140.7,25.0,27.5,19.6,157.2,63.7,,150.8,409.9,1.5,3.5,1.1,1.6,79.3,7.1,132.9,180.7,0.9,281.0,,3.6,259.2,36.0,147.7,11.4,60.5,3005.399999999999
2014-05-23,,249.6,1.5,19.0,48.5,5.4,70.4,15.3,3.0,99.5,9.2,282.9,133.6,24.1,29.3,17.7,168.5,66.0,,152.0,393.1,1.5,3.7,1.1,1.5,77.6,7.2,120.8,180.7,1.1,282.6,,3.8,263.5,33.8,149.0,10.7,58.3,2985.5000000000005
2014-05-24,,249.8,1.4,18.0,48.7,5.4,69.4,15.4,6.2,93.0,8.2,280.1,122.3,24.9,30.7,20.8,172.4,64.1,,149.2,394.8,1.5,4.0,1.0,1.5,80.1,7.1,128.4,168.5,1.0,266.4,,3.5,262.5,32.5,148.9,8.2,58.3,2948.2
2014-05-25,,227.3,1.4,17.6,46.5,4.7,61.3,15.3,5.8,84.0,7.6,272.4,119.7,23.3,14.6,20.6,159.4,60.0,,143.6,387.2,1.5,3.9,1.1,1.4,70.1,6.6,126.1,166.0,1.6,261.7,,3.3,253.9,30.7,128.6,9.6,57.2,2795.6000000000004
2014-05-26,,182.5,1.1,19.5,36.7,5.3,59.4,15.3,5.8,90.1,8.2,283.1,119.9,25.1,32.9,19.6,173.0,65.0,,150.6,406.4,1.5,3.3,0.9,1.5,64.0,6.4,129.6,173.8,1.8,268.3,,3.0,245.3,33.5,128.4,9.5,55.1,2825.4
2014-05-27,,227.4,1.2,20.1,30.6,5.4,60.5,15.5,5.9,95.7,8.5,283.1,127.6,25.2,31.5,18.1,166.4,66.0,,155.7,402.1,1.5,3.2,0.9,1.3,68.0,6.5,144.4,184.7,1.6,258.2,,3.6,261.5,35.1,119.1,7.4,54.0,2897.5000000000005
2014-05-28,,239.5,1.4,20.2,34.7,5.4,65.1,15.4,6.4,99.9,9.3,285.3,137.2,25.7,30.7,18.7,159.6,62.2,,153.5,400.9,1.5,2.8,0.9,1.3,67.8,7.3,147.7,186.3,1.0,248.9,,3.5,265.2,34.5,115.6,9.6,54.5,2919.5000000000005
2014-05-29,,236.5,1.3,18.8,44.1,5.8,67.5,15.7,5.8,104.3,9.4,287.4,139.3,26.2,28.3,20.7,158.0,60.5,,148.8,403.3,1.5,4.0,0.9,1.3,78.7,7.2,143.7,188.6,0.3,264.2,,3.8,262.9,36.1,127.6,9.5,57.1,2969.100000000001
2014-05-30,,243.1,1.4,21.7,46.7,5.6,67.8,15.4,6.4,90.8,11.4,287.4,123.9,25.2,24.5,20.7,158.7,62.9,,150.6,404.1,1.5,4.0,1.1,1.4,81.5,7.4,129.5,189.1,1.1,275.6,,3.0,264.5,21.0,140.4,9.4,59.3,2958.1
2014-05-31,,247.6,1.4,21.4,37.5,5.6,66.9,15.4,6.4,90.2,11.0,287.5,115.1,25.7,28.8,17.3,158.6,65.2,,150.1,403.5,1.4,4.2,1.0,1.4,82.2,7.4,146.9,188.5,1.3,274.7,,3.3,249.6,35.5,122.0,9.4,54.4,2938.4
2014-06-01,,248.3,1.5,22.5,44.4,5.3,66.0,14.2,4.4,87.6,8.3,277.7,97.7,22.3,25.8,20.1,148.9,59.7,,147.1,385.1,1.4,3.7,1.1,1.3,75.9,6.7,144.5,169.7,1.4,267.7,,3.1,261.0,29.4,115.0,9.1,56.9,2834.8
2014-06-02,,106.9,1.7,21.7,45.5,5.6,67.8,14.7,4.9,97.0,9.4,287.3,114.7,23.2,31.7,20.7,153.8,61.5,,150.6,389.3,1.5,3.8,1.0,1.4,77.1,7.0,139.9,169.9,1.2,270.9,143.7,2.8,269.5,33.9,127.4,9.1,49.1,2917.2000000000007
2014-06-03,,93.5,1.6,22.5,45.8,5.7,66.7,14.8,5.2,101.5,7.7,287.4,129.5,24.7,30.8,21.6,135.4,57.7,,149.5,385.9,1.5,4.0,1.0,1.6,78.2,6.6,145.4,182.7,1.2,252.3,40.3,3.2,272.1,34.6,133.3,9.0,57.0,2811.5000000000005
2014-06-04,,122.7,1.6,22.1,44.5,6.1,75.6,14.8,5.8,104.1,9.3,289.5,138.5,24.8,28.3,20.8,149.2,61.0,,149.3,398.7,1.5,4.2,1.0,1.5,75.4,6.9,149.6,188.0,1.4,276.4,117.4,3.2,271.4,35.5,144.5,9.2,56.6,3010.3999999999996
2014-06-05,,120.0,1.6,23.5,42.7,6.2,67.7,15.0,5.9,107.7,8.9,294.1,136.3,24.4,30.7,22.2,151.4,60.3,,154.2,389.4,1.5,3.8,1.0,1.5,75.5,6.8,165.8,191.3,1.2,277.5,125.3,3.0,278.2,35.5,144.4,9.3,56.3,3040.1000000000004
2014-06-06,,125.8,1.7,23.7,48.8,6.3,69.2,14.9,5.9,109.1,9.6,296.5,144.6,24.2,31.0,22.6,145.0,59.7,,154.6,395.5,1.5,4.0,1.0,1.4,79.8,7.1,168.6,198.4,1.1,278.3,128.0,2.9,256.5,36.1,145.6,9.5,59.9,3068.4
2014-06-07,,129.1,1.6,22.7,46.6,6.2,73.1,14.9,5.9,107.3,9.8,294.2,149.7,24.3,30.8,22.1,143.8,57.5,,156.5,393.7,1.5,4.3,1.0,1.4,77.0,7.0,166.5,202.8,1.3,276.7,126.1,3.3,288.1,36.2,144.8,9.7,57.8,3095.3000000000006
2014-06-08,,130.8,1.6,24.1,46.1,5.6,68.7,15.4,5.6,103.1,8.5,282.0,144.8,22.4,29.5,21.3,136.4,52.4,,154.7,398.8,1.5,4.1,1.1,1.4,76.6,6.6,167.3,199.6,1.5,265.3,124.8,3.1,289.1,36.3,132.3,9.8,56.5,3028.7
2014-06-09,,119.9,1.7,21.6,46.1,6.4,70.3,15.5,6.0,111.5,9.2,288.8,148.0,24.2,27.9,20.0,149.4,55.7,,153.5,407.9,1.5,4.3,1.1,1.4,76.4,6.7,171.0,201.1,1.5,256.8,124.3,3.0,280.4,36.7,137.5,10.2,57.1,3054.6000000000004
2014-06-10,,114.5,1.7,22.3,39.5,6.4,68.9,15.3,6.1,111.1,9.5,293.8,148.6,25.0,26.8,17.4,156.0,55.6,,154.0,396.4,1.5,4.0,1.1,1.4,80.2,6.7,187.8,202.1,1.6,272.3,118.7,2.9,284.3,34.1,141.2,10.0,58.0,3076.7999999999997
2014-06-11,,123.1,1.5,23.3,43.5,6.4,63.6,14.6,6.0,113.4,8.9,285.3,150.3,24.5,24.8,19.4,163.0,54.6,,145.2,408.1,1.5,4.4,1.1,1.5,79.8,6.7,193.5,197.5,1.3,280.9,121.6,2.7,282.3,36.2,147.5,8.7,54.9,3101.6
2014-06-12,,125.0,1.6,23.6,44.1,6.2,69.7,15.3,6.1,107.2,8.9,285.4,129.2,25.5,28.4,20.1,164.4,55.3,,126.8,397.4,1.5,3.9,1.1,1.5,79.2,6.5,185.9,181.7,1.1,283.9,120.8,3.1,255.0,36.5,148.2,10.5,61.9,3022.4999999999995
2014-06-13,,118.1,1.6,23.3,45.5,5.7,68.0,15.3,6.3,96.4,8.9,286.4,106.5,26.6,29.4,20.1,159.2,55.1,,138.1,400.1,1.5,4.6,1.1,1.5,75.6,6.4,189.9,177.1,1.2,287.2,121.6,2.8,241.6,36.4,145.1,6.4,60.0,2970.6000000000004
2014-06-14,,127.8,1.7,23.9,47.5,5.3,64.2,14.1,5.9,92.4,8.6,279.1,126.3,26.0,28.8,20.9,156.6,56.8,,138.6,393.8,1.5,4.5,1.1,1.6,74.0,6.7,199.2,188.7,1.5,289.5,120.3,3.0,236.1,37.4,143.7,10.6,51.8,2989.5
2014-06-15,,124.2,1.6,23.0,50.1,5.3,58.9,13.4,6.1,90.7,7.9,260.9,132.8,23.6,16.3,20.5,151.9,52.7,,134.5,390.3,1.5,4.4,1.1,1.6,74.0,6.6,207.7,190.0,1.1,277.2,111.3,2.3,262.1,34.9,131.6,10.6,58.3,2941.0000000000005
2014-06-16,,122.1,1.6,24.1,47.7,6.4,62.6,14.6,6.1,107.2,8.6,259.9,143.4,24.7,24.7,21.1,160.6,58.1,,142.2,400.3,1.5,4.0,1.1,1.6,76.5,7.0,227.6,197.5,1.4,291.3,116.0,3.0,271.7,35.4,137.8,9.7,58.3,3077.3999999999996
2014-06-17,,122.9,1.5,23.7,47.7,6.8,59.3,15.1,6.2,114.4,8.6,263.6,153.7,25.4,27.3,20.6,164.0,58.0,,141.7,404.3,1.5,3.6,1.0,1.5,75.7,7.1,219.3,201.0,1.3,297.6,122.4,3.3,263.6,38.5,143.3,9.4,57.9,3112.8000000000006
2014-06-18,,127.0,1.6,22.9,46.4,6.5,58.2,15.0,6.4,117.4,8.7,269.4,160.0,23.1,13.0,19.1,165.0,55.5,,132.8,400.3,1.5,4.3,1.1,1.6,71.1,7.3,212.0,197.1,1.3,293.3,121.8,2.8,276.4,35.4,144.9,9.5,57.8,3087.5
2014-06-19,,121.9,1.7,21.9,45.0,6.5,56.4,13.7,6.2,113.2,8.4,278.4,165.7,23.3,26.6,18.7,161.2,53.0,,136.3,397.8,1.5,4.3,1.1,1.7,70.1,7.3,219.1,195.0,1.2,294.8,121.1,3.3,267.0,35.5,138.7,9.9,57.7,3085.2000000000003
2014-06-20,,132.4,1.6,22.6,43.9,6.7,56.2,15.4,6.4,116.7,8.2,279.9,164.6,24.4,28.5,18.0,164.3,55.0,,135.4,385.4,1.6,4.3,1.1,1.6,68.6,7.1,223.9,194.9,1.2,294.9,119.0,3.2,269.9,38.4,128.6,10.2,55.5,3089.6
2014-06-21,,134.6,1.5,23.3,42.1,6.5,55.4,15.5,6.4,112.6,8.1,278.9,165.5,25.2,27.3,17.5,166.8,55.3,,131.1,394.8,1.5,3.5,1.0,1.5,70.2,7.1,201.4,196.8,1.3,286.1,123.3,2.6,270.5,37.7,117.5,10.6,57.6,3058.6
2014-06-22,,132.3,1.4,19.8,45.0,6.7,62.9,15.4,6.4,108.6,7.5,266.4,161.2,24.2,26.1,18.3,153.6,52.1,,130.3,384.4,1.4,4.2,1.1,1.6,75.8,6.8,200.0,183.7,1.1,274.9,117.9,2.8,258.0,33.4,113.8,7.9,58.2,2965.2
2014-06-23,,128.4,1.2,21.6,42.4,5.6,61.0,15.5,6.5,107.7,8.5,279.5,159.5,25.2,28.0,18.7,165.2,57.6,,135.6,401.2,1.4,3.8,1.1,1.5,77.5,7.0,199.4,181.4,1.1,286.0,120.4,2.6,264.2,36.6,134.3,7.9,62.6,3057.7
2014-06-24,,132.0,1.5,21.2,42.4,5.9,69.8,13.3,6.4,107.3,8.9,282.9,164.0,25.6,28.9,19.8,168.7,58.4,,140.7,411.3,1.5,4.4,1.1,1.4,73.6,7.0,206.1,171.4,1.3,292.8,120.2,2.9,267.2,36.6,139.9,8.8,56.1,3101.3
2014-06-25,,134.1,1.6,20.7,46.1,6.0,70.0,12.7,6.5,105.3,8.6,290.3,156.7,25.0,27.8,19.9,171.7,59.4,,141.7,413.3,1.5,4.5,1.1,1.7,71.6,7.3,202.5,181.6,1.3,292.8,119.3,3.6,270.8,37.7,136.2,10.2,58.6,3119.6999999999994
2014-06-26,,126.0,1.6,22.7,45.3,5.9,66.1,10.3,6.6,109.1,9.2,292.0,158.0,25.6,27.4,18.6,176.1,60.8,,140.8,409.2,1.6,4.4,1.0,1.6,73.5,7.6,191.1,184.9,1.3,288.5,121.6,3.5,276.7,38.5,136.2,10.2,55.1,3108.6
2014-06-27,,128.2,1.7,24.1,41.0,6.1,62.6,11.1,6.6,110.9,9.2,293.0,169.8,25.7,26.8,19.2,180.3,63.3,,144.0,393.0,1.5,3.9,1.1,1.6,69.5,7.3,201.6,186.3,1.2,287.6,115.3,3.5,266.6,38.1,137.0,10.0,55.7,3104.4
2014-06-28,,125.3,1.7,25.1,43.4,6.1,61.3,11.0,6.0,109.6,8.6,293.0,171.2,25.6,27.3,17.6,173.3,64.0,,145.9,403.1,1.5,3.7,1.2,1.6,73.6,7.3,212.0,188.0,1.4,278.7,116.0,3.0,273.6,37.9,137.3,9.6,52.7,3118.1999999999994
2014-06-29,,129.5,1.5,24.4,48.4,5.2,68.1,10.6,6.0,104.7,7.9,280.7,162.7,23.3,27.5,18.7,169.4,59.0,,142.4,406.8,1.5,4.8,1.2,1.6,70.9,6.2,197.5,191.6,1.1,272.3,115.4,3.0,270.2,34.9,124.6,9.2,57.2,3059.9999999999995
2014-06-30,,128.3,1.5,24.2,43.8,6.2,67.6,13.8,6.2,110.1,8.6,290.6,166.4,24.3,26.2,17.7,175.2,60.1,,147.8,429.9,1.6,4.4,1.0,1.6,71.1,5.3,213.0,195.1,1.2,267.8,118.9,3.1,259.0,36.8,123.0,6.6,57.0,3115.0
2014-07-01,,131.1,1.5,25.5,43.1,5.6,71.4,15.3,6.2,110.5,8.3,292.6,166.3,22.6,24.9,16.3,176.9,59.1,,151.1,426.5,1.6,4.4,1.1,1.7,70.1,6.7,193.2,198.2,1.3,273.4,121.6,3.4,256.4,32.1,117.3,8.5,56.3,3102.1
2014-07-02,,138.6,1.7,26.8,45.4,5.3,73.6,15.6,4.4,101.3,8.5,289.0,158.0,23.5,26.8,20.0,180.6,58.8,,153.2,433.2,1.5,4.0,1.1,1.7,66.4,7.2,188.0,199.7,1.2,277.3,122.4,3.3,265.7,34.6,127.3,8.8,56.0,3130.5
2014-07-03,,130.4,1.6,24.3,44.4,5.7,72.5,15.2,6.0,99.2,8.8,290.5,155.8,24.5,27.4,18.6,177.0,61.0,,149.9,396.3,1.5,4.0,1.1,1.6,68.4,6.7,194.7,182.8,1.3,284.2,125.6,3.0,266.1,37.0,131.1,8.7,53.4,3080.3
2014-07-04,,128.1,1.5,23.6,40.6,5.8,73.6,15.5,6.4,103.2,8.2,295.4,162.1,25.1,27.1,16.0,175.4,61.6,,149.6,396.3,1.6,4.3,1.1,1.6,69.3,6.9,202.4,183.1,1.3,285.1,121.0,3.0,259.5,37.3,130.5,10.1,54.3,3087.5
2014-07-05,,122.7,1.7,21.6,38.0,5.8,70.6,15.5,6.1,106.1,7.9,298.5,167.0,25.8,27.0,17.8,161.1,59.5,,141.9,406.1,1.6,4.1,1.0,1.7,74.9,6.9,212.0,187.8,1.0,286.4,116.8,3.4,253.8,36.9,129.9,9.7,49.5,3078.1
2014-07-06,,124.3,1.6,21.8,40.2,5.6,72.0,15.4,6.4,97.1,6.9,290.5,159.5,23.9,30.4,18.9,150.2,53.4,,134.4,395.8,1.6,4.1,1.2,1.7,73.1,7.2,229.4,187.9,1.0,267.1,122.9,3.5,240.1,33.3,132.0,3.2,54.7,3012.2999999999993
2014-07-07,,126.6,1.7,22.2,37.6,6.4,74.8,15.3,6.4,107.9,7.2,301.2,167.8,25.8,33.0,19.4,155.6,58.1,,139.1,390.0,1.5,3.8,1.0,1.5,69.2,6.8,218.5,191.7,1.3,273.1,122.0,3.4,244.0,35.8,133.8,7.4,55.7,3066.6000000000004
2014-07-08,,124.9,1.6,25.1,45.1,6.5,74.3,15.7,6.3,110.5,7.7,297.1,175.6,26.5,33.4,19.4,156.3,59.2,,138.8,393.2,1.6,3.5,1.2,1.7,68.0,6.8,219.9,198.7,1.3,277.3,114.9,3.1,255.5,36.1,144.2,5.9,60.6,3117.4999999999995
2014-07-09,,125.2,1.6,26.4,47.5,6.7,71.9,15.8,6.2,114.4,7.5,292.6,182.0,25.9,32.1,20.4,156.6,59.2,,142.4,377.7,1.6,4.0,1.2,1.6,66.6,6.7,216.7,207.4,1.0,273.3,115.7,2.3,262.4,36.4,134.5,4.6,58.0,3106.1
2014-07-10,,124.8,1.7,26.7,47.7,6.9,69.2,15.8,6.1,119.3,7.7,293.0,182.8,26.1,31.3,21.3,147.0,56.6,,144.6,371.9,1.6,4.1,1.1,1.6,71.6,6.7,206.2,201.4,1.3,262.2,119.5,3.1,259.2,37.9,142.9,6.2,57.8,3084.8999999999996
2014-07-10,,124.8,1.7,26.7,47.7,6.9,69.2,15.8,6.1,119.3,7.7,293.0,182.8,26.1,31.3,21.3,147.0,56.6,,144.6,371.9,1.6,4.1,1.1,1.6,71.6,6.7,206.2,201.4,1.3,262.2,119.5,3.1,259.2,37.9,142.9,6.2,57.8,3084.8999999999996
2014-07-11,,119.3,1.6,25.7,45.4,6.9,62.3,15.4,6.1,121.6,7.1,286.9,185.4,26.6,34.3,21.5,143.0,56.7,,144.2,360.2,1.6,3.8,1.1,1.6,67.8,6.5,208.9,202.0,1.4,261.0,120.4,3.0,272.3,37.5,142.9,4.5,57.1,3063.6
2014-07-12,,118.7,1.6,24.8,46.8,6.6,67.5,14.9,5.9,115.4,7.3,275.6,189.8,25.3,33.0,20.8,143.8,53.8,,136.2,355.1,1.6,4.0,1.1,1.6,71.8,6.5,213.4,203.0,1.3,265.4,120.6,3.1,250.1,35.2,146.0,7.2,57.6,3032.3999999999996
2014-07-13,,121.7,1.6,24.6,47.9,6.0,68.3,15.2,6.0,111.0,6.6,263.9,180.4,23.2,29.1,19.7,136.4,48.0,,133.8,362.0,1.6,4.2,1.1,1.7,73.8,6.4,212.6,192.1,1.0,246.6,122.9,3.1,259.7,33.4,140.4,3.8,57.9,2967.6999999999994
2014-07-14,,125.2,1.7,24.7,48.6,6.6,66.2,15.2,6.1,117.8,7.4,271.4,181.5,24.1,33.8,20.0,147.4,52.8,,128.2,373.1,1.6,4.3,1.1,1.6,75.0,6.5,207.3,184.9,1.3,262.8,120.2,3.3,258.5,35.9,145.6,6.7,56.4,3024.8
2014-07-15,,128.8,1.6,24.8,46.2,6.9,65.4,15.2,6.2,121.4,7.5,267.7,186.8,25.8,31.9,19.5,147.0,53.7,,124.4,360.5,1.6,4.0,1.1,1.7,74.2,6.8,211.2,181.0,1.2,271.1,118.6,3.0,260.2,33.7,147.2,3.1,58.4,3019.4
2014-07-16,,130.0,1.6,24.7,46.8,6.2,65.8,15.0,6.0,112.4,6.9,238.4,191.5,18.1,14.3,20.1,147.2,54.3,,125.0,345.6,1.6,4.3,1.2,1.6,71.2,6.4,209.8,184.5,1.2,276.0,115.9,3.0,262.7,28.9,142.3,2.1,58.3,2940.9
2014-07-17,,134.6,1.6,25.4,45.9,5.8,69.8,15.0,6.0,111.9,7.4,233.6,175.8,18.7,27.1,20.6,151.5,56.1,,127.4,349.8,1.6,4.4,1.2,1.6,72.4,6.6,198.6,164.7,1.3,283.1,124.7,3.0,269.4,34.2,145.7,0.6,56.8,2953.9
2014-07-18,,135.4,1.6,24.7,45.8,5.5,73.1,14.7,6.3,100.2,7.7,224.5,149.2,19.3,32.3,21.5,155.0,57.3,,126.9,354.9,1.6,4.1,1.2,1.6,71.0,6.5,190.5,155.0,1.3,290.7,123.4,3.2,232.1,30.0,143.4,1.0,56.6,2869.0999999999995
2014-07-19,,132.6,1.6,24.6,48.8,4.8,68.0,14.3,5.9,97.9,7.6,218.4,158.3,24.6,33.1,20.8,150.4,56.0,,122.3,351.8,1.6,3.6,1.2,1.6,65.5,6.5,205.8,154.7,1.0,278.3,123.7,3.0,240.3,28.0,143.1,2.8,58.3,2860.8
2014-07-20,,132.4,1.6,24.6,49.8,4.5,67.8,14.3,6.2,97.3,6.7,218.6,159.1,23.2,28.6,19.5,143.2,51.0,,116.8,339.6,1.6,4.3,1.1,1.6,69.9,6.3,205.9,154.6,1.1,266.9,125.8,2.5,244.2,30.2,139.9,4.3,56.7,2821.7
2014-07-21,,132.9,1.7,23.2,43.7,5.7,57.3,14.7,6.1,107.2,7.4,238.8,170.4,24.8,29.3,17.1,156.5,54.4,,120.5,352.4,1.6,4.0,1.0,1.6,62.3,6.8,216.0,164.6,1.3,278.2,121.3,2.9,250.3,33.4,139.0,5.0,56.5,2909.8999999999996
2014-07-22,,132.7,1.8,23.0,44.1,5.9,42.2,14.8,6.2,111.2,6.8,244.6,177.7,25.0,33.0,17.5,157.6,55.0,,111.8,345.7,1.6,3.0,1.1,1.8,63.5,6.4,217.2,173.3,1.2,282.5,121.0,2.7,246.2,34.2,137.2,4.0,53.3,2906.7999999999997
2014-07-23,,132.4,1.6,25.4,46.3,5.9,49.4,14.8,6.1,107.4,7.7,238.8,177.2,24.0,32.5,20.1,150.6,53.4,,107.5,322.7,1.6,4.6,1.2,1.6,71.1,6.5,198.2,178.2,1.3,281.9,123.6,3.1,246.6,33.8,142.9,7.5,58.1,2885.599999999999
2014-07-24,,135.6,1.6,25.6,45.8,5.4,58.6,14.9,6.2,102.8,8.0,206.4,178.1,25.2,26.8,20.1,151.6,55.8,,113.6,333.4,1.6,4.7,1.1,1.6,72.9,6.6,196.7,179.3,1.4,286.2,127.2,2.9,253.4,34.3,144.1,8.1,58.0,2895.6
2014-07-25,,136.1,1.6,21.2,46.0,5.4,61.0,15.4,6.2,100.3,9.3,211.1,174.7,24.6,28.9,20.8,155.0,55.7,,115.4,343.8,1.6,4.0,0.9,1.5,72.3,7.0,201.2,175.8,1.2,285.4,125.9,2.7,262.5,34.4,141.5,8.8,60.5,2919.7000000000003
2014-07-26,,136.8,1.6,25.1,48.0,5.4,61.6,14.8,6.2,103.8,9.1,214.2,177.3,23.2,30.9,21.2,152.3,55.6,,120.2,350.4,1.6,4.2,1.1,1.5,70.1,7.0,209.8,172.8,1.1,279.3,130.9,2.3,266.0,33.3,140.4,2.6,59.7,2941.4
2014-07-27,,131.8,1.7,24.7,47.3,5.2,61.9,15.2,6.1,99.7,8.7,211.0,174.2,22.3,30.9,21.0,144.2,52.7,,121.5,340.1,1.6,4.6,1.1,1.6,68.6,6.3,213.6,170.9,1.2,262.8,127.0,2.3,256.4,32.8,136.7,11.0,58.8,2877.5
2014-07-28,,127.6,1.8,24.8,50.9,5.7,60.8,14.7,6.1,105.0,9.0,222.6,166.8,24.1,27.4,20.4,152.0,55.0,,125.6,340.2,1.6,4.3,1.1,1.6,68.7,6.3,204.5,158.0,1.1,274.8,122.1,2.3,260.5,33.6,142.5,10.3,58.6,2892.4000000000005
2014-07-29,,124.5,1.6,24.9,53.3,5.3,63.0,13.0,5.0,95.9,8.0,216.0,164.3,25.1,26.8,20.4,155.2,56.5,,128.0,329.0,1.6,4.0,1.1,1.6,71.7,6.3,204.6,148.4,1.1,278.4,119.5,2.8,270.4,34.5,138.1,10.6,60.0,2870.5
2014-07-30,,130.5,1.7,24.4,51.0,6.0,60.0,14.0,6.0,103.5,8.0,206.0,167.8,25.5,29.2,19.6,157.1,56.8,,131.0,329.0,1.6,4.3,1.0,1.6,72.8,6.5,205.5,154.4,1.1,278.0,118.5,2.5,269.1,34.3,145.1,11.0,60.4,2894.8
2014-07-31,,135.2,1.6,25.8,51.1,6.1,61.1,13.6,5.7,108.0,7.6,210.1,172.2,26.4,31.2,18.9,148.6,55.9,,133.7,333.2,1.6,4.2,0.8,1.7,71.8,6.6,216.4,163.4,1.1,283.0,124.2,2.8,268.4,32.4,142.8,11.0,59.5,2937.7
2014-08-01,,133.8,1.7,25.9,50.0,6.2,62.0,13.0,6.0,109.5,7.0,214.0,170.8,26.2,30.1,19.6,153.0,53.0,,132.0,331.0,1.6,4.3,1.0,1.7,71.2,6.6,211.4,158.7,1.1,283.0,121.9,2.8,257.8,29.5,141.5,11.0,59.4,2909.3
2014-08-02,,141.4,1.7,26.0,48.0,6.2,63.0,14.0,6.0,108.4,8.0,216.0,173.6,25.1,32.1,19.1,150.8,53.2,,130.0,336.0,1.6,4.4,1.2,1.5,72.0,6.5,212.9,159.4,1.5,271.2,118.4,2.9,253.4,34.2,151.8,9.3,60.1,2920.9
2014-08-03,,137.9,1.6,24.9,50.8,5.7,60.0,14.0,6.0,98.2,7.0,208.0,168.3,23.8,31.9,19.6,143.4,50.4,,130.0,332.0,1.7,4.4,0.9,1.7,65.8,6.3,217.2,156.9,1.1,246.0,122.2,2.8,253.5,33.2,136.4,11.2,59.3,2834.1000000000004
2014-08-04,,138.6,1.8,25.3,47.8,6.0,60.0,15.0,6.0,104.7,8.0,220.0,168.6,25.5,31.0,17.3,153.4,54.2,,122.0,345.0,1.7,4.1,1.0,1.7,64.4,6.7,208.5,156.2,1.0,261.6,129.3,2.5,258.1,34.4,132.0,10.4,57.3,2881.1
2014-08-05,,144.4,1.9,25.6,45.2,5.8,53.5,15.2,6.1,95.6,7.8,222.7,164.9,19.4,26.0,16.0,154.0,53.2,,116.2,337.1,1.7,4.3,1.2,1.7,61.4,6.8,197.5,155.3,1.2,271.1,128.0,2.6,253.2,34.8,134.5,10.9,56.5,2833.2999999999997
2014-08-06,,146.4,1.8,23.9,46.2,6.2,57.4,15.2,6.0,105.8,7.3,222.1,171.8,24.5,33.1,18.3,155.0,53.3,,105.6,341.1,1.7,3.7,1.1,1.7,70.8,6.6,196.7,149.9,1.4,271.6,133.9,2.9,248.3,36.9,143.3,10.8,57.3,2879.5999999999995
2014-08-07,,147.9,1.9,24.1,47.3,5.8,62.2,15.3,5.9,104.9,7.3,224.1,172.2,24.4,32.0,19.1,158.2,55.2,,115.2,343.8,1.7,4.5,1.1,1.6,71.5,6.6,195.5,137.1,1.3,279.7,135.8,2.9,250.7,34.1,150.8,10.8,57.3,2909.7999999999997
2014-08-08,,147.8,1.8,24.7,47.6,5.8,66.0,15.2,6.1,104.9,7.6,223.1,172.9,25.6,31.3,18.6,159.4,55.0,,121.6,344.6,1.7,4.1,1.1,1.6,71.2,6.7,192.8,140.9,1.2,271.4,139.0,3.0,257.5,33.8,146.4,10.7,54.5,2917.2000000000003
2014-08-09,,145.5,1.7,25.3,46.8,5.4,65.8,15.4,6.1,101.6,7.4,222.8,175.6,25.8,18.4,18.7,156.4,54.2,,127.3,345.7,1.7,4.2,1.1,1.6,71.6,6.5,196.5,142.7,1.2,258.6,136.8,3.0,254.6,35.7,146.8,10.7,56.9,2896.0999999999995
2014-08-10,,142.7,1.7,24.8,47.2,5.0,61.2,15.4,6.1,88.8,6.7,192.0,163.7,23.2,28.1,18.7,148.8,51.1,,127.3,345.7,1.7,4.3,1.1,1.6,68.7,6.0,196.2,131.5,0.9,241.2,138.3,2.9,245.3,33.0,131.9,7.1,55.6,2765.5
2014-08-11,,147.7,1.7,24.8,47.4,6.2,61.8,14.9,5.5,98.9,7.6,219.0,165.3,25.3,32.9,20.2,157.8,54.6,,122.3,307.3,1.7,4.3,1.1,1.7,71.2,6.3,204.7,138.0,1.1,256.0,146.0,3.0,241.1,35.1,144.2,6.8,54.2,2837.7000000000003
2014-08-12,,146.3,1.7,24.7,45.6,6.3,60.5,14.9,5.8,106.3,7.8,233.7,174.6,26.2,32.0,20.8,159.6,54.2,,122.5,372.1,1.7,4.4,1.1,1.7,72.7,6.3,198.8,142.9,1.2,258.2,134.7,3.2,243.2,19.6,148.2,6.0,51.1,2910.5999999999995
2014-08-13,,146.1,1.8,24.6,42.6,6.1,60.5,15.4,5.9,107.0,7.9,237.6,174.7,25.6,32.0,19.5,161.6,55.1,,128.8,376.7,1.8,4.2,1.2,1.7,75.0,6.2,207.9,149.2,1.2,261.6,141.1,3.1,242.9,35.2,154.2,6.4,49.9,2972.2999999999993
2014-08-14,,143.4,1.8,24.0,40.9,6.1,65.6,15.4,6.2,106.0,8.0,237.3,177.9,22.9,32.6,20.3,162.1,55.6,,128.0,375.6,1.7,3.8,1.2,1.6,75.2,6.3,213.9,154.7,1.1,271.0,139.3,2.4,249.8,35.6,146.7,6.9,50.3,2991.2
2014-08-15,,147.7,1.8,19.9,40.4,5.1,66.9,12.5,4.0,85.8,7.1,220.2,167.4,20.4,28.3,19.1,157.2,53.0,,131.4,339.8,1.7,6.3,1.2,1.6,70.6,5.3,203.2,150.7,0.9,243.3,138.0,2.8,250.9,27.9,128.1,9.2,50.7,2820.4
2014-08-16,,143.0,1.8,22.1,42.4,5.2,68.3,14.1,5.2,95.7,8.6,219.4,169.0,22.8,19.8,18.6,159.7,55.8,,134.2,362.0,1.7,4.4,1.2,1.6,68.7,4.8,198.9,163.7,1.2,242.5,135.5,2.6,249.3,29.0,129.7,8.8,50.1,2861.4
2014-08-17,,141.0,1.5,23.5,45.2,4.9,72.7,15.0,5.9,90.6,7.6,206.0,172.1,23.1,11.0,18.8,156.3,54.2,,137.7,368.9,1.6,4.4,1.1,1.8,69.2,5.2,198.7,171.5,1.1,235.9,136.9,2.5,253.3,33.2,121.6,8.8,49.9,2852.7000000000007
2014-08-18,,137.9,1.3,23.7,44.8,5.4,68.4,14.3,5.6,99.4,7.5,218.6,176.9,23.7,30.9,19.7,158.3,58.2,,134.4,374.5,2.5,4.2,1.1,1.6,72.0,5.7,199.7,179.8,1.3,242.3,140.0,2.9,251.8,35.4,133.9,8.6,50.6,2936.9
2014-08-19,,140.0,1.7,24.4,44.0,6.1,69.6,15.2,5.9,108.4,7.7,250.1,184.3,26.1,31.3,21.4,152.1,59.2,,135.6,387.7,2.3,4.5,1.1,2.1,72.0,6.2,198.4,182.1,1.0,248.1,134.4,3.3,246.8,36.4,137.8,6.9,50.5,3004.7
2014-08-20,,138.8,1.6,24.9,43.4,6.3,71.8,15.1,6.1,110.7,8.1,270.0,190.4,22.7,32.9,21.4,147.8,58.7,,139.5,376.3,1.8,4.2,1.1,1.7,71.6,6.6,191.7,195.7,1.5,254.9,128.0,2.8,247.2,36.1,135.1,6.2,48.3,3021.0
2014-08-21,,135.2,1.5,22.9,46.0,6.2,74.7,15.3,6.1,110.4,7.4,281.1,196.3,26.0,32.8,19.4,144.4,59.8,,141.7,376.6,1.9,4.3,1.1,1.9,71.9,5.8,213.1,200.3,1.2,262.0,132.6,3.3,252.6,37.4,137.3,6.1,49.5,3086.1000000000004
2014-08-22,,138.1,1.7,23.4,44.3,6.3,75.2,15.4,6.1,110.7,7.6,288.3,193.8,26.7,30.1,19.5,141.8,57.6,,149.2,353.7,1.8,3.9,1.0,1.7,72.1,6.9,216.9,203.5,1.2,265.7,138.4,3.4,257.0,36.9,145.6,5.9,52.1,3103.5
2014-08-23,,139.5,1.7,19.6,43.0,6.1,73.5,15.6,6.1,110.7,9.0,281.4,192.2,27.3,31.7,17.7,136.8,55.0,,153.3,361.1,2.6,5.0,1.1,1.8,71.5,6.6,214.5,205.5,-0.1,256.8,136.9,4.3,254.3,34.9,142.9,6.1,49.4,3075.4
2014-08-24,,139.9,1.8,21.4,44.4,5.6,75.2,14.6,6.0,107.5,7.9,257.1,185.5,25.2,33.8,18.5,126.4,52.8,,150.3,343.4,2.2,4.4,1.1,1.7,70.9,5.8,215.3,214.2,0.3,235.4,140.4,3.2,252.2,32.8,139.5,6.0,50.0,2992.7
2014-08-25,,135.1,1.7,21.6,43.6,6.3,75.3,14.6,6.2,114.3,8.0,253.3,191.8,26.2,22.1,18.0,138.6,57.7,,159.5,353.5,2.0,4.0,1.1,1.8,74.4,5.9,213.9,212.3,1.2,254.3,143.2,3.2,250.3,35.3,135.7,6.2,59.1,3051.2999999999997
2014-08-26,,130.8,1.7,21.7,46.5,6.6,78.2,14.6,6.0,115.0,7.8,262.1,194.0,25.2,31.7,18.8,136.9,59.3,,153.2,346.2,1.7,4.2,1.1,1.8,73.3,6.4,214.9,213.0,1.2,265.4,140.5,3.4,253.8,34.8,140.6,6.6,57.8,3076.8
2014-08-27,,121.2,1.9,22.3,47.3,6.4,74.0,15.2,5.6,115.4,7.8,265.5,191.5,25.9,32.8,21.3,135.3,59.0,,152.4,342.0,1.9,4.1,1.0,2.0,70.1,6.3,204.4,189.8,1.1,270.4,136.8,3.7,247.1,34.3,141.6,7.0,55.5,3019.9
2014-08-28,,116.0,1.9,22.7,41.0,6.3,70.3,15.4,5.9,109.9,7.3,265.2,187.2,26.6,35.0,19.3,133.0,58.0,,147.5,330.5,1.9,4.3,1.1,1.9,68.8,6.3,208.5,173.9,1.3,267.0,127.9,3.5,266.4,34.0,140.5,6.6,51.5,2964.3999999999996
2014-08-29,,114.4,1.9,22.0,48.7,6.1,77.4,14.4,5.1,105.1,5.9,261.6,182.0,24.5,34.8,17.1,123.6,57.5,,147.9,312.0,1.7,4.0,1.1,2.0,72.0,6.1,212.2,171.2,1.2,258.0,119.7,3.5,259.1,35.4,140.8,6.5,56.8,2913.2999999999997
2014-08-30,,119.9,1.8,22.0,48.3,5.9,76.8,14.6,5.5,98.8,5.9,265.2,183.0,21.5,34.6,18.0,121.6,54.6,,148.3,325.1,1.8,4.3,1.1,1.6,71.9,6.5,209.0,184.9,1.1,261.6,116.5,3.6,262.8,34.7,139.2,6.3,57.7,2936.0000000000005
2014-08-31,,120.8,1.9,22.0,43.6,5.3,75.9,14.6,5.9,87.2,6.3,210.1,157.7,23.4,33.8,17.8,120.7,50.8,,144.4,319.8,2.0,4.4,1.1,1.8,72.0,6.2,206.6,172.2,1.2,248.9,118.8,3.4,267.8,33.0,131.4,6.3,57.5,2796.6000000000004
2014-09-01,,124.8,1.6,23.8,42.5,5.6,74.4,14.3,5.6,93.6,7.0,210.7,149.0,24.6,30.3,17.6,129.7,55.2,,145.4,319.6,1.6,4.2,1.1,1.8,68.8,6.4,182.8,169.9,1.2,266.6,123.0,3.4,259.7,33.5,124.0,6.1,54.8,2784.2
2014-09-02,,130.2,1.7,24.4,45.2,5.3,69.1,14.5,5.9,94.1,8.0,214.5,140.0,24.2,27.9,18.1,139.0,52.5,,135.8,329.8,1.6,4.2,1.1,1.8,71.5,6.5,173.1,163.1,1.1,275.0,127.0,3.6,250.9,35.0,123.0,6.1,52.6,2777.3999999999996
2014-09-03,,136.4,1.8,24.2,46.9,5.4,69.1,14.5,5.9,92.3,7.9,210.4,142.8,24.8,24.2,19.3,143.8,56.7,,133.3,339.1,2.4,3.8,1.1,1.8,69.5,6.8,169.5,145.4,1.2,274.9,139.3,3.6,251.3,34.3,130.7,7.0,54.0,2795.4000000000005
2014-09-04,,136.3,1.6,23.6,48.2,5.3,67.8,14.5,5.4,91.4,8.5,206.1,128.1,24.4,19.4,21.2,146.0,57.7,,131.4,339.9,2.1,4.4,1.1,1.9,68.0,6.8,127.8,125.5,1.1,272.7,145.9,3.1,252.0,36.9,134.6,7.0,56.0,2723.7000000000003
2014-09-05,,135.8,1.8,23.3,49.6,4.7,68.8,14.1,6.0,87.0,9.2,213.1,108.7,23.6,17.1,21.9,150.9,57.7,,137.2,338.6,2.1,4.7,1.1,2.0,67.7,6.8,97.8,128.1,1.3,274.0,149.6,2.8,247.5,16.1,136.4,6.6,56.5,2670.2000000000003
2014-09-06,,126.3,1.7,23.4,48.7,4.4,63.7,14.9,6.2,82.7,8.5,220.4,105.6,23.9,14.6,18.7,142.7,54.9,,132.7,335.4,1.9,4.6,1.1,1.9,68.0,6.9,96.6,144.7,1.3,264.6,141.5,2.9,236.6,35.2,135.7,6.8,53.0,2632.7
2014-09-07,,123.5,1.8,22.4,48.8,4.3,62.7,14.5,6.1,85.1,7.0,219.9,116.8,23.1,13.9,19.1,133.5,49.9,,126.9,321.1,2.0,4.3,1.1,1.7,70.2,6.2,108.3,151.8,1.1,250.6,122.2,2.3,232.4,34.4,131.2,7.1,56.5,2583.7999999999997
2014-09-08,,130.9,2.0,23.0,43.4,5.1,65.0,14.4,6.0,103.0,7.6,207.1,127.6,24.3,15.2,19.7,144.0,51.3,,126.9,309.3,2.0,4.4,1.1,1.8,70.3,6.6,114.6,161.5,1.2,261.0,125.0,3.2,243.3,36.8,129.9,6.8,53.1,2648.3999999999996
2014-09-09,,134.2,1.8,23.8,49.0,5.0,66.2,14.5,5.9,122.0,8.1,194.7,133.1,24.7,18.2,20.5,150.5,55.6,,129.4,323.3,1.7,4.4,1.1,1.9,72.5,6.5,118.3,161.3,1.4,268.0,134.1,3.1,249.2,35.8,144.2,6.9,56.2,2747.1
2014-09-10,,141.0,1.8,24.2,50.5,5.2,66.1,14.8,6.0,99.0,8.3,202.4,136.0,25.5,19.0,19.5,155.6,58.4,,131.9,337.5,1.8,4.2,1.1,1.8,73.2,6.5,135.6,154.0,1.3,280.4,142.1,3.3,247.2,37.0,140.5,6.6,56.5,2795.8
2014-09-11,,140.1,1.8,24.8,49.5,5.3,69.9,15.1,6.0,92.1,8.0,209.3,132.0,26.0,18.6,18.9,160.5,59.7,,132.4,342.8,1.9,4.3,1.1,1.9,76.1,6.9,151.9,148.2,1.3,284.7,146.4,2.8,246.6,36.1,145.7,6.4,57.1,2832.2000000000007
2014-09-12,,142.1,1.9,24.8,47.6,5.0,71.7,14.9,6.1,91.4,8.2,213.4,129.7,25.4,17.7,20.7,165.6,61.1,,133.9,346.5,2.0,4.2,1.1,1.9,74.8,7.1,143.7,149.9,1.3,284.3,146.6,2.8,232.3,35.3,149.8,6.6,58.5,2829.9
2014-09-13,,139.3,1.9,24.2,42.7,4.7,71.2,14.8,6.0,89.1,7.9,216.3,133.6,25.0,21.7,18.4,165.9,60.4,,134.4,353.5,2.3,4.7,1.1,1.8,74.8,6.5,143.6,153.3,1.3,280.9,145.3,2.8,230.1,35.5,145.6,6.9,56.6,2824.1
2014-09-14,,137.7,1.8,23.6,46.4,4.1,71.3,14.5,6.0,86.2,7.9,214.0,126.8,23.3,22.3,17.3,155.6,53.6,,133.9,343.8,2.0,4.7,1.1,1.8,77.4,6.4,130.3,156.4,1.3,258.4,143.8,3.2,237.0,33.8,144.2,7.2,48.2,2747.2999999999997
2014-09-15,,134.8,1.9,23.6,47.6,4.7,69.4,14.7,6.0,91.7,7.7,226.1,133.1,24.7,23.7,18.8,160.0,58.2,,136.5,365.9,2.0,4.4,1.2,1.8,73.6,6.4,140.5,165.9,1.5,260.7,141.4,3.3,233.5,35.0,147.5,6.7,54.1,2828.6000000000004
2014-09-16,,128.8,2.0,24.7,48.4,4.9,68.9,14.9,6.0,97.3,7.8,233.5,145.7,26.2,25.4,18.9,161.4,60.2,,136.6,375.0,2.0,4.5,1.2,1.7,73.9,6.1,146.8,174.1,1.3,261.2,140.1,3.3,232.4,35.0,148.8,6.8,56.3,2882.0999999999995
2014-09-17,,125.7,1.9,25.4,51.3,5.2,64.6,14.5,5.2,100.3,7.8,236.6,157.1,25.4,26.1,19.5,160.2,59.7,,136.8,370.9,1.7,4.1,1.0,1.8,74.9,6.2,168.2,172.6,1.2,267.4,137.8,3.4,237.1,33.8,141.8,6.8,55.9,2909.9000000000005
2014-09-18,,125.7,1.9,24.1,48.9,5.4,67.2,15.0,6.1,101.4,7.8,249.4,163.9,27.0,26.9,19.8,157.6,60.3,,142.3,373.7,1.5,4.4,1.2,1.8,74.9,6.4,180.4,179.8,1.2,272.8,141.1,3.3,229.5,35.2,144.6,7.3,55.0,2964.8000000000006
2014-09-19,,129.7,1.8,23.5,48.1,5.7,93.8,15.0,6.2,101.7,8.1,259.2,162.7,26.7,27.4,19.6,156.4,60.5,,146.0,372.0,1.9,4.6,1.1,1.9,74.9,6.3,194.4,184.6,1.2,275.1,140.7,3.1,237.6,36.2,147.2,7.4,56.1,3038.3999999999996
2014-09-20,,129.1,1.8,23.6,47.7,5.2,63.7,15.1,6.0,99.1,8.0,265.3,166.3,26.4,26.7,20.4,150.9,60.2,,148.3,372.8,2.0,4.8,1.2,1.8,74.4,6.5,195.3,186.0,1.4,270.4,137.7,2.9,255.9,34.9,128.7,6.7,54.8,3002.0000000000005
2014-09-21,,125.0,1.9,22.1,50.2,4.5,62.9,14.7,6.0,92.6,7.6,261.9,163.6,24.6,25.9,18.5,145.8,56.1,,150.1,371.7,2.3,4.6,1.1,1.9,71.2,6.1,190.0,185.7,2.9,264.2,134.3,3.5,256.2,32.7,111.4,6.4,53.3,2933.5
2014-09-22,,127.1,1.7,18.2,49.0,5.2,66.2,14.9,5.8,97.8,8.3,276.6,160.2,24.9,28.1,18.9,156.5,61.4,,157.7,396.0,2.3,3.1,1.1,1.8,74.2,5.8,196.8,187.0,1.2,269.4,140.8,3.2,236.1,34.3,119.2,6.5,52.2,3009.5
2014-09-23,,133.5,1.5,18.3,47.6,5.3,68.7,15.0,6.1,96.0,8.5,282.3,166.2,24.9,28.8,19.3,153.5,62.1,,163.5,405.7,2.0,3.0,1.2,1.6,76.5,6.5,197.0,197.0,1.2,251.1,143.3,3.4,229.1,35.0,121.3,6.9,49.9,3032.8
2014-09-24,,134.4,1.7,20.7,48.2,5.3,72.2,15.5,6.1,95.4,8.6,285.2,167.0,26.5,28.9,18.7,150.2,62.4,,170.5,413.9,2.5,4.0,1.2,1.7,76.6,6.6,192.0,199.6,1.2,253.5,136.4,3.0,223.5,32.3,136.0,7.1,52.4,3060.9999999999995
2014-09-25,,134.9,1.8,21.5,50.2,5.0,30.1,15.4,6.0,97.3,8.3,291.5,165.6,25.6,26.0,18.7,143.8,61.3,,177.2,419.3,2.0,4.4,1.1,1.8,76.3,6.8,185.7,200.1,1.3,259.2,142.3,2.7,245.4,35.7,136.6,6.9,54.2,3062.0
2014-09-26,,137.6,1.6,22.9,48.9,5.0,73.2,13.6,6.0,97.3,7.5,294.5,164.0,9.7,32.5,16.8,144.3,60.2,,180.1,412.7,1.6,4.4,1.1,1.8,79.7,6.7,173.7,200.7,1.4,255.7,140.1,3.0,243.5,33.1,133.0,7.3,53.6,3068.8
2014-09-27,,137.2,1.8,21.4,50.9,4.8,74.8,15.4,6.1,85.9,8.0,299.7,164.2,11.3,32.0,20.3,143.9,59.2,,181.9,419.9,2.1,5.1,1.1,1.8,78.2,6.6,166.1,199.9,1.3,247.8,139.8,3.2,233.3,32.3,138.5,7.8,52.7,3056.3
2014-09-28,,136.2,1.8,21.1,53.9,4.4,76.2,15.1,5.9,88.6,7.7,291.7,157.4,23.8,31.0,20.7,140.8,54.8,,179.5,415.5,2.3,4.5,1.1,1.9,75.8,6.1,167.0,202.7,1.0,238.3,142.1,3.0,247.4,19.1,129.4,8.1,52.8,3028.7
2014-09-29,,138.4,1.9,20.3,48.7,4.9,77.6,14.7,5.9,87.8,7.7,302.1,153.7,24.1,29.9,20.6,143.8,58.4,,183.5,428.6,2.1,4.7,0.9,1.8,77.7,6.3,163.9,198.0,1.3,246.0,138.2,3.0,231.0,31.3,137.8,8.1,54.4,3059.1
2014-09-30,,143.9,2.0,23.1,51.4,5.0,76.4,15.4,5.8,96.4,8.6,302.5,158.1,24.4,32.6,19.7,147.6,59.1,,181.9,423.0,2.1,4.3,1.0,1.8,77.9,6.4,166.6,204.9,1.3,234.7,138.1,3.4,226.7,29.4,139.1,7.9,55.0,3077.5000000000005
2014-10-01,,146.8,1.9,24.7,57.1,4.8,76.9,14.9,5.7,95.9,8.3,295.9,144.2,24.8,32.6,21.1,142.8,58.8,,181.7,421.1,2.2,4.3,1.1,2.2,76.3,6.5,160.8,204.8,1.1,239.5,140.1,3.3,236.2,31.0,128.4,7.7,53.8,3059.2999999999997
2014-10-02,,142.2,1.9,24.8,53.1,4.3,79.0,14.4,5.2,85.5,7.8,293.0,149.2,22.0,33.3,20.3,139.9,57.4,,177.3,413.4,2.2,2.5,1.0,1.9,75.3,5.9,158.2,201.8,0.9,238.6,137.1,3.3,242.5,30.1,126.9,6.7,54.5,3013.4
2014-10-03,,139.7,1.9,23.0,52.8,4.1,79.9,12.8,3.6,83.5,7.8,285.0,159.5,20.3,35.1,19.6,141.7,58.9,,172.8,389.4,2.2,3.9,1.0,1.9,73.3,5.9,154.1,199.7,0.8,241.1,139.6,3.4,259.9,30.4,126.3,6.1,51.6,2992.6
2014-10-04,,144.1,1.9,22.4,51.0,4.6,77.5,14.0,5.0,90.3,8.2,300.1,156.0,22.4,31.1,20.2,146.2,59.8,,173.1,411.8,2.0,4.4,1.1,1.9,71.3,6.2,156.0,202.9,0.8,254.2,134.6,3.3,250.9,32.0,124.5,6.5,51.8,3044.1
2014-10-05,,145.6,1.9,23.1,51.8,4.3,76.6,15.1,6.0,89.6,8.8,300.7,155.3,23.0,32.1,21.1,143.4,55.4,,172.1,418.9,2.2,4.3,1.0,2.0,71.5,6.3,159.8,204.2,0.8,252.5,137.9,3.3,243.9,31.6,132.3,6.5,54.8,3059.7000000000003
2014-10-06,,140.4,1.9,24.2,53.9,4.8,79.8,15.5,6.0,91.8,9.1,307.7,159.9,24.4,36.7,21.9,140.6,58.8,,169.2,423.2,2.1,3.6,1.1,1.9,66.8,6.3,157.5,203.7,0.9,253.1,147.4,3.3,248.8,31.1,136.3,7.4,55.1,3096.2
2014-10-07,,139.0,1.9,24.9,52.8,5.0,77.9,15.3,5.9,97.7,9.3,305.8,158.7,24.6,33.9,21.6,143.5,60.6,,168.1,419.4,2.1,3.5,1.1,1.8,71.9,6.3,155.3,194.4,0.7,256.7,144.9,3.1,228.2,31.0,136.0,7.3,52.3,3062.5
2014-10-08,,138.9,1.7,24.7,53.3,4.4,77.9,15.3,5.9,82.8,9.3,305.8,134.4,22.1,22.5,19.2,142.4,59.8,,168.1,419.4,2.2,3.8,1.1,1.9,73.3,6.5,133.2,189.9,1.0,252.2,141.3,3.1,240.0,30.8,141.2,7.6,55.1,2992.1
2014-10-09,,138.0,1.9,25.3,51.2,4.3,77.8,15.0,6.1,87.3,8.7,304.3,127.2,23.8,32.8,19.2,142.9,61.6,,165.7,418.7,1.9,3.5,1.2,1.8,74.5,6.7,131.7,187.4,0.6,256.3,141.7,3.2,243.7,30.7,145.9,6.5,55.3,3004.3999999999996
2014-10-10,,138.4,1.9,25.1,52.1,4.3,79.0,15.2,6.1,87.7,8.1,308.0,135.2,23.8,32.9,19.0,145.7,58.8,,167.7,417.0,1.9,3.7,1.1,2.0,72.2,6.5,128.3,181.4,1.1,259.0,147.1,3.2,238.5,29.1,150.2,7.3,55.2,3013.7999999999997
2014-10-11,,133.6,1.9,24.6,53.2,3.9,77.8,7.6,6.1,80.6,7.9,311.9,135.8,24.3,32.8,18.0,143.8,60.4,,171.3,424.2,2.2,4.4,1.2,1.9,68.9,6.7,131.8,192.7,1.1,261.2,144.6,2.9,245.3,31.2,148.7,6.9,55.6,3027.0000000000005
2014-10-12,,108.5,1.8,24.2,51.2,3.5,70.1,8.2,6.0,75.1,7.6,301.8,130.3,22.6,31.0,15.6,136.0,55.2,,167.2,410.7,2.3,4.2,1.1,1.7,53.8,6.3,123.5,189.8,1.2,248.1,128.8,2.9,233.9,29.3,123.8,6.9,55.0,2839.2
2014-10-13,,109.2,1.8,25.1,47.8,4.1,46.3,8.1,6.0,81.7,8.5,304.8,134.4,23.8,32.8,16.7,150.5,59.5,,152.9,427.8,2.2,4.6,1.1,1.8,51.8,6.6,120.8,191.4,1.2,261.5,131.9,3.0,224.4,29.8,132.5,6.8,50.8,2864.0
2014-10-14,,114.0,1.8,24.6,44.5,3.8,52.0,15.5,6.0,77.7,8.4,307.5,115.0,23.8,31.3,18.5,157.5,59.9,,152.5,433.8,2.3,4.5,1.1,2.0,64.6,6.7,108.3,177.8,1.5,265.6,134.2,3.4,180.1,29.7,139.3,6.9,52.3,2828.3999999999996
2014-10-15,,117.6,1.7,24.1,41.2,3.7,62.7,15.4,6.1,73.8,9.3,306.3,110.8,24.1,32.0,18.8,161.2,59.5,,164.1,412.1,2.2,3.4,1.2,2.0,68.3,6.4,110.1,182.6,1.8,256.0,136.5,3.1,183.0,29.2,138.1,7.9,54.8,2831.0999999999995
2014-10-16,,120.4,1.7,23.6,50.9,3.6,64.6,15.0,6.0,70.4,9.2,308.3,108.7,24.1,31.4,19.1,164.5,60.0,,169.1,429.0,2.1,4.7,1.1,2.1,68.5,6.5,107.0,171.4,1.4,249.5,144.5,3.0,199.7,30.5,133.3,7.5,55.6,2867.9999999999995
2014-10-17,,122.1,1.9,23.5,49.0,3.5,66.1,14.9,6.1,70.2,9.1,307.4,112.3,24.1,32.1,19.6,162.2,59.3,,170.4,422.1,1.8,4.2,1.1,2.0,69.1,6.0,107.8,171.4,1.3,243.5,144.9,3.5,203.2,30.6,144.5,6.7,56.1,2873.5999999999995
2014-10-18,,120.3,1.2,23.2,47.0,3.4,66.6,15.0,6.0,68.4,8.8,305.7,111.6,23.8,29.6,20.6,151.9,58.2,,169.3,413.1,1.5,3.9,1.1,1.8,69.9,5.8,107.9,180.4,1.7,228.9,143.4,3.4,206.1,28.6,132.6,8.1,55.2,2824.0000000000005
2014-10-19,,112.6,1.3,21.5,47.2,3.2,67.7,14.9,5.9,62.1,7.9,296.0,109.5,22.7,32.7,20.6,148.3,53.0,,169.3,414.2,2.2,3.0,1.1,1.7,69.8,5.5,106.6,185.1,1.4,211.9,138.1,3.3,208.3,29.0,118.7,8.0,55.4,2759.7
2014-10-20,,113.9,1.5,22.4,50.2,3.6,69.0,15.1,6.0,67.9,8.4,300.8,119.2,23.8,32.1,21.1,154.3,57.1,,174.9,429.6,1.6,3.3,1.1,1.8,71.0,5.6,104.2,184.6,1.2,214.6,139.6,3.5,211.7,31.0,128.7,8.3,55.8,2838.5000000000005
2014-10-21,,120.7,1.4,23.6,51.0,3.6,69.4,15.2,6.0,69.9,8.3,296.7,121.9,24.5,31.7,21.5,156.4,57.9,,175.9,434.4,1.9,4.3,1.1,2.0,70.8,6.2,109.1,188.3,1.2,203.5,140.5,3.1,232.5,31.1,127.2,7.8,56.0,2876.6000000000004
2014-10-22,,120.2,1.4,24.6,53.6,3.5,68.1,14.6,5.4,72.3,7.3,277.9,119.6,23.1,32.9,21.9,158.3,56.0,,185.4,422.8,2.1,4.3,1.2,1.9,72.9,4.9,113.8,188.5,1.7,161.1,143.5,3.0,241.5,30.7,128.5,7.6,56.3,2832.4
2014-10-23,,106.6,1.4,23.8,54.4,3.1,54.9,9.8,2.9,62.1,7.6,243.1,109.6,17.7,34.3,22.0,151.6,55.5,,182.4,384.0,2.1,4.6,1.3,1.7,71.3,5.1,103.7,174.5,1.0,166.6,141.3,3.1,258.1,27.1,129.7,7.1,56.3,2681.3999999999996
2014-10-24,,115.4,1.7,23.4,54.4,3.2,61.8,9.5,2.0,62.3,7.8,215.3,106.4,15.4,25.0,21.9,147.6,57.5,,179.3,370.1,2.4,4.1,1.1,2.1,72.7,6.0,89.5,169.5,1.1,192.4,139.4,3.5,245.5,26.8,130.1,7.0,54.5,2627.7000000000003
2014-10-25,,120.8,1.5,22.6,54.3,3.4,62.1,11.9,2.8,64.2,7.7,219.6,107.8,19.1,33.3,21.4,128.4,58.8,,178.2,350.4,2.2,4.5,1.2,2.1,71.6,5.6,95.9,175.8,1.0,203.1,135.1,2.8,228.5,28.1,121.9,6.9,57.0,2611.6
2014-10-26,,104.8,1.6,21.9,51.5,3.1,61.2,13.3,4.2,62.5,6.3,227.3,107.2,20.7,26.5,20.7,112.2,54.1,,179.2,337.5,2.4,4.6,1.2,2.0,71.1,5.2,97.8,183.0,1.0,204.2,119.9,2.7,226.4,28.4,120.0,7.2,57.3,2550.1999999999994
2014-10-27,,101.2,1.8,21.5,51.5,3.6,61.5,14.2,5.3,68.1,7.5,242.4,110.8,23.2,32.9,21.4,128.4,58.5,,183.2,366.7,1.9,4.6,1.2,1.8,70.9,5.3,104.0,188.4,1.3,218.0,119.8,2.7,224.7,29.5,119.8,6.7,55.5,2659.7999999999997
2014-10-28,,105.3,1.7,22.5,52.7,3.6,63.0,14.4,5.7,68.1,7.9,253.8,111.8,23.4,32.1,22.0,132.6,59.0,,186.3,381.2,2.3,4.4,1.2,1.9,67.3,5.6,103.4,188.3,1.2,223.8,123.2,2.6,225.2,28.8,118.1,7.0,57.2,2708.6
2014-10-29,,115.7,1.8,21.8,52.3,3.5,62.9,9.8,5.9,60.0,8.3,260.0,100.5,23.5,26.6,22.2,137.2,60.3,,189.1,389.1,2.3,4.6,1.2,1.9,71.3,5.9,97.8,191.4,2.0,227.6,127.3,2.8,227.3,30.1,120.3,6.7,57.7,2728.7
2014-10-30,,114.6,1.7,22.2,51.3,3.6,63.8,13.4,5.8,68.7,8.1,259.1,111.3,23.9,35.2,21.7,142.0,59.6,,189.1,388.7,2.2,4.5,1.1,2.0,69.8,5.8,99.0,186.2,1.7,230.6,128.1,2.7,223.0,29.9,121.8,7.1,57.1,2756.4
2014-10-31,,122.4,1.9,22.0,51.6,3.5,64.7,15.3,6.0,66.5,7.8,262.6,114.4,23.9,36.8,22.0,149.2,60.1,,191.8,387.1,2.0,4.3,1.2,2.1,70.7,5.8,99.2,197.9,1.6,237.1,126.2,2.6,226.5,30.1,122.6,6.9,56.5,2802.8999999999996
2014-11-01,,122.8,1.6,22.1,50.5,3.3,63.4,15.8,5.9,60.1,7.8,267.9,112.2,23.7,36.5,21.8,140.3,59.6,,189.1,389.0,2.3,4.5,1.2,2.0,69.6,5.4,98.5,197.3,1.5,229.6,127.6,2.4,219.0,30.0,124.1,6.6,55.3,2770.2999999999997
2014-11-02,,119.4,1.7,22.2,49.5,2.9,64.5,15.4,5.8,56.2,6.9,266.0,103.5,22.6,36.8,21.5,138.2,53.9,,195.8,383.6,2.1,3.9,1.1,2.0,68.5,5.0,91.4,197.9,1.5,209.4,125.6,2.7,217.2,28.7,117.4,7.5,53.9,2702.1999999999994
2014-11-03,,122.9,1.8,21.5,51.7,3.4,64.7,16.4,6.0,61.7,8.0,277.9,110.5,21.2,37.4,22.1,155.0,58.5,,199.8,397.1,2.1,4.3,1.2,2.1,66.8,5.4,91.2,199.0,1.3,216.8,124.3,2.7,215.5,31.2,114.7,8.1,54.5,2778.7999999999997
2014-11-04,,127.7,1.7,21.8,45.7,3.4,64.0,16.7,6.1,59.7,8.0,277.5,111.8,24.2,38.3,19.5,161.0,59.3,,203.1,396.6,2.1,4.9,1.2,1.9,69.5,5.4,91.3,202.2,1.6,227.0,126.4,2.7,211.8,30.2,116.8,8.3,52.8,2802.2
2014-11-05,,126.2,1.6,22.3,49.0,3.4,63.4,16.6,6.1,62.3,8.3,279.7,112.5,24.2,28.7,22.1,161.5,60.4,,204.2,407.1,2.1,4.8,1.2,2.1,64.7,5.4,95.0,205.3,1.3,233.2,128.6,2.7,206.0,31.3,120.4,7.1,51.7,2822.4999999999995
2014-11-06,,126.2,1.7,22.4,51.0,3.2,63.4,17.5,6.1,60.8,8.2,279.7,111.5,27.1,31.1,21.2,166.9,61.2,,204.9,404.8,2.1,4.6,1.2,2.1,69.7,5.5,92.9,203.2,1.3,237.3,129.1,2.8,214.0,32.2,117.8,6.9,52.8,2844.3999999999996
2014-11-07,,127.9,1.8,21.7,51.7,3.5,62.7,16.6,6.0,63.4,8.0,281.1,111.1,24.6,35.8,21.9,169.5,61.1,,205.5,403.0,2.3,4.5,1.1,2.1,67.7,5.6,94.9,205.0,1.3,238.0,129.4,2.8,206.8,33.3,118.8,7.4,52.9,2850.8
2014-11-08,,133.0,1.8,21.9,50.0,3.4,61.3,17.2,6.0,61.5,7.8,281.6,108.4,24.8,34.7,21.6,168.1,60.7,,206.5,401.3,2.2,4.6,1.2,2.0,63.6,5.9,92.9,207.0,1.2,237.2,126.2,2.8,218.7,31.3,122.1,7.1,54.2,2851.8
2014-11-09,,125.7,1.8,21.8,49.6,3.1,62.8,17.5,5.8,60.6,7.3,273.1,103.2,23.6,38.7,21.5,162.2,55.6,,205.6,390.3,2.3,4.3,1.1,2.0,67.3,5.4,92.5,200.8,1.2,233.2,122.0,2.8,218.3,30.2,112.6,7.5,55.4,2788.7000000000003
2014-11-10,,127.3,1.9,21.3,50.8,3.4,62.6,17.8,5.9,62.3,8.0,280.0,101.4,24.5,38.2,22.3,166.4,60.7,,206.4,406.9,2.3,4.2,1.3,2.0,66.0,5.8,88.2,199.8,1.4,241.6,123.1,2.8,214.3,30.2,120.8,7.5,55.9,2835.3
2014-11-11,,129.6,1.8,20.4,50.5,3.4,63.1,16.9,6.1,59.9,8.3,285.9,102.6,24.4,38.9,20.1,166.8,59.6,,207.3,413.6,2.4,4.3,1.2,2.0,66.7,6.0,90.8,200.9,1.3,245.9,124.2,2.6,220.1,33.8,124.3,8.0,56.9,2870.6
2014-11-12,,130.6,1.9,21.1,48.8,3.5,63.8,15.7,6.0,59.2,7.7,285.8,102.4,24.8,33.5,19.8,166.4,58.2,,200.2,416.8,2.2,4.3,1.2,2.1,68.4,5.7,92.4,203.8,1.6,231.6,122.1,2.6,221.5,31.8,117.7,9.3,55.9,2840.3999999999996
2014-11-13,,120.4,1.8,21.3,49.9,3.3,64.4,15.7,6.1,57.6,8.1,293.1,103.1,24.4,39.2,22.4,152.6,59.0,,202.8,409.9,2.3,4.4,1.2,2.1,68.4,5.7,94.3,203.5,1.4,225.4,117.3,2.6,222.3,32.1,116.5,8.6,57.7,2820.8999999999996
2014-11-14,,118.8,1.8,21.6,48.7,3.4,62.6,15.9,5.9,59.6,7.9,293.2,91.9,24.4,40.0,20.7,142.6,59.8,,205.5,393.2,2.2,4.3,1.2,2.1,67.6,5.7,93.1,205.0,1.3,221.2,118.2,2.8,219.5,33.8,112.4,9.3,55.9,2773.1
2014-11-15,,124.5,1.8,20.8,49.5,3.2,62.2,15.3,5.9,54.9,7.6,286.0,101.4,24.9,39.7,21.6,139.0,61.4,,202.8,362.1,2.2,4.4,1.2,2.1,66.9,5.9,101.9,206.7,1.3,222.3,116.6,2.5,220.2,30.8,109.8,9.6,54.7,2743.6999999999994
2014-11-16,,124.7,1.8,18.0,49.7,3.0,60.7,15.4,5.9,54.8,7.2,271.3,93.4,23.5,39.3,21.6,131.5,56.2,,196.2,354.3,2.1,4.2,1.1,2.0,64.8,5.4,93.9,203.9,1.8,216.5,115.9,2.3,221.1,30.6,105.3,9.5,53.3,2662.2000000000003
2014-11-17,,129.0,1.8,20.7,49.0,3.3,61.8,14.1,6.1,60.0,7.5,278.9,99.7,23.7,39.3,20.5,147.0,60.9,,193.4,371.3,2.3,4.3,1.2,2.1,70.3,6.3,96.6,198.9,1.5,227.8,119.8,2.0,216.5,32.0,108.9,8.1,53.2,2739.7999999999997
2014-11-18,,130.8,1.8,20.5,49.1,3.4,62.0,13.3,5.2,58.0,8.0,281.7,103.7,24.0,39.3,20.0,152.8,61.2,,197.7,382.3,2.2,4.5,1.2,2.1,64.4,6.0,98.2,198.6,1.4,236.2,122.3,2.5,212.9,32.5,106.3,7.9,53.5,2767.4999999999995
2014-11-19,,125.5,1.7,20.2,48.4,3.4,60.4,13.7,4.7,58.4,8.2,280.3,106.0,23.5,38.6,19.5,156.5,61.3,,198.1,385.1,2.0,4.0,1.1,2.0,65.0,6.2,99.9,200.0,1.3,234.4,119.9,2.7,209.2,32.4,109.2,8.5,54.0,2765.2999999999997
2014-11-20,,130.4,1.7,21.6,48.5,3.4,63.6,14.0,5.0,58.5,7.5,281.6,104.9,24.4,39.5,19.5,161.2,60.6,,198.9,381.7,2.2,4.2,1.2,1.9,63.4,6.2,99.7,203.7,1.7,236.6,120.0,2.6,219.6,32.9,110.4,8.2,59.2,2800.2
2014-11-21,,129.6,1.8,21.1,50.6,3.5,63.3,14.3,6.1,42.0,7.7,281.9,104.7,24.3,40.5,20.3,162.8,60.7,,202.7,381.3,2.3,4.6,1.2,2.2,64.2,6.0,99.4,204.7,1.9,242.6,122.4,2.7,221.2,32.4,107.4,9.1,54.1,2797.599999999999
2014-11-22,,131.7,1.8,18.9,49.2,3.3,62.7,14.6,6.2,57.1,7.7,282.7,103.3,23.9,40.2,20.9,163.0,60.2,,203.5,383.4,2.3,4.6,1.2,1.9,69.4,6.0,100.7,192.0,1.5,238.1,120.3,1.9,220.9,32.3,106.6,8.3,54.8,2797.1
2014-11-23,,129.4,1.8,20.4,48.7,3.0,62.3,14.5,6.1,53.8,6.8,271.3,96.9,23.2,34.3,21.8,155.4,54.7,,202.2,375.0,2.3,4.8,1.2,1.9,64.1,5.4,99.2,191.5,1.7,216.8,118.7,2.3,211.7,30.2,100.2,8.0,53.7,2695.3000000000006
2014-11-24,,132.6,1.8,20.6,49.6,3.3,60.5,14.3,6.2,58.3,7.7,282.6,107.5,24.1,40.2,22.2,164.1,59.8,,203.5,389.5,2.3,4.7,1.1,2.0,66.0,5.9,100.6,193.4,1.6,227.2,121.0,2.9,211.2,32.2,106.0,7.0,54.9,2788.3999999999996
2014-11-25,,129.6,101.0,1190.0,47.7,3.4,62.7,13.7,6.3,51.5,7.9,279.7,113.9,24.8,39.0,21.2,166.7,60.0,,204.4,394.8,131.0,287.0,72.0,115.0,64.2,5.9,103.1,206.0,1.4,233.2,121.5,182.0,220.4,32.3,102.4,7.3,54.7,4857.700000000001
2014-11-26,,131.3,1.9,21.3,48.7,3.4,62.3,14.1,5.8,58.6,7.6,278.9,113.8,24.8,41.0,20.4,168.9,59.2,,205.3,393.1,2.3,5.0,1.2,2.2,61.4,5.9,105.8,207.7,1.6,237.9,121.1,2.7,219.5,32.5,101.5,8.3,56.3,2833.2999999999993
2014-11-27,,131.0,1.8,20.0,47.9,3.4,64.6,14.7,5.6,58.4,7.9,280.4,112.5,25.1,40.4,20.9,171.0,59.2,,205.5,390.7,2.4,4.8,1.2,2.4,62.2,5.7,107.2,208.3,1.7,236.8,121.1,3.4,211.1,32.2,108.0,7.7,54.8,2832.0
2014-11-28,,129.4,1.9,21.3,48.3,3.5,63.2,14.2,5.2,59.9,7.3,281.0,111.3,24.6,41.1,20.7,168.0,59.2,,205.6,384.9,2.3,4.9,1.2,2.2,61.0,5.6,105.7,207.8,1.4,230.1,123.5,2.6,215.0,32.3,106.0,7.2,54.5,2813.8999999999996
2014-11-29,,124.4,1.9,21.3,47.9,3.4,61.9,14.7,5.6,57.9,7.4,279.5,112.7,24.1,40.1,20.8,166.8,58.5,,205.1,384.8,2.3,4.9,1.2,2.2,61.5,5.6,110.5,211.1,1.5,228.0,120.7,2.6,221.7,31.7,107.4,7.5,54.2,2813.3999999999996
2014-11-30,,128.4,1.9,18.0,48.6,3.1,63.1,14.3,5.7,55.1,6.6,265.1,107.7,21.5,38.7,20.3,158.8,52.9,,201.1,374.2,2.3,5.2,1.0,2.1,63.9,4.8,114.0,210.4,1.8,215.2,118.3,2.3,221.4,29.7,102.6,7.4,54.2,2741.7
2014-12-01,,128.0,1.9,22.7,47.6,3.4,61.4,14.4,5.8,57.4,7.5,273.1,109.5,23.5,42.0,19.8,164.4,57.0,,203.9,381.4,2.2,3.5,0.9,2.2,64.7,5.3,111.8,207.7,1.6,225.2,121.1,2.5,207.5,31.3,109.5,6.8,52.1,2780.6
2014-12-02,,133.6,1.9,21.1,48.1,3.4,63.4,15.3,5.9,57.6,7.8,272.1,110.4,23.9,41.8,21.2,166.8,58.0,,207.3,387.1,2.2,5.5,1.2,2.1,64.8,5.5,104.7,207.1,1.5,235.0,122.0,2.5,210.1,32.4,108.6,8.9,48.4,2809.2
2014-12-03,,133.0,1.8,21.3,48.8,3.4,63.1,15.4,6.0,59.7,7.7,272.0,118.6,24.1,40.4,20.7,168.8,57.7,,205.1,386.8,2.4,5.4,1.2,2.3,64.1,5.5,104.4,206.7,1.6,236.9,123.2,2.3,209.4,33.4,107.5,8.8,52.7,2822.2000000000003
2014-12-04,,132.6,1.8,19.8,47.7,3.4,63.8,15.5,5.6,58.6,7.5,272.6,120.1,24.1,40.5,21.0,170.7,59.4,,206.3,392.5,2.2,4.9,1.1,2.2,64.4,5.5,104.7,205.8,1.5,248.3,124.8,2.9,217.4,33.4,110.6,8.1,53.0,2854.3
2014-12-05,,135.1,1.8,20.3,47.1,3.4,63.0,15.4,5.9,58.5,7.3,272.0,119.5,23.7,41.4,20.1,173.7,58.2,,205.8,388.0,2.1,4.1,1.1,2.0,52.4,5.8,106.2,210.1,1.5,247.7,126.6,2.8,195.4,26.9,113.5,5.9,51.8,2816.1
2014-12-06,,135.0,1.8,20.0,47.2,3.3,62.7,15.4,5.9,55.9,7.5,268.5,119.7,23.7,41.1,20.7,171.5,61.7,,204.1,390.0,2.0,4.9,1.1,2.1,59.9,5.8,100.2,208.7,1.4,251.0,121.1,2.8,220.6,26.4,111.0,6.9,48.5,2830.1
2014-12-07,,131.7,1.8,19.6,49.2,3.0,65.3,15.2,5.8,52.2,6.8,259.2,112.2,22.8,42.1,19.1,166.1,53.0,,201.7,375.1,1.9,5.0,1.1,2.1,63.6,5.6,104.0,206.2,1.2,238.2,117.0,2.8,222.6,28.9,103.1,7.2,54.0,2766.4
2014-12-08,,135.3,1.8,20.8,48.4,3.3,64.4,15.5,5.7,57.4,7.4,267.2,114.5,24.5,41.8,19.7,177.3,58.5,,202.0,388.7,2.0,4.9,1.2,2.3,64.2,6.0,107.0,204.7,1.4,249.4,118.6,2.5,227.2,31.2,104.3,7.2,52.6,2840.9
2014-12-09,,139.0,1.9,21.6,50.6,3.4,65.5,15.4,5.9,59.3,7.9,268.3,116.5,24.7,42.0,20.0,181.8,60.5,,205.8,400.4,2.3,4.8,1.2,2.3,65.3,6.2,110.5,206.2,1.9,258.2,123.0,2.0,225.4,31.4,104.2,8.1,54.7,2898.2000000000003
2014-12-10,,137.7,1.8,20.9,51.9,3.5,63.1,15.5,5.8,59.0,8.2,265.7,115.4,25.7,42.2,19.3,180.5,58.3,,205.9,402.6,2.2,4.7,1.2,2.3,63.9,6.2,104.8,207.4,1.9,242.7,123.5,2.7,223.7,33.2,103.5,8.4,52.5,2867.7999999999997
2014-12-10,,137.7,1.8,20.9,51.9,3.4,63.1,15.5,5.8,59.3,8.2,265.7,116.5,24.7,42.0,19.3,180.5,58.3,,205.9,402.6,2.2,4.7,1.2,2.3,63.9,6.2,110.5,206.2,1.9,242.7,123.5,2.7,225.4,31.4,103.5,8.4,52.5,2872.2999999999997
2014-12-11,,134.2,1.9,20.9,49.6,3.5,65.7,15.8,6.0,54.2,8.2,268.5,124.0,25.3,41.9,22.3,171.4,58.3,,205.2,403.2,2.3,5.3,1.2,2.4,60.6,6.2,107.1,212.9,1.6,238.9,120.8,2.6,222.8,33.5,103.7,9.6,52.9,2864.5
2014-12-12,,129.4,1.9,21.5,50.3,3.5,67.6,15.7,6.1,58.7,7.6,269.3,125.8,25.3,41.9,22.8,161.6,57.9,,188.5,389.6,2.3,5.3,1.3,2.4,61.9,6.2,106.6,207.4,1.5,244.2,122.0,2.4,213.8,34.9,102.7,8.6,53.1,2821.6000000000004
2014-12-12,,129.4,1.9,21.5,50.3,3.5,67.6,15.7,6.1,58.7,7.6,269.3,125.8,25.3,41.9,22.8,161.6,57.9,,188.5,389.6,2.3,5.3,1.3,2.4,61.9,6.2,106.6,207.4,1.5,244.2,122.0,2.4,213.8,34.9,102.7,8.6,53.1,2821.6000000000004
2014-12-13,,129.3,1.9,22.1,51.2,3.5,62.7,15.6,6.1,58.5,8.8,265.8,116.7,23.9,42.7,22.9,151.8,57.8,,139.5,359.5,2.2,4.1,1.3,2.4,66.5,6.1,89.4,204.3,1.5,238.3,120.2,2.5,219.1,32.3,112.9,8.9,53.1,2705.4
2014-12-15,,132.1,1.6,21.1,49.0,3.7,63.9,15.0,5.7,58.1,7.7,251.0,96.4,22.6,42.8,20.2,158.0,60.2,,147.6,360.8,1.9,5.0,1.2,2.3,66.6,6.0,77.5,198.4,1.6,235.4,122.7,2.6,206.3,29.1,106.0,6.8,51.9,2638.7999999999997
2014-12-16,,136.6,1.9,20.5,45.3,3.7,64.6,14.9,5.8,59.6,7.7,251.9,110.3,24.2,42.2,20.4,162.5,61.0,,148.7,362.8,2.0,5.5,1.3,2.4,62.5,6.1,84.9,196.9,1.6,242.0,125.1,3.1,215.9,32.9,108.9,7.1,52.6,2695.4000000000005
2014-12-17,,133.0,1.9,21.3,51.2,3.9,60.4,15.1,5.7,61.8,7.7,249.9,112.9,24.9,42.1,21.6,162.2,61.5,,155.6,362.1,2.0,5.6,1.3,2.4,63.3,5.7,89.3,202.0,1.5,237.1,121.7,2.5,217.8,33.9,101.3,6.9,51.7,2700.8
2014-12-18,,131.3,1.9,20.0,51.0,4.0,63.8,15.1,5.7,63.4,8.0,252.8,109.9,25.0,42.2,22.2,163.4,60.4,,161.6,354.8,1.5,4.9,1.3,2.3,64.2,5.8,91.3,207.8,1.7,234.7,121.6,3.8,223.2,34.5,110.3,7.2,52.4,2725.000000000001
2014-12-19,,129.9,1.8,20.0,51.0,4.1,67.4,15.2,4.0,66.1,7.0,254.9,111.8,24.9,42.4,20.0,166.4,60.8,,168.8,355.1,1.8,5.4,1.3,2.4,63.7,5.7,92.4,208.2,1.8,236.0,123.1,3.7,223.0,35.1,114.2,7.3,50.7,2747.4
2014-12-20,,130.0,1.9,21.2,51.1,4.1,65.0,15.2,5.2,64.0,8.1,255.5,109.7,24.6,43.6,22.3,166.9,59.8,,174.2,359.7,1.9,5.6,1.2,2.4,65.5,5.5,94.7,205.2,1.6,237.1,125.4,2.7,223.3,34.3,110.0,7.9,53.1,2759.4999999999995
2014-12-21,,127.6,2.0,20.9,52.2,3.7,65.8,14.8,5.7,63.0,6.5,247.1,107.2,23.7,42.1,22.7,158.1,55.0,,175.1,360.2,1.8,5.7,1.3,2.4,67.0,5.1,92.4,198.0,1.5,218.1,127.2,2.3,222.3,33.8,105.1,8.6,53.4,2699.4
2014-12-22,,132.5,1.8,20.5,51.5,4.2,66.6,15.1,5.8,67.8,7.7,254.9,108.0,24.8,42.8,22.4,168.0,61.1,,177.8,370.0,1.9,5.9,1.2,2.4,73.6,5.5,95.2,200.5,2.0,228.5,127.6,2.5,220.0,34.2,104.9,8.6,52.8,2770.6
2014-12-23,,128.9,1.9,21.5,50.4,4.0,66.3,15.2,5.9,69.7,8.0,257.2,115.3,25.2,44.3,22.2,175.2,62.1,,183.0,373.0,2.1,5.3,1.3,2.4,68.7,5.8,98.4,204.2,1.7,230.3,129.8,2.6,218.1,35.3,106.7,8.5,54.1,2804.6000000000004
2014-12-24,,125.0,1.9,22.0,51.3,4.0,68.4,15.2,5.9,70.4,7.6,255.7,117.1,25.6,42.4,22.8,175.1,62.1,,188.0,372.1,2.2,5.4,1.4,2.2,62.4,5.8,98.8,204.8,1.6,238.9,132.2,2.6,223.5,34.8,110.7,8.9,51.6,2820.4
2014-12-25,,130.8,1.9,22.0,54.5,4.0,70.6,15.2,5.8,71.1,6.9,257.1,118.2,25.2,40.8,22.8,172.3,56.5,,191.7,363.8,2.2,5.4,1.2,2.2,66.1,5.5,95.7,210.9,1.5,237.2,132.1,2.7,228.6,35.2,106.5,7.3,53.0,2824.4999999999995
2014-12-26,,129.3,1.8,19.6,53.7,4.3,69.5,15.0,5.8,75.1,7.6,259.0,119.3,26.1,41.6,22.9,175.6,59.2,,192.2,366.2,2.0,5.5,1.2,2.2,62.7,5.5,96.1,203.7,1.6,236.3,130.5,2.6,235.0,34.4,107.0,7.2,52.0,2829.2999999999997
2014-12-27,,127.6,1.8,21.2,53.3,4.1,66.6,15.0,5.8,74.7,7.2,257.2,120.2,25.6,43.5,22.0,173.4,58.0,,192.2,363.0,2.4,5.5,1.3,2.4,62.8,5.7,94.0,208.9,1.5,236.6,130.5,2.8,252.4,34.4,103.0,6.7,52.3,2835.6000000000004
2014-12-27,,127.6,1.8,21.2,53.3,4.1,66.6,15.0,5.8,74.7,7.2,257.2,120.2,25.6,43.5,22.0,173.4,58.0,,192.2,363.0,2.4,5.5,1.3,2.4,62.8,5.7,94.0,208.9,1.5,236.6,130.5,2.8,274.4,34.4,103.0,6.7,52.3,2857.6000000000004
2014-12-28,,129.8,1.8,21.5,52.7,3.6,67.9,15.1,5.6,69.5,6.7,247.8,116.1,24.0,42.8,21.3,164.0,54.2,,190.7,352.1,2.5,5.6,1.2,2.3,63.5,5.0,86.2,208.9,1.5,227.2,128.4,2.0,239.0,34.2,93.3,7.1,51.6,2746.7
2014-12-29,,125.5,1.8,21.6,52.9,4.1,69.5,15.1,5.4,71.8,7.6,254.3,120.6,25.3,42.8,21.0,173.6,60.5,,192.8,364.9,1.8,5.4,1.2,2.3,62.4,5.2,98.4,209.0,1.5,228.3,133.1,2.2,239.4,33.8,96.0,7.0,52.1,2810.2
2014-12-30,,125.2,1.9,21.7,52.5,4.0,68.6,15.1,5.8,68.9,7.9,253.6,115.2,25.3,43.0,22.1,177.3,61.2,,194.5,365.7,1.8,6.0,1.3,2.5,63.6,5.6,95.6,213.3,1.5,233.3,135.5,2.4,247.3,34.4,100.2,5.7,53.8,2833.3000000000006
2014-12-31,,129.8,1.8,21.7,53.5,4.0,66.6,14.7,5.6,67.2,7.9,250.0,118.1,25.8,42.9,22.1,178.9,61.8,,168.0,356.7,2.4,5.8,1.4,2.6,61.5,5.6,96.9,210.7,1.5,239.6,136.3,2.7,249.7,34.5,112.0,5.6,50.0,2815.8999999999996
2014-12-31,,129.8,1.8,21.7,53.5,4.0,66.6,14.7,5.6,67.2,7.9,250.0,118.1,25.8,42.9,22.1,178.9,61.8,,168.0,356.7,2.4,5.8,1.4,2.6,61.5,5.6,96.9,210.7,1.5,239.6,136.3,2.7,249.7,34.5,112.0,5.6,50.0,2815.8999999999996
2015-01-01,,131.5,1.8,21.8,52.2,3.8,64.6,14.0,4.8,67.6,7.3,246.4,116.8,25.1,37.3,22.0,166.1,60.9,,109.8,315.0,2.6,5.1,1.2,2.4,65.6,5.4,93.3,204.9,1.8,235.5,136.9,2.7,244.0,33.9,101.0,5.4,51.8,2662.2999999999997
2015-01-02,,135.5,1.8,20.5,47.7,4.0,64.5,14.6,5.4,65.2,7.7,248.1,107.8,25.9,43.2,18.2,173.8,59.7,,118.3,318.9,2.4,5.3,1.2,2.3,62.1,5.3,92.9,203.1,1.8,243.1,133.2,2.5,220.7,33.3,105.0,5.3,48.1,2648.4
2015-01-03,,135.8,1.8,21.9,49.3,3.9,57.2,15.1,5.4,64.6,7.6,253.1,112.5,25.6,42.3,20.5,175.0,58.0,,124.5,332.3,2.4,5.4,1.2,2.3,61.9,5.7,89.6,208.0,1.6,243.8,125.2,2.9,223.8,33.1,98.0,5.9,51.6,2668.8
2015-01-04,,136.8,1.7,19.6,51.4,3.6,61.8,15.0,5.3,61.3,6.5,250.3,110.4,23.2,42.4,20.7,167.4,53.8,,127.4,324.9,2.0,5.0,1.2,2.0,59.5,5.4,87.4,208.9,1.2,236.1,120.1,2.6,233.0,32.2,100.6,6.6,51.1,2638.4
2015-01-05,,138.3,1.7,20.5,50.4,4.0,64.2,15.2,5.5,65.4,7.6,251.1,114.7,25.6,43.0,20.4,176.1,59.3,,128.1,341.9,1.8,5.6,1.2,1.6,62.4,5.8,89.5,204.5,1.4,245.6,123.8,2.5,223.2,33.1,103.4,6.4,54.2,2698.9999999999995
2015-01-06,,138.8,1.6,21.3,51.3,4.3,64.7,15.1,5.6,66.4,7.8,257.6,119.5,25.7,42.1,20.3,179.1,60.9,,136.2,353.3,2.1,5.8,1.2,1.7,61.9,5.1,94.3,210.6,1.6,251.1,127.6,2.6,228.5,34.6,101.0,6.8,53.3,2761.4
2015-01-07,,137.3,1.8,21.2,50.9,4.1,64.4,15.2,5.8,69.7,7.9,253.5,117.4,26.1,43.1,18.9,179.6,61.2,,141.3,357.6,2.3,4.8,1.2,1.7,59.7,6.0,95.7,208.6,1.5,255.1,129.2,2.7,229.0,34.6,108.3,7.2,55.2,2779.7999999999997
2015-01-08,,138.0,1.7,20.4,49.1,4.2,66.1,15.2,5.6,70.7,7.8,255.7,117.5,26.3,43.2,19.2,179.8,61.3,,146.5,358.6,2.4,6.1,1.2,1.7,60.4,6.2,96.3,209.4,1.7,256.2,131.9,2.6,226.8,35.4,109.3,7.5,55.5,2797.4999999999995
2015-01-09,,135.2,1.7,21.4,51.1,4.3,65.9,14.9,5.6,65.2,7.7,260.4,122.8,25.8,43.5,20.7,180.4,61.2,,150.6,351.5,2.3,5.2,1.3,1.8,62.6,6.2,96.0,212.7,1.9,260.3,135.0,2.7,237.6,36.0,112.5,7.4,54.1,2825.5
2015-01-10,,135.9,1.8,21.1,54.0,4.2,68.5,15.1,5.0,67.0,7.6,260.4,118.3,26.0,38.9,21.0,180.8,60.8,,156.1,353.5,2.0,5.5,1.3,1.7,59.7,6.0,95.3,214.7,1.7,262.4,130.0,2.9,238.0,36.4,112.1,8.0,55.1,2828.7999999999997
2015-01-11,,131.1,1.8,20.9,54.1,3.9,62.9,14.8,5.4,64.7,6.8,253.8,111.3,23.7,42.4,22.1,168.0,53.6,,161.0,348.1,2.2,4.8,1.2,1.7,59.4,5.5,92.5,214.6,1.2,248.1,132.0,2.6,237.9,35.2,108.8,7.5,54.7,2760.2999999999997
2015-01-12,,132.7,1.8,20.2,52.8,4.4,67.8,15.1,5.6,70.2,7.6,258.9,115.4,24.9,42.6,21.5,174.6,57.0,,168.2,358.6,2.1,5.5,1.2,1.7,62.3,5.6,95.3,202.3,1.7,251.1,130.9,2.6,241.6,36.2,110.9,6.3,55.0,2812.1999999999994
2015-01-13,,137.0,1.7,19.1,55.1,4.1,68.1,15.2,5.8,70.3,7.1,257.4,114.1,24.5,44.6,22.8,178.3,57.1,,172.0,364.0,2.2,5.6,1.2,1.7,62.7,5.8,90.2,209.3,1.6,253.3,126.3,2.9,241.5,35.9,111.3,7.6,57.0,2834.3999999999996
2015-01-14,,134.4,1.8,20.9,54.7,4.2,67.6,14.4,5.0,72.8,8.0,206.7,111.8,24.3,43.5,22.4,179.8,57.6,,168.2,364.5,2.3,5.8,1.2,1.5,59.9,5.8,81.0,203.6,1.4,250.7,124.8,2.7,238.6,36.9,105.9,7.1,57.3,2749.0999999999995
2015-01-15,,127.4,1.7,19.1,53.2,4.0,68.7,14.6,5.3,70.4,7.6,221.3,114.1,24.1,42.3,21.8,174.1,58.3,,172.8,367.4,2.3,5.2,1.1,1.7,61.8,4.9,87.3,205.1,1.3,221.9,118.0,3.0,230.7,36.0,107.7,7.2,56.9,2720.2999999999993
2015-01-16,,125.2,1.7,21.2,54.6,4.0,66.4,14.9,5.5,70.7,7.6,247.9,114.4,25.2,42.8,20.7,176.4,58.4,,174.2,363.3,2.3,4.9,1.2,1.8,63.8,4.5,88.4,210.3,1.9,206.2,121.7,2.8,234.5,36.4,106.3,7.3,55.7,2745.1000000000004
2015-01-17,,128.7,1.7,22.0,54.7,3.8,65.6,14.8,5.4,66.1,7.4,255.5,112.9,25.0,42.2,20.5,179.5,58.8,,178.0,365.8,2.3,5.6,1.2,2.3,62.8,4.5,90.0,209.5,1.6,215.9,124.1,3.1,234.5,36.8,109.1,8.0,58.9,2778.6
2015-01-18,,127.6,1.6,20.3,56.2,3.5,65.9,15.1,5.3,63.1,6.5,250.0,105.0,23.2,42.6,20.9,174.0,55.0,,179.8,359.6,2.3,5.2,1.2,2.3,62.6,4.7,85.9,207.7,1.4,224.5,123.4,2.6,236.6,35.1,106.6,7.4,56.6,2741.2999999999997
2015-01-19,,131.7,1.8,21.3,55.8,4.1,26.1,15.1,5.5,66.9,7.1,53.1,110.9,24.4,42.2,21.2,179.4,60.0,,89.0,104.0,1.8,5.2,1.2,2.3,63.1,5.5,88.9,209.3,1.7,238.2,127.1,2.6,235.8,36.1,115.1,7.0,58.2,2218.7
2015-01-20,,134.9,1.7,21.0,53.5,4.2,67.8,15.4,5.7,69.6,7.7,256.9,117.9,24.9,42.2,21.1,179.3,61.1,,183.9,370.5,1.8,5.2,1.2,2.6,63.4,5.6,92.2,208.0,1.7,251.1,128.9,2.7,237.7,36.5,114.7,8.4,58.0,2858.9999999999995
2015-01-21,,134.2,1.7,20.5,49.8,4.4,68.6,15.4,5.6,69.5,7.8,248.2,122.9,25.7,42.0,21.4,180.5,60.7,,187.6,370.1,1.8,5.0,1.2,2.6,64.3,5.7,89.3,208.8,1.7,253.0,129.0,2.6,242.6,36.8,113.4,8.7,56.1,2859.2
2015-01-22,,136.6,1.7,20.7,54.6,4.3,70.0,15.1,5.8,69.4,7.8,242.0,103.9,27.6,35.8,22.8,184.8,60.6,,166.2,369.4,1.7,5.2,1.2,2.6,63.0,5.7,87.4,163.8,1.7,251.6,129.0,2.5,237.9,38.5,108.1,8.8,57.6,2765.399999999999
2015-01-23,,139.8,1.7,21.1,54.0,4.1,69.2,15.4,5.8,68.7,8.1,250.2,111.2,25.4,42.8,22.7,187.0,60.3,,161.6,363.5,1.8,5.3,1.2,2.3,59.6,6.1,88.7,182.3,1.6,253.9,130.7,2.4,232.3,34.9,108.3,7.5,56.3,2787.8
2015-01-24,,137.1,1.5,21.6,53.9,3.9,70.4,15.6,5.8,66.1,7.9,249.4,109.8,25.1,42.6,22.5,181.9,59.7,,166.1,364.3,1.6,5.3,1.3,1.9,65.1,5.7,85.5,188.0,1.6,258.9,130.0,2.6,236.7,35.4,109.5,6.9,57.1,2798.3
2015-01-25,,137.0,1.7,21.2,53.8,3.7,70.2,15.2,5.6,61.5,6.9,242.0,105.6,23.6,43.8,22.2,170.0,55.4,,147.2,352.7,1.8,5.3,1.2,2.4,61.2,5.4,84.7,185.5,1.3,245.3,125.2,2.7,236.0,34.0,108.0,5.8,55.9,2701.0
2015-01-26,,134.6,1.7,20.3,59.1,3.5,69.2,6.7,3.7,55.8,6.5,231.2,99.5,21.2,43.0,22.0,172.0,56.3,,148.0,330.4,2.2,5.0,1.2,2.4,58.7,4.9,77.1,186.7,1.3,237.2,122.9,2.6,227.3,31.4,100.3,6.1,55.5,2607.4999999999995
2015-01-27,,137.3,1.6,20.2,55.2,4.0,69.2,14.1,5.0,66.1,7.7,241.9,108.9,24.9,41.2,21.8,181.0,55.1,,151.5,341.0,2.0,5.0,1.1,2.2,59.5,5.6,85.3,190.3,1.9,254.3,126.6,2.7,218.2,33.5,109.8,6.1,56.1,2707.8999999999996
2015-01-27,,137.3,1.6,20.2,55.2,4.0,69.2,14.1,5.0,66.1,7.7,241.9,108.9,24.9,41.2,21.8,181.0,55.1,,151.5,341.0,2.0,5.0,1.1,2.2,59.5,5.6,85.3,190.3,1.9,254.3,126.6,2.7,218.2,33.5,109.8,6.1,56.1,2707.8999999999996
2015-01-28,,140.0,1.8,21.0,50.5,4.2,71.2,15.4,6.0,67.3,7.9,248.7,114.0,26.1,42.3,21.6,186.3,60.3,,151.1,367.0,2.1,5.1,1.2,2.3,63.7,5.4,89.2,198.5,1.7,260.7,130.5,2.7,221.1,34.7,112.1,6.5,54.7,2794.9
2015-01-29,,139.4,1.7,20.9,51.1,4.0,71.2,15.3,5.9,67.6,8.2,249.7,115.8,26.6,39.3,20.9,189.8,61.7,,148.4,367.8,2.0,5.8,1.2,2.1,64.6,5.7,90.1,200.5,1.8,261.6,132.0,2.6,228.1,35.9,107.9,6.5,55.1,2808.7999999999997
2015-01-30,,140.6,1.6,19.7,53.4,4.0,71.1,15.3,6.0,68.5,8.1,253.9,117.5,26.2,43.0,21.4,189.4,62.3,,152.1,366.2,2.1,5.5,1.2,2.3,63.2,6.1,95.9,204.5,1.9,263.3,133.4,2.7,225.4,36.0,107.9,8.3,54.9,2834.8999999999996
2015-01-31,,141.1,1.6,20.2,54.5,3.8,71.4,15.2,6.0,64.3,7.7,252.4,121.8,25.7,46.7,21.9,187.5,62.2,,156.3,370.8,2.0,5.3,1.2,2.0,66.2,5.9,96.7,205.5,2.3,259.7,131.0,3.0,229.0,35.4,106.2,6.2,53.2,2841.9
2015-02-01,,138.1,1.8,20.4,56.7,3.4,71.6,14.8,5.6,54.8,7.0,245.4,113.5,24.3,42.8,21.9,178.3,56.9,,156.8,359.4,2.1,5.1,1.3,2.4,65.0,5.5,92.1,200.4,1.3,246.5,127.4,2.6,227.1,36.0,100.7,5.0,55.7,2749.7000000000003
2015-02-02,,137.4,1.8,20.6,57.4,3.8,70.2,15.0,5.9,62.5,8.0,268.8,114.3,25.2,40.7,22.5,185.9,62.0,,160.9,372.2,2.0,5.4,1.2,2.3,63.7,6.1,91.6,201.0,1.3,254.5,131.5,2.5,225.2,27.8,101.7,5.9,55.1,2813.9
2015-02-03,,138.2,1.8,20.5,53.7,3.2,72.5,15.1,5.3,63.8,8.2,256.8,104.1,24.4,34.2,22.1,188.4,61.6,,167.2,367.6,2.3,5.3,1.2,2.2,58.7,6.1,80.6,203.2,1.7,262.4,133.4,2.8,218.6,32.5,112.0,6.6,54.7,2793.0
2015-02-04,,137.4,1.8,20.3,52.2,3.9,72.8,15.4,6.1,65.0,7.7,257.2,111.5,25.4,41.0,21.9,189.0,61.7,,168.0,378.2,2.0,5.2,1.1,2.3,63.8,6.2,86.7,205.5,1.2,264.9,132.4,2.7,222.3,34.7,112.2,7.9,54.4,2841.9999999999995
2015-02-05,,139.2,2.1,20.5,53.2,3.8,73.7,15.5,6.2,60.0,7.7,260.3,111.2,25.6,42.2,22.1,190.6,63.1,,168.8,378.3,2.0,5.4,1.2,2.4,66.7,6.0,85.5,208.4,1.5,265.1,133.2,2.6,228.0,34.1,111.2,8.7,55.3,2861.4
2015-02-05,,139.2,2.1,20.5,53.2,3.8,73.7,15.5,6.2,60.0,7.7,260.3,111.2,25.6,42.2,22.1,190.6,63.1,,168.8,378.3,2.0,5.4,1.2,2.4,66.7,6.0,85.5,208.4,1.5,265.1,133.2,2.6,228.0,34.1,111.2,8.7,55.3,2861.4
2015-02-06,,141.0,2.1,20.8,55.2,3.8,73.7,15.4,5.9,64.5,8.2,263.0,111.3,25.8,43.5,22.6,191.0,63.4,,173.0,371.2,2.2,5.2,1.2,2.3,63.3,6.0,89.1,212.5,1.3,267.1,134.2,2.6,210.1,35.4,106.7,8.8,55.7,2859.1
2015-02-07,,143.3,2.0,19.8,56.2,3.6,71.8,15.6,6.1,53.3,8.1,266.1,110.0,25.2,42.6,22.5,193.0,63.6,,171.0,374.1,2.1,5.3,1.3,2.4,65.3,5.9,88.5,209.2,1.9,257.6,133.4,3.3,222.2,34.4,105.9,7.8,55.0,2849.400000000001
2015-02-08,,140.7,2.0,20.5,55.3,3.3,74.2,15.4,5.8,56.9,7.1,253.5,107.4,24.1,42.4,22.0,179.3,57.6,,157.4,364.4,1.9,5.5,1.2,2.4,62.6,5.5,83.0,203.5,1.4,250.5,130.1,2.5,226.5,32.7,107.3,6.6,55.9,2768.4
2015-02-09,,142.1,1.9,20.7,52.9,3.6,72.5,15.6,6.1,60.4,7.8,257.9,109.1,24.5,41.8,22.2,189.6,62.1,,158.3,374.5,2.1,5.6,1.1,2.2,65.0,5.8,87.2,204.6,1.6,260.8,133.2,2.7,224.3,34.3,113.2,6.9,55.5,2829.6999999999994
2015-02-10,,145.4,2.1,20.8,51.9,3.7,73.8,15.7,6.1,57.1,8.3,259.6,114.2,24.9,42.3,22.5,189.7,63.6,,163.8,380.3,1.8,6.6,0.4,2.4,64.6,5.9,93.3,205.8,1.8,263.6,135.9,2.7,224.5,35.8,121.4,6.9,56.1,2875.3
2015-02-11,,143.0,2.1,19.6,51.3,3.7,72.0,15.9,6.2,61.1,8.3,256.8,114.6,24.5,42.0,21.4,192.2,62.9,,157.1,364.7,2.1,5.7,1.3,2.4,62.1,6.2,99.2,211.1,1.7,265.5,136.5,3.3,225.5,34.5,121.4,6.9,55.8,2860.6000000000004
2015-02-12,,140.5,2.0,21.0,53.8,3.6,68.9,15.1,6.2,60.8,8.2,263.3,117.2,23.9,36.0,22.4,190.8,64.5,,161.9,373.7,2.1,5.2,1.2,2.4,59.6,6.3,99.1,214.0,1.3,270.2,136.7,2.6,224.5,35.3,115.8,6.5,57.8,2874.3999999999996
2015-02-13,,143.6,2.0,19.4,52.9,3.6,72.5,14.4,6.3,61.2,8.4,264.5,119.3,24.5,42.8,22.2,197.5,64.8,,168.8,370.5,1.7,5.3,1.1,2.1,60.6,6.2,99.1,210.8,1.8,274.2,139.0,2.8,227.5,34.8,120.3,5.6,55.9,2908.0
2015-02-14,,143.0,1.7,20.6,54.3,3.5,73.6,14.5,6.2,58.0,8.1,261.5,117.1,24.4,41.3,22.2,194.7,64.2,,173.2,377.2,2.2,5.4,1.4,2.0,60.7,6.3,102.3,213.4,1.2,269.6,136.5,2.5,225.6,34.3,115.6,5.7,56.2,2900.2
2015-02-15,,142.9,1.9,21.2,56.3,3.1,75.0,14.5,6.1,54.0,9.5,256.2,110.8,22.5,42.2,21.7,186.1,59.4,,234.9,369.4,1.9,5.1,1.1,2.2,54.6,5.4,99.6,211.5,1.8,257.4,134.9,2.8,232.7,32.4,119.7,5.7,56.3,2912.7999999999997
2015-02-16,,144.2,2.0,18.2,55.6,3.5,75.0,15.6,6.2,58.5,8.3,265.7,109.7,23.5,38.0,21.7,193.6,61.7,,177.1,382.8,1.6,4.9,1.1,2.1,63.5,6.1,86.2,206.8,1.5,269.4,138.0,2.8,224.9,34.0,118.6,6.4,55.4,2884.2000000000003
2015-02-17,,144.8,2.0,22.3,53.9,3.2,76.7,14.0,5.2,58.2,8.5,260.5,111.9,24.1,42.2,21.7,199.1,62.7,,180.9,388.2,1.8,5.1,1.2,1.4,66.7,6.3,88.4,213.0,1.8,272.3,141.4,2.6,230.1,36.7,116.8,5.9,56.0,2927.5999999999995
2015-02-18,,143.0,2.0,20.2,49.3,3.5,76.5,15.7,5.8,57.5,8.4,265.8,116.2,24.5,41.4,22.2,195.6,63.3,,181.4,390.3,2.2,5.3,1.1,2.1,64.4,6.2,90.7,211.7,1.6,269.1,139.4,2.9,229.7,34.9,119.9,7.0,54.6,2925.4
2015-02-19,,144.2,1.8,20.0,55.6,3.5,77.6,16.0,6.1,59.2,8.3,275.3,115.3,25.0,38.8,22.6,192.9,63.9,,181.4,395.3,2.1,5.1,1.2,2.0,66.0,6.3,93.7,211.5,1.2,271.6,140.4,3.0,239.3,34.5,109.3,6.5,55.7,2952.2
2015-02-20,,142.2,1.5,20.6,53.3,3.4,77.0,15.7,6.5,60.7,8.3,274.8,109.5,23.0,36.8,22.4,199.8,63.5,,185.4,389.5,1.8,5.5,1.2,2.0,63.9,6.3,80.5,215.3,2.0,274.2,142.0,3.0,237.7,32.6,117.1,7.1,55.7,2941.8
2015-02-21,,146.5,1.9,20.3,54.4,3.3,76.4,15.7,6.4,57.7,8.3,274.5,109.5,23.3,42.1,23.2,195.5,61.8,,187.6,391.6,1.7,5.1,1.2,1.9,64.3,6.2,90.4,214.8,1.5,271.3,140.7,2.8,237.5,33.8,117.6,7.4,55.9,2954.0999999999995
2015-02-22,,141.3,1.9,19.5,54.5,3.1,80.4,14.5,6.1,56.1,7.4,266.4,104.5,22.0,42.1,22.0,187.4,57.6,,190.4,383.6,1.7,5.2,1.1,1.9,65.0,5.6,87.8,214.8,1.2,258.9,136.7,2.7,225.7,32.4,117.6,8.6,55.5,2883.2
2015-02-23,,142.4,1.6,17.9,54.3,3.4,80.1,15.8,6.1,58.5,8.3,274.5,112.8,22.5,40.4,22.2,193.3,61.2,,185.0,399.4,1.7,4.9,0.9,1.7,65.5,6.0,88.2,213.6,1.3,264.6,140.0,2.9,225.8,33.0,138.4,7.7,56.6,2952.5000000000005
2015-02-24,,143.7,2.0,20.9,55.4,3.4,79.4,15.9,6.4,59.7,8.4,275.5,115.8,23.2,40.2,22.4,194.7,62.0,,189.5,410.1,2.0,5.0,1.2,1.7,68.2,7.0,87.6,208.6,1.5,275.8,143.4,2.9,222.1,32.3,146.0,7.4,56.9,2998.1999999999994
2015-02-25,,147.4,1.5,21.6,53.3,3.4,80.9,16.0,6.5,60.7,8.5,268.2,110.9,23.5,32.0,22.6,195.8,63.5,,188.5,410.5,1.7,5.0,1.2,1.9,70.8,6.4,67.5,209.3,1.6,272.7,144.1,2.9,232.9,32.6,137.1,6.9,56.7,2966.6000000000004
2015-02-26,,145.4,1.5,17.7,53.1,3.4,81.8,15.9,6.4,58.8,8.5,264.8,117.9,24.1,37.4,22.5,200.8,64.0,,186.5,400.3,2.0,5.2,1.2,2.3,68.5,6.3,77.6,214.6,1.7,276.0,144.2,2.7,220.9,31.1,143.2,7.0,57.7,2972.9999999999995
2015-02-27,,147.4,1.5,18.1,53.1,3.4,81.2,15.5,6.4,59.1,8.4,264.7,124.7,25.3,43.2,22.6,200.1,64.1,,185.1,388.7,1.9,4.3,1.2,2.0,68.6,6.4,81.7,210.9,1.3,274.7,145.1,2.6,225.5,33.1,137.8,6.5,56.7,2972.9
2015-02-28,,143.0,1.3,10.3,53.3,3.3,82.2,15.6,6.4,56.7,8.4,264.3,125.8,26.1,45.5,23.1,191.0,62.3,,169.9,370.7,1.7,5.1,1.0,1.6,67.6,6.3,78.1,200.6,1.5,273.9,143.9,2.7,225.2,32.2,135.4,6.6,56.5,2899.0999999999995
2015-03-01,,135.6,1.5,20.9,54.4,2.9,80.2,15.0,6.0,51.3,6.4,223.1,87.9,23.3,41.2,21.6,168.3,57.4,,107.5,274.5,2.0,4.8,1.2,2.0,66.1,5.7,61.4,136.6,1.3,264.0,125.7,2.6,180.3,29.3,133.3,8.9,56.3,2460.5000000000005
2015-03-02,,138.0,1.4,23.9,47.4,3.4,60.1,15.5,6.0,54.9,8.2,228.2,85.9,21.4,25.2,21.9,183.4,62.8,,116.2,307.3,1.7,4.5,1.1,2.3,67.7,6.1,58.8,133.9,1.4,268.1,124.8,2.9,178.3,30.1,136.0,10.3,55.3,2494.4
2015-03-03,,140.9,1.2,20.9,49.0,3.4,71.5,15.6,6.3,58.2,8.2,240.0,101.6,22.9,36.5,22.3,186.3,63.3,,128.4,331.8,2.0,4.3,1.2,1.8,67.1,6.1,69.4,154.3,1.5,273.0,133.4,2.8,201.8,30.4,133.8,11.2,55.5,2657.9000000000005
2015-03-04,,137.8,1.4,19.2,52.0,3.4,70.2,15.5,6.4,56.0,8.2,244.3,92.6,23.0,41.4,19.8,183.6,63.1,,137.6,344.4,1.9,4.6,1.2,1.8,63.5,6.4,78.3,162.1,1.5,274.1,134.7,4.2,206.0,32.5,124.9,11.2,53.8,2682.5999999999995
2015-03-05,,141.8,1.6,20.2,49.9,3.4,74.8,15.1,6.3,55.8,8.4,236.7,94.5,23.7,42.4,21.3,189.8,64.0,,140.9,352.2,1.9,4.5,1.2,2.3,66.9,6.6,80.7,163.8,1.5,273.9,139.3,2.6,224.1,31.4,112.9,9.1,55.2,2720.7
2015-03-06,,138.0,1.9,19.9,52.3,2.8,66.7,8.8,3.3,44.3,6.5,194.7,76.4,18.2,40.0,20.1,183.1,63.1,,132.5,319.8,2.2,4.3,1.2,2.3,66.4,6.3,61.1,139.0,1.4,272.4,129.3,2.3,235.2,24.6,111.4,8.4,49.0,2509.2000000000007
2015-03-07,,142.3,1.6,19.9,50.6,3.1,69.1,10.8,4.4,48.7,8.3,226.8,72.0,20.1,42.5,20.6,176.7,61.4,,136.7,352.3,1.9,4.4,1.1,2.5,65.5,6.4,65.6,151.5,1.7,269.6,129.9,2.5,214.4,24.8,116.5,9.5,51.4,2587.1000000000004
2015-03-08,,137.6,1.6,20.9,51.9,3.0,75.5,14.9,5.8,51.1,7.6,247.8,76.5,21.9,34.4,20.7,163.6,57.5,,144.2,334.4,1.8,4.5,1.2,2.5,65.0,6.0,71.3,157.2,1.6,260.1,134.2,2.1,207.2,29.6,117.1,10.6,54.1,2596.9999999999995
2015-03-09,,143.1,1.4,21.4,52.2,3.3,77.8,15.7,6.4,55.6,8.5,256.0,84.3,22.4,30.7,20.5,168.8,62.7,,145.0,378.9,1.8,4.3,1.1,2.2,69.2,6.4,76.8,166.8,1.5,276.5,127.4,3.1,204.0,30.7,131.9,11.2,55.7,2725.3
2015-03-10,,143.7,1.4,22.3,52.6,3.3,78.2,15.8,6.4,56.5,8.7,259.6,92.5,23.5,37.6,21.1,178.5,64.7,,145.6,375.3,1.7,5.0,1.2,2.4,67.6,6.4,79.0,177.4,1.4,280.6,134.6,2.2,208.9,32.6,136.5,11.4,58.2,2794.4
2015-03-11,,144.0,1.4,21.5,52.7,3.4,80.8,16.1,6.5,57.3,9.0,263.7,93.5,23.7,39.6,21.9,184.2,65.6,,149.2,376.6,2.0,5.1,1.2,2.2,67.5,6.5,81.8,180.7,1.4,282.3,135.5,2.2,213.7,33.1,136.4,9.6,55.5,2827.399999999999
2015-03-12,,145.9,1.4,21.5,53.2,3.3,82.7,16.2,6.5,57.2,11.0,265.9,97.1,23.8,40.0,21.5,189.1,66.6,,140.2,371.2,2.0,5.1,1.2,2.2,67.6,6.5,83.4,183.7,1.7,282.8,138.4,2.2,213.8,32.9,137.0,10.7,55.9,2841.399999999999
2015-03-13,,145.8,1.4,21.2,52.8,3.4,82.1,15.9,6.5,58.8,9.1,251.6,94.8,24.6,40.7,23.1,194.8,68.0,,127.6,366.5,2.0,5.1,1.2,2.3,68.3,6.7,84.1,175.4,1.4,285.9,141.4,2.5,216.8,33.0,141.2,11.8,58.3,2826.1
2015-03-14,,146.7,1.5,21.9,52.4,3.3,76.3,16.2,6.5,55.7,9.1,256.1,91.8,24.2,39.9,22.3,192.4,61.4,,118.9,360.8,1.9,4.9,1.1,1.9,70.7,6.6,83.8,138.9,1.6,282.0,143.2,2.1,207.0,32.7,143.4,11.8,55.5,2746.5
2015-03-15,,146.2,1.4,20.4,50.1,3.0,81.7,16.0,6.3,53.7,8.0,247.7,79.2,22.2,38.7,22.1,181.2,58.2,,98.1,339.7,1.9,5.2,1.1,2.3,69.4,6.0,73.9,113.1,1.5,268.2,138.8,2.4,193.8,31.0,136.1,11.8,55.3,2585.7
2015-03-16,,146.4,1.5,21.4,47.5,3.3,81.8,16.1,6.4,56.6,8.8,260.5,90.4,23.5,31.7,22.2,194.0,61.6,,107.2,371.3,1.9,5.1,1.1,2.1,73.1,6.4,74.8,133.3,1.9,274.5,143.8,2.5,189.5,32.8,142.6,12.1,55.8,2705.4999999999995
2015-03-17,,145.9,1.4,22.7,51.7,3.3,80.5,16.0,6.4,57.6,9.1,263.0,92.3,23.9,34.1,22.5,198.1,64.7,,114.2,373.2,1.7,5.1,1.2,2.2,75.6,6.6,81.2,140.7,1.2,272.7,145.4,3.2,207.3,33.2,141.5,11.5,56.5,2767.399999999999
2015-03-18,,148.6,1.5,20.4,52.4,3.4,82.9,16.0,6.5,57.5,8.2,265.5,95.7,24.3,37.0,22.8,201.0,67.1,,120.2,385.7,1.6,5.0,1.1,2.1,75.0,6.5,84.0,148.9,0.8,275.1,147.0,2.5,211.5,32.8,146.0,11.7,57.0,2825.3
2015-03-19,,150.5,1.5,20.9,55.2,3.3,85.2,15.6,6.4,58.6,9.5,273.2,97.3,25.0,38.4,22.9,205.1,67.5,,125.0,397.4,1.6,5.0,1.1,2.2,75.8,6.5,85.7,159.7,0.9,291.8,150.0,3.3,212.0,33.7,143.4,11.0,57.9,2900.1
2015-03-21,,148.5,1.7,20.9,52.5,3.3,80.9,16.0,6.3,58.1,10.8,283.3,101.7,24.2,39.9,20.1,193.6,67.5,,133.1,393.5,1.7,5.1,1.2,2.3,79.0,6.7,91.3,166.3,1.4,284.1,144.4,2.9,214.8,33.6,144.6,9.5,56.8,2901.6
2015-03-22,,144.3,1.6,22.7,52.2,3.0,83.3,15.9,6.3,55.5,9.7,276.1,96.3,21.6,37.7,18.7,186.7,63.0,,133.7,393.5,1.6,4.7,1.1,1.9,76.0,6.1,92.5,170.6,1.1,273.3,141.5,2.7,216.1,31.3,140.7,8.6,56.3,2847.8999999999996
2015-03-22,,144.3,1.6,22.7,52.2,3.0,83.3,15.9,6.3,55.5,9.7,276.1,96.3,21.6,37.7,18.7,186.7,63.0,,133.7,393.5,1.6,4.7,1.1,1.9,76.0,6.1,92.5,170.6,1.1,273.3,141.5,2.7,216.1,31.3,140.7,8.6,56.3,2847.8999999999996
2015-03-23,,148.6,1.6,22.7,54.7,3.4,83.7,16.2,6.5,61.0,8.3,290.6,104.5,23.3,37.4,19.7,199.9,68.3,,138.7,412.3,1.3,4.7,1.1,2.2,75.8,6.7,88.7,179.2,1.4,289.5,147.6,2.6,227.2,35.0,143.3,8.9,56.0,2972.5999999999995
2015-03-24,,152.3,1.5,21.9,55.8,3.5,87.3,16.2,6.6,63.1,7.8,293.2,109.7,23.5,36.2,21.4,200.0,70.4,,144.2,422.0,1.8,5.2,1.2,2.1,78.5,6.3,99.1,184.7,1.5,292.2,148.6,2.3,234.9,33.7,143.3,9.1,56.2,3037.2999999999997
2015-03-25,,151.7,1.3,20.9,58.5,3.6,88.2,16.0,6.6,66.7,8.8,293.0,112.1,22.9,36.3,20.5,206.9,70.1,,145.5,421.8,1.5,4.8,0.9,2.1,80.3,6.6,109.7,184.3,1.4,293.8,151.2,2.5,236.9,32.5,149.3,9.1,57.5,3075.8
2015-03-26,,153.7,1.7,22.7,56.8,3.7,87.8,16.2,6.5,70.2,8.9,300.3,109.9,23.0,39.3,19.3,211.7,71.0,,151.7,433.2,1.8,4.6,1.1,2.2,78.3,6.5,114.2,181.2,1.5,295.6,154.1,2.8,243.2,34.4,154.3,8.6,58.0,3130.0
2015-03-27,,149.1,1.7,20.9,53.9,3.7,88.3,16.3,6.6,69.1,9.1,299.3,105.2,22.9,38.5,18.8,207.7,69.8,,146.4,418.0,1.9,5.0,1.2,2.0,77.8,6.7,120.3,170.1,1.2,292.4,152.2,2.8,236.5,32.3,148.2,9.0,54.2,3059.0999999999995
2015-03-28,,149.4,2.0,19.7,52.3,3.6,87.4,16.4,6.6,65.9,9.3,295.3,105.8,23.5,38.6,17.2,202.9,69.8,,145.1,416.6,2.0,4.3,1.2,1.4,73.7,6.6,120.3,178.0,1.4,288.7,152.9,3.0,240.1,31.5,143.5,9.4,54.6,3040.0000000000005
2015-03-29,,148.4,1.8,20.5,56.3,3.2,85.8,16.3,6.4,61.8,8.8,280.4,85.9,23.5,32.8,20.9,196.0,64.5,,138.3,395.5,2.0,4.6,1.2,2.0,74.4,6.2,89.9,166.4,1.2,278.4,147.0,3.0,235.6,31.1,143.3,9.8,56.3,2899.4999999999995
2015-03-30,,147.6,0.9,20.3,45.4,3.5,82.2,16.3,6.4,62.1,9.9,285.3,84.4,23.4,32.7,21.3,199.1,68.9,,133.1,401.7,1.9,4.7,1.1,2.0,75.3,6.6,85.0,157.8,1.3,288.4,145.4,3.6,208.4,27.7,131.1,9.9,54.9,2849.5999999999995
2015-03-31,,151.2,1.0,19.1,46.8,3.5,83.8,15.9,6.1,64.4,9.5,285.1,92.4,24.9,38.1,21.1,196.4,68.6,,139.5,411.5,2.2,4.6,1.2,1.8,74.3,6.6,89.0,163.6,2.1,293.1,145.3,3.5,223.2,31.5,116.0,10.0,56.7,2903.6
2015-04-01,,150.4,0.9,21.8,48.8,3.6,83.8,15.5,5.7,67.2,9.0,281.6,94.0,24.2,39.2,22.1,196.8,65.9,,144.3,404.3,2.2,4.4,1.1,2.0,74.2,6.7,89.7,163.2,1.9,290.3,149.0,2.1,219.4,31.3,127.9,9.5,55.8,2909.7999999999997
2015-04-02,,149.9,1.1,19.0,46.7,3.4,84.1,15.9,5.9,66.7,8.4,285.9,93.2,23.8,36.7,21.1,199.0,65.3,,144.1,410.1,2.2,4.7,0.7,1.8,73.9,6.8,90.2,162.9,1.4,289.4,151.1,2.2,226.2,30.7,130.4,9.8,56.2,2920.8999999999996
2015-04-03,,151.5,0.9,18.9,48.8,3.4,84.6,16.1,6.3,66.0,8.4,288.1,84.8,24.6,36.7,21.2,197.4,61.3,,141.7,401.2,2.4,4.5,0.8,1.7,76.5,7.1,89.9,128.2,1.4,292.2,152.2,1.7,201.8,32.0,137.4,10.3,56.1,2858.0999999999995
2015-04-04,,153.6,1.0,16.3,50.2,3.4,82.9,16.3,6.3,60.7,8.4,284.7,80.1,23.1,34.9,21.3,199.8,63.8,,141.9,400.6,2.1,4.0,1.1,1.5,76.7,6.9,86.4,121.8,1.3,278.4,152.6,1.8,207.1,27.6,133.2,10.4,55.5,2817.7000000000003
2015-04-05,,150.0,1.2,17.5,46.0,3.5,85.2,16.0,6.1,69.2,8.4,276.5,91.1,24.0,37.0,21.4,201.5,68.7,,145.7,395.1,0.9,4.2,1.0,1.4,73.7,6.6,84.3,144.8,1.1,290.4,150.5,2.3,214.4,28.3,128.3,10.6,55.4,2862.3
2015-04-05,,150.0,1.0,13.0,48.1,3.1,85.2,16.0,6.1,57.8,8.4,276.5,83.1,22.1,37.4,21.1,190.4,65.0,,145.7,395.1,0.9,3.3,0.7,1.0,76.0,6.6,80.6,138.5,0.7,280.2,145.6,1.4,209.8,29.7,121.7,10.6,54.5,2786.9
2015-04-07,,150.6,1.4,19.1,51.1,3.4,85.2,16.0,6.1,65.0,8.4,276.5,89.8,25.6,38.6,19.0,198.9,64.8,,145.7,395.1,1.1,4.6,1.0,1.6,72.3,7.0,78.9,140.5,1.3,294.8,148.1,2.8,224.1,30.4,129.0,10.6,55.6,2864.0
2015-04-08,,152.0,1.3,18.3,48.2,3.5,80.0,16.2,6.5,66.3,9.3,295.2,91.1,25.2,38.4,18.1,195.7,62.3,,148.1,421.2,1.3,4.7,1.0,1.7,75.8,7.0,80.6,151.9,1.4,295.0,146.2,2.7,227.8,31.2,120.9,11.9,57.1,2915.0999999999995
2015-04-08,,152.0,1.3,18.3,48.2,3.5,80.0,16.2,6.5,66.3,9.3,295.2,91.1,25.2,38.4,18.1,195.7,62.3,,148.1,421.2,1.3,4.7,1.0,1.7,75.8,7.0,80.6,151.9,1.4,295.0,146.2,2.7,227.8,31.2,120.9,11.9,57.1,2915.0999999999995
2015-04-09,,150.1,1.2,19.8,48.5,3.6,73.4,16.5,6.5,67.7,9.3,300.1,97.3,24.2,39.0,19.9,193.1,64.5,,149.0,421.3,1.8,4.6,1.2,2.0,73.2,7.2,86.9,155.4,1.1,294.4,147.6,3.2,222.5,29.5,130.1,11.8,56.8,2934.2999999999997
2015-04-10,,152.4,1.1,18.9,49.2,3.7,82.5,16.5,6.4,70.8,9.1,301.0,99.7,25.2,37.7,22.0,197.9,63.0,,152.5,402.4,1.5,4.6,1.2,2.0,76.9,7.3,92.9,161.3,1.0,295.5,144.6,3.2,226.3,32.1,137.2,11.6,56.6,2967.7999999999997
2015-04-11,,149.0,1.7,21.8,48.6,3.7,79.5,16.5,6.3,70.1,9.1,292.9,99.5,24.3,37.4,23.3,180.4,63.6,,134.9,384.9,1.5,4.5,1.3,1.9,76.9,7.1,93.4,145.1,1.2,296.8,133.4,3.2,219.7,33.3,139.2,9.8,57.1,2872.9
2015-04-12,,134.9,1.6,21.3,49.1,3.2,78.7,16.4,6.2,63.3,9.0,251.5,86.6,22.6,35.9,20.9,157.7,58.5,,112.8,356.9,2.0,4.6,1.2,1.9,70.7,7.3,89.5,137.7,0.9,274.4,111.9,2.9,219.0,31.8,134.9,8.9,56.3,2642.9999999999995
2015-04-13,,128.0,1.8,21.5,49.0,3.7,78.0,16.5,6.4,68.0,9.1,264.2,93.0,23.8,36.9,20.7,158.1,61.6,,117.2,372.0,2.1,4.3,1.2,1.9,75.5,6.7,92.7,143.2,1.5,258.3,110.2,3.1,215.3,33.3,140.0,8.7,57.0,2684.5
2015-04-14,,123.4,1.5,22.0,52.2,3.6,76.1,15.9,6.3,68.2,8.9,270.9,97.3,24.8,35.9,20.7,161.9,62.1,,120.1,371.6,2.1,4.5,1.2,1.8,78.4,6.2,95.0,148.9,1.3,248.3,104.4,3.0,212.5,33.6,140.6,8.8,55.6,2689.6000000000004
2015-04-15,,121.8,1.1,22.0,52.3,4.0,74.7,16.3,6.4,72.8,9.3,281.2,98.9,22.5,35.3,20.5,166.7,59.3,,125.2,383.6,2.2,4.6,1.2,1.5,81.6,6.5,100.0,153.7,1.2,251.1,112.7,3.0,230.9,32.9,138.1,10.0,54.7,2759.7999999999997
2015-04-16,,127.8,1.1,23.5,50.4,3.7,78.6,16.5,6.3,72.5,9.1,293.3,94.3,23.1,31.6,21.6,171.8,62.7,,132.2,388.7,2.3,4.7,1.2,1.3,76.6,6.9,88.6,163.0,1.3,246.5,118.0,2.9,232.6,33.6,142.5,10.0,55.5,2796.2999999999997
2015-04-17,,129.8,1.2,21.9,53.3,3.8,82.7,16.3,6.6,75.4,9.1,299.9,99.3,24.6,37.1,22.0,170.1,64.0,,140.1,391.9,2.0,4.6,1.2,2.0,77.2,6.9,91.5,166.5,1.3,255.1,121.6,3.0,232.0,33.9,138.5,10.3,57.5,2854.2000000000003
2015-04-18,,133.6,1.1,17.8,53.2,3.7,83.4,16.3,6.4,73.1,9.7,301.2,101.8,24.6,37.0,22.0,163.1,63.8,,139.7,400.6,1.8,4.0,0.8,1.9,76.9,6.9,91.0,169.3,1.4,242.0,125.6,2.4,230.1,34.1,134.5,8.8,56.3,2839.9000000000005
2015-04-19,,134.2,1.0,18.4,55.2,3.5,84.9,16.3,6.3,73.1,8.6,293.0,94.5,22.4,34.5,21.0,170.9,59.2,,145.8,401.9,1.4,3.9,0.7,1.5,74.5,6.4,93.9,169.3,0.3,239.8,127.3,2.0,233.5,32.6,131.4,8.1,62.0,2833.2999999999997
2015-04-20,,140.6,0.7,19.4,53.8,4.4,87.5,16.5,6.4,82.7,9.5,303.5,104.5,23.7,31.7,22.9,185.1,63.8,,149.5,426.5,1.5,4.7,0.9,1.8,78.9,6.8,94.9,172.1,1.3,260.7,134.6,3.0,244.3,33.1,147.7,8.6,57.9,2985.4999999999995
2015-04-21,,143.8,1.0,19.3,51.2,4.6,84.9,16.3,6.3,84.6,8.6,293.0,113.3,23.7,37.2,22.9,186.3,59.8,,145.8,401.9,1.8,4.3,0.2,1.6,79.5,6.7,104.1,180.5,1.3,270.4,136.9,3.2,258.5,35.9,144.4,8.1,58.2,3000.1
2015-04-22,,143.5,1.0,18.5,50.1,4.6,87.6,16.9,6.6,85.7,9.5,304.5,112.1,24.7,38.7,22.0,181.0,59.0,,151.1,433.6,1.5,3.6,0.6,1.6,73.2,7.4,100.4,178.3,0.8,276.2,137.5,2.4,260.1,35.9,131.0,7.3,58.3,3026.7999999999997
2015-04-23,,148.9,1.2,19.6,55.5,4.6,85.4,16.3,6.2,86.0,9.5,305.6,111.3,24.8,37.0,21.3,169.4,65.8,,147.9,430.2,0.4,4.0,0.8,1.3,69.6,6.7,113.2,180.5,1.2,278.8,130.7,2.7,258.8,35.6,120.5,8.1,53.8,3013.2
2015-04-24,,126.8,1.2,19.3,51.9,4.7,80.8,16.6,5.7,88.2,9.4,305.8,112.9,25.0,39.5,17.9,165.1,62.9,,153.0,420.5,0.9,3.0,1.1,1.8,69.8,6.8,117.8,178.4,1.5,269.7,125.3,2.2,260.1,35.7,111.1,8.2,49.0,2949.6
2015-04-25,,130.5,0.9,18.5,37.5,4.6,74.8,16.8,6.5,85.3,9.4,305.0,113.8,24.8,37.5,16.9,163.6,60.3,,149.8,422.0,1.6,4.2,1.2,1.9,63.9,6.7,116.1,178.5,1.8,235.4,125.4,2.8,232.7,35.5,102.1,8.7,53.3,2850.2999999999997
2015-04-26,,130.9,1.0,20.4,46.6,4.0,61.9,16.6,5.8,75.5,8.6,292.4,110.3,23.2,36.9,19.8,158.1,55.1,,148.3,407.0,1.8,4.6,1.2,2.0,64.9,6.6,107.1,178.6,1.5,236.8,121.9,2.6,232.5,33.5,112.2,8.8,54.3,2793.2999999999997
2015-04-27,,124.2,1.3,20.5,52.6,4.6,70.6,16.8,6.2,84.1,8.6,301.1,108.8,23.8,29.6,18.8,174.8,59.9,,149.5,424.7,2.1,3.9,1.1,1.8,67.2,6.9,109.5,179.6,1.3,254.6,124.1,3.2,249.3,35.7,117.3,9.4,53.1,2900.6
2015-04-28,,142.5,1.3,21.7,46.9,4.8,77.0,16.6,6.5,86.0,10.6,300.6,113.9,24.7,37.3,16.3,178.3,60.0,,144.5,427.9,2.0,4.1,1.1,2.0,58.5,7.1,113.9,190.7,1.0,260.0,131.7,3.3,234.7,33.3,109.9,9.9,53.6,2934.2
2015-04-29,,137.4,1.0,19.5,48.1,4.7,77.0,16.8,6.0,88.9,10.9,303.6,115.4,26.1,37.5,17.2,176.2,64.7,,153.3,432.8,2.0,4.8,1.2,2.0,58.0,7.1,118.8,185.2,1.0,274.4,134.0,3.1,245.9,36.0,113.0,10.1,53.4,2987.1
2015-04-30,,139.8,1.3,19.6,54.5,4.8,80.2,16.5,6.5,91.5,9.7,303.4,116.3,25.0,34.4,18.2,167.9,62.5,,153.9,429.9,2.1,4.7,1.2,1.7,66.9,6.9,105.0,177.9,1.1,276.7,131.9,3.1,249.2,36.0,128.0,9.4,54.9,2992.599999999999
2015-05-01,,138.8,1.2,20.8,55.6,4.6,80.2,15.3,4.9,88.2,8.3,301.4,117.7,24.4,40.5,18.7,161.1,61.0,,153.0,383.2,1.3,4.8,1.2,2.1,72.5,7.0,112.0,184.7,1.0,259.6,123.9,2.8,243.4,21.2,126.0,8.2,51.5,2902.1
2015-05-03,,135.4,1.2,19.8,56.6,4.0,76.8,16.2,6.2,81.9,9.4,287.0,111.7,22.4,38.3,18.1,155.5,61.1,,154.1,416.3,1.7,4.1,1.2,2.1,70.4,7.6,117.5,183.7,1.1,258.6,121.6,3.0,248.0,32.4,122.3,7.9,55.6,2910.7999999999993
2015-05-04,,142.1,1.2,19.3,55.3,4.7,76.1,16.4,6.4,86.1,9.4,299.4,124.3,23.4,36.6,18.9,170.6,62.1,,150.8,418.7,1.7,4.1,1.1,1.9,73.9,7.3,124.1,185.0,1.1,271.4,124.4,2.9,263.4,33.7,124.1,8.0,56.6,3006.5
2015-05-05,,142.9,1.1,19.0,55.3,4.9,79.9,16.1,6.4,92.5,9.1,298.7,124.9,24.6,35.7,20.0,172.8,62.3,,152.4,406.3,1.8,4.7,1.1,2.3,70.8,7.2,126.6,186.1,1.4,279.9,119.0,3.2,260.7,34.5,141.9,7.9,57.3,3031.2999999999997
2015-05-06,,144.4,1.0,21.9,59.1,5.2,79.6,16.3,6.2,95.2,7.5,296.6,134.6,25.1,36.8,20.7,170.6,64.4,,154.8,417.7,2.3,3.9,1.1,1.8,67.7,7.3,129.6,182.8,1.4,282.2,122.3,2.3,269.9,36.2,145.8,8.5,57.0,3079.8
2015-05-07,,142.9,1.2,20.1,60.8,5.4,79.6,16.2,6.5,97.4,9.4,300.1,133.2,25.3,36.4,21.7,174.7,64.2,,154.5,430.4,2.2,3.8,1.1,1.7,70.7,6.6,125.8,184.1,1.2,286.6,125.8,2.8,270.1,36.9,149.2,6.6,58.0,3113.2
2015-05-08,,147.6,1.2,20.5,58.7,5.6,80.4,16.4,6.6,102.1,9.6,299.3,141.4,25.6,35.7,21.4,179.3,63.2,,156.5,421.8,2.1,3.4,1.1,1.8,73.0,7.2,138.1,192.6,1.3,283.1,128.6,2.5,280.0,37.1,145.4,8.9,58.0,3157.1000000000004
2015-05-09,,145.3,1.1,22.9,60.4,5.4,80.4,16.4,6.6,98.5,9.6,299.3,149.9,25.8,35.0,21.2,172.1,62.2,,156.5,421.8,1.9,4.4,1.2,2.1,72.1,7.3,152.4,196.7,1.3,281.6,126.4,2.8,280.7,39.0,140.4,8.9,59.2,3168.8
2015-05-09,,145.3,1.1,22.9,60.4,5.4,80.4,16.4,6.6,98.5,9.6,299.3,149.9,25.8,35.0,21.2,172.1,62.2,,156.5,421.8,1.9,4.4,1.2,2.1,72.1,7.3,152.4,196.7,1.3,281.6,126.4,2.8,280.7,39.0,140.4,8.9,59.2,3168.8
2015-05-10,,145.4,1.2,24.0,60.0,5.1,78.9,15.9,6.2,97.1,8.3,283.8,136.9,23.9,37.4,21.5,164.1,57.0,,150.5,397.1,2.3,4.1,1.2,1.9,68.4,6.8,150.5,192.7,1.5,264.1,122.4,3.0,283.4,37.0,142.6,8.4,58.8,3063.3999999999996
2015-05-11,,146.8,1.1,24.8,51.1,5.6,78.0,15.1,6.1,102.3,9.0,293.8,127.4,25.5,34.8,21.6,174.6,57.2,,154.4,425.6,2.1,5.1,1.2,1.9,72.0,6.9,133.0,185.5,2.0,264.8,126.3,3.0,284.0,36.3,155.3,8.5,60.0,3102.7
2015-05-12,,149.5,1.3,22.7,48.1,5.2,78.1,16.0,6.5,102.4,8.9,297.6,134.1,24.3,30.5,20.9,170.2,58.7,,157.9,423.4,1.9,4.2,1.2,1.9,67.2,7.0,133.7,178.8,1.0,262.5,126.5,3.0,272.3,35.0,143.4,9.0,62.2,3067.1
2015-05-13,,149.5,1.4,22.5,53.0,5.0,74.0,16.2,6.5,94.3,9.0,288.7,126.1,25.2,35.5,19.6,164.6,57.4,,151.2,420.5,1.9,4.2,1.2,1.9,71.2,6.5,133.1,177.9,1.2,245.2,121.8,2.9,258.5,32.5,146.4,8.6,56.5,2991.7
2015-05-14,,148.1,1.5,23.2,55.8,4.8,73.0,16.2,6.5,89.0,8.8,292.4,121.7,25.2,35.2,22.3,163.8,61.1,,150.7,399.4,2.3,4.6,1.2,2.0,70.6,6.0,126.2,185.5,1.2,246.2,125.9,3.2,256.5,34.5,146.0,9.3,58.5,2978.4
2015-05-15,,143.7,1.2,21.3,59.7,4.8,78.2,15.9,6.3,90.3,9.3,295.4,125.5,24.6,36.9,20.2,166.2,63.8,,152.8,405.4,2.1,4.2,1.2,2.0,70.3,6.4,118.6,185.4,1.2,246.3,123.5,2.9,265.8,37.5,148.0,8.9,59.6,3005.3999999999996
2015-05-16,,137.6,1.2,23.0,57.8,4.7,72.6,15.8,6.5,88.6,9.2,296.2,123.8,25.7,37.4,20.5,150.5,61.3,,153.1,415.4,2.1,4.6,1.2,2.0,67.0,6.2,128.1,186.8,0.9,236.0,116.8,3.0,254.0,37.9,137.6,9.1,59.8,2953.9999999999995
2015-05-17,,131.0,1.0,22.2,56.1,4.6,73.3,15.5,6.3,87.8,7.9,286.2,122.3,24.6,34.3,18.9,137.4,54.4,,152.3,407.7,2.2,4.1,1.2,1.8,62.9,5.6,133.6,190.0,1.0,216.0,114.6,2.8,271.5,37.5,132.5,9.2,60.0,2890.2999999999997
2015-05-18,,137.3,1.3,22.2,57.3,5.6,76.4,15.8,6.4,101.9,9.1,297.9,133.9,25.6,29.2,21.2,145.4,60.0,,153.3,425.9,2.1,4.3,1.2,2.1,70.5,6.0,139.2,193.5,1.3,224.2,123.1,2.9,266.3,38.9,139.6,7.6,60.8,3009.3
2015-05-19,,147.3,1.2,23.9,59.3,5.7,78.8,16.0,6.6,100.0,9.4,299.0,120.9,26.0,37.1,22.2,147.0,60.5,,149.8,429.8,1.9,5.7,1.3,1.9,71.3,6.3,147.2,175.2,1.3,243.6,127.0,3.4,268.4,39.7,146.0,7.5,61.3,3049.5
2015-05-20,,144.5,1.1,25.4,56.0,5.7,77.8,16.0,6.5,95.8,9.5,299.7,124.6,26.7,36.5,22.9,155.0,63.3,,139.4,436.4,2.0,4.1,1.3,1.8,76.1,6.6,143.5,164.3,1.1,257.1,131.4,3.6,245.0,39.2,152.4,8.2,63.8,3044.3
2015-05-21,,148.3,1.3,26.3,57.4,5.8,78.1,16.4,6.3,102.4,9.6,302.1,136.2,26.0,36.7,22.3,163.8,66.0,,154.0,431.0,1.7,4.5,1.2,1.8,72.9,7.0,152.2,181.0,1.1,271.7,131.2,3.8,275.6,38.2,157.4,9.0,62.5,3162.8
2015-05-22,,157.2,1.2,23.5,58.3,5.8,78.2,16.1,6.5,104.5,9.5,301.3,140.7,25.3,38.1,23.0,173.2,67.9,,154.9,426.3,1.9,4.2,1.2,1.8,73.7,7.2,152.2,180.5,1.2,277.0,133.3,3.4,283.9,38.1,158.3,9.3,62.5,3201.2000000000003
2015-05-23,,152.7,1.1,18.6,61.9,5.6,77.3,12.5,6.4,102.5,9.4,294.4,139.5,26.1,36.1,22.6,172.1,67.2,,154.2,426.0,1.6,3.5,1.2,1.9,74.4,7.2,155.0,189.5,1.3,281.2,130.1,3.1,283.2,37.7,152.9,9.6,61.8,3181.3999999999996
2015-05-24,,149.6,1.2,19.2,60.0,5.2,77.5,15.3,6.2,100.4,8.4,283.0,134.1,23.7,37.6,21.6,164.4,62.0,,148.0,411.1,1.7,3.2,0.9,1.9,82.4,6.8,146.9,190.4,1.0,268.8,125.8,2.7,275.8,36.6,142.5,9.7,62.0,3087.6
2015-05-25,,151.2,1.1,18.4,61.3,6.2,77.5,15.3,6.2,108.4,8.4,283.0,141.8,25.9,36.9,23.4,181.5,64.8,,148.0,411.1,1.9,5.1,1.0,1.9,83.8,6.7,154.9,192.6,1.3,279.7,130.8,3.3,293.8,39.4,140.0,9.7,59.9,3176.2
2015-05-26,,153.6,1.1,19.9,55.4,6.2,76.9,16.1,6.6,110.3,9.5,297.1,145.8,26.0,33.8,21.7,190.5,68.3,,155.3,436.6,2.0,4.8,1.1,1.5,80.3,7.1,153.5,198.1,3.3,290.3,134.0,3.3,291.8,40.1,137.8,8.2,58.8,3246.7000000000003
2015-05-27,,147.5,1.1,21.9,54.9,6.2,79.8,16.0,6.6,107.4,9.7,300.0,144.1,26.4,38.7,20.1,185.0,68.8,,164.4,439.6,1.9,4.0,1.1,1.8,80.9,6.1,153.0,198.3,1.5,278.0,134.3,2.9,291.4,39.3,147.1,7.7,63.0,3250.5000000000005
2015-05-28,,143.3,1.1,21.9,57.0,6.0,79.4,16.0,6.6,107.7,9.7,301.0,139.6,26.0,38.6,21.8,162.7,64.7,,157.6,438.2,1.8,3.9,1.1,1.8,80.8,5.9,153.6,180.9,1.2,258.8,135.2,3.3,292.6,41.3,153.7,7.9,62.8,3185.5000000000005
2015-05-29,,149.2,1.2,20.1,58.8,6.0,81.0,16.1,5.8,110.1,9.7,300.4,147.3,26.1,38.5,22.7,162.0,66.6,,159.6,426.4,2.1,3.9,1.2,1.9,81.6,6.6,157.4,201.2,1.2,264.7,133.5,3.2,297.5,40.9,155.1,9.1,63.3,3232.0
2015-05-30,,146.5,1.0,21.0,61.4,5.8,79.3,16.0,5.5,106.1,9.2,301.1,147.3,26.1,36.1,22.8,141.8,66.2,,158.8,413.1,1.9,4.6,1.2,1.8,82.5,6.7,161.1,199.0,1.3,270.1,129.7,3.2,293.1,40.9,150.1,9.0,64.0,3185.2999999999997
2015-05-31,,144.1,1.1,20.6,61.3,4.8,76.0,15.8,6.2,98.5,8.5,290.5,128.0,24.5,34.9,21.6,136.5,61.5,,156.7,410.3,2.1,4.4,1.2,1.9,76.1,6.3,144.3,192.2,1.1,259.7,125.8,3.3,285.2,36.7,139.7,10.0,60.4,3051.8
2015-06-01,,135.3,1.2,19.9,58.4,5.2,70.2,13.9,6.4,96.4,9.0,295.0,109.9,24.6,33.9,21.6,133.9,64.1,,152.4,422.7,1.9,3.7,1.2,2.0,75.7,6.3,129.4,171.8,1.0,263.4,123.3,3.6,278.4,37.0,148.7,6.9,60.9,2989.2
2015-06-02,,132.1,1.1,20.9,57.7,4.9,75.1,17.2,6.6,93.2,9.1,284.8,122.2,24.9,35.4,22.0,145.2,65.4,,150.4,421.9,2.1,3.8,1.2,1.9,78.3,6.6,134.7,168.9,1.3,271.7,124.3,3.8,282.4,39.1,154.1,5.8,60.6,3030.7000000000003
2015-06-03,,127.2,1.0,21.9,62.4,4.7,71.9,16.0,6.6,85.4,9.3,276.1,123.5,24.2,36.6,20.8,150.5,63.5,,152.6,425.4,1.9,4.1,1.3,1.9,72.3,6.6,126.3,164.6,1.2,275.5,129.0,3.9,282.2,37.3,151.8,6.0,63.5,3009.0000000000005
2015-06-07,,117.4,1.5,20.4,62.4,4.7,69.6,14.4,5.9,95.9,7.4,291.3,136.2,24.3,36.0,22.1,143.9,59.1,,156.4,384.1,2.5,5.5,1.2,2.0,72.2,6.5,143.6,199.8,0.9,264.0,116.2,4.1,291.9,39.2,139.3,7.4,61.4,3010.7
2015-06-08,,129.7,1.2,22.6,62.0,5.8,74.6,15.0,6.1,109.2,8.1,286.6,144.3,25.9,35.3,22.5,159.1,59.4,,153.5,387.5,2.3,4.3,1.2,2.0,76.1,6.8,154.1,200.3,1.0,273.2,121.0,4.4,293.5,40.5,147.7,7.0,62.9,3106.7000000000003
2015-06-09,,127.3,1.5,22.4,61.5,6.1,74.6,15.8,6.4,106.9,8.4,283.9,149.1,26.8,35.8,23.3,160.2,61.8,,151.7,401.8,2.0,3.5,1.2,2.1,79.3,7.2,155.7,201.6,1.0,282.1,124.0,4.2,290.3,40.9,146.0,6.6,62.3,3135.2999999999997
2015-06-10,,133.1,0.9,18.3,59.6,6.3,73.0,16.2,6.6,115.2,8.3,285.4,152.7,25.7,35.1,24.0,161.4,61.9,,152.0,406.2,1.8,3.3,1.2,2.0,81.6,6.3,163.1,197.0,1.2,279.0,125.7,3.5,298.3,41.7,144.2,8.1,64.3,3164.2
2015-06-11,,141.3,1.2,20.2,58.8,6.2,74.2,16.1,6.4,115.2,8.5,289.1,156.1,24.6,35.7,17.3,167.0,61.1,,137.5,394.6,1.8,4.6,1.2,2.0,77.2,7.2,163.4,181.7,1.5,286.2,125.2,2.5,303.9,42.9,136.5,9.1,65.1,3143.1
2015-06-12,,134.2,1.0,21.8,56.6,6.2,69.9,15.5,6.5,116.1,8.5,289.8,158.9,26.9,36.8,19.0,164.6,60.0,,136.7,371.7,1.6,4.9,1.0,1.8,70.2,7.0,184.1,180.2,1.0,281.8,121.2,3.1,298.4,41.7,133.1,9.1,58.1,3099.0
2015-06-13,,135.9,0.7,21.6,54.0,5.3,71.0,15.3,6.5,99.4,8.0,282.0,126.6,25.4,35.7,19.8,159.4,60.6,,123.5,363.6,2.0,4.0,1.2,1.7,71.6,7.0,167.9,185.6,1.1,281.8,112.8,3.1,255.3,39.9,133.8,6.4,62.9,2952.3999999999996
2015-06-14,,125.2,0.8,22.0,57.1,4.7,59.2,15.8,6.2,80.9,7.2,265.9,101.5,24.3,34.8,19.5,145.4,54.4,,119.8,346.5,2.0,4.2,1.1,1.9,67.0,6.8,164.5,174.3,0.9,264.1,101.4,3.3,269.8,36.1,121.8,6.1,58.7,2775.2
2015-06-15,,130.4,1.1,22.8,59.1,5.5,68.1,15.6,6.3,97.0,7.9,272.4,127.4,25.5,35.6,20.1,153.1,59.6,,125.3,357.9,0.3,4.1,1.1,1.8,66.9,6.8,185.1,175.8,1.1,281.4,109.1,3.4,286.3,39.7,128.9,7.4,59.8,2949.7000000000003
2015-06-16,,128.4,0.9,23.0,53.7,5.9,71.6,15.9,6.4,100.8,9.5,271.8,143.3,26.2,35.9,22.2,157.5,58.5,,125.6,363.3,1.9,4.3,1.1,1.7,70.4,7.0,202.5,174.7,1.1,281.6,111.1,3.6,286.2,40.5,137.1,9.5,61.6,3016.2999999999997
2015-06-17,,129.3,1.0,24.1,61.5,6.2,68.5,16.3,6.5,104.2,8.1,265.5,157.7,27.0,37.3,22.7,156.6,57.4,,129.6,363.7,1.9,4.4,1.1,1.7,71.3,6.7,212.7,180.5,1.1,275.3,108.4,3.4,289.7,40.0,135.8,9.1,60.9,3047.2
2015-06-18,,123.5,1.0,25.0,64.7,6.5,70.3,16.3,6.5,110.4,8.6,271.0,160.4,27.1,36.5,22.4,153.9,56.2,,131.8,351.6,1.7,4.3,1.1,1.6,74.5,6.4,217.0,180.3,1.1,270.5,109.2,3.5,294.2,41.2,142.0,9.5,62.8,3064.6000000000004
2015-06-19,,117.6,1.0,25.4,62.5,6.8,73.0,14.5,6.6,116.8,7.7,274.0,170.0,25.6,36.6,21.6,148.0,54.7,,130.2,335.6,1.7,4.1,1.1,1.7,72.8,6.1,225.0,192.2,1.3,263.6,107.7,4.1,294.2,40.2,141.7,9.5,61.7,3056.8999999999996
2015-06-20,,123.4,1.2,25.9,61.1,5.7,75.1,16.3,6.4,110.1,7.7,275.3,159.8,24.1,33.2,20.3,138.5,57.2,,131.1,345.6,2.0,4.4,1.1,1.7,68.3,6.7,216.5,200.4,1.5,248.3,103.0,3.6,284.6,32.7,138.0,6.2,62.3,2999.2999999999997
2015-06-21,,113.3,1.2,24.8,57.3,5.0,70.2,16.1,6.4,94.6,7.7,265.2,140.2,23.3,32.3,18.1,124.6,50.4,,124.7,335.3,2.0,4.3,1.0,1.6,67.7,6.4,204.6,197.2,1.1,241.0,97.2,3.1,280.7,33.6,128.2,7.9,60.4,2848.7
2015-06-22,,117.4,1.4,22.8,54.8,5.9,61.5,14.3,6.1,105.7,9.4,263.3,157.5,23.9,36.5,20.5,138.0,50.8,,122.7,330.2,1.8,4.3,1.0,1.7,64.4,6.9,223.9,186.3,1.0,259.8,101.2,2.8,286.3,36.3,129.9,8.2,59.7,2918.2
2015-06-23,,129.4,1.8,22.5,56.4,6.0,62.9,15.5,6.3,106.6,9.8,251.5,152.6,25.2,36.3,20.1,141.2,57.9,,121.9,334.5,2.0,4.4,1.2,1.6,72.6,7.2,195.0,184.2,1.2,278.9,110.2,3.2,290.1,39.8,130.6,8.7,60.4,2949.7
2015-06-24,,137.7,1.2,24.5,59.9,6.0,68.3,13.0,5.0,104.3,9.1,188.5,151.0,25.5,33.6,20.2,144.4,60.0,,115.2,325.2,1.9,4.9,1.2,1.6,70.2,7.3,188.9,170.8,1.2,281.7,117.4,3.2,278.0,39.2,132.2,7.7,60.9,2860.8999999999996
2015-06-25,,138.8,1.2,26.2,56.9,5.5,67.3,16.0,6.4,91.2,10.0,207.8,138.5,24.0,34.4,23.9,152.4,59.4,,104.5,348.1,2.1,4.7,1.2,1.7,72.5,7.1,184.2,152.9,1.3,278.6,116.6,3.0,233.2,31.4,129.1,7.7,62.8,2802.5999999999995
2015-06-26,,143.5,1.2,24.7,57.7,5.7,64.5,16.3,6.5,95.8,9.7,233.2,157.0,24.8,36.9,21.9,157.8,55.0,,114.5,353.7,2.1,4.0,1.2,1.9,79.7,7.4,202.3,159.9,1.4,294.2,119.1,2.8,254.3,32.7,126.7,9.2,62.0,2941.3
2015-06-27,,132.2,1.3,23.3,50.6,5.7,69.6,16.6,6.7,100.1,8.8,245.5,163.1,26.1,37.7,20.4,154.3,52.8,,120.7,375.2,1.6,4.4,1.1,1.5,76.2,7.1,217.8,165.1,1.5,292.5,118.7,2.9,275.6,37.3,122.8,9.2,59.7,3005.7000000000003
2015-06-28,,138.9,1.1,24.0,39.3,5.5,70.4,16.5,6.4,101.4,9.0,243.7,162.1,25.5,36.9,20.1,151.6,51.2,,122.4,376.3,1.9,4.7,1.1,2.0,77.2,6.8,222.4,174.1,1.3,275.7,117.6,3.0,264.5,37.7,120.3,8.3,56.3,2977.1999999999994
2015-06-29,,142.1,1.2,24.3,55.5,6.1,65.4,16.5,6.5,105.9,8.8,261.5,161.0,25.7,35.1,21.2,165.8,57.2,,123.9,399.8,2.3,4.6,1.1,2.2,72.1,6.7,197.4,173.4,1.1,291.6,125.3,3.3,242.9,36.0,131.5,8.2,56.8,3040.0
2015-06-30,,142.2,1.9,26.6,60.5,5.8,68.1,16.1,6.7,105.7,9.1,265.9,160.4,25.6,36.3,21.2,168.0,59.8,,129.0,404.7,2.3,5.0,1.1,1.6,69.0,6.7,168.1,167.1,1.1,296.2,129.1,3.2,243.4,35.1,133.5,8.7,59.3,3044.0999999999995
2015-07-01,,142.8,1.3,26.4,57.6,6.2,65.6,16.0,6.6,105.4,8.5,268.8,161.1,26.0,36.5,21.3,170.1,61.6,,127.7,400.3,2.1,4.7,1.1,1.7,73.1,7.0,195.9,162.3,1.0,298.7,129.8,3.2,264.4,35.0,141.0,8.2,58.5,3097.4999999999995
2015-07-02,,145.6,1.4,26.6,59.4,6.1,70.0,16.3,6.6,109.6,8.6,274.4,167.4,26.0,37.6,20.5,171.9,62.1,,129.2,403.2,2.0,4.7,1.2,1.8,71.5,7.0,219.3,163.3,1.6,303.5,128.3,3.2,271.1,35.2,139.1,6.7,59.0,3161.0
2015-07-04,,147.9,1.2,24.9,59.6,6.6,74.7,16.5,6.7,108.8,8.7,277.9,175.6,28.0,37.5,20.7,172.6,61.8,,140.9,406.5,2.3,4.7,1.2,1.7,77.7,7.0,234.5,174.2,1.3,294.4,134.5,3.3,287.1,40.2,137.5,8.8,60.3,3247.7999999999993
2015-07-05,,145.5,1.3,23.6,57.3,5.9,76.8,16.2,6.5,108.9,7.8,261.6,174.1,25.3,35.9,20.4,165.4,56.6,,141.0,395.4,2.1,4.5,1.1,1.7,78.4,6.7,238.7,181.6,1.6,284.3,128.9,4.2,284.2,34.8,135.2,8.8,57.3,3179.5999999999995
2015-07-06,,147.8,1.2,24.8,53.9,5.8,76.1,16.6,6.6,104.9,8.7,274.1,163.2,25.0,32.0,20.1,177.1,61.1,,144.9,408.6,2.0,4.4,1.1,1.6,76.9,7.0,202.6,190.4,1.7,293.8,136.5,3.5,256.7,33.3,145.0,9.3,57.6,3175.9
2015-07-07,,151.2,1.2,26.0,56.5,5.9,79.2,16.2,6.8,97.3,8.7,280.0,158.0,25.7,34.6,21.8,181.7,62.3,,146.4,418.5,2.2,4.5,1.2,1.7,76.3,7.2,192.7,188.2,1.2,298.7,139.4,3.7,262.7,35.3,148.0,9.3,57.6,3207.8999999999996
2015-07-08,,152.9,1.2,25.2,57.8,5.9,76.6,16.2,6.7,102.1,9.7,279.7,163.9,25.0,34.6,20.9,180.9,61.5,,145.2,419.2,2.0,4.2,1.0,1.2,70.7,7.3,198.6,178.6,1.1,302.8,140.5,3.3,269.9,36.8,143.5,8.9,57.2,3212.7999999999993
2015-07-09,,151.7,1.3,26.5,57.1,5.9,72.5,16.8,6.7,112.4,9.3,286.4,163.8,23.0,33.2,20.3,179.6,59.9,,133.4,411.7,2.0,4.6,1.0,2.0,72.4,7.2,206.3,155.0,1.3,300.8,140.8,3.4,273.9,37.3,137.2,8.6,59.5,3184.7999999999993
2015-07-10,,156.4,1.2,26.9,42.3,5.3,64.1,16.7,6.7,94.4,8.9,302.8,145.8,24.6,30.2,19.1,178.8,59.8,,134.7,404.7,2.0,4.6,1.2,1.9,70.9,7.4,185.8,151.8,0.9,304.1,140.9,3.0,247.5,34.9,125.2,8.5,58.7,3072.7
2015-07-11,,150.9,1.2,26.7,47.1,4.2,64.3,16.8,6.7,78.2,8.9,306.0,117.3,24.1,34.1,19.0,175.2,59.8,,130.4,405.1,1.8,4.7,1.2,1.6,70.6,7.3,160.2,156.1,1.2,303.6,140.2,3.1,254.5,31.5,130.5,7.2,58.6,3009.8999999999987
2015-07-14,,152.9,1.2,25.5,62.7,5.5,77.4,16.4,6.7,95.7,8.5,317.9,133.0,25.8,37.8,22.3,188.6,62.9,,155.1,426.7,1.8,3.9,1.2,1.9,73.4,6.7,168.1,171.6,1.4,305.3,141.5,3.5,264.9,38.5,143.3,5.6,62.0,3217.2
2015-07-15,,145.9,1.0,23.8,58.8,6.3,77.9,16.7,6.7,102.6,8.6,318.9,152.3,26.4,35.5,22.1,187.3,60.4,,159.7,438.7,1.9,4.5,1.2,1.9,73.2,6.9,192.9,181.9,1.2,295.7,136.4,2.9,351.8,39.7,156.3,5.5,60.0,3363.5
2015-07-16,,145.6,1.6,26.0,58.7,6.2,78.1,16.5,6.5,107.9,8.4,323.1,158.6,23.3,34.7,21.7,186.7,60.8,,160.6,430.7,2.0,4.7,1.1,1.7,72.3,6.9,195.3,189.4,1.4,297.3,138.3,2.8,269.4,36.4,138.4,5.2,57.8,3276.0999999999995
2015-07-17,,132.7,1.5,27.0,58.9,5.7,76.1,16.4,6.8,106.0,8.3,328.9,148.9,27.4,34.8,21.9,184.3,59.2,,155.4,417.6,2.0,4.5,1.1,1.9,66.8,7.2,187.5,196.8,1.3,296.0,142.2,2.9,269.7,37.5,134.9,5.9,57.6,3233.6
2015-07-18,,151.1,1.2,27.9,62.4,5.3,72.5,16.5,6.7,96.0,8.5,313.5,145.8,25.5,39.1,21.3,173.4,54.4,,138.6,403.1,1.8,4.4,1.2,1.8,65.3,6.9,182.7,190.4,1.0,281.0,137.1,3.0,284.1,38.6,123.8,9.0,59.2,3154.1
2015-07-19,,142.8,1.0,25.5,61.2,4.9,74.3,16.1,6.4,88.1,7.4,302.6,144.0,22.3,36.3,21.3,151.4,49.2,,112.1,373.0,1.7,4.5,1.2,1.7,70.9,6.5,184.8,173.6,0.7,261.3,129.0,3.5,276.8,35.9,118.0,7.6,58.0,2975.6
2015-07-20,,138.8,1.1,24.0,61.5,5.5,75.3,16.0,6.0,94.6,8.0,304.9,148.0,24.6,35.3,20.5,161.5,55.4,,124.1,380.1,1.8,4.6,1.2,1.9,74.7,6.9,188.6,169.8,1.0,273.1,137.2,3.4,271.9,38.1,122.2,6.5,59.6,3047.7
2015-07-21,,143.8,1.1,24.5,62.0,5.8,76.4,15.7,5.7,99.5,7.9,293.2,157.0,24.9,31.5,21.4,164.3,57.6,,129.3,371.3,1.8,4.6,1.2,1.7,71.0,7.1,192.5,170.0,1.3,287.4,138.8,3.8,271.3,38.6,130.3,7.2,57.5,3078.9999999999995
2015-07-22,,141.0,1.2,25.8,60.1,5.8,76.3,15.8,6.5,105.3,8.4,247.0,165.9,25.0,33.8,20.9,169.8,57.5,,135.8,379.5,1.7,4.3,1.1,1.6,71.3,6.8,205.5,169.9,1.4,277.4,139.0,3.2,268.9,37.7,127.4,7.2,55.0,3060.7999999999997
2015-07-23,,138.6,1.2,25.1,60.7,5.9,68.0,16.0,6.5,106.4,8.3,248.8,168.9,25.8,33.2,21.3,170.4,57.7,,135.8,379.6,1.8,4.7,1.2,1.8,70.7,6.8,215.7,168.9,1.1,275.9,138.8,3.2,278.9,39.1,129.9,7.1,58.2,3081.9999999999995
2015-07-24,,143.2,1.0,23.3,59.2,6.0,70.1,15.9,6.6,107.3,7.8,252.8,171.5,25.4,35.1,20.9,175.6,57.5,,127.7,365.6,1.7,4.8,1.2,2.1,70.5,7.0,217.8,161.1,1.2,273.7,141.1,3.6,276.6,38.8,132.5,7.4,56.2,3069.7999999999997
2015-07-25,,145.6,1.3,23.0,61.6,5.9,68.7,15.9,6.6,103.8,7.5,235.2,166.5,25.3,35.1,20.5,172.7,58.9,,120.5,357.7,2.0,4.3,1.3,2.2,67.2,6.9,220.8,153.3,1.2,279.6,141.2,3.0,275.4,40.0,131.4,7.2,58.4,3027.7000000000003
2015-07-26,,143.5,1.4,27.0,62.4,5.3,75.0,15.4,6.3,94.4,7.1,235.2,156.2,22.4,28.5,20.5,159.9,53.8,,115.2,350.2,1.9,4.3,1.2,2.2,62.0,6.1,205.7,128.1,0.8,263.2,135.0,3.3,273.4,35.5,110.0,7.2,58.5,2878.0999999999995
2015-07-27,,145.6,1.2,27.0,61.8,6.3,77.6,14.7,6.0,100.5,7.9,191.8,170.1,24.8,34.4,18.0,173.3,58.4,,123.4,364.3,1.8,4.3,1.2,1.8,65.6,6.2,217.5,122.4,1.5,265.5,143.2,3.1,283.5,39.8,116.8,7.3,56.0,2944.6
2015-07-28,,148.2,1.1,27.6,63.0,6.3,83.8,14.7,5.6,96.7,8.1,166.6,175.7,25.2,33.6,19.4,178.7,60.9,,126.9,363.3,1.8,4.2,1.1,2.1,62.6,6.3,221.5,118.9,1.1,270.4,145.8,3.4,288.2,39.5,125.4,8.0,55.4,2961.1
2015-07-29,,147.7,1.1,28.3,64.5,6.3,81.7,15.3,6.5,93.0,7.8,175.3,177.5,26.2,32.3,20.5,181.9,62.2,,129.3,367.0,2.0,4.1,1.5,1.5,70.9,6.4,225.7,118.2,1.1,275.8,147.4,3.0,287.1,40.5,135.1,10.0,57.4,3012.1
2015-07-30,,150.6,1.0,26.5,65.7,6.2,80.0,15.6,6.6,94.1,8.2,199.3,174.5,26.2,33.3,21.5,181.4,63.0,,131.5,369.6,1.6,4.6,1.1,1.8,75.3,6.2,228.7,116.5,1.2,283.2,149.4,2.9,291.2,41.1,125.9,8.7,57.0,3051.2000000000003
2015-07-31,,149.7,1.1,25.4,62.2,6.1,84.3,15.3,6.5,93.3,8.4,209.6,172.0,26.4,33.8,20.1,174.9,63.4,,139.1,369.4,1.5,3.3,1.2,1.9,76.7,6.7,221.2,124.0,1.2,283.6,148.9,3.0,292.6,39.9,125.1,7.5,56.0,3055.3
2015-08-01,,143.1,1.1,26.0,60.3,5.3,83.4,15.4,6.2,89.9,8.0,216.2,172.7,25.0,32.6,21.4,167.8,62.8,,140.6,373.1,1.7,4.2,1.2,2.4,74.8,6.5,204.2,128.6,1.3,275.7,145.0,3.0,273.9,34.8,109.2,6.8,52.4,2976.5999999999995
2015-08-02,,140.7,1.3,26.1,55.6,4.6,79.3,15.0,6.2,86.1,7.2,210.5,162.0,22.9,31.2,16.6,160.9,56.1,,136.1,371.9,1.7,4.2,1.2,2.3,73.4,5.5,187.1,134.2,1.1,264.7,142.5,3.2,278.1,34.0,109.3,7.4,50.1,2890.2999999999997
2015-08-03,,140.5,1.7,27.0,60.2,5.6,70.5,15.5,6.4,99.0,8.0,226.6,168.2,24.6,34.9,18.7,175.0,59.9,,131.9,389.0,1.8,4.4,1.1,1.9,71.4,6.0,196.5,145.3,0.9,258.7,147.8,3.4,280.9,36.9,122.7,6.1,54.0,3003.0
2015-08-04,,140.5,1.0,25.5,63.9,6.0,65.9,15.6,6.5,107.6,8.1,236.3,173.1,23.9,34.6,21.2,176.9,60.6,,125.9,371.0,1.9,5.1,1.1,2.0,70.1,6.3,206.2,156.2,1.2,264.0,144.8,3.1,269.4,38.0,131.1,6.2,56.4,3027.2
2015-08-05,,140.5,1.1,25.7,64.2,6.0,70.5,15.9,6.6,103.9,7.8,240.4,173.5,24.7,34.5,21.7,173.5,60.1,,127.2,345.1,1.9,4.6,1.2,1.9,69.0,6.5,212.8,164.1,1.2,263.6,142.8,3.1,268.5,37.3,134.7,7.1,57.1,3020.2999999999997
2015-08-06,,138.5,1.0,27.4,63.8,6.0,73.6,15.8,6.5,101.8,8.2,251.5,172.0,25.0,34.0,23.5,167.4,60.8,,132.2,347.1,2.1,4.5,1.2,2.1,70.8,6.5,218.0,171.7,1.3,278.4,144.6,3.3,283.1,36.5,140.7,5.1,57.2,3083.1999999999994
2015-08-07,,134.3,1.1,26.1,65.1,5.6,77.5,15.8,6.7,102.5,8.4,262.4,166.1,25.9,33.5,23.4,174.8,61.8,,138.1,360.2,1.6,4.8,1.2,1.6,69.7,7.0,204.6,179.1,1.2,283.8,150.1,3.6,280.3,35.6,143.0,6.0,58.4,3120.8999999999996
2015-08-08,,137.4,1.3,26.1,64.8,4.9,78.9,16.0,6.6,93.1,8.8,271.1,154.3,25.5,33.4,23.5,174.3,61.3,,138.2,370.4,2.1,4.2,1.2,1.8,71.2,7.0,196.6,184.8,1.1,288.0,150.7,3.1,277.7,33.3,146.2,9.6,58.7,3127.1999999999994
2015-08-09,,141.0,1.1,25.7,64.8,4.6,79.5,15.6,6.3,85.6,7.3,270.1,143.6,21.9,31.8,22.6,166.6,55.5,,137.2,362.6,1.9,4.2,1.2,1.7,75.9,6.7,183.9,183.1,0.8,270.8,137.8,3.0,272.1,33.5,139.1,8.2,57.8,3025.0999999999995
2015-08-10,,142.0,1.4,26.3,61.1,5.5,77.8,16.0,6.3,96.3,8.1,285.4,151.8,24.3,33.4,23.0,171.0,59.8,,139.7,381.7,2.1,4.6,1.2,1.7,77.2,6.8,190.3,184.7,1.0,286.5,142.4,3.6,270.3,34.0,154.6,7.8,56.2,3135.8999999999996
2015-08-11,,142.1,1.0,27.1,59.5,5.4,75.5,16.0,6.6,97.5,8.1,288.1,149.8,25.4,34.8,23.2,166.2,59.9,,136.1,379.4,2.1,4.3,1.2,1.7,75.7,6.8,205.0,183.8,1.3,288.7,139.6,3.6,266.5,34.7,152.7,8.7,58.8,3136.8999999999996
2015-08-12,,137.0,1.1,25.4,64.0,5.4,75.5,16.2,6.6,100.8,8.2,278.5,150.4,26.4,33.5,22.1,161.7,61.4,,140.0,370.8,2.1,4.1,1.3,1.3,75.7,6.4,203.8,167.2,1.0,291.7,135.3,3.7,272.5,34.9,152.7,7.5,58.9,3105.1
2015-08-13,,138.1,1.1,27.5,65.3,5.7,75.0,16.2,6.6,103.0,7.8,271.4,159.6,25.9,34.1,23.0,161.9,61.6,,136.9,370.1,2.2,4.8,1.2,1.7,79.5,7.0,210.5,167.0,1.1,293.0,133.4,3.4,279.5,35.7,146.5,7.1,60.9,3125.2999999999997
2015-08-14,,139.5,1.1,27.3,65.6,5.6,76.4,15.6,6.7,104.1,8.0,265.9,157.5,25.3,35.3,24.0,159.9,62.2,,135.2,366.6,2.2,4.5,1.2,1.7,72.5,7.0,210.8,164.6,1.1,298.6,141.8,3.3,286.7,36.6,150.1,7.2,60.9,3132.6
2015-08-15,,144.0,1.6,24.8,65.0,4.9,78.0,12.5,4.2,84.2,6.9,247.3,139.6,21.7,35.7,24.8,159.8,58.8,,126.9,335.4,2.3,4.4,1.2,1.8,73.7,5.8,200.3,149.4,1.7,272.4,136.7,3.1,276.1,33.1,132.9,6.8,59.8,2937.6000000000004
2015-08-16,,136.2,1.8,23.8,62.4,4.9,78.2,14.3,5.3,82.4,6.9,249.6,136.6,23.4,34.1,22.6,159.5,56.9,,124.0,352.5,2.2,4.4,1.1,1.7,73.3,5.5,190.1,137.0,1.0,249.5,135.4,3.0,259.7,32.3,129.4,7.2,58.4,2866.5999999999995
2015-08-17,,136.2,1.7,18.3,60.9,6.0,73.1,15.8,6.6,101.2,8.3,264.4,146.8,24.5,35.1,23.5,155.6,62.1,,130.0,381.6,2.2,4.3,1.2,1.8,76.3,7.0,207.8,154.2,1.2,263.1,142.9,3.9,267.4,36.7,144.0,6.1,46.2,3018.0000000000005
2015-08-18,,141.7,1.4,23.7,60.1,6.1,77.1,16.0,6.6,99.2,8.7,272.5,147.2,26.3,35.7,22.6,154.5,61.3,,130.0,395.2,2.4,4.1,1.2,1.8,70.7,6.7,204.2,167.0,1.2,277.0,142.9,3.6,269.8,37.9,139.3,5.7,56.8,3078.2
2015-08-19,,146.1,1.3,24.6,58.5,6.0,79.0,16.3,6.6,99.5,8.7,275.9,153.7,25.0,35.2,23.1,150.3,62.0,,133.2,397.2,2.3,4.3,1.1,1.4,74.3,6.9,197.0,172.7,1.1,280.0,143.1,3.8,263.3,37.5,139.5,6.1,57.7,3094.3
2015-08-20,,143.2,1.5,22.7,59.1,6.0,80.7,16.1,6.6,104.2,8.6,280.2,161.1,13.2,34.6,21.9,152.3,64.8,,139.1,396.2,1.9,4.1,1.3,1.5,74.7,7.2,201.8,176.9,1.1,286.3,136.8,2.5,276.5,37.6,143.4,6.0,59.0,3130.7000000000003
2015-08-21,,129.9,1.4,22.7,58.8,5.6,82.8,16.1,6.7,102.1,8.4,286.4,159.1,26.4,33.4,22.2,152.1,64.5,,143.9,396.6,2.2,4.2,1.2,1.7,75.2,7.1,197.8,186.5,1.3,273.9,141.0,3.5,285.5,36.8,142.9,6.1,59.9,3145.899999999999
2015-08-22,,127.1,1.3,26.0,59.5,5.0,81.8,16.1,6.7,97.3,8.2,291.2,159.6,25.6,33.4,23.3,147.9,62.7,,146.0,392.9,2.3,4.6,1.2,1.6,70.7,6.2,174.4,193.4,1.5,262.1,137.3,3.4,284.3,37.7,140.0,5.0,60.5,3097.7999999999997
2015-08-23,,129.2,1.8,23.6,60.8,4.8,83.9,16.1,6.3,91.4,6.9,284.6,156.3,24.7,35.2,22.8,147.6,58.1,,148.4,389.2,2.2,4.4,1.1,1.7,72.1,5.6,168.8,193.9,1.2,236.4,137.6,3.7,270.1,35.5,137.0,4.9,60.2,3028.0999999999995
2015-08-24,,132.1,1.9,25.1,64.6,5.6,84.5,16.3,6.6,99.4,8.3,296.8,160.7,25.1,32.4,23.1,157.6,63.2,,153.6,408.8,2.1,4.3,1.1,1.7,67.8,6.2,176.4,203.0,1.1,259.1,143.3,4.0,270.7,37.2,149.4,4.7,60.1,3157.9
2015-08-25,,138.7,1.5,26.2,65.3,5.8,83.9,15.6,6.8,106.6,8.5,302.0,170.3,25.9,35.6,23.8,161.8,65.5,,159.9,407.3,2.3,4.8,1.1,1.8,64.0,6.6,191.4,207.5,1.1,277.1,144.7,3.6,280.9,37.0,149.0,4.3,60.7,3248.9000000000005
2015-08-26,,140.2,1.5,27.4,62.2,6.1,80.7,16.3,6.7,107.8,8.5,294.3,175.8,26.7,35.7,22.9,159.2,64.4,,166.2,410.3,2.2,4.6,1.1,1.5,64.7,6.8,199.9,216.7,1.4,280.7,149.2,3.3,289.4,37.8,153.8,6.0,57.2,3289.2
2015-08-27,,137.8,1.8,25.3,63.8,6.4,71.8,16.3,6.7,110.0,8.7,308.6,181.3,26.4,34.1,23.5,155.1,60.9,,164.9,411.7,2.3,4.7,1.2,1.3,70.8,6.7,200.5,216.3,1.2,279.3,150.5,3.8,282.4,36.8,152.2,6.0,58.6,3289.7000000000003
2015-08-28,,136.3,1.6,25.6,65.1,6.0,75.5,16.2,6.8,114.6,8.4,319.6,181.2,25.5,35.6,24.7,161.9,55.5,,166.0,396.8,2.1,5.2,1.2,1.7,81.6,6.7,210.8,222.8,1.1,282.4,144.7,3.7,286.8,36.9,145.1,5.7,57.9,3319.2999999999993
2015-08-29,,163.7,1.8,25.4,67.1,5.6,72.3,15.1,5.5,98.6,8.5,282.3,175.9,25.6,35.9,23.8,160.2,57.7,,155.3,382.6,2.4,4.1,1.2,1.6,80.4,6.7,220.7,218.4,1.1,263.6,130.8,3.5,284.7,35.1,144.0,6.5,59.9,3227.6
2015-08-30,,138.0,1.6,24.6,63.9,5.4,72.1,15.4,5.9,100.2,7.0,296.5,173.2,24.9,34.3,21.6,153.7,57.3,,149.3,373.8,2.2,4.4,1.2,1.4,77.9,6.4,218.5,219.1,1.1,273.8,134.8,3.1,280.3,34.3,143.8,4.6,59.5,3185.1
2015-08-31,,139.3,1.7,22.0,63.5,6.3,73.9,16.0,6.4,109.0,8.3,317.0,180.9,25.8,35.1,21.5,161.5,64.3,,152.8,391.4,2.0,4.9,1.2,1.7,75.3,6.7,222.1,226.3,1.1,286.0,140.2,3.5,291.3,36.8,146.9,4.3,57.5,3304.5
2015-09-01,,138.8,1.9,23.5,64.6,6.2,72.1,15.8,6.4,106.8,8.6,317.9,184.0,25.7,37.1,21.9,163.1,66.0,,157.2,404.7,1.8,4.8,1.1,1.4,79.7,6.9,214.5,228.5,1.2,295.8,141.0,3.8,285.5,34.7,142.6,4.2,58.3,3328.1000000000004
2015-09-02,,140.3,1.6,23.6,64.8,6.2,72.2,16.1,6.5,107.5,7.9,324.1,184.8,25.6,36.5,22.5,159.0,60.1,,162.1,405.2,2.0,4.7,1.2,1.6,78.3,7.0,220.3,226.6,1.2,289.9,136.9,3.5,281.6,34.6,129.8,4.7,59.1,3309.5999999999995
2015-09-03,,137.0,1.6,24.3,63.9,6.2,76.7,16.2,6.6,103.9,8.6,321.4,177.5,26.1,31.5,21.4,157.9,64.9,,168.9,412.9,2.1,5.1,1.3,1.5,78.6,6.3,217.0,227.8,1.0,276.8,148.2,3.4,287.0,37.1,137.2,3.9,60.0,3321.8
2015-09-06,,124.1,1.9,24.8,58.8,5.1,84.8,16.0,6.3,93.2,8.3,283.7,172.5,24.1,35.9,21.8,137.3,56.5,,182.5,397.6,2.2,5.3,1.2,1.3,68.3,6.4,217.6,232.8,0.9,267.5,142.0,3.7,282.7,36.3,140.2,4.4,59.8,3207.7999999999997
2015-09-07,,118.8,1.3,25.1,64.9,5.8,85.1,16.3,6.5,101.3,9.0,315.3,180.5,25.4,36.9,20.1,132.9,60.3,,186.2,410.9,2.1,5.8,1.1,1.6,67.5,6.6,215.7,231.2,1.4,265.0,139.0,3.5,272.9,37.3,152.1,3.2,60.5,3269.1
2015-09-08,,119.8,1.5,26.0,66.2,5.9,80.3,16.3,6.7,104.8,9.3,325.6,184.4,25.7,36.1,20.2,132.9,60.4,,183.3,407.8,2.2,5.1,1.1,1.7,67.5,6.6,215.8,234.0,1.1,275.5,133.2,3.2,267.7,35.9,151.4,3.7,60.8,3279.6999999999994
2015-09-09,,127.0,1.5,26.7,66.5,5.9,83.7,16.6,6.8,104.1,8.5,329.7,179.3,25.2,37.0,20.8,128.0,61.1,,185.6,398.0,2.2,5.1,1.1,1.8,69.3,6.8,218.4,234.7,1.2,282.6,133.6,3.3,274.1,34.5,155.9,4.4,60.8,3301.8
2015-09-10,,121.3,1.7,27.3,65.2,5.7,82.2,16.5,6.1,107.9,8.9,336.3,186.7,25.6,37.6,22.6,130.6,61.8,,189.3,384.8,2.2,5.5,1.1,1.5,67.5,6.7,218.6,233.0,1.1,281.9,137.2,3.4,277.7,37.9,157.5,4.3,61.5,3316.7000000000003
2015-09-11,,124.4,1.6,25.9,65.7,5.7,86.8,16.6,6.7,105.5,8.7,335.7,191.0,26.0,38.1,24.1,133.0,62.6,,190.6,380.4,2.0,5.3,1.1,1.6,67.2,7.0,215.9,232.6,1.3,285.2,135.4,3.2,292.6,40.1,154.8,5.4,62.0,3341.8
2015-09-12,,127.0,1.9,25.6,64.9,5.6,83.5,15.9,6.7,103.2,9.2,320.4,186.9,26.3,35.1,24.0,140.6,63.1,,186.0,374.1,1.9,6.2,1.1,1.5,63.1,6.8,219.0,228.4,1.2,286.3,132.8,2.5,298.1,39.7,152.1,6.1,62.2,3308.9999999999995
2015-09-13,,124.9,2.1,25.8,67.7,5.2,88.4,8.7,6.7,103.8,8.2,293.8,181.2,25.0,36.9,23.5,141.4,58.8,,178.0,335.4,1.9,6.0,1.2,1.6,59.3,6.5,219.8,220.2,0.9,261.9,130.4,2.8,295.4,37.9,145.9,5.8,59.1,3172.1
2015-09-14,,124.8,1.1,26.3,66.9,6.0,87.8,15.6,6.6,113.2,8.9,309.1,185.1,25.0,37.3,22.9,151.9,62.1,,167.6,372.4,2.2,5.3,1.1,1.3,59.4,6.8,222.0,222.0,1.0,277.5,130.7,3.3,290.8,39.7,154.9,6.1,57.0,3271.7000000000003
2015-09-15,,125.1,1.4,27.1,64.2,6.0,80.9,16.0,6.6,110.7,9.0,319.6,187.4,25.3,36.2,21.5,155.2,59.2,,170.6,370.0,2.2,5.9,1.2,2.1,53.9,6.9,225.7,226.9,0.9,293.2,132.2,2.8,288.3,40.7,156.8,3.9,62.8,3298.3999999999996
2015-09-16,,126.1,1.5,26.3,65.0,5.4,71.7,16.6,6.8,111.1,8.4,323.6,177.5,26.1,34.4,21.7,159.0,59.6,,217.8,363.8,2.3,5.6,1.2,1.5,53.6,7.1,200.3,225.7,1.1,293.0,134.3,3.6,282.2,40.6,149.0,4.0,60.4,3287.8999999999996
2015-09-17,,126.7,2.1,27.5,68.5,5.2,60.7,15.6,5.8,108.5,6.5,323.7,170.7,24.7,33.4,29.5,148.2,60.4,,156.8,324.2,2.2,5.3,1.2,1.4,53.9,6.6,191.1,217.7,1.0,289.5,119.2,3.4,284.7,38.6,151.0,4.3,60.9,3130.7
2015-09-18,,134.3,1.9,28.5,68.7,5.6,73.8,15.8,6.3,114.0,7.2,304.4,168.8,25.2,34.0,22.3,149.6,61.8,,143.9,319.1,2.1,5.0,1.1,1.5,58.4,6.6,197.1,205.2,1.1,293.2,126.1,3.6,292.0,39.7,149.6,4.9,58.6,3131.0
2015-09-19,,134.0,2.0,25.8,70.0,5.2,76.9,15.5,5.3,102.7,7.9,247.9,145.2,24.1,35.8,22.9,154.0,62.4,,155.8,339.5,1.9,4.0,1.2,1.7,62.1,6.9,180.6,198.1,1.1,295.7,134.5,3.7,303.1,39.5,144.9,4.3,59.9,3076.0999999999995
2015-09-20,,127.5,1.9,21.7,65.9,4.1,69.1,15.3,6.3,99.3,7.7,224.2,127.3,20.8,32.9,21.9,146.7,57.0,,154.4,341.0,1.8,4.5,1.2,1.4,66.8,6.6,133.3,193.7,0.9,279.2,133.2,3.3,297.5,36.2,137.7,4.3,60.8,2907.4
2015-09-21,,129.6,2.0,25.7,62.8,4.8,65.7,16.3,6.5,104.9,8.4,222.4,131.1,23.2,38.1,21.5,154.0,61.0,,153.1,358.6,2.2,3.9,1.2,1.5,68.4,6.6,120.8,187.7,1.1,280.6,138.9,3.5,292.3,37.1,140.4,4.5,57.0,2937.4
2015-09-23,,143.9,1.8,24.1,62.8,4.6,74.1,16.5,6.3,96.3,9.2,245.6,127.6,21.6,30.2,19.8,153.2,64.4,,164.0,391.5,2.3,6.1,1.3,1.8,65.9,6.5,101.1,182.2,1.3,277.8,148.7,3.7,278.5,33.5,128.3,4.9,57.9,2959.2999999999997
2015-09-24,,135.0,1.9,24.6,64.4,4.5,78.3,16.3,6.6,89.4,9.3,258.7,130.3,23.0,37.6,21.8,153.4,61.5,,165.3,398.8,2.3,4.9,1.2,1.8,64.1,6.9,111.6,182.8,1.5,272.7,146.1,3.4,282.6,16.6,135.7,6.9,58.8,2980.6000000000004
2015-09-25,,136.5,1.9,25.4,59.9,4.3,82.5,16.5,6.6,85.7,9.2,265.3,131.4,24.8,39.8,20.0,152.1,61.8,,166.2,391.3,2.3,5.8,1.2,1.8,65.5,6.7,119.2,184.9,1.2,278.1,145.4,2.6,278.0,36.4,134.1,6.7,58.8,3009.9
2015-09-26,,130.8,1.8,26.1,64.2,4.5,79.2,16.5,6.6,86.7,9.0,277.1,139.4,24.3,37.7,21.1,142.9,62.8,,171.3,393.6,2.2,4.6,1.2,1.7,66.0,6.7,128.0,186.8,1.0,276.2,143.0,3.1,266.7,36.1,142.9,5.2,53.2,3020.1999999999994
2015-09-27,,123.6,1.7,25.3,64.7,4.0,85.8,16.3,6.4,86.1,8.2,264.4,135.8,21.5,33.9,20.6,140.0,55.8,,172.1,377.2,2.2,4.9,1.1,1.7,66.5,6.4,127.8,186.1,1.1,262.1,146.7,3.6,265.3,34.5,144.3,4.9,59.1,2961.7
2015-09-28,,132.3,2.0,26.2,69.4,4.6,88.6,16.5,6.4,91.9,9.0,289.7,145.5,25.2,37.3,23.9,144.2,60.0,,176.6,403.5,2.1,4.9,1.1,1.6,63.0,6.8,136.7,193.7,1.2,265.8,144.9,3.9,267.5,34.3,150.1,5.2,58.8,3094.4
2015-09-29,,133.2,1.5,27.2,69.6,4.7,90.0,14.9,6.7,90.9,9.4,304.6,152.6,25.3,23.1,24.3,150.5,60.7,,178.0,424.1,2.1,4.7,1.2,1.6,66.8,6.6,137.3,191.2,1.2,270.0,147.7,3.4,262.7,34.1,156.4,4.1,58.5,3140.8999999999996
2015-09-30,,136.3,1.6,26.8,69.6,4.7,90.9,14.9,6.7,88.9,9.4,299.4,152.0,24.9,35.8,23.8,147.7,59.6,,181.9,420.5,2.1,4.5,1.1,1.7,71.3,6.7,153.9,192.6,1.3,265.8,145.5,3.4,257.3,36.0,152.2,5.0,58.2,3154.0
2015-10-01,,125.4,1.7,27.7,70.4,4.7,91.4,13.8,6.3,88.6,9.2,303.1,149.3,25.2,38.1,23.6,150.5,60.5,,182.5,421.1,2.2,5.6,1.1,1.7,70.0,6.9,154.7,195.7,1.0,263.7,143.4,3.4,274.3,37.0,160.3,4.2,54.0,3172.2999999999997
2015-10-02,,125.2,1.7,26.8,69.0,3.9,91.9,13.6,6.8,74.2,8.6,313.2,140.4,21.9,38.0,23.7,141.0,58.7,,184.7,393.3,2.1,3.4,1.1,1.5,73.1,6.4,155.4,196.2,1.1,244.5,132.6,4.3,272.4,32.5,160.8,3.1,58.2,3085.3
2015-10-03,,124.7,1.6,26.8,71.5,4.3,90.0,15.2,6.3,82.9,9.0,316.1,146.4,23.7,37.0,23.3,144.2,59.8,,187.8,386.0,2.2,4.3,1.1,1.5,73.1,5.9,159.7,195.2,1.1,252.4,141.3,3.8,273.5,16.8,160.0,2.9,58.5,3109.9000000000005
2015-10-04,,123.4,1.8,26.4,70.3,3.8,88.6,15.9,6.3,80.6,8.0,307.0,144.3,23.4,36.1,23.9,130.1,54.2,,189.8,376.6,2.2,4.2,1.0,1.7,72.9,5.1,167.6,191.2,1.1,239.6,133.2,3.8,265.1,34.8,151.5,3.8,58.3,3047.6
2015-10-05,,123.0,2.0,26.4,71.2,4.5,87.9,15.6,6.4,90.0,9.4,317.8,151.7,24.5,36.4,23.9,129.3,58.4,,193.4,395.3,2.1,4.7,1.1,1.7,70.9,5.7,170.5,199.4,1.3,246.1,140.0,3.7,271.9,36.7,158.5,2.9,56.6,3140.899999999999
2015-10-06,,128.0,1.8,25.6,69.6,4.5,87.7,13.2,6.6,91.8,8.9,319.7,155.2,24.8,36.8,24.0,134.6,59.1,,194.6,410.8,2.2,5.0,1.2,1.6,68.2,6.5,168.7,192.8,1.3,253.5,142.1,3.6,274.1,37.0,160.0,3.9,57.4,3176.3999999999996
2015-10-07,,130.6,1.8,27.5,71.0,4.7,87.0,15.9,6.8,92.8,8.9,317.9,157.2,25.1,38.0,23.7,134.4,60.5,,197.6,425.4,2.2,4.3,1.1,1.4,61.5,6.4,166.3,204.3,1.1,262.2,145.8,3.7,279.8,36.8,164.1,2.8,55.9,3226.5
2015-10-08,,129.8,1.9,24.9,70.4,4.6,87.8,16.3,6.9,92.8,8.9,322.4,156.6,25.1,38.2,24.3,139.8,66.5,,201.2,429.4,2.2,4.4,1.2,1.6,62.7,6.6,160.9,200.2,1.3,270.6,146.9,3.5,283.4,37.0,155.9,4.3,57.8,3248.2999999999997
2015-10-09,,133.4,1.9,24.3,70.3,4.6,86.6,16.2,5.4,91.2,9.1,323.2,158.7,25.5,37.3,23.6,142.7,58.6,,203.0,428.3,2.0,5.0,1.1,1.7,69.4,6.6,160.1,201.1,1.2,277.0,149.5,3.3,292.1,37.1,156.3,4.2,58.3,3269.9
2015-10-10,,135.0,1.8,24.9,68.6,4.3,87.1,15.9,6.7,85.3,8.9,321.1,153.1,25.4,39.5,23.9,143.1,59.1,,204.4,428.9,2.2,4.7,1.2,1.8,67.5,6.6,153.7,202.3,1.2,279.8,147.8,3.5,277.7,36.4,155.0,4.0,58.0,3240.3999999999996
2015-10-11,,134.9,1.8,25.3,69.9,3.9,86.8,16.1,6.6,82.7,8.2,308.7,146.0,23.3,36.2,23.7,136.7,55.6,,209.6,394.6,2.0,4.5,1.1,1.8,70.6,6.2,144.9,200.0,0.9,252.6,144.4,3.4,276.8,33.8,152.5,4.4,57.9,3128.4000000000005
2015-10-12,,141.3,1.8,24.3,69.3,4.6,85.2,16.3,6.7,91.1,8.7,315.7,149.9,25.0,37.2,23.4,140.1,61.1,,210.9,429.2,1.9,4.4,1.2,1.6,70.7,6.2,145.1,199.8,1.2,253.2,147.7,3.3,269.4,34.4,151.5,3.4,57.7,3194.5
2015-10-13,,143.0,1.8,25.5,70.2,4.6,86.0,16.5,6.8,91.7,8.8,316.7,154.2,24.0,38.0,23.5,146.5,61.2,,215.2,438.4,2.1,4.3,1.2,1.8,69.0,6.3,138.7,203.6,1.2,263.3,149.2,3.5,279.9,35.5,148.6,4.0,57.3,3242.1000000000004
2015-10-14,,144.8,2.1,23.4,69.4,4.1,85.9,16.8,6.9,89.0,9.0,313.9,148.0,22.7,33.6,22.2,152.0,62.4,,219.6,446.0,2.3,4.4,1.2,1.7,71.4,6.6,117.7,208.6,1.3,275.9,152.4,3.7,271.9,34.4,143.2,3.6,56.4,3228.4999999999995
2015-10-15,,144.6,2.0,23.6,69.2,4.0,87.8,16.7,6.9,85.3,9.1,315.2,137.7,23.3,38.4,22.9,149.8,63.4,,221.5,448.3,2.3,4.5,1.3,1.7,68.1,6.7,115.4,207.5,1.3,279.1,154.3,4.0,269.0,34.5,143.0,2.5,55.5,3220.3999999999996
2015-10-16,,145.9,1.8,24.3,67.4,4.0,88.6,16.4,6.8,86.5,9.5,315.6,139.0,24.3,38.4,23.1,149.2,62.6,,222.2,444.2,2.4,4.2,1.3,1.7,71.9,6.8,116.1,209.0,1.0,286.4,154.2,3.6,272.7,35.3,148.4,2.0,57.2,3243.9999999999995
2015-10-17,,149.3,2.0,24.9,67.5,3.8,87.2,15.3,6.8,82.5,8.6,317.6,138.5,23.8,39.7,21.9,149.5,63.4,,223.4,446.4,2.3,4.4,1.4,1.9,67.9,7.0,116.1,211.4,1.2,283.2,151.8,3.8,282.0,34.7,146.6,2.5,57.8,3248.1
2015-10-18,,147.8,1.9,25.3,68.0,3.5,87.6,16.4,6.5,78.4,8.1,308.7,128.9,22.4,41.5,23.3,144.6,57.8,,224.3,420.4,2.3,4.5,1.2,1.8,67.3,6.4,114.1,210.5,1.3,270.3,148.2,3.6,263.1,33.5,146.3,2.6,58.7,3151.1
2015-10-19,,151.6,2.0,25.0,67.7,4.0,85.4,15.7,6.7,84.7,9.2,319.0,136.9,23.5,28.7,24.8,155.7,63.6,,225.9,459.9,2.2,4.2,1.2,1.7,72.3,6.7,110.8,218.6,1.6,273.0,153.5,3.6,271.1,34.7,154.1,1.9,59.7,3260.899999999999
2015-10-20,,152.0,2.0,25.6,69.3,4.0,87.4,16.6,6.7,86.3,9.1,316.2,136.4,24.1,35.1,25.0,162.4,65.1,,230.8,462.0,2.3,4.3,1.2,1.8,70.0,6.7,119.5,217.4,1.2,280.4,152.0,4.0,280.0,35.3,147.4,1.9,59.2,3300.7000000000003
2015-10-21,,152.8,1.9,23.8,67.3,4.1,87.0,16.5,6.6,79.9,9.0,309.2,135.0,24.5,37.6,23.4,167.1,65.0,,226.0,457.3,2.2,4.4,1.2,1.8,67.0,5.8,113.6,214.9,1.2,261.4,149.7,4.0,271.1,35.3,141.7,2.2,56.5,3228.0
2015-10-22,,148.1,1.9,21.8,65.2,3.4,81.8,13.9,4.2,67.1,8.7,292.6,120.7,21.4,38.0,23.3,163.6,61.8,,213.2,415.5,2.3,3.4,1.2,1.8,68.2,6.4,100.1,208.3,1.0,270.7,139.5,4.1,270.5,30.0,138.3,2.2,52.0,3066.2
2015-10-23,,149.7,1.9,19.5,61.5,3.7,81.5,15.4,5.7,72.5,9.1,302.9,121.6,23.9,38.1,21.2,159.4,63.3,,214.4,437.8,2.2,3.3,1.2,1.7,66.3,6.9,105.2,211.4,0.8,281.3,145.4,4.0,264.9,32.7,138.9,3.7,57.7,3130.7
2015-10-24,,151.4,1.9,18.7,58.5,3.5,81.8,16.7,6.8,66.7,8.9,306.7,124.0,24.6,37.1,21.8,162.4,64.0,,222.3,447.7,2.4,4.6,1.3,1.9,64.5,6.7,105.6,212.8,1.1,286.7,146.4,4.0,243.6,33.4,126.0,4.3,55.6,3126.4
2015-10-25,,147.7,1.9,22.1,60.7,3.2,81.1,16.2,6.6,66.4,7.6,297.9,117.0,23.1,35.4,23.1,163.3,58.4,,221.2,432.6,2.3,4.5,1.2,1.8,60.3,6.1,94.0,208.1,0.8,270.0,142.2,4.0,244.8,31.3,125.6,5.1,55.7,3043.3
2015-10-26,,148.6,1.8,23.1,58.9,3.5,79.8,16.7,6.7,70.2,8.6,309.9,112.5,23.2,33.2,23.5,167.4,63.3,,206.5,443.7,2.3,4.0,1.1,1.7,67.6,6.5,87.5,203.7,1.5,278.4,147.5,3.9,235.9,32.4,138.0,5.1,56.8,3074.9999999999995
2015-10-27,,149.3,1.8,24.0,66.3,3.4,79.5,16.6,6.9,70.3,8.7,309.5,119.4,24.2,37.7,22.9,171.9,63.5,,205.2,446.8,2.3,4.3,1.1,1.8,67.2,6.5,93.0,211.6,1.3,285.6,146.2,3.9,237.6,33.4,139.1,6.2,57.7,3126.7000000000007
2015-10-28,,147.2,1.9,23.9,64.0,3.5,78.9,16.9,6.9,66.8,8.6,298.8,109.4,23.9,38.1,23.6,166.2,62.1,,176.9,448.1,2.2,4.3,1.3,1.7,67.4,6.3,92.4,188.4,1.3,274.6,144.5,4.0,224.2,33.1,137.0,6.0,58.2,3012.6000000000004
2015-10-30,,148.3,1.8,24.4,55.5,3.4,68.3,16.4,6.6,63.3,9.0,290.6,112.7,24.9,39.0,18.9,165.8,63.1,,178.8,429.3,2.2,4.1,1.1,1.6,71.3,6.4,96.4,194.3,1.4,275.2,146.1,3.8,205.8,32.7,130.8,5.5,55.8,2954.6
2015-10-31,,148.8,1.8,24.2,57.1,3.4,68.7,16.2,6.6,61.2,8.5,290.2,110.8,24.0,39.3,21.9,165.5,60.6,,187.0,431.7,2.4,4.4,1.2,1.6,73.3,6.1,96.0,194.7,1.5,258.6,142.4,4.7,210.3,32.2,129.6,4.0,57.3,2947.7999999999993
2015-11-01,,142.8,1.9,22.5,60.2,3.1,70.3,15.9,6.2,61.1,7.6,282.3,104.9,22.5,39.2,21.9,164.6,53.2,,190.6,418.1,2.3,4.6,1.2,1.6,73.4,5.4,92.1,186.4,1.4,234.2,135.8,4.0,226.1,29.8,126.2,4.3,56.7,2874.3999999999996
2015-11-02,,139.4,1.9,24.2,61.7,3.5,70.5,16.2,6.2,63.7,8.5,293.2,112.6,23.3,43.6,22.7,165.2,57.5,,197.3,430.7,2.3,2.5,1.3,1.6,71.7,5.7,91.8,198.9,1.9,241.5,141.5,3.8,224.6,32.1,132.8,5.9,56.8,2958.6000000000004
2015-11-03,,140.8,1.8,23.5,63.5,3.5,72.1,16.3,6.7,64.6,8.8,298.5,112.7,24.3,38.6,23.3,155.6,61.3,,200.3,435.3,2.2,3.1,1.3,1.7,72.0,6.2,98.7,199.1,1.8,255.8,143.3,3.8,224.5,32.9,132.6,6.5,58.6,2995.6
2015-11-04,,141.8,1.8,21.9,61.1,3.5,71.1,16.4,6.8,65.7,8.7,297.7,114.0,23.9,38.1,23.3,153.8,61.7,,202.5,440.9,2.3,4.4,1.3,1.8,73.0,6.2,95.0,202.2,1.4,252.5,144.7,3.9,226.4,32.1,137.6,6.2,58.0,3003.7000000000007
2015-11-05,,144.5,1.9,22.3,61.5,3.5,71.0,16.6,6.6,65.3,8.6,298.8,104.6,22.4,39.4,23.0,157.5,57.6,,206.5,436.3,2.3,4.7,1.3,1.8,71.5,6.2,93.7,201.1,1.5,248.9,143.9,3.9,204.3,31.0,139.1,5.6,56.5,2965.2000000000003
2015-11-06,,148.2,2.0,22.7,61.6,3.5,70.9,16.4,6.7,64.3,8.6,298.2,111.1,24.4,39.5,22.4,159.8,60.4,,206.5,431.0,2.4,5.0,1.3,1.9,73.1,6.3,94.4,204.1,1.5,254.9,142.5,4.2,214.9,33.3,134.9,6.6,58.0,2997.5
2015-11-07,,150.2,2.0,22.9,62.5,3.4,69.4,16.4,6.8,60.6,6.8,292.9,109.3,24.9,39.7,22.4,159.5,60.7,,208.8,433.1,2.4,4.6,1.4,1.8,60.1,5.8,95.9,209.0,1.2,246.8,140.8,4.3,220.8,33.5,127.0,7.2,57.3,2972.2000000000007
2015-11-08,,140.4,2.0,22.5,63.7,3.1,69.4,16.2,6.5,59.3,5.2,279.6,102.9,23.7,40.2,22.5,155.9,55.6,,209.3,423.3,2.2,4.4,1.3,1.8,65.8,5.2,88.0,206.5,1.3,216.4,135.6,3.9,224.7,32.8,128.2,6.5,54.1,2880.000000000001
2015-11-09,,126.9,2.0,21.7,62.2,3.4,70.2,16.1,6.5,62.9,8.4,280.6,110.6,23.9,40.7,22.4,163.0,55.6,,212.2,431.5,2.6,5.3,1.4,1.9,67.3,2.4,92.2,210.7,1.4,174.4,135.1,4.2,244.0,33.7,132.9,6.5,58.7,2895.5
2015-11-10,,112.9,1.8,22.5,63.6,3.3,71.0,15.9,6.0,62.4,7.3,264.4,108.4,23.0,40.6,24.1,154.5,60.7,,211.5,413.8,2.2,4.4,1.3,1.7,63.1,3.4,91.3,205.9,1.4,144.0,132.4,3.8,255.9,32.6,124.3,7.3,58.3,2801.0000000000005
2015-11-11,,113.6,2.0,22.6,66.0,3.0,65.2,10.9,3.3,53.3,7.5,225.9,97.5,17.6,40.2,24.3,152.7,60.4,,208.0,362.0,2.5,4.5,1.4,1.8,62.4,4.1,79.0,195.1,1.5,170.1,123.5,3.6,268.8,28.2,119.1,8.6,58.2,2668.4000000000005
2015-11-12,,119.3,2.0,21.6,65.2,3.0,60.0,10.2,6.1,51.8,8.3,200.4,92.3,15.6,39.2,25.3,147.8,61.3,,198.9,358.0,2.8,4.5,1.3,1.7,64.7,4.9,67.3,184.5,1.1,196.9,128.7,3.9,261.8,26.8,124.6,8.1,57.4,2627.3
2015-11-13,,126.5,2.0,21.3,64.6,3.3,61.7,12.7,3.8,55.7,8.9,210.4,94.9,19.6,38.7,24.1,151.6,60.5,,204.6,365.1,2.4,5.3,1.3,1.8,69.3,5.2,83.7,188.2,1.1,205.1,132.2,3.6,253.1,29.3,123.0,8.3,56.9,2699.8000000000006
2015-11-14,,125.2,1.9,22.2,64.1,3.2,63.7,14.5,5.1,56.7,8.6,224.6,99.3,21.3,40.6,24.0,154.9,59.6,,208.7,373.4,2.5,5.2,1.4,1.7,70.5,5.1,92.3,204.1,1.2,211.0,129.7,3.5,241.7,30.3,120.9,7.8,56.8,2757.2999999999997
2015-11-15,,119.4,1.9,21.9,63.2,3.0,63.6,15.2,5.6,55.8,7.7,231.0,99.0,21.7,41.0,23.7,153.1,53.6,,211.1,378.9,2.4,4.2,1.3,1.6,69.4,4.6,89.0,201.5,1.3,187.8,127.4,3.2,231.4,31.2,116.0,6.3,56.6,2705.6
2015-11-16,,113.7,2.0,22.1,65.3,3.3,64.7,15.7,5.6,59.5,8.4,246.0,104.1,22.7,39.6,24.3,154.8,59.4,,214.5,402.3,2.5,4.6,1.3,1.8,68.0,4.9,88.5,204.1,1.0,190.6,126.8,3.6,230.5,31.7,123.1,6.2,57.6,2774.7999999999997
2015-11-17,,96.8,1.9,21.6,63.0,3.4,64.2,15.8,6.2,56.2,8.6,252.8,104.2,23.4,40.3,23.6,157.4,61.0,,216.4,409.1,2.6,5.4,1.3,1.9,67.2,5.0,85.5,197.4,1.5,212.2,119.6,3.5,231.7,32.1,128.3,6.8,55.7,2783.6000000000004
2015-11-18,,101.2,2.2,21.5,63.0,3.4,64.8,15.9,6.2,56.2,8.6,254.9,105.5,23.9,41.5,23.5,162.0,62.0,,218.7,398.7,2.5,5.4,1.3,1.8,59.3,4.8,86.5,201.5,1.4,220.1,123.5,3.9,233.5,33.1,128.1,7.1,56.5,2804.0000000000005
2015-11-19,,105.9,1.9,21.8,60.5,3.4,65.2,15.8,6.3,58.9,8.8,260.9,105.1,23.8,40.8,23.7,158.4,62.0,,217.9,392.5,2.4,5.2,1.3,1.8,63.3,5.4,92.1,201.2,1.6,222.6,123.0,3.5,223.2,32.8,127.7,7.5,57.7,2805.9000000000005
2015-11-20,,107.4,2.0,21.7,64.8,3.4,65.5,14.4,6.3,58.4,8.7,265.2,106.0,23.5,44.1,23.5,155.6,61.8,,219.9,393.0,2.1,5.2,1.3,1.8,63.3,5.3,93.7,204.2,1.3,222.8,124.1,4.0,219.0,33.0,124.6,6.6,57.8,2815.3
2015-11-21,,108.8,2.0,21.7,62.6,3.3,65.8,14.4,6.4,56.4,8.9,269.2,104.9,22.1,41.2,23.4,153.1,61.7,,220.1,404.2,2.4,5.1,1.3,1.5,69.7,5.4,86.3,203.3,1.4,215.3,123.4,3.1,216.9,33.7,121.7,5.6,57.2,2803.5
2015-11-22,,105.3,2.0,21.0,62.6,3.0,65.5,14.8,6.2,54.3,8.4,262.0,99.4,22.1,41.4,23.4,145.6,57.0,,218.8,381.0,2.4,5.0,1.3,1.9,71.3,4.6,86.6,199.5,1.3,198.3,121.1,3.3,230.3,32.0,105.6,5.6,56.8,2720.7000000000003
2015-11-23,,114.0,2.0,22.2,60.3,3.3,65.2,14.1,6.4,57.6,9.3,278.1,103.5,23.3,41.9,22.0,150.6,61.0,,218.0,387.8,2.3,5.5,1.3,1.9,70.6,5.0,90.6,203.4,1.5,207.1,126.8,3.7,224.4,33.2,106.3,6.0,56.1,2786.3000000000006
2015-11-24,,116.6,1.9,21.2,61.3,3.3,66.2,14.8,6.6,57.5,9.0,281.0,107.3,23.7,41.7,23.3,152.6,62.2,,216.6,396.8,2.3,4.5,1.2,1.7,68.4,5.3,88.3,201.6,1.0,216.7,129.2,3.0,231.3,34.0,118.4,6.2,56.7,2833.3999999999996
2015-11-25,,117.4,1.8,21.9,60.0,3.2,66.3,15.5,6.6,56.2,8.8,275.9,108.0,24.3,41.9,23.4,154.8,62.9,,218.1,404.1,2.4,5.6,1.3,1.9,67.9,5.4,85.7,204.8,1.4,228.7,128.8,2.9,224.7,33.5,115.3,6.7,57.1,2845.2000000000003
2015-11-26,,116.6,2.0,21.6,62.3,3.3,67.2,15.6,6.5,58.5,8.3,277.8,108.0,24.1,41.3,23.1,157.8,63.4,,220.3,391.0,2.2,5.7,1.3,2.0,65.4,5.6,87.6,203.4,1.6,228.7,126.1,2.9,224.8,33.3,120.0,7.1,56.5,2842.9
2015-11-27,,123.2,2.0,22.4,63.9,3.4,66.6,15.4,6.4,59.2,8.4,267.2,106.1,23.8,41.1,23.0,155.8,63.2,,221.0,395.3,2.2,4.7,1.3,1.8,66.6,5.4,88.7,206.0,1.5,238.3,128.0,3.4,225.9,33.7,120.8,5.8,57.1,2858.6000000000004
2015-11-28,,120.2,1.8,21.3,62.7,3.2,66.8,14.7,6.4,55.9,8.5,260.2,105.3,24.4,41.8,22.8,158.1,62.8,,218.2,392.5,2.3,5.2,1.4,1.8,68.1,5.4,91.1,207.3,1.5,235.1,126.8,3.1,226.9,32.7,121.6,5.5,57.6,2841.0
2015-11-29,,116.6,1.7,20.3,63.2,3.0,67.0,15.0,6.0,55.5,8.0,248.8,98.0,23.0,41.3,22.3,154.4,57.4,,217.2,381.6,2.4,5.3,1.3,1.8,71.1,4.9,88.7,201.7,1.2,214.2,120.5,3.2,217.9,31.2,118.4,5.0,58.0,2747.1000000000004
2015-11-30,,113.1,1.9,21.0,65.0,3.4,67.6,15.3,6.3,58.4,8.5,266.4,106.7,23.9,40.9,23.2,152.8,62.2,,219.6,402.1,2.3,5.4,1.3,1.8,69.4,5.3,92.1,209.7,1.6,212.7,125.5,3.2,219.8,32.4,121.5,4.9,56.1,2823.3
2015-12-01,,111.4,1.7,21.4,63.6,3.3,67.3,15.2,6.3,59.9,8.8,270.9,110.4,24.6,40.6,22.7,152.0,63.1,,218.0,413.3,2.3,5.1,1.3,1.8,77.7,5.0,97.9,206.2,1.6,208.4,126.2,3.3,236.7,32.4,118.6,4.8,56.5,2860.3000000000006
2015-12-02,,114.4,1.8,21.4,63.1,3.4,66.9,15.7,5.4,58.7,8.9,266.0,114.7,25.1,39.8,21.5,154.0,62.8,,212.8,413.1,2.5,5.4,1.2,1.8,72.8,4.8,94.1,206.2,1.4,185.7,128.9,3.3,200.1,33.1,121.7,5.8,56.9,2795.2000000000003
2015-12-03,,123.1,1.5,18.9,62.0,3.4,67.0,15.7,6.4,58.5,8.7,267.3,114.6,25.4,40.7,20.9,156.7,61.5,,217.1,406.2,2.4,5.0,1.4,1.9,73.0,4.7,97.7,207.9,1.6,185.0,126.5,3.6,205.7,33.1,123.3,5.6,54.8,2808.8
2015-12-04,,115.8,1.1,17.8,64.7,3.4,68.7,15.1,6.5,59.6,9.1,268.6,116.7,25.3,40.9,23.3,158.7,63.5,,219.2,397.9,2.2,5.0,1.3,1.8,67.6,4.7,101.8,209.8,1.6,193.7,128.1,3.7,217.3,33.7,117.3,5.6,56.2,2827.3
2015-12-05,,119.6,1.2,20.5,63.9,3.3,66.4,15.8,6.4,56.1,8.6,270.0,113.2,24.8,40.5,23.4,162.0,62.2,,219.2,393.9,2.4,4.8,1.4,1.7,65.5,4.6,100.0,210.2,1.6,197.4,125.8,3.4,229.2,32.7,117.6,5.6,56.5,2831.4000000000005
2015-12-06,,113.8,1.5,20.2,63.8,3.0,66.5,16.0,6.2,55.2,7.5,255.9,105.6,22.3,42.4,23.5,155.7,57.0,,216.7,378.5,2.3,4.3,1.3,1.7,66.9,4.2,98.2,206.0,1.3,183.4,120.9,3.1,218.8,31.8,115.2,5.4,56.4,2732.5
2015-12-07,,119.5,1.5,14.3,64.3,3.3,66.8,15.2,6.4,58.3,8.5,268.9,107.5,24.1,41.6,23.2,161.1,61.5,,216.8,392.3,2.4,4.5,1.2,1.6,69.0,4.7,99.0,210.4,1.4,200.9,125.5,0.0,216.2,35.4,118.4,6.1,57.0,2808.7999999999997
2015-12-08,,120.5,1.4,14.4,61.6,3.4,67.3,15.8,6.4,58.5,8.5,269.2,109.6,24.6,41.5,22.5,163.9,61.6,,217.6,396.1,2.4,4.4,1.2,1.6,66.5,4.8,103.8,207.7,1.5,211.7,126.6,-0.3,221.5,33.6,118.3,6.4,56.1,2832.2
2015-12-09,,121.8,1.4,14.8,59.2,3.4,68.1,15.8,6.5,59.2,8.4,270.2,108.6,25.7,43.7,23.0,165.0,62.2,,218.4,393.6,2.4,4.3,1.1,1.6,62.6,5.0,89.7,205.3,1.8,211.1,126.6,-0.3,225.8,33.0,123.4,5.9,56.1,2824.4
2015-12-10,,120.2,1.6,21.5,62.5,3.5,68.5,15.5,6.4,59.6,9.0,273.0,108.4,25.7,44.7,22.9,167.3,63.9,,220.8,399.7,2.3,4.3,1.1,2.1,59.6,5.1,98.8,211.5,2.0,217.2,126.7,3.4,222.5,33.6,123.3,6.4,56.4,2871.0000000000005
2015-12-11,,123.9,1.6,21.4,67.4,3.5,68.1,15.4,6.4,60.3,8.9,269.7,108.4,25.1,33.0,24.6,165.2,64.7,,221.1,396.0,2.0,5.3,1.3,2.0,56.7,5.4,97.7,212.9,0.8,227.4,130.2,2.8,228.8,34.1,124.4,5.3,57.1,2878.9000000000005
2015-12-12,,122.9,1.9,20.8,64.8,3.4,69.0,15.4,4.8,57.5,8.4,264.1,110.4,25.4,40.1,23.1,159.6,63.2,,218.8,394.6,2.3,5.1,1.4,1.8,59.5,5.6,99.6,212.6,1.7,230.5,131.3,2.9,230.4,33.6,120.7,5.7,57.7,2870.6000000000004
2015-12-13,,122.2,1.7,19.8,66.2,3.1,68.7,15.2,6.0,55.8,7.8,256.2,105.2,23.7,41.6,23.2,165.5,56.9,,214.7,385.4,2.4,4.7,1.4,1.7,58.4,5.2,95.6,209.0,1.4,212.6,129.3,3.3,228.3,32.1,120.1,7.1,57.0,2808.5
2015-12-14,,128.9,1.6,20.3,63.2,3.5,67.2,15.5,6.3,58.9,8.6,262.9,112.4,24.3,42.5,23.2,171.4,61.2,,215.7,402.0,2.2,4.4,1.4,1.7,62.0,5.7,93.3,212.4,2.0,231.7,131.3,3.3,218.8,33.1,122.2,7.7,57.4,2880.2000000000003
2015-12-15,,128.4,1.8,20.3,62.1,3.5,67.6,15.4,6.4,62.2,8.0,264.4,114.9,26.1,43.6,23.5,170.1,62.5,,213.7,408.2,2.4,5.3,1.3,1.8,61.3,5.8,100.0,212.7,2.3,232.2,133.8,3.1,220.7,34.6,124.6,8.4,56.6,2909.6
2015-12-16,,127.4,1.9,21.3,63.1,3.6,67.4,15.4,6.3,60.5,9.2,262.0,116.4,26.4,43.8,22.0,168.3,62.8,,215.6,409.6,2.3,5.3,1.4,1.9,62.1,5.8,99.9,215.7,1.2,238.2,132.3,3.4,226.8,35.2,124.7,7.7,56.8,2923.7000000000007
2015-12-17,,130.8,1.9,20.9,62.6,3.6,68.4,15.4,6.4,61.6,8.9,266.2,115.8,26.7,43.3,22.2,169.1,62.9,,219.5,398.8,2.4,5.0,1.3,1.9,69.2,6.1,104.2,215.5,1.2,242.1,133.6,2.9,226.9,35.7,113.5,7.6,56.9,2931.0000000000005
2015-12-18,,130.8,1.9,21.5,66.3,3.7,68.8,15.2,5.1,65.6,10.7,267.0,117.2,27.0,42.8,21.9,171.8,62.9,,220.5,389.1,2.3,5.3,1.3,1.9,66.5,6.0,114.1,223.4,1.0,246.7,136.0,2.6,232.4,35.2,121.5,8.7,55.3,2970.0000000000005
2015-12-19,,132.3,1.9,21.7,64.0,3.6,70.3,15.7,4.5,60.3,7.9,266.5,115.2,26.4,42.1,20.9,171.8,62.2,,219.2,387.2,2.4,5.4,1.4,2.0,72.1,6.2,111.9,224.1,1.1,244.2,132.9,2.4,232.7,36.5,123.6,6.8,52.0,2951.4
2015-12-20,,130.8,2.0,20.4,66.1,3.3,70.3,15.7,4.5,58.5,7.9,266.5,104.8,24.7,40.2,21.4,166.7,56.6,,219.2,387.2,2.3,5.3,1.4,2.0,62.9,5.6,101.8,213.9,1.1,231.7,130.0,2.7,230.4,33.2,119.0,6.8,55.0,2871.9
2015-12-21,,130.6,1.7,19.5,66.3,3.8,70.3,15.7,4.5,62.5,7.9,266.5,111.4,26.3,44.2,22.8,173.9,63.2,,219.2,387.2,2.0,5.2,1.3,1.9,66.4,5.6,96.5,218.7,1.8,250.0,133.9,3.8,234.4,35.5,115.9,6.8,56.6,2933.8
2015-12-22,,132.5,1.6,20.6,65.3,3.7,68.7,15.1,6.5,63.6,8.8,265.4,109.8,27.1,42.8,22.9,173.4,63.2,,218.7,386.2,2.4,4.8,1.4,1.9,66.0,6.0,99.7,221.4,1.3,258.4,136.7,3.7,240.1,36.9,118.5,8.2,57.4,2960.7
2015-12-23,,134.4,1.9,21.3,64.6,3.8,70.3,15.1,6.4,67.8,8.7,262.0,114.5,27.9,39.0,22.4,171.0,62.7,,219.1,382.6,2.3,5.7,1.5,1.9,66.1,6.2,97.2,220.4,1.2,264.6,137.4,3.9,244.1,36.8,116.1,7.4,57.2,2965.5
2015-12-24,,135.6,2.0,21.8,64.5,3.7,70.4,15.3,6.2,63.4,8.6,263.0,113.1,27.7,44.3,23.7,172.1,61.4,,218.2,371.9,2.6,5.5,1.6,2.1,67.4,6.3,98.6,219.2,1.4,266.2,135.6,2.8,242.8,35.6,116.7,7.2,56.2,2954.7
2015-12-25,,132.0,2.0,21.6,67.1,3.6,71.4,15.5,6.2,63.7,7.4,262.5,115.8,27.7,45.1,24.1,170.4,55.2,,217.4,345.5,2.7,5.3,1.5,2.1,68.6,6.2,98.0,223.2,1.4,260.6,129.2,3.1,249.8,36.2,109.2,6.8,56.9,2915.0
2015-12-26,,126.2,1.9,21.4,64.5,3.6,70.2,15.6,6.2,62.9,7.9,260.9,117.1,27.7,46.4,23.1,171.7,57.8,,216.6,351.4,2.6,5.4,1.4,2.0,66.6,6.1,98.6,224.3,1.5,255.8,125.8,3.1,245.9,36.1,115.8,6.9,56.8,2907.7999999999997
2015-12-27,,122.8,1.9,21.1,65.4,3.3,70.0,15.3,6.0,59.1,7.4,255.9,107.6,24.4,44.7,22.4,174.1,55.0,,216.1,344.2,2.6,5.4,1.4,2.1,65.0,5.6,85.4,217.2,1.4,242.4,121.0,3.1,238.2,34.4,109.9,6.7,56.9,2815.3999999999996
2015-12-28,,126.5,1.8,21.5,65.3,3.6,71.7,15.6,6.2,62.1,8.4,265.7,111.8,25.4,44.6,22.5,175.3,61.2,,216.5,360.3,2.8,5.4,1.4,2.0,64.7,5.8,89.4,221.1,1.5,255.1,125.1,3.3,236.3,35.5,113.4,5.7,57.5,2892.000000000001
2015-12-29,,128.4,1.8,21.5,66.9,3.6,69.6,15.3,6.3,62.5,8.6,272.1,109.6,29.4,45.6,23.8,175.0,62.6,,218.0,368.1,2.7,5.2,1.3,2.0,65.7,5.8,93.2,221.7,1.6,261.8,128.9,2.9,229.1,36.4,112.8,8.6,57.9,2926.3
2015-12-30,,130.7,1.7,21.4,65.8,3.7,71.2,15.3,6.4,63.6,8.5,270.8,110.4,25.9,45.0,23.8,177.7,63.3,,219.6,368.3,2.6,5.4,1.5,2.0,64.5,6.3,94.3,222.3,1.6,262.5,129.2,3.3,230.5,34.8,115.3,7.7,58.7,2935.6
2015-12-31,,135.7,1.9,21.8,66.8,3.6,73.9,15.5,6.2,64.9,9.0,275.6,110.3,25.5,43.8,23.8,181.2,61.4,,221.0,369.5,2.8,5.5,1.6,2.1,66.9,6.1,93.9,222.6,1.6,264.9,128.1,3.3,228.0,34.6,117.0,7.5,57.6,2955.5
2015-12-31,,135.7,1.9,21.8,66.8,3.6,73.9,15.5,6.2,64.9,9.0,275.6,110.3,25.5,43.8,23.8,181.2,61.4,,221.0,369.5,2.8,5.5,1.6,2.1,66.9,6.1,93.9,222.6,1.6,264.9,128.1,3.3,228.0,34.6,117.0,7.5,57.6,2955.5
2016-01-01,,131.3,1.8,21.0,66.3,3.7,73.8,14.5,5.5,62.3,7.8,273.3,111.4,24.8,44.6,22.9,174.7,59.7,,221.0,352.4,2.8,4.8,1.4,1.9,76.5,5.9,94.3,222.2,1.4,254.6,127.0,3.1,237.0,34.4,110.2,10.7,51.8,2912.8
2016-01-02,,129.5,2.0,21.7,62.2,3.5,73.4,14.8,5.8,58.7,8.0,275.9,113.5,25.2,43.8,23.1,179.7,59.1,,218.2,368.1,2.5,5.3,1.3,1.9,68.0,6.0,99.2,221.9,1.4,249.6,127.7,3.2,236.9,34.6,119.7,11.4,51.4,2928.2000000000003
2016-01-03,,129.0,2.0,21.1,62.2,3.2,73.5,15.6,6.0,60.2,7.2,270.1,111.9,23.9,43.3,22.9,173.6,53.1,,217.5,360.8,2.8,4.6,1.3,2.2,69.2,5.6,88.7,219.5,1.2,245.6,124.8,4.4,236.5,34.4,114.9,10.5,58.0,2881.3
2016-01-04,,126.6,1.7,21.1,66.3,3.7,73.1,15.9,6.0,61.5,7.8,277.4,115.8,25.6,43.1,22.0,182.4,58.0,,218.6,374.7,2.1,5.4,1.4,2.1,70.1,6.1,90.2,223.6,0.9,271.2,129.4,3.0,243.8,35.4,116.6,10.2,58.9,2971.7000000000003
2016-01-05,,140.6,1.7,22.0,65.7,3.6,73.1,15.8,6.5,61.6,8.4,278.3,117.9,25.2,43.1,23.3,182.5,58.9,,220.4,380.4,1.9,5.6,1.5,2.2,69.4,6.0,92.4,224.0,1.6,257.2,133.5,3.1,246.1,35.6,118.1,10.8,58.1,2996.0999999999995
2016-01-06,,138.2,1.7,22.2,66.7,3.7,71.9,16.1,6.5,61.4,8.3,278.1,117.8,26.1,43.2,23.2,184.9,60.4,,219.6,384.4,2.2,5.3,1.2,1.7,63.1,6.3,95.6,226.6,1.5,272.8,131.1,3.1,242.8,36.0,120.1,10.5,58.5,3012.7999999999997
2016-01-07,,135.2,2.0,21.7,64.9,3.7,74.1,16.0,6.5,60.7,8.2,282.2,117.4,26.5,43.9,23.6,185.1,60.8,,218.1,376.5,2.5,5.5,1.5,2.1,59.2,6.2,102.8,222.2,1.5,272.0,132.2,3.4,240.0,35.8,119.3,11.9,59.6,3004.8
2016-01-08,,136.3,1.7,22.3,65.7,3.7,73.6,15.9,6.5,70.5,8.1,282.1,109.0,26.6,43.6,23.3,183.0,62.1,,210.5,373.7,2.4,5.4,1.5,2.0,59.0,6.3,102.5,217.7,1.7,276.0,130.4,2.8,237.7,36.4,120.4,11.7,58.0,2990.1
2016-01-09,,112.8,1.7,18.7,64.4,3.5,72.1,15.9,5.8,60.8,7.8,280.6,119.6,26.7,42.8,23.4,184.4,61.3,,216.7,373.5,2.4,5.5,1.5,1.8,57.8,6.2,102.2,219.6,1.2,275.6,127.5,3.1,238.6,36.1,123.5,9.1,51.1,2955.3
2016-01-10,,129.9,1.9,19.6,65.6,3.5,74.0,15.7,6.1,57.5,8.0,270.9,116.3,25.0,42.4,23.0,176.8,56.0,,214.0,362.8,2.4,5.5,1.4,1.8,60.5,5.6,100.5,219.3,1.9,256.9,124.2,3.4,233.6,33.8,118.6,8.0,46.4,2892.8
2016-01-11,,135.2,2.0,21.6,63.4,3.6,73.0,15.8,6.2,60.6,6.9,277.9,115.2,26.3,42.9,22.6,183.5,61.0,,215.0,375.9,2.6,5.7,1.5,2.3,54.8,5.9,106.2,223.9,1.4,258.7,127.9,3.1,234.6,36.0,119.8,8.7,58.8,2960.4999999999995
2016-01-12,,135.7,2.0,22.0,65.7,3.7,73.4,16.1,6.5,61.7,8.1,280.1,118.6,26.2,42.6,23.3,182.5,62.6,,216.9,381.2,2.4,5.6,1.5,2.1,59.2,5.9,107.3,224.9,2.2,274.0,129.4,3.0,240.3,36.1,125.8,6.8,59.3,3014.7
2016-01-13,,133.9,2.0,22.3,66.2,3.8,74.2,16.1,6.0,61.8,8.2,278.8,117.0,25.9,45.3,22.8,186.6,62.6,,218.3,382.6,2.4,5.9,1.5,2.1,63.4,6.1,85.0,233.8,2.7,274.2,130.2,3.2,237.0,36.0,124.4,6.3,59.1,3007.7
2016-01-14,,131.6,2.0,22.6,66.2,3.9,74.4,15.5,5.8,61.9,8.1,225.1,117.7,25.0,45.3,23.0,186.0,62.6,,215.9,381.9,2.5,5.8,1.5,2.1,64.5,5.9,86.6,211.9,1.3,265.1,128.9,3.2,228.7,33.2,125.2,7.4,58.5,2906.7999999999997
2016-01-15,,124.0,2.0,21.1,65.3,4.0,74.8,15.8,5.7,64.9,8.6,240.4,114.5,25.3,45.1,22.9,180.4,62.0,,212.3,375.5,2.6,5.6,1.5,2.1,67.7,5.0,96.1,201.2,2.2,225.9,118.9,3.1,229.0,31.9,121.5,7.3,60.8,2847.0
2016-01-16,,120.1,1.9,21.7,65.5,3.8,72.7,15.7,6.5,63.6,7.7,266.8,119.3,25.7,44.2,23.2,183.3,61.7,,202.7,376.0,2.6,5.5,1.5,2.0,67.2,4.6,100.6,174.9,1.6,213.4,120.9,3.1,238.6,33.4,117.8,7.7,59.3,2836.8
2016-01-17,,110.4,2.0,21.7,65.1,3.5,73.2,15.7,5.7,60.7,7.0,267.6,111.8,23.4,44.8,23.0,182.3,56.6,,196.6,362.5,2.5,5.4,1.5,2.1,68.4,4.3,92.2,209.9,1.5,217.2,120.1,2.8,239.9,34.7,115.8,7.4,52.8,2812.1000000000004
2016-01-18,,126.6,2.0,21.9,65.6,3.5,73.3,15.9,6.4,63.5,7.9,273.4,112.7,25.9,44.9,22.4,187.6,62.0,,177.7,373.3,2.6,5.1,1.5,2.0,61.3,5.4,103.3,217.4,1.3,250.1,126.2,3.1,235.3,36.4,121.6,7.3,58.9,2905.2999999999993
2016-01-19,,123.7,2.0,22.1,57.3,3.9,70.3,16.3,6.1,67.1,7.9,272.6,119.4,26.7,45.2,20.2,181.8,63.5,,147.2,375.3,2.7,4.9,1.5,2.0,62.8,5.8,105.6,215.6,1.9,269.3,128.0,3.2,233.0,35.3,115.8,6.8,58.5,2881.2999999999997
2016-01-20,,126.7,1.9,21.6,55.4,4.2,65.0,15.0,6.6,67.5,8.0,269.8,123.1,27.3,51.0,21.4,175.4,63.9,,162.9,372.3,2.6,5.4,1.4,2.2,62.2,6.0,107.7,224.4,1.9,277.2,127.0,3.1,205.7,36.5,113.8,7.1,56.7,2879.9
2016-01-21,,126.6,2.0,21.5,63.3,4.2,66.7,15.1,5.9,67.1,8.2,272.7,124.4,27.2,44.4,21.7,177.0,65.2,,168.9,361.9,2.6,5.4,1.5,2.1,59.5,6.1,102.4,216.2,1.6,278.0,126.2,3.2,234.0,37.2,108.4,6.8,57.9,2893.1
2016-01-22,,125.6,1.8,21.9,65.5,4.2,72.6,15.3,5.8,68.2,8.0,273.0,117.9,27.0,44.6,20.0,180.2,65.4,,178.3,360.7,2.3,5.7,1.5,2.1,60.8,6.0,108.1,217.3,1.5,276.9,128.1,3.2,234.1,37.9,109.6,7.2,59.3,2917.6
2016-01-23,,126.7,2.0,22.2,62.0,4.0,72.6,15.3,5.9,64.6,7.5,271.0,117.6,27.0,44.9,24.9,179.8,65.0,,184.3,366.6,2.6,5.3,1.6,2.1,65.7,6.3,107.1,223.4,1.3,271.9,127.2,3.0,233.7,37.0,113.6,7.5,58.9,2932.1
2016-01-24,,124.0,2.0,22.0,64.9,3.7,72.0,15.1,6.3,65.1,7.5,267.8,117.7,25.3,43.4,31.6,177.3,60.1,,187.0,355.7,2.5,5.1,1.4,2.0,60.1,5.7,102.5,220.3,1.6,259.5,124.4,3.2,231.7,33.9,109.1,7.3,59.1,2877.8999999999996
2016-01-25,,131.4,2.0,21.7,64.5,4.2,73.3,15.6,6.3,67.6,7.8,275.1,119.8,26.1,42.8,17.2,187.2,65.7,,190.5,367.9,2.6,5.3,1.5,2.1,64.4,6.1,103.6,224.9,1.7,268.6,128.8,3.1,240.4,36.9,115.3,7.0,49.2,2948.2
2016-01-26,,131.7,2.0,21.2,64.3,3.6,72.3,12.7,4.4,56.4,6.9,261.4,112.3,22.4,46.4,19.8,178.4,63.4,,191.5,333.8,2.6,5.2,1.5,1.8,68.3,5.4,93.9,219.7,1.5,257.1,124.0,3.1,239.5,32.5,104.3,8.2,49.8,2823.2999999999997
2016-01-27,,134.4,1.9,21.9,64.1,4.0,73.2,14.6,5.6,66.1,7.8,271.4,120.6,25.2,44.2,19.9,189.6,65.4,,193.9,366.7,2.5,5.3,1.5,2.2,69.1,6.0,101.5,222.6,1.7,275.8,131.9,3.1,240.6,34.5,114.4,7.5,60.1,2970.7999999999997
2016-01-28,,143.3,2.0,21.4,64.7,3.9,75.4,16.0,6.5,64.4,8.1,280.2,121.8,26.0,44.0,21.8,191.2,66.2,,196.0,377.2,2.5,5.3,1.5,2.1,69.1,6.2,105.1,220.9,1.7,284.4,132.5,3.2,238.0,37.1,122.2,7.6,59.9,3029.4
2016-01-29,,142.8,2.0,21.9,64.4,3.9,76.3,15.9,6.5,64.8,8.3,283.3,121.0,27.2,38.8,21.9,194.0,65.7,,198.3,367.9,2.4,5.0,1.4,2.1,71.3,6.3,96.8,227.3,1.8,283.6,133.6,3.1,236.7,37.5,121.5,8.1,58.9,3022.2999999999997
2016-01-30,,140.4,2.0,22.0,66.9,3.7,75.9,16.2,6.6,60.3,7.3,284.1,118.8,25.1,43.0,22.5,193.0,64.0,,198.7,378.0,2.7,5.5,1.5,2.2,69.4,6.2,101.5,223.8,1.5,274.2,133.8,3.0,235.5,35.5,115.3,8.2,58.9,3007.2
2016-01-31,,133.9,2.0,21.4,65.7,3.4,75.7,16.2,6.3,57.7,7.3,272.6,111.7,24.4,43.2,21.6,184.2,57.9,,201.1,373.1,2.7,5.4,1.4,2.1,69.3,5.7,92.7,218.4,1.6,263.4,129.1,3.1,230.7,34.2,112.9,7.6,55.8,2915.5
2016-02-01,,135.3,1.9,22.5,64.4,3.7,76.2,15.9,6.3,62.4,9.1,277.3,117.0,25.5,44.1,20.8,191.8,61.8,,201.9,387.9,2.3,5.4,1.4,2.1,68.7,5.7,93.6,218.7,1.3,273.5,134.4,3.2,233.9,34.2,114.3,6.8,56.8,2982.1
2016-02-02,,141.4,2.0,22.2,64.0,3.8,76.7,16.0,6.5,62.1,8.5,277.4,121.7,25.5,44.1,21.0,194.3,62.1,,204.8,389.4,2.5,5.5,1.5,2.2,70.9,6.1,96.8,220.8,1.7,278.0,131.2,3.2,234.5,35.5,119.0,6.5,54.8,3014.2
2016-02-03,,143.2,2.0,22.4,61.8,3.8,77.4,16.0,6.6,62.8,8.6,275.3,123.1,26.5,44.0,20.4,193.6,61.5,,204.5,391.6,2.3,5.4,1.5,2.0,73.0,6.2,98.1,219.3,1.7,284.2,137.4,3.2,237.7,36.7,121.8,6.5,57.4,3039.4999999999995
2016-02-04,,143.6,2.0,21.7,62.0,3.7,77.8,16.6,6.6,63.2,8.6,275.8,123.1,26.1,44.8,20.5,196.2,61.8,,204.0,386.1,2.5,5.3,1.5,2.2,60.9,6.3,99.6,215.4,1.9,278.9,139.4,3.3,239.0,36.8,122.9,5.8,57.8,3023.7
2016-02-05,,127.1,2.1,22.4,63.1,3.7,77.8,16.3,6.6,64.1,8.4,278.4,124.6,26.3,43.6,20.3,194.5,62.2,,206.0,382.1,2.5,5.5,1.4,2.2,61.1,6.2,101.6,221.6,1.8,283.2,141.1,2.8,239.4,36.9,120.9,6.3,58.8,3022.9
2016-02-06,,142.1,1.7,22.0,65.9,3.6,77.3,16.4,6.7,60.1,8.2,277.8,123.3,26.1,43.7,21.1,192.1,62.7,,202.8,382.2,2.7,5.7,1.5,2.0,57.8,6.2,98.2,220.5,1.2,281.6,137.8,3.8,232.5,36.1,121.7,6.3,58.0,3009.4
2016-02-07,,135.0,1.9,21.3,64.7,3.4,77.3,16.1,6.4,58.2,7.5,270.3,111.3,27.3,42.0,22.3,188.7,58.7,,201.8,368.8,2.5,5.6,1.4,2.0,60.7,5.7,94.7,213.3,1.6,260.6,135.4,3.0,229.1,31.6,116.8,4.7,59.0,2910.7000000000003
2016-02-08,,146.1,1.9,21.3,64.2,3.6,77.5,15.6,6.5,47.4,8.3,272.5,116.4,25.2,44.4,21.0,197.0,65.0,,200.6,384.0,2.4,5.5,1.4,2.1,62.0,6.2,99.2,209.8,1.7,283.9,136.6,3.0,228.7,32.8,120.7,5.2,58.6,2978.3
2016-02-09,,144.7,1.9,20.4,64.1,3.6,77.8,16.3,5.2,62.3,8.5,278.6,121.6,25.6,44.2,21.2,200.0,66.8,,202.7,395.3,2.6,5.6,1.5,2.1,63.1,6.3,103.2,216.5,1.8,289.0,138.2,3.1,236.9,35.4,118.5,5.7,58.1,3048.4
2016-02-10,,146.4,2.0,21.0,62.5,3.7,78.9,16.3,6.6,61.9,8.5,276.1,121.5,25.4,44.4,21.1,190.6,75.8,,202.6,395.9,2.1,5.6,1.4,2.2,60.1,6.4,104.8,217.3,1.8,288.9,139.5,3.2,241.9,34.8,120.4,6.7,59.0,3057.2999999999993
2016-02-11,,147.9,1.9,21.5,57.0,3.6,79.5,16.3,6.7,61.1,8.6,280.1,121.3,25.9,35.8,21.7,199.6,65.4,,202.6,385.4,2.3,5.5,1.4,2.1,58.0,6.4,99.4,216.9,1.7,292.2,141.2,3.2,240.1,36.4,120.6,7.8,60.1,3037.2
2016-02-12,,149.7,2.0,21.7,64.4,3.6,81.1,16.2,6.5,63.6,8.4,282.4,121.4,25.9,37.6,21.6,201.8,67.4,,201.6,379.1,2.6,5.9,1.5,2.1,58.7,6.4,103.0,212.8,1.8,289.8,143.3,3.0,240.2,35.7,121.0,6.6,60.7,3051.1
2016-02-13,,145.4,2.1,22.0,66.6,3.6,80.5,16.1,6.4,57.8,8.1,278.2,115.5,26.4,41.0,21.4,198.3,66.5,,201.4,377.6,2.4,5.7,1.4,2.1,59.6,6.5,99.4,220.1,1.4,293.3,138.7,3.1,231.8,35.9,117.2,7.4,59.6,3020.4999999999995
2016-02-14,,145.6,2.1,21.5,63.7,3.2,80.5,15.7,6.4,56.5,7.3,265.2,110.2,24.6,43.2,20.8,183.6,61.3,,198.6,368.2,2.4,5.7,1.3,2.1,62.3,5.9,99.4,215.4,1.0,269.1,135.9,3.0,233.0,33.3,115.7,7.0,57.0,2927.7
2016-02-15,,145.5,2.0,21.6,64.5,3.6,81.3,16.1,6.3,59.6,8.3,272.9,117.2,25.6,43.6,21.5,195.0,66.4,,195.5,389.6,2.3,5.7,1.3,2.1,61.8,6.4,102.2,214.2,1.5,288.3,135.9,3.1,232.9,34.7,124.1,7.0,58.2,3017.8
2016-02-16,,143.0,2.1,22.0,62.6,3.6,82.0,16.2,6.6,59.0,8.4,275.9,121.3,25.5,43.5,20.3,197.7,66.0,,189.8,397.2,2.4,5.6,1.4,2.1,60.7,6.2,104.8,211.7,1.8,292.9,136.1,3.0,256.0,35.1,130.7,8.0,58.1,3059.2999999999997
2016-02-17,,147.8,2.0,21.6,59.7,3.6,82.0,16.5,6.6,61.1,8.5,278.6,123.8,25.3,43.5,19.1,197.2,67.2,,193.0,401.6,2.4,5.5,1.4,2.0,66.6,6.5,109.4,211.7,1.7,294.3,136.2,3.2,239.6,34.9,132.8,8.6,58.7,3074.2
2016-02-18,,148.4,2.1,21.6,63.4,3.5,83.8,15.7,6.7,59.3,8.7,287.0,109.4,25.6,44.3,20.3,194.0,68.5,,196.0,395.3,2.3,5.4,1.4,2.0,67.8,6.5,108.1,207.0,1.2,291.5,138.0,3.5,238.1,34.7,132.6,8.7,57.6,3060.0
2016-02-19,,146.1,2.0,21.4,63.7,3.6,82.2,16.5,6.8,61.1,9.0,291.5,111.3,26.5,43.8,22.1,197.0,69.5,,199.5,392.9,2.4,5.5,1.4,2.1,71.9,6.6,97.8,211.6,1.6,298.8,139.1,3.3,242.8,34.5,137.6,8.5,56.3,3088.3000000000006
2016-02-20,,148.2,2.0,21.4,63.1,3.4,82.4,16.3,6.7,56.2,8.8,288.2,107.8,24.3,36.2,20.8,199.7,69.9,,199.9,402.4,2.3,5.4,1.4,2.0,65.5,6.7,85.2,206.5,1.5,299.0,139.0,4.4,232.3,34.8,136.3,8.6,58.6,3047.2000000000003
2016-02-21,,144.1,2.1,19.6,56.7,3.1,82.8,16.5,6.7,52.3,8.0,277.1,100.5,22.0,40.9,22.5,194.8,64.9,,195.0,393.8,2.1,5.0,1.3,1.6,72.1,6.0,89.1,206.1,1.0,288.4,135.7,4.6,221.5,31.8,134.2,8.9,59.1,2971.9
2016-02-22,,147.3,2.0,19.1,62.4,3.3,82.2,16.6,6.6,55.1,8.4,281.6,105.5,25.0,40.2,21.0,204.3,70.6,,194.8,399.0,2.3,4.6,1.3,1.7,80.2,6.4,94.7,205.2,1.6,300.1,142.8,3.4,228.9,33.4,132.5,8.8,59.0,3051.8999999999996
2016-02-23,,153.4,2.0,20.9,61.8,3.4,83.8,16.4,6.8,56.9,9.3,284.6,111.2,25.0,44.2,20.6,201.3,71.1,,194.2,409.1,2.3,5.4,1.3,1.9,75.7,6.4,100.6,211.8,1.9,297.1,144.3,3.4,235.6,32.9,134.8,9.3,59.0,3099.7000000000003
2016-02-24,,154.6,2.0,21.4,61.8,3.5,84.6,16.7,6.8,53.0,9.0,285.1,122.0,25.2,42.0,20.4,204.1,71.0,,195.3,411.0,2.2,5.3,1.1,1.9,77.7,6.5,101.6,217.8,1.8,301.6,143.8,2.7,240.2,34.1,125.6,9.4,56.7,3119.5
2016-02-25,,152.6,2.0,20.4,63.6,3.4,86.7,16.6,6.7,60.7,8.9,290.6,124.0,24.6,42.0,21.7,206.1,70.7,,195.9,391.8,2.0,5.2,1.3,1.9,77.2,6.8,102.5,211.8,1.8,304.3,145.1,2.6,235.8,34.1,124.6,9.5,59.3,3114.8
2016-02-25,,152.6,2.0,20.4,63.6,3.4,86.7,16.6,6.7,60.7,8.9,290.6,124.0,24.6,42.0,21.7,206.1,70.7,,195.9,391.8,2.0,5.2,1.3,1.9,77.2,6.8,102.5,211.8,1.8,304.3,145.1,2.6,235.8,34.1,124.6,9.5,59.3,3114.8
2016-02-26,,152.0,2.0,21.3,63.6,3.4,78.0,16.6,6.7,59.9,8.9,287.6,127.7,25.1,43.0,20.7,207.0,71.2,,194.2,401.3,2.2,4.9,1.3,2.0,68.3,6.7,104.7,212.7,1.4,305.1,145.2,3.1,246.1,33.5,121.4,9.3,64.8,3122.9
2016-02-27,,153.0,2.0,20.3,63.2,3.3,75.9,16.8,6.2,56.1,8.6,288.8,128.4,24.6,41.7,20.7,202.6,70.2,,191.5,400.4,2.4,4.6,1.4,2.0,65.8,6.5,108.7,212.3,1.6,300.4,141.6,3.1,249.0,34.9,120.7,9.7,59.3,3098.2999999999997
2016-02-28,,149.1,1.9,19.5,62.5,3.0,81.1,16.5,6.5,54.3,7.9,282.1,121.9,23.3,36.4,21.4,193.0,65.0,,189.3,390.2,2.4,4.7,1.3,1.8,70.7,6.4,105.5,208.2,0.6,285.1,136.6,2.9,236.8,32.4,118.3,9.4,58.2,3006.2000000000003
2016-03-01,,149.9,2.1,21.9,64.4,3.4,81.3,16.3,6.6,60.7,9.3,296.9,127.6,24.9,42.8,23.0,205.8,69.3,,189.8,390.7,2.4,5.0,1.4,2.0,71.5,6.7,110.7,214.9,1.7,303.6,134.5,3.5,249.2,34.5,126.6,9.1,59.8,3123.7999999999997
2016-03-02,,151.9,2.0,21.9,63.7,3.4,82.4,16.4,6.2,60.1,9.3,300.0,128.6,25.6,42.1,22.8,203.9,70.4,,189.8,396.9,2.5,5.2,1.4,1.9,73.6,6.6,107.7,210.7,1.6,303.9,138.9,3.1,250.7,34.4,129.5,9.9,59.3,3138.2999999999997
2016-03-03,,152.8,2.1,22.2,63.3,3.4,83.8,16.7,6.7,61.2,9.5,294.3,126.5,25.4,43.1,22.4,201.2,71.3,,188.7,392.6,2.4,5.2,1.4,2.0,75.5,6.8,113.1,211.3,1.7,305.6,141.3,3.1,252.5,34.9,132.9,10.0,59.4,3146.3
2016-03-04,,152.2,2.1,21.8,62.7,3.4,83.9,16.5,6.9,63.0,9.4,301.5,117.8,25.7,42.2,22.3,207.6,71.0,,185.6,376.5,2.4,5.2,1.3,1.8,74.6,6.9,105.1,201.2,1.5,310.4,143.3,3.3,256.1,35.1,137.7,11.2,59.4,3128.6000000000004
2016-03-05,,153.6,1.9,21.6,63.9,3.2,81.1,16.5,6.9,57.2,9.5,296.6,92.6,25.4,41.0,22.5,202.6,70.4,,179.9,396.3,2.4,5.2,1.3,2.3,73.5,6.9,88.1,186.9,1.3,307.2,139.5,3.4,245.0,32.4,131.6,10.0,60.3,3040.0000000000005
2016-03-06,,153.6,1.9,19.8,61.6,2.9,79.4,16.4,6.7,52.6,8.4,288.3,80.9,23.0,40.0,21.0,195.3,66.0,,166.3,388.4,2.2,5.2,1.2,1.8,73.0,8.6,77.6,183.7,1.2,286.7,135.7,3.2,211.0,28.3,134.8,10.4,58.3,2895.3999999999996
2016-03-06,,153.6,1.9,19.8,61.6,2.9,79.4,16.4,6.7,52.6,8.4,288.3,80.9,23.0,40.0,21.0,195.3,66.0,,166.3,388.4,2.2,5.2,1.2,1.8,73.0,8.6,77.6,183.7,1.2,286.7,135.7,3.2,211.0,28.3,134.8,10.4,58.3,2895.3999999999996
2016-03-08,,150.9,2.0,21.9,60.8,3.3,78.0,16.6,6.7,59.6,8.9,287.6,105.3,23.4,41.1,19.8,209.4,72.6,,194.2,401.3,2.2,5.0,1.3,1.8,77.8,6.6,95.6,197.3,1.2,308.8,138.9,3.2,217.9,33.2,141.2,9.3,55.4,3060.1000000000004
2016-03-09,,152.6,2.0,21.9,64.1,3.4,84.4,16.7,6.8,61.4,9.3,298.8,108.3,24.4,41.2,21.7,210.4,74.1,,176.7,420.0,2.2,5.0,1.3,1.8,80.0,6.8,103.0,200.5,1.7,314.4,143.0,3.2,237.8,34.2,140.7,9.3,59.3,3142.4
2016-03-10,,153.7,2.0,22.8,63.7,3.4,85.4,16.6,6.7,62.8,9.5,303.3,111.1,24.3,40.9,21.8,210.1,74.7,,179.7,421.4,2.3,5.0,1.3,1.8,79.8,7.0,101.5,202.3,1.7,310.6,143.2,3.4,238.6,34.1,142.5,9.3,60.5,3158.8000000000006
2016-03-11,,155.1,2.0,23.1,61.9,3.4,86.9,16.3,6.9,63.0,9.8,304.0,106.8,24.8,40.3,22.1,208.4,73.3,,182.8,421.4,2.3,5.0,1.4,1.8,81.8,7.0,93.7,197.4,1.2,312.8,145.6,3.6,238.6,33.7,146.5,9.6,54.6,3148.9
2016-03-12,,152.9,2.0,22.1,62.4,3.2,85.2,16.2,6.9,56.9,9.8,296.6,85.4,20.3,35.5,19.2,207.8,71.0,,164.2,417.0,2.4,4.9,1.4,2.1,80.5,7.2,73.2,185.7,1.2,311.2,142.6,3.8,214.5,26.9,150.2,9.9,59.0,3011.3
2016-03-13,,153.7,2.0,22.9,57.0,3.0,73.4,15.2,6.5,55.4,8.5,282.3,87.4,20.8,40.3,18.7,192.6,66.4,,146.7,390.9,2.4,4.8,1.3,2.0,85.7,6.5,70.5,186.3,0.9,296.8,140.6,3.5,202.3,26.8,148.5,11.1,58.2,2891.9000000000005
2016-03-14,,151.5,1.9,21.3,57.0,3.2,69.8,15.1,6.6,59.6,9.7,291.6,95.6,24.9,39.9,19.6,205.5,74.0,,157.7,406.8,2.3,5.1,1.2,1.9,85.6,6.8,74.3,193.1,1.3,305.1,143.9,3.5,212.3,31.4,149.2,11.1,57.0,2996.4
2016-03-15,,154.6,1.9,22.1,57.1,3.3,75.7,15.2,6.8,60.4,9.6,292.0,99.5,25.8,39.1,22.8,199.3,73.5,,165.6,417.8,2.3,4.9,1.4,2.0,79.0,7.1,80.1,194.4,1.0,318.4,145.4,3.5,228.2,32.7,144.6,12.4,58.7,3058.2
2016-03-16,,155.6,1.7,20.2,58.9,3.4,70.9,15.3,6.5,61.4,9.2,292.0,101.9,25.1,41.4,22.8,200.9,73.0,,167.1,417.9,2.3,4.7,1.4,2.0,78.9,7.1,81.4,197.7,1.1,321.0,143.0,3.4,238.4,32.5,141.2,11.2,59.5,3072.0
2016-03-17,,159.1,1.9,22.0,62.1,3.3,79.7,15.5,6.8,59.6,9.0,299.6,103.8,25.8,41.7,22.2,198.7,73.6,,171.1,421.8,2.6,4.4,1.3,2.0,78.1,7.1,81.6,190.7,1.3,320.3,146.2,4.5,247.3,33.3,140.9,11.6,60.9,3111.4
2016-03-18,,157.5,2.0,23.1,62.7,3.3,80.0,15.1,7.0,64.7,9.3,304.0,103.2,24.6,42.1,22.1,194.3,74.5,,171.4,424.3,2.3,4.4,1.3,2.0,75.7,7.2,83.4,196.8,1.4,323.6,150.0,4.0,242.1,34.3,140.4,10.3,61.4,3125.8000000000006
2016-03-19,,158.8,2.0,23.3,61.8,3.3,72.6,15.6,6.9,62.3,9.2,300.5,110.0,24.9,35.3,22.0,197.7,75.0,,170.0,425.1,1.9,4.3,1.4,1.9,74.1,7.1,83.5,200.5,1.4,316.1,149.0,4.8,255.4,33.2,140.2,11.2,62.6,3124.9000000000005
2016-03-20,,155.3,2.0,21.6,64.0,3.0,80.4,16.4,6.6,59.3,8.3,290.0,97.1,25.3,40.3,20.6,195.1,70.3,,169.8,409.7,2.0,4.3,1.3,1.9,75.5,6.6,75.4,190.7,1.4,296.7,143.8,4.8,255.0,31.6,144.7,11.0,61.9,3043.7000000000007
2016-03-21,,158.8,2.0,19.2,60.9,3.3,85.8,16.6,6.8,62.8,9.3,301.0,106.0,25.2,40.7,22.0,206.0,76.0,,174.3,417.4,2.2,4.6,1.3,1.7,79.1,7.0,84.0,192.4,1.3,312.4,148.0,4.2,250.1,31.7,140.5,11.9,61.9,3128.399999999999
2016-03-22,,161.0,2.0,20.5,58.8,3.2,84.2,16.8,7.0,61.1,9.9,302.1,104.6,24.2,40.3,20.7,209.8,76.6,,172.1,428.8,2.1,4.1,1.2,2.0,80.5,7.2,86.7,187.1,1.3,325.8,149.2,4.4,242.1,32.5,139.9,13.0,63.6,3146.4
2016-03-24,,160.6,2.1,20.5,63.0,2.8,74.3,10.9,3.7,47.9,8.3,231.7,90.2,17.0,40.4,22.8,209.5,75.1,,161.4,384.5,2.1,4.1,1.3,2.0,77.9,6.1,79.4,159.4,1.3,321.6,146.7,5.2,283.8,22.1,130.1,11.7,56.2,2937.7
2016-03-26,,156.6,2.0,22.8,67.0,3.3,83.4,16.0,6.8,60.0,9.4,295.8,101.7,22.9,38.7,22.0,210.7,73.2,,170.9,426.4,2.2,4.7,1.3,1.9,74.5,7.2,96.1,171.6,1.6,319.3,149.8,5.5,257.2,32.1,135.7,12.1,61.5,3123.9
2016-03-27,,150.6,2.0,23.3,67.7,2.9,76.1,16.3,6.7,58.6,8.8,289.2,100.9,20.6,44.0,22.2,199.9,73.2,,159.1,410.5,2.2,4.2,1.3,1.8,79.4,7.5,98.4,170.3,1.5,304.8,143.2,5.7,249.3,31.0,133.4,11.9,60.8,3039.2999999999997
2016-03-28,,151.8,2.2,18.4,62.1,3.4,66.1,16.5,6.6,63.3,9.3,297.4,106.9,23.6,44.5,20.7,209.6,75.1,,158.6,420.4,2.1,3.5,1.2,1.7,76.5,7.0,107.9,177.1,0.5,312.4,145.1,3.8,251.4,32.6,142.4,11.4,60.2,3093.2999999999997
2016-03-29,,154.6,2.1,18.6,61.8,3.5,78.9,16.5,6.7,65.6,10.1,298.2,108.6,24.6,35.3,22.7,214.6,74.6,,169.0,435.3,2.2,3.4,1.3,2.0,77.8,7.4,113.2,179.3,1.2,325.1,148.7,3.8,257.9,33.6,141.3,11.0,59.2,3169.7000000000003
2016-03-30,,155.1,1.9,22.5,66.9,3.6,79.7,16.5,6.6,67.6,9.8,298.3,107.9,24.0,46.2,22.7,210.9,75.7,,172.2,434.0,2.4,3.9,1.3,2.3,75.4,7.4,103.5,176.4,1.2,323.6,148.1,5.2,243.8,33.5,142.7,12.6,62.6,3168.0000000000005
2016-03-31,,156.3,2.0,18.5,63.3,3.7,89.7,16.2,6.4,72.7,9.4,301.4,107.7,23.5,42.9,25.2,213.0,76.7,,172.7,424.9,1.7,3.6,0.8,1.7,76.2,7.4,116.3,176.0,1.3,321.4,146.8,4.2,266.6,33.8,137.6,12.6,62.4,3196.6
2016-04-01,,157.6,1.7,18.6,55.3,3.8,88.5,15.8,7.0,73.6,9.7,302.5,108.4,22.7,41.7,24.0,208.7,76.4,,171.4,416.9,1.8,4.2,1.0,1.5,79.0,7.4,113.3,180.2,1.1,323.3,151.2,4.3,276.2,33.4,131.1,10.7,63.0,3186.9999999999995
2016-04-02,,157.4,1.7,22.9,61.9,3.9,87.3,16.1,6.3,73.3,9.6,304.9,109.0,22.6,42.7,22.4,207.6,76.2,,175.8,423.1,2.0,4.7,1.0,2.0,76.5,7.4,111.9,184.8,1.2,322.8,153.2,2.9,273.7,35.2,132.3,9.3,63.1,3208.7000000000003
2016-04-03,,153.7,1.9,22.7,61.2,3.7,89.8,16.2,6.3,74.3,8.8,294.4,103.8,21.6,43.2,21.5,198.0,70.8,,174.6,420.0,2.2,4.5,1.3,2.0,73.6,6.8,109.8,181.0,1.5,310.6,149.4,3.0,278.3,34.2,129.8,9.8,63.6,3147.8999999999996
2016-04-04,,155.9,2.0,23.3,61.1,4.4,85.3,16.5,6.6,81.7,9.9,303.8,108.5,23.5,42.5,21.5,209.8,75.9,,178.6,436.8,1.9,4.3,1.4,2.1,77.8,7.3,110.4,177.9,0.6,314.2,154.7,2.1,284.6,36.3,139.0,8.6,66.1,3236.9000000000005
2016-04-05,,158.1,1.8,20.6,66.6,4.1,78.8,16.4,6.7,80.6,10.0,302.6,116.8,23.5,44.5,22.7,208.7,76.6,,178.8,435.3,1.8,4.1,1.3,1.9,78.0,7.4,109.5,180.7,0.9,321.6,155.1,2.6,280.8,31.3,141.8,10.1,63.4,3245.5000000000005
2016-04-06,,156.8,1.8,20.5,64.9,4.0,83.3,16.5,6.6,82.2,9.7,298.8,114.0,22.7,43.5,23.1,207.9,76.8,,177.6,430.8,1.9,3.3,1.3,1.9,80.9,7.3,102.9,175.8,1.1,329.0,151.8,3.0,283.0,34.2,145.1,12.9,63.6,3240.5000000000005
2016-04-07,,157.9,1.7,20.5,64.6,3.9,89.5,16.5,6.9,81.7,9.7,306.2,110.8,23.3,44.8,22.0,210.1,77.2,,178.1,425.0,2.2,3.9,1.2,2.1,81.6,7.6,101.6,174.6,1.0,326.5,152.5,3.3,277.0,33.2,150.4,12.8,64.2,3246.1
2016-04-08,,156.8,1.7,20.1,66.3,3.9,86.7,16.4,6.8,76.2,9.3,304.5,109.9,24.1,44.5,24.9,200.6,76.8,,180.3,407.6,2.0,3.9,1.3,1.6,80.0,5.6,105.1,181.2,0.9,330.3,146.2,3.8,276.0,35.0,151.4,11.8,64.1,3217.6000000000004
2016-04-09,,154.6,1.4,21.9,68.0,3.8,86.8,16.5,6.6,77.3,9.2,301.2,107.9,24.2,42.9,24.7,195.0,72.0,,178.1,423.2,1.8,4.4,1.3,1.6,80.7,7.5,99.6,181.2,0.9,322.2,147.3,3.6,277.0,35.4,148.8,13.7,66.0,3208.3
2016-04-10,,153.9,1.7,22.3,62.4,3.5,87.5,16.2,6.5,74.0,8.2,295.8,100.2,22.6,44.0,22.4,191.1,67.8,,177.1,421.8,1.6,4.7,1.3,1.6,85.4,6.9,93.2,176.9,1.1,303.6,142.6,3.6,272.8,34.9,151.4,13.3,65.2,3139.1000000000004
2016-04-12,,162.5,1.8,21.1,60.1,4.1,91.7,16.5,6.6,79.0,9.9,311.5,109.7,23.2,42.6,23.6,208.9,76.1,,179.1,445.5,2.0,3.9,1.3,1.9,83.1,7.5,100.3,186.2,0.9,327.4,150.7,4.0,257.2,34.8,160.0,8.7,64.4,3267.8
2016-04-13,,161.5,1.7,21.1,62.9,4.0,91.4,16.8,6.7,76.3,9.8,309.8,113.5,23.5,42.2,22.2,211.2,77.3,,179.5,450.3,1.7,4.6,1.2,1.8,83.2,7.6,110.6,185.0,1.1,334.4,151.6,4.1,257.0,36.7,160.5,8.1,64.2,3295.0999999999995
2016-04-14,,163.8,1.7,17.7,70.1,4.1,89.5,16.6,6.4,81.3,9.4,315.2,115.4,24.1,40.7,22.3,209.5,72.9,,182.3,443.4,1.6,4.4,1.3,1.9,85.2,7.3,104.0,184.0,1.0,321.6,152.8,3.7,279.3,37.1,155.0,8.5,65.6,3300.7000000000007
2016-04-15,,163.4,1.7,16.3,71.3,4.1,91.1,16.5,6.6,83.8,9.9,313.5,119.2,21.9,41.5,20.2,200.6,76.7,,182.3,433.8,1.7,3.9,1.3,1.5,85.5,7.5,106.6,184.8,0.7,330.2,153.3,4.0,285.1,37.6,158.7,9.8,66.2,3312.8000000000006
2016-04-16,,160.6,1.6,17.2,71.4,4.5,90.9,16.5,6.8,85.0,9.3,312.2,122.3,23.1,41.6,24.3,205.2,77.6,,181.2,438.1,1.0,3.7,0.9,1.0,85.1,6.9,109.8,191.2,1.0,334.5,151.9,3.2,297.8,37.0,158.4,11.1,65.5,3349.3999999999996
2016-04-17,,154.9,1.5,17.5,69.9,4.3,91.3,16.5,6.5,86.9,8.2,297.4,116.6,22.6,40.1,23.9,194.8,71.8,,177.1,422.7,1.5,4.3,1.2,1.2,88.5,7.2,107.9,182.4,0.7,315.0,139.8,3.4,299.1,36.0,155.0,11.3,65.7,3244.6999999999994
2016-04-18,,157.2,1.7,18.0,71.0,5.1,90.3,16.5,6.6,95.2,9.4,307.9,126.6,24.4,42.5,24.4,207.5,77.2,,180.3,443.1,2.0,4.2,1.2,1.7,89.6,7.4,113.3,188.0,1.6,330.4,144.2,3.4,305.3,36.7,156.7,12.0,65.7,3368.2999999999997
2016-04-19,,157.9,1.8,17.5,68.8,5.0,92.4,16.5,6.9,98.1,9.6,310.1,128.3,24.9,42.5,23.5,211.7,77.9,,182.8,448.0,1.6,3.8,1.2,1.6,87.0,7.1,115.6,193.6,1.6,337.6,146.9,4.1,296.2,38.2,161.7,13.3,65.2,3400.5
2016-04-20,,158.1,1.9,17.7,70.2,5.1,89.8,16.6,6.8,92.6,9.9,310.5,130.0,25.3,42.8,22.1,212.6,77.3,,180.8,455.7,1.2,4.3,1.2,1.8,87.5,7.6,115.4,188.9,1.0,338.1,147.1,3.8,297.3,38.6,164.3,12.6,64.0,3400.5000000000005
2016-04-21,,160.8,1.7,16.3,64.6,5.0,88.2,16.2,6.7,95.0,9.8,310.6,129.4,23.7,42.9,24.2,210.8,78.0,,178.2,446.0,1.7,3.8,1.2,1.3,86.2,7.5,116.1,190.3,1.1,338.3,148.1,3.3,271.4,38.6,161.2,12.0,65.8,3356.0000000000005
2016-04-22,,159.3,1.7,17.5,69.0,5.0,88.2,16.6,6.8,96.1,9.9,304.8,129.9,23.9,42.9,24.2,207.0,70.2,,174.6,424.5,1.5,4.2,1.3,1.8,82.3,7.5,113.9,196.9,1.4,333.9,146.7,3.5,277.3,39.0,160.3,11.5,65.1,3320.2000000000003
2016-04-23,,161.7,2.0,17.2,69.4,4.5,88.0,16.7,6.8,87.3,9.3,307.1,127.7,24.9,41.7,22.6,204.7,76.9,,176.6,423.1,1.3,4.0,1.2,1.8,86.2,7.5,116.8,189.8,1.0,337.9,142.2,3.3,297.2,36.8,158.9,9.7,64.9,3328.7000000000003
2016-04-24,,151.6,1.7,16.1,61.0,4.1,88.5,16.7,6.4,78.5,8.5,296.9,127.6,23.5,40.7,24.5,201.4,71.7,,176.0,413.5,0.7,3.0,1.1,1.7,89.0,7.4,110.5,185.2,0.8,316.4,137.2,4.7,284.5,34.7,161.8,10.6,62.3,3220.4999999999995
2016-04-25,,154.6,1.8,19.0,65.4,4.6,89.3,16.8,6.6,88.4,10.3,307.5,123.8,23.5,41.7,24.3,205.1,77.6,,177.2,429.2,1.5,3.7,1.1,1.9,88.4,7.6,117.5,191.4,1.1,330.4,144.1,4.0,292.3,36.6,157.4,10.9,65.0,3321.6
2016-04-26,,156.5,1.8,19.6,66.2,4.6,87.9,16.5,6.8,91.0,10.0,306.5,131.4,21.9,40.7,23.6,205.1,78.6,,179.8,433.3,1.6,3.7,1.2,2.0,90.9,7.6,123.2,193.2,1.2,337.0,143.4,4.2,293.8,37.7,158.5,11.3,66.2,3358.5
2016-04-27,,165.0,2.0,18.4,60.9,5.1,84.5,16.9,6.7,93.6,10.1,302.6,135.0,23.8,41.8,23.9,208.9,80.3,,179.0,434.5,1.8,3.8,1.3,1.9,80.3,7.8,124.2,189.6,1.3,336.0,141.4,4.1,294.9,37.3,171.6,11.5,64.2,3366.0
2016-04-28,,160.4,1.8,20.1,67.4,5.1,77.2,16.7,6.8,99.1,9.9,311.0,139.5,24.2,42.3,22.7,209.9,80.4,,178.5,434.4,1.8,2.8,1.3,1.9,78.4,7.7,125.9,192.5,1.0,344.2,142.3,4.4,301.7,36.8,167.3,12.4,65.1,3394.9000000000005
2016-04-29,,159.3,1.8,16.7,70.0,5.1,81.3,16.7,6.8,92.7,9.9,313.1,141.1,24.4,42.6,22.7,209.6,80.5,,176.5,430.6,1.4,3.0,1.3,1.5,75.3,7.8,127.5,196.5,1.1,340.7,143.3,4.0,311.5,36.3,167.6,11.0,64.4,3395.6000000000004
2016-04-30,,161.7,2.0,18.9,69.6,5.0,74.9,16.8,6.8,91.8,9.6,313.0,142.6,24.4,41.1,21.2,205.1,77.6,,176.3,432.0,1.8,3.9,1.4,1.7,72.0,7.6,138.2,198.8,1.0,335.7,132.2,4.8,315.6,38.4,157.4,11.7,63.5,3376.1000000000004
2016-05-01,,153.2,1.6,14.0,70.0,4.6,78.9,16.0,5.0,87.8,8.3,300.1,136.7,21.6,42.3,20.2,194.3,70.3,,174.1,391.1,1.6,3.1,1.1,1.4,78.1,6.7,131.6,193.3,0.8,312.9,123.9,3.8,305.1,35.4,140.8,10.8,61.6,3202.1
2016-05-02,,158.4,1.3,16.0,68.7,5.6,85.1,16.1,6.0,95.8,10.1,311.6,140.7,23.5,42.5,24.4,203.7,79.1,,175.1,430.1,1.1,3.7,1.1,1.7,79.4,7.4,140.4,196.5,1.0,330.2,132.1,3.2,315.7,37.9,152.8,11.0,64.2,3373.1999999999994
2016-05-03,,153.0,1.7,22.1,69.1,5.7,81.7,16.7,6.2,104.9,10.2,315.6,142.7,25.9,43.3,22.1,204.4,79.3,,171.5,439.6,1.7,4.4,0.4,1.9,80.1,7.6,142.6,196.4,1.3,341.1,129.2,2.4,314.6,39.7,155.7,9.0,62.5,3406.3
2016-05-04,,143.4,1.7,21.4,62.9,5.6,66.0,16.4,6.9,102.0,9.9,313.6,143.0,24.3,42.8,19.6,203.1,77.2,,164.7,440.2,1.8,4.2,1.1,1.8,76.5,7.7,142.9,201.9,1.5,344.3,113.3,3.4,288.0,35.4,125.4,8.9,58.0,3280.8
2016-05-05,,145.0,1.8,23.0,68.8,5.4,72.4,17.1,6.7,96.6,10.2,316.2,126.6,23.1,44.0,20.9,196.7,75.0,,157.0,432.6,2.0,3.8,1.4,1.9,73.1,7.5,139.4,178.2,1.3,341.7,115.3,3.1,273.3,33.3,136.9,10.7,59.0,3221.0000000000005
2016-05-06,,133.3,2.1,21.1,70.2,5.4,72.8,17.0,5.9,94.7,10.0,314.8,136.9,23.4,44.7,21.2,183.2,75.4,,151.6,414.0,2.0,4.2,1.3,2.2,74.0,7.5,143.2,181.7,1.2,332.0,97.9,2.8,284.6,37.7,149.6,8.7,62.0,3190.3
2016-05-07,,139.9,1.8,22.5,62.7,5.3,76.0,17.2,6.8,89.6,9.8,313.7,144.4,25.2,44.2,21.3,183.1,71.8,,162.2,421.6,2.0,4.6,1.3,1.8,77.8,7.8,149.7,197.5,1.3,317.2,114.3,3.2,286.7,38.6,146.5,10.2,62.7,3242.2999999999997
2016-05-08,,140.7,1.8,22.9,70.3,4.9,77.9,16.6,6.4,92.6,8.8,301.3,139.3,14.9,42.6,19.0,170.5,68.9,,161.5,408.2,2.0,4.1,1.2,2.0,74.1,7.3,156.6,194.8,1.1,298.8,107.6,3.5,306.5,36.3,123.3,10.7,59.5,3158.4999999999995
2016-05-09,,146.6,1.8,23.8,70.3,5.7,73.5,17.1,6.8,101.5,10.2,313.2,145.3,25.1,43.6,21.0,188.7,75.3,,149.4,420.7,2.0,3.8,1.2,2.1,76.1,7.8,159.1,199.0,1.3,308.3,120.7,3.1,313.5,38.9,152.2,10.6,56.8,3296.1
2016-05-10,,150.7,1.1,22.9,68.2,5.8,74.7,16.9,6.8,104.4,10.3,313.1,140.8,24.1,43.1,21.2,193.8,69.1,,150.7,417.5,2.0,4.5,1.4,2.1,77.7,7.9,151.2,195.3,1.1,321.6,111.7,3.5,310.7,21.7,157.9,11.5,57.9,3274.8999999999996
2016-05-10,,150.7,1.1,22.9,68.2,5.8,74.7,16.9,6.8,104.4,10.3,313.1,140.8,24.1,43.1,21.2,193.8,69.1,,150.7,417.5,2.0,4.5,1.4,2.1,77.7,7.9,151.2,195.3,1.1,321.6,111.7,3.5,310.7,21.7,157.9,11.5,57.9,3274.8999999999996
2016-05-11,,154.0,1.5,26.1,55.1,5.0,75.1,17.0,7.0,100.9,10.8,315.8,121.7,22.4,41.3,21.2,178.8,65.2,,163.7,422.1,1.8,3.8,1.3,2.0,75.9,7.7,133.2,200.9,1.4,311.7,123.9,4.4,298.0,35.4,155.9,12.1,64.4,3238.5000000000005
2016-05-12,,150.9,1.8,26.0,60.1,5.4,76.2,16.9,6.5,106.2,10.3,319.0,142.2,25.0,44.5,19.7,171.7,66.5,,167.3,429.1,1.8,3.8,1.2,2.0,74.9,7.7,154.2,202.3,1.2,309.7,128.8,3.6,322.6,38.7,156.9,11.9,65.1,3331.7
2016-05-13,,150.2,1.6,20.0,63.3,5.7,74.7,16.9,6.9,108.9,10.0,319.9,141.7,25.6,44.0,21.5,180.5,69.9,,167.1,425.0,1.4,4.2,1.0,1.7,78.3,7.8,149.3,201.7,1.4,325.0,134.1,2.3,325.4,40.7,145.5,11.7,62.1,3347.0
2016-05-14,,150.1,1.7,22.1,65.4,5.5,75.4,17.1,6.7,106.9,9.5,316.1,142.2,26.1,46.1,20.8,176.9,67.6,,169.3,429.0,1.9,4.3,1.3,2.0,77.7,7.9,145.8,209.3,1.3,322.9,127.9,2.0,320.7,38.5,135.2,11.0,61.8,3326.0000000000005
2016-05-15,,150.8,1.6,19.3,68.3,5.1,75.9,16.3,6.5,104.9,8.7,305.5,140.9,24.5,45.4,19.9,157.9,60.0,,167.7,413.1,1.6,4.2,1.2,2.0,77.3,7.3,157.8,203.9,1.1,297.2,120.5,3.4,324.0,38.5,131.9,10.9,61.6,3236.7
2016-05-16,,155.3,1.3,16.9,66.3,5.7,78.6,16.9,6.6,110.9,10.0,320.0,150.8,25.2,46.9,18.7,174.1,61.6,,171.2,443.8,1.7,3.5,1.3,1.4,79.3,5.1,163.2,201.8,1.2,224.0,132.5,3.8,323.7,39.3,143.0,10.8,61.9,3278.3000000000006
2016-05-17,,145.8,1.5,18.2,66.6,6.1,74.7,17.0,6.8,114.4,12.7,320.8,150.3,24.7,43.5,17.3,177.2,61.7,,174.8,445.9,1.6,3.4,1.3,1.6,83.4,5.4,169.1,210.6,0.9,228.2,134.7,4.0,325.8,40.2,145.7,11.7,59.6,3307.2
2016-05-18,,113.9,1.6,19.8,57.9,6.3,74.4,17.2,6.9,116.8,10.4,320.6,152.4,24.9,40.0,20.6,156.8,64.2,,178.1,450.2,1.8,2.9,1.2,1.8,84.7,6.1,169.8,216.1,1.1,231.4,134.0,2.9,329.3,41.1,154.7,10.3,59.5,3281.7000000000007
2016-05-19,,103.4,1.8,23.7,64.3,6.7,78.8,17.0,6.5,122.3,10.1,324.5,157.3,26.3,38.5,23.5,149.0,68.5,,178.4,431.4,1.9,3.8,1.2,1.8,80.4,5.5,172.5,219.0,1.1,243.6,130.9,3.3,325.4,42.2,149.3,11.7,61.3,3286.9000000000005
2016-05-20,,113.5,1.8,24.2,66.4,6.4,77.5,15.7,6.9,126.2,10.3,320.3,159.9,24.5,38.2,21.6,145.1,64.0,,173.1,414.6,1.9,4.1,1.2,1.5,69.9,6.4,174.4,218.1,1.4,251.2,118.4,3.2,328.6,41.3,131.9,11.3,60.4,3235.3999999999996
2016-05-21,,127.0,1.5,21.2,61.7,6.4,71.4,15.3,6.9,120.5,9.9,315.8,159.2,25.1,40.6,21.6,180.9,68.0,,156.4,411.8,1.6,4.3,1.1,1.4,66.0,6.6,178.2,210.6,1.5,276.0,120.3,1.7,303.7,40.4,127.7,11.1,60.4,3233.7999999999997
2016-05-22,,135.4,1.6,20.2,70.6,6.0,69.5,16.4,6.5,112.2,9.1,294.7,153.3,24.3,37.1,20.9,177.6,66.5,,153.7,407.3,1.7,4.3,1.1,1.8,64.2,6.6,171.9,207.6,1.2,269.4,125.0,2.2,323.5,39.4,128.1,11.1,57.3,3199.3
2016-05-23,,145.5,1.8,24.6,72.1,5.8,71.1,16.9,6.8,104.9,10.4,307.5,105.9,22.0,34.4,20.1,191.2,71.7,,156.0,426.1,1.6,4.2,1.2,1.6,64.2,7.0,144.2,197.5,1.4,296.9,133.8,3.7,265.9,31.9,137.0,11.2,58.4,3156.4999999999995
2016-05-24,,155.9,2.0,27.7,60.2,5.1,73.4,16.8,6.9,98.5,10.2,313.0,95.2,22.1,33.0,19.0,198.8,73.6,,154.5,438.9,1.7,4.4,1.2,1.7,73.4,7.2,124.1,182.6,1.2,316.4,139.6,3.9,213.1,34.4,145.8,11.0,59.9,3126.4
2016-05-25,,154.5,1.8,23.3,55.6,5.4,69.7,17.0,7.1,103.1,10.2,310.2,123.1,24.4,39.4,17.7,185.7,70.2,,140.5,437.7,1.7,4.6,1.1,1.8,68.8,7.6,140.4,191.8,1.1,321.8,135.1,3.2,241.3,38.0,139.0,11.3,57.8,3163.0
2016-05-26,,152.9,1.8,25.3,61.5,5.7,70.8,16.9,6.5,107.5,10.1,317.7,129.4,25.5,38.2,21.6,189.4,69.2,,146.4,434.3,1.8,4.9,1.2,1.4,72.1,7.7,147.5,196.8,1.2,315.1,141.8,3.4,253.9,39.2,141.0,10.6,61.6,3231.9
2016-05-26,,125.2,1.9,28.4,66.1,5.8,73.6,16.8,6.5,116.0,7.5,283.9,177.8,26.0,32.2,21.0,141.4,54.2,,141.1,350.8,1.6,4.5,1.2,1.7,80.8,6.1,236.0,191.7,1.2,261.1,111.9,4.2,314.7,39.7,154.7,10.2,61.5,3158.9999999999995
2016-05-27,,154.0,1.8,24.1,62.1,5.5,69.8,16.9,7.1,113.8,9.9,315.1,138.9,26.6,39.2,18.1,186.1,69.2,,156.9,425.9,1.7,5.2,1.2,1.6,75.5,7.7,155.5,203.9,1.3,311.8,141.2,3.9,278.4,26.9,146.8,10.9,59.9,3274.3999999999996
2016-05-28,,147.4,1.9,24.9,49.7,5.7,69.0,16.9,7.1,111.5,9.8,316.7,136.0,24.1,35.1,16.4,177.0,64.9,,157.2,427.5,2.0,5.2,1.2,1.5,74.0,7.2,149.3,212.7,1.4,295.4,135.3,3.8,285.0,32.8,147.0,11.1,58.3,3221.9999999999995
2016-05-29,,133.3,1.6,25.8,50.9,4.4,69.9,16.5,6.6,93.8,9.5,304.5,95.9,21.9,37.2,18.5,166.1,74.3,,148.9,419.9,1.8,5.2,1.1,1.4,77.9,7.0,131.3,196.4,1.5,280.1,127.3,3.3,202.8,26.6,137.9,10.3,58.0,2969.3999999999996
2016-05-30,,151.3,1.8,24.6,61.2,5.1,74.2,16.2,6.3,88.9,10.0,318.0,84.3,24.5,34.2,18.4,177.8,64.9,,150.4,440.0,1.9,5.2,1.3,1.6,83.8,7.3,114.3,194.1,1.5,298.3,134.5,3.6,247.0,33.9,141.8,9.6,60.6,3092.4
2016-05-31,,148.1,1.7,23.0,68.1,5.6,76.7,16.3,7.0,89.8,10.3,318.6,118.4,26.4,38.1,18.3,175.9,63.8,,158.5,440.3,2.0,5.1,1.3,1.4,77.8,7.4,135.1,204.8,1.4,314.3,137.1,3.6,258.3,38.4,144.0,9.6,62.5,3209.0000000000005
2016-06-01,,147.9,1.7,26.3,64.8,6.0,77.4,16.4,6.8,103.4,10.5,316.0,129.7,26.5,36.6,15.8,171.6,61.9,,165.3,436.7,2.1,4.9,1.4,1.4,76.8,7.7,154.8,205.8,1.6,307.9,136.6,3.9,277.0,39.3,140.3,9.8,55.4,3248.000000000001
2016-06-02,,131.1,1.8,26.7,69.8,6.4,76.5,16.4,6.8,112.7,9.3,318.0,139.3,26.4,31.7,19.1,160.1,62.3,,167.6,425.3,2.0,5.6,1.2,1.4,76.1,7.4,150.2,216.6,1.5,303.0,133.1,4.1,301.8,40.6,150.5,9.4,56.8,3268.6
2016-06-03,,138.6,1.8,28.6,66.6,6.7,70.2,16.9,7.0,117.0,9.4,320.9,146.7,26.7,34.4,22.3,165.9,64.2,,169.7,417.7,2.1,5.0,1.2,1.8,69.7,7.5,169.0,218.6,1.3,308.4,125.7,4.2,318.2,41.1,156.1,8.8,61.7,3331.7
2016-06-04,,121.7,1.7,28.7,71.4,6.5,74.0,16.0,7.0,120.1,11.0,322.0,153.9,26.7,35.5,22.7,147.8,64.0,,169.0,411.0,2.0,4.5,1.1,1.6,70.3,7.3,167.1,218.5,1.2,299.1,115.5,3.6,321.3,42.0,155.7,9.0,63.5,3294.0
2016-06-05,,123.2,1.7,26.6,69.5,6.0,73.0,17.0,7.0,118.6,10.0,306.0,144.7,23.2,35.2,22.8,143.4,59.0,,167.0,370.0,1.7,4.0,1.1,1.7,76.4,6.9,162.0,213.2,1.3,276.1,114.0,3.7,331.7,39.5,147.9,9.0,62.2,3176.2999999999997
2016-06-06,,131.0,2.0,26.0,74.0,6.5,74.0,17.0,7.0,120.4,10.0,326.0,141.7,24.2,35.9,24.0,160.0,64.0,,167.0,403.0,2.0,4.0,1.0,2.0,79.0,7.0,162.6,209.1,1.0,288.0,119.0,4.0,317.5,34.5,150.0,9.0,63.0,3266.3999999999996
2016-06-07,,128.0,2.0,29.0,70.0,5.7,73.0,17.0,7.0,119.5,10.0,328.0,143.4,23.9,32.0,22.0,163.0,63.0,,164.0,419.0,2.0,4.0,1.0,2.0,77.0,8.0,154.7,217.5,2.0,289.0,117.0,4.0,317.6,35.2,154.0,10.0,63.0,3277.5
2016-06-07,,128.0,2.0,29.0,70.0,5.7,73.0,17.0,7.0,119.5,10.0,328.0,143.4,23.9,32.0,22.0,163.0,63.0,,164.0,419.0,2.0,4.0,1.0,2.0,77.0,8.0,154.7,217.5,2.0,289.0,117.0,4.0,317.6,35.2,154.0,10.0,63.0,3277.5
2016-06-08,,121.0,2.0,28.0,69.0,5.7,70.0,16.0,7.0,116.1,9.0,326.0,153.1,24.2,33.1,21.0,154.0,60.0,,163.0,425.0,2.0,5.0,1.0,1.0,78.0,8.0,164.8,216.8,2.0,286.0,116.0,4.0,315.0,38.6,157.0,10.0,63.0,3271.3999999999996
2016-06-08,,121.0,2.0,28.0,69.0,5.7,70.0,16.0,7.0,116.1,9.0,326.0,153.1,24.2,33.1,21.0,154.0,60.0,,163.0,425.0,2.0,5.0,1.0,1.0,78.0,8.0,164.8,216.8,2.0,286.0,116.0,4.0,315.0,38.6,157.0,10.0,63.0,3271.3999999999996
2016-06-09,,129.0,2.0,29.0,69.0,5.3,79.0,17.0,7.0,118.1,9.0,329.0,152.4,25.2,34.5,20.0,145.0,61.0,,163.0,421.0,2.0,4.0,1.0,2.0,73.0,7.0,157.9,213.5,2.0,283.0,121.0,4.0,318.8,38.9,161.0,9.0,62.0,3275.5999999999995
2016-06-10,,132.0,2.0,27.0,70.0,5.7,76.0,17.0,7.0,114.0,9.0,329.0,141.7,25.5,33.6,19.0,144.0,59.0,,159.0,406.0,2.0,5.0,1.0,1.0,80.0,8.0,167.1,213.8,1.0,292.0,126.0,4.0,321.4,39.0,157.0,9.0,62.0,3265.8
2016-06-10,,132.0,2.0,27.0,70.0,5.7,76.0,17.0,7.0,114.0,9.0,329.0,141.7,25.5,33.6,19.0,144.0,59.0,,159.0,406.0,2.0,5.0,1.0,1.0,80.0,8.0,167.1,213.8,1.0,292.0,126.0,4.0,321.4,39.0,157.0,9.0,62.0,3265.8
2016-06-11,,133.0,2.0,28.0,71.0,5.5,74.0,18.0,7.0,99.0,9.0,321.0,127.4,26.1,34.0,22.0,138.0,57.0,,158.0,401.0,2.0,5.0,1.0,1.0,81.0,8.0,162.7,204.0,1.0,301.0,118.0,3.0,313.3,39.5,155.0,10.0,62.0,3198.5
2016-06-11,,133.0,2.0,28.0,71.0,5.5,74.0,18.0,7.0,99.0,9.0,321.0,127.4,26.1,34.0,22.0,138.0,57.0,,158.0,401.0,2.0,5.0,1.0,1.0,81.0,8.0,162.7,204.0,1.0,301.0,118.0,3.0,313.3,39.5,155.0,10.0,62.0,3198.5
2016-06-12,,137.0,2.0,26.0,66.0,5.3,71.0,17.0,6.0,99.5,8.0,308.0,137.4,24.6,33.2,22.0,132.0,55.0,,152.0,387.0,2.0,5.0,1.0,2.0,81.0,7.0,183.2,190.0,1.0,288.0,118.0,3.0,317.2,38.0,154.0,10.0,61.0,3150.4
2016-06-12,,137.0,2.0,26.0,66.0,5.3,71.0,17.0,6.0,99.5,8.0,308.0,137.4,24.6,33.2,22.0,132.0,55.0,,152.0,387.0,2.0,5.0,1.0,2.0,81.0,7.0,183.2,190.0,1.0,288.0,118.0,3.0,317.2,38.0,154.0,10.0,61.0,3150.4
2016-06-13,,144.0,2.0,24.0,66.0,6.5,70.0,17.0,7.0,113.3,8.0,321.0,146.0,25.0,34.8,20.0,141.0,61.0,,153.0,416.0,2.0,5.0,1.0,2.0,82.0,7.0,188.2,200.2,1.0,304.0,123.0,3.0,319.5,39.6,132.0,11.0,59.0,3255.1
2016-06-13,,144.0,2.0,24.0,66.0,6.5,70.0,17.0,7.0,113.3,8.0,321.0,146.0,25.0,34.8,20.0,141.0,61.0,,153.0,416.0,2.0,5.0,1.0,2.0,82.0,7.0,188.2,200.2,1.0,304.0,123.0,3.0,319.5,39.6,132.0,11.0,59.0,3255.1
2016-06-14,,146.0,2.0,27.0,65.0,6.5,73.0,17.0,7.0,108.5,9.0,319.0,146.7,26.5,33.8,21.0,148.0,63.0,,155.0,424.0,2.0,5.0,1.0,2.0,81.0,8.0,191.1,204.3,2.0,314.0,128.0,4.0,319.6,40.2,128.0,12.0,60.0,3300.2
2016-06-14,,146.0,2.0,27.0,65.0,6.5,73.0,17.0,7.0,108.5,9.0,319.0,146.7,26.5,33.8,21.0,148.0,63.0,,155.0,424.0,2.0,5.0,1.0,2.0,81.0,8.0,191.1,204.3,2.0,314.0,128.0,4.0,319.6,40.2,128.0,12.0,60.0,3300.2
2016-06-15,,148.0,2.0,27.0,64.0,6.1,74.0,17.0,7.0,115.6,9.0,314.0,157.0,25.7,30.4,21.0,154.0,63.0,,155.0,423.0,2.0,5.0,1.0,2.0,76.0,8.0,208.5,211.3,1.0,312.0,129.0,4.0,314.9,37.9,141.0,11.0,56.0,3333.4
2016-06-15,,148.0,2.0,27.0,64.0,6.1,74.0,17.0,7.0,115.6,9.0,314.0,157.0,25.7,30.4,21.0,154.0,63.0,,155.0,423.0,2.0,5.0,1.0,2.0,76.0,8.0,208.5,211.3,1.0,312.0,129.0,4.0,314.9,37.9,141.0,11.0,56.0,3333.4
2016-06-16,,153.0,2.0,27.0,63.0,5.7,76.0,17.0,7.0,109.7,9.0,317.0,159.6,22.3,30.8,19.0,162.0,61.0,,157.0,423.0,2.0,5.0,1.0,2.0,73.0,8.0,217.4,215.6,2.0,320.0,137.0,4.0,306.1,34.7,150.0,12.0,60.0,3370.9
2016-06-17,,139.0,2.0,25.0,66.0,6.2,72.0,17.0,7.0,114.3,9.0,321.0,169.2,25.9,35.7,20.0,165.0,60.0,,155.0,419.0,2.0,5.0,1.0,1.0,72.0,8.0,223.5,214.9,1.0,316.0,135.0,3.0,319.5,40.1,148.0,12.0,61.0,3391.2999999999997
2016-06-18,,142.0,2.0,25.0,68.0,6.2,67.0,17.0,7.0,117.0,9.0,323.0,170.8,26.9,35.4,21.0,159.0,59.0,,135.0,404.0,2.0,6.0,1.0,1.0,73.0,8.0,229.8,215.4,1.0,302.0,125.0,4.0,325.9,40.4,146.0,12.0,62.0,3348.8
2016-06-19,,133.0,2.0,25.0,69.0,5.7,71.0,17.0,6.0,110.7,8.0,308.0,167.2,25.9,34.1,21.0,142.0,53.0,,138.0,380.0,2.0,5.0,1.0,1.0,75.0,7.0,228.1,214.9,1.0,284.0,117.0,5.0,327.0,37.6,141.0,11.0,62.0,3236.2
2016-06-20,,126.0,1.0,25.0,69.0,6.6,72.0,17.0,7.0,115.1,9.0,312.0,173.2,25.8,33.1,21.0,159.0,59.0,,146.0,378.0,2.0,5.0,1.0,2.0,72.0,7.0,235.6,214.8,1.0,292.0,121.0,4.0,318.7,41.1,162.0,10.0,64.0,3308.0000000000005
2016-06-23,,134.8,1.9,26.8,65.7,6.1,75.4,17.6,6.9,112.9,8.6,306.7,175.2,26.8,33.6,17.5,137.7,55.2,,142.8,386.5,2.1,4.8,1.2,1.8,78.5,6.5,204.6,202.2,1.8,271.2,127.7,3.9,305.0,40.5,166.2,10.3,59.6,3226.6
2016-06-24,,136.2,1.8,27.8,66.7,6.7,65.6,17.3,6.9,117.2,8.8,306.2,182.2,27.8,34.1,18.4,144.4,57.8,,141.3,372.5,1.9,4.8,1.2,1.6,79.7,6.4,234.5,195.3,1.5,276.5,126.4,4.2,316.7,41.6,163.4,10.0,60.7,3266.1
2016-06-25,,132.1,1.8,27.5,67.0,6.6,72.9,17.2,6.8,120.2,8.5,298.5,184.1,17.3,34.4,19.7,143.9,52.2,,136.6,353.5,2.0,5.2,1.2,1.7,79.9,6.6,242.1,199.7,1.3,275.8,120.8,4.2,315.7,39.9,160.6,10.1,61.2,3228.7999999999993
2016-06-27,,125.3,1.9,29.0,72.4,6.7,71.4,16.9,6.6,123.1,8.3,298.1,183.6,27.1,31.7,22.6,151.5,58.3,,142.0,366.4,1.4,4.9,1.2,1.7,84.0,6.6,223.1,190.6,1.2,279.1,118.6,4.0,320.5,42.4,149.4,10.4,62.0,3243.9999999999995
2016-06-28,,121.0,1.9,29.9,72.8,6.7,67.7,16.7,6.8,123.9,8.8,298.4,182.2,26.9,31.7,22.6,148.9,57.7,,137.4,367.7,1.3,4.9,1.3,1.8,76.6,6.7,209.7,182.7,1.2,281.0,114.3,4.4,330.5,42.4,152.5,10.9,61.6,3213.5000000000005
2016-06-29,,113.0,2.0,31.0,76.0,6.7,73.0,17.0,7.0,120.2,8.0,283.0,185.3,28.5,33.9,22.0,135.0,58.0,,142.0,351.0,2.0,4.0,1.0,2.0,78.0,7.0,229.9,190.7,1.0,277.0,116.0,4.0,333.6,42.0,151.0,11.0,62.0,3204.8
2016-06-30,,116.0,2.0,31.0,76.0,7.0,79.0,17.0,7.0,129.5,8.0,280.0,194.6,27.6,32.9,22.0,140.0,58.0,,146.0,351.0,2.0,5.0,1.0,2.0,80.0,7.0,234.3,196.1,1.0,279.0,108.0,4.0,344.7,40.9,156.0,12.0,63.0,3260.6
2016-07-01,,121.0,2.0,29.0,76.0,6.6,78.0,17.0,6.0,126.3,8.0,284.0,180.6,26.3,30.4,23.0,140.0,62.0,,140.0,344.0,2.0,4.0,1.0,2.0,79.0,7.0,228.2,180.2,1.0,285.0,118.0,4.0,333.1,37.9,154.0,11.0,59.0,3206.6000000000004
2016-07-02,,125.0,2.0,27.0,75.0,5.1,73.0,17.0,7.0,98.3,8.0,280.0,143.0,26.1,32.1,21.0,139.0,63.0,,141.0,342.0,2.0,5.0,1.0,1.0,79.0,7.0,151.0,170.6,1.0,289.0,119.0,4.0,272.2,33.2,149.0,11.0,61.0,2980.6000000000004
2016-07-03,,128.0,2.0,24.0,68.0,4.4,68.0,17.0,6.0,93.5,8.0,266.0,128.6,22.5,32.0,17.0,136.0,55.0,,132.0,327.0,2.0,5.0,1.0,1.0,74.0,7.0,133.2,164.7,1.0,282.0,117.0,3.0,277.6,33.6,133.0,12.0,57.0,2839.1000000000004
2016-07-04,,139.0,1.5,23.6,57.9,5.9,69.3,16.9,6.2,102.0,8.9,269.1,148.0,25.0,32.5,16.3,152.4,54.3,,127.9,338.8,1.9,5.6,1.1,1.9,77.2,7.3,166.6,162.1,1.5,305.7,125.4,3.3,286.3,38.3,141.7,11.1,53.9,2986.4
2016-07-05,,142.5,1.6,26.9,55.6,6.4,70.0,16.7,6.8,113.1,8.1,273.8,171.0,26.4,32.7,17.9,150.0,56.0,,122.3,343.0,2.3,5.4,1.1,2.2,74.3,7.3,201.3,173.2,1.2,313.4,124.4,3.5,289.5,40.7,139.9,8.6,60.8,3089.8999999999996
2016-07-07,,140.4,1.9,27.3,69.2,6.4,70.0,16.7,6.8,112.6,8.1,273.8,181.6,26.1,31.6,20.7,149.6,60.0,,122.3,343.0,1.9,5.0,1.2,1.8,77.9,7.2,212.2,191.8,1.0,308.1,125.2,4.0,330.8,39.4,142.7,8.6,62.4,3189.3
2016-07-08,,136.4,1.7,29.5,70.9,6.8,66.5,16.8,6.9,113.1,8.9,285.2,186.0,27.7,33.7,20.7,146.7,60.2,,116.7,333.1,1.8,4.9,1.2,1.6,74.6,7.3,235.1,191.8,1.0,300.5,125.5,3.9,320.0,39.7,142.4,10.9,59.5,3189.2000000000003
2016-07-09,,131.3,1.5,28.9,71.0,6.1,70.6,16.7,6.8,108.6,8.8,283.6,180.8,25.9,30.8,20.9,141.0,58.1,,108.6,321.5,1.9,5.4,1.0,1.1,75.6,7.3,199.3,187.7,1.2,299.3,117.9,3.9,314.1,40.9,144.6,11.5,61.7,3095.9
2016-07-11,,192.8,1.8,27.8,69.6,6.9,72.7,16.5,5.6,112.1,9.2,282.7,183.1,26.0,32.5,21.2,139.4,58.3,,119.9,322.7,1.9,4.9,1.2,1.2,76.0,7.1,215.5,175.7,1.2,294.2,114.4,4.1,313.2,39.3,144.4,11.1,61.5,3167.7
2016-07-12,,145.8,1.9,27.4,70.9,6.7,73.3,16.5,5.8,107.7,8.7,256.1,185.4,25.1,32.4,20.3,149.3,57.8,,119.5,331.0,1.8,4.6,1.2,1.9,76.7,7.2,220.9,173.1,1.1,305.6,120.8,4.1,316.1,40.7,142.2,10.6,60.6,3130.7999999999997
2016-07-13,,151.2,1.7,30.0,74.2,6.8,74.7,16.6,5.9,107.9,8.8,241.9,185.0,26.1,32.9,23.3,161.7,59.5,,120.5,331.7,1.7,4.8,1.2,1.6,83.3,7.3,227.1,169.4,1.4,315.1,128.6,4.2,319.8,40.7,156.2,10.5,62.0,3195.2999999999997
2016-07-14,,157.1,2.1,29.3,73.9,6.1,74.7,16.8,6.1,107.6,8.9,254.1,176.0,25.6,32.9,22.6,166.0,60.0,,125.5,339.9,1.8,4.2,1.2,1.8,79.4,7.3,236.7,174.9,1.3,318.3,134.6,4.3,323.8,39.1,159.4,10.4,62.4,3246.1000000000004
2016-07-15,,162.7,2.1,29.3,68.5,6.2,77.9,16.4,6.5,107.2,8.8,262.6,172.4,23.4,30.3,19.9,169.7,60.9,,127.4,343.7,1.8,3.4,1.2,1.6,77.8,7.4,220.3,165.6,1.7,315.9,141.0,4.5,300.2,38.1,155.7,9.9,60.5,3202.5
2016-07-16,,155.3,2.0,28.9,64.0,5.7,74.6,16.4,6.7,93.9,8.9,263.6,151.4,27.2,35.3,19.0,167.1,60.8,,120.1,348.8,2.1,4.7,1.3,1.9,75.2,7.5,196.4,152.0,1.0,297.0,138.1,3.6,268.1,35.4,144.4,9.7,61.5,3049.6
2016-07-17,,146.2,1.8,26.2,58.8,4.8,72.2,16.7,6.5,84.5,7.6,249.0,139.4,23.1,37.3,18.8,157.6,56.2,,119.2,345.5,1.9,4.7,1.3,1.9,76.4,7.0,160.0,152.0,1.1,276.8,136.2,3.9,234.7,29.0,142.4,9.7,60.6,2871.0000000000005
2016-07-18,,195.0,1.8,26.4,63.8,5.5,71.8,16.7,6.6,92.2,8.0,256.8,148.1,25.1,31.2,19.9,161.7,60.4,,125.1,357.3,1.9,3.8,1.2,1.7,79.4,7.2,174.5,166.8,1.5,285.8,142.6,3.3,253.4,33.5,145.7,9.3,61.8,3046.8
2016-07-19,,138.4,2.0,27.9,67.2,6.0,76.5,16.6,6.8,101.6,8.3,250.8,169.4,26.1,33.0,20.1,159.7,61.0,,132.0,352.5,2.1,3.2,1.2,2.0,81.3,7.1,203.7,179.1,1.3,287.1,136.7,3.5,282.6,37.7,148.6,7.3,62.0,3102.3999999999996
2016-07-20,,139.9,1.9,28.1,69.4,6.5,76.5,16.7,6.7,111.6,8.8,256.6,182.3,26.5,33.1,21.3,157.9,62.3,,139.7,355.5,2.0,5.0,1.2,1.6,79.6,7.1,224.0,188.0,1.1,288.8,137.2,2.9,305.7,40.3,152.0,7.5,61.8,3207.1
2016-07-21,,140.0,1.8,27.0,70.5,6.8,75.6,16.7,6.9,117.4,7.6,268.2,189.7,27.0,33.4,22.4,151.5,62.4,,145.3,348.9,2.0,4.9,1.2,1.7,80.9,6.0,236.0,197.5,1.2,288.6,138.8,3.8,312.1,40.2,153.0,8.5,61.0,3256.5
2016-07-22,,138.2,1.8,26.6,71.3,6.6,74.0,16.7,6.8,121.4,7.8,281.7,192.2,26.4,29.5,22.4,151.5,62.2,,143.3,345.2,1.9,4.6,1.2,1.9,79.4,7.2,247.5,205.5,0.9,292.6,140.7,4.0,302.3,35.5,145.6,10.2,60.8,3267.4
2016-07-23,,139.5,1.5,26.5,67.2,5.5,76.1,16.9,6.9,111.2,8.0,288.2,182.5,26.3,32.6,21.1,150.8,59.5,,137.8,343.6,2.0,4.4,1.2,2.0,77.0,7.2,215.8,212.4,1.4,287.3,141.1,3.6,295.7,35.3,140.8,10.0,64.9,3203.8
2016-07-24,,131.4,1.9,23.0,68.5,5.2,77.6,16.8,6.5,104.9,7.2,278.5,177.8,23.9,33.4,23.1,137.9,54.7,,138.3,337.0,1.9,5.8,1.2,1.6,79.8,7.0,206.1,202.2,1.1,276.2,140.3,3.6,295.7,35.7,134.8,10.9,61.4,3112.8999999999996
2016-07-25,,135.3,1.8,22.8,74.8,6.3,79.1,16.7,6.7,111.1,8.0,288.0,185.3,25.7,31.0,22.1,151.4,60.8,,145.1,359.2,1.9,5.9,1.2,1.7,79.3,6.8,224.7,201.4,1.3,281.4,144.9,3.6,302.7,38.0,138.9,12.3,61.3,3238.4999999999995
2016-07-26,,132.7,1.9,25.9,69.8,6.4,77.8,16.8,7.0,115.0,8.2,280.0,187.5,26.2,33.3,20.3,150.2,63.0,,142.4,362.7,1.9,4.2,1.3,1.7,77.9,6.8,233.3,201.0,1.3,275.0,141.5,3.8,301.8,36.0,139.3,11.0,60.6,3225.5
2016-07-27,,122.8,2.1,27.0,70.3,5.9,76.3,16.6,6.0,101.5,8.4,272.0,180.3,25.2,24.0,21.2,146.5,62.7,,135.9,361.7,1.9,4.3,1.2,1.9,77.4,6.9,212.4,172.8,1.2,281.8,139.0,4.0,289.6,36.0,140.3,11.9,60.4,3109.4
2016-07-28,,129.4,1.9,27.9,69.0,5.7,83.2,16.8,6.9,99.6,8.4,267.6,172.3,25.4,31.8,22.1,147.2,62.7,,139.1,355.2,1.8,4.6,1.2,2.0,78.3,7.4,217.2,168.5,1.2,284.0,143.0,4.1,298.2,36.9,145.9,12.5,62.1,3141.0999999999995
2016-07-29,,130.4,1.9,28.1,66.9,5.5,80.8,16.7,6.7,96.8,8.6,264.7,158.4,26.0,34.8,21.4,140.0,62.8,,141.4,345.0,1.8,4.6,1.2,1.9,79.2,7.1,226.0,161.6,1.2,272.5,145.5,4.0,277.4,35.9,154.7,10.9,62.9,3085.3
2016-07-30,,131.9,2.0,28.7,70.3,5.4,83.5,16.7,6.9,91.3,8.0,262.1,156.5,26.1,33.8,22.6,123.0,62.6,,140.3,347.4,1.9,4.5,1.2,1.8,76.0,7.0,228.5,157.5,0.9,270.1,143.0,4.0,261.7,36.9,154.3,12.0,60.4,3040.8
2016-07-31,,124.9,1.8,27.5,69.9,5.1,77.7,16.3,6.5,85.3,7.5,247.2,157.8,24.0,34.4,22.8,124.3,57.8,,137.3,326.7,1.7,4.7,1.2,1.7,75.2,6.6,230.9,163.5,1.5,244.6,136.3,3.8,276.2,32.2,139.8,13.8,60.4,2948.8999999999996
2016-08-01,,121.6,1.9,29.6,69.8,5.5,78.8,16.1,6.3,92.7,7.9,258.5,165.4,24.4,33.9,21.7,135.8,62.7,,134.2,330.5,2.0,4.7,1.3,1.9,75.5,6.8,231.1,163.4,0.9,271.7,133.7,3.7,271.0,32.6,142.8,12.8,56.9,3010.1
2016-08-02,,123.0,1.9,30.8,68.9,5.7,72.3,14.3,4.9,91.9,8.7,258.5,166.0,26.1,32.0,20.1,136.7,63.9,,128.3,326.2,1.9,5.0,1.2,1.8,74.3,6.9,228.5,154.7,1.2,271.6,134.2,4.0,281.5,36.2,143.3,12.2,57.4,2996.1
2016-08-03,,127.1,2.2,32.0,69.5,6.2,69.0,15.6,6.2,101.6,9.8,258.4,170.3,25.9,34.4,19.6,140.2,64.5,,126.3,323.8,1.9,4.6,1.2,1.8,72.2,7.1,236.5,158.2,1.1,283.0,131.4,4.0,296.5,39.1,143.4,13.3,58.2,3056.1
2016-08-04,,132.0,2.0,29.0,73.4,6.3,72.5,16.0,6.7,110.1,9.8,255.7,181.6,27.0,36.9,20.2,147.9,64.0,,131.1,327.9,1.9,4.3,1.2,1.8,71.2,7.2,246.2,153.1,1.2,298.0,138.8,4.3,311.6,40.7,149.1,11.6,57.4,3149.7000000000007
2016-08-05,,135.6,2.0,28.5,73.1,6.3,63.7,16.2,6.7,116.0,10.2,245.1,186.5,27.3,35.6,19.3,151.3,62.5,,137.0,321.1,2.0,4.2,1.2,1.7,72.3,7.2,245.6,158.9,1.3,302.7,146.8,4.3,321.6,40.2,150.1,13.0,58.2,3175.2999999999993
2016-08-06,,141.7,2.0,29.8,68.8,5.4,61.6,16.6,6.7,105.9,9.3,240.5,184.9,23.2,33.2,23.0,148.3,63.6,,134.0,317.5,2.0,4.4,1.3,1.7,71.7,7.3,226.4,169.4,1.2,291.5,147.0,4.1,306.0,36.6,140.5,11.7,57.7,3096.5
2016-08-07,,144.3,2.1,28.4,70.3,4.7,60.6,16.2,6.4,100.7,7.7,225.5,172.2,23.5,25.1,22.6,146.2,57.9,,119.4,312.5,2.0,2.9,1.2,1.8,71.5,7.0,189.8,164.7,1.0,287.7,150.3,3.8,302.0,36.4,135.4,12.0,58.2,2974.0000000000005
2016-08-08,,152.9,2.1,30.5,71.7,5.5,63.9,16.4,6.6,112.7,8.7,231.9,171.0,25.8,31.2,22.7,161.3,62.7,,121.6,331.7,2.0,4.2,1.2,1.7,69.7,7.2,197.3,159.6,1.3,305.3,158.5,3.9,308.1,38.4,136.1,12.9,58.2,3096.4999999999995
2016-08-09,,158.2,2.0,28.0,71.5,5.9,68.1,16.7,6.8,111.5,8.6,234.2,176.9,26.3,33.9,23.5,168.0,64.0,,126.5,343.1,1.9,4.3,1.2,1.7,64.8,7.2,210.2,149.3,1.5,312.5,162.1,3.9,311.3,39.9,142.6,12.0,61.4,3161.5
2016-08-10,,160.5,1.9,30.3,71.6,5.5,65.5,16.7,6.7,109.6,8.8,228.4,169.7,24.7,33.5,20.5,173.2,64.1,,130.6,345.5,1.9,4.4,1.2,1.7,73.8,7.3,214.0,149.2,1.4,314.1,166.8,3.8,306.0,38.4,140.1,10.9,57.9,3160.2000000000003
2016-08-11,,166.8,1.8,31.2,68.6,5.4,72.8,16.9,6.9,102.7,9.2,237.2,149.6,25.1,34.2,18.3,177.1,65.4,,132.9,349.4,1.8,4.5,1.3,1.7,75.6,7.4,203.3,139.8,1.4,314.6,170.2,3.8,288.9,38.7,148.7,10.0,53.3,3136.5
2016-08-12,,169.5,2.0,30.0,65.4,5.3,72.7,16.9,6.9,99.1,8.7,246.6,146.9,25.1,34.7,20.0,175.2,64.7,,132.4,347.6,1.9,4.6,1.2,1.8,76.8,7.4,187.4,144.0,1.5,314.0,171.5,4.2,287.3,37.6,147.5,11.0,55.8,3125.1999999999994
2016-08-13,,165.5,2.0,32.4,71.2,5.1,72.5,17.2,6.6,95.1,8.9,254.3,148.3,25.4,36.6,19.6,173.2,64.7,,128.9,348.6,1.7,5.1,1.3,1.6,79.3,7.0,201.3,155.2,1.3,309.6,167.2,2.7,289.5,36.5,154.0,11.3,59.1,3159.7999999999997
2016-08-14,,158.9,2.2,31.3,74.6,4.7,76.7,16.5,6.7,89.4,8.2,251.3,145.5,24.4,35.4,20.6,163.1,58.7,,126.4,342.1,1.9,4.7,1.2,2.0,72.6,6.2,207.8,158.4,0.8,280.3,162.6,3.8,283.1,35.4,141.3,10.5,59.8,3069.1
2016-08-15,,156.3,1.9,29.6,73.8,4.8,77.2,13.5,4.5,84.6,7.5,249.0,145.8,21.1,32.5,19.5,163.7,58.4,,122.9,314.3,1.9,4.6,1.2,1.7,73.3,5.5,205.9,158.9,0.8,271.5,156.6,3.9,288.9,29.0,139.7,10.8,59.3,2994.3999999999996
2016-08-16,,158.3,1.8,28.6,70.4,5.9,76.0,15.3,6.0,103.8,8.4,270.0,163.7,24.6,36.2,20.9,170.6,62.5,,122.1,352.1,1.9,4.1,1.2,1.6,73.8,5.8,221.8,172.7,1.7,297.8,168.8,3.7,279.3,36.7,148.6,11.3,60.6,3188.5999999999995
2016-08-17,,159.8,2.0,32.0,70.8,5.8,73.4,16.0,7.2,103.7,9.3,276.9,167.5,25.7,33.6,20.7,176.9,63.9,,127.6,368.0,2.0,4.5,1.2,1.8,66.4,7.1,220.1,180.2,1.7,305.1,171.4,3.9,271.1,38.1,136.6,8.9,59.0,3219.9
2016-08-18,,165.4,2.0,31.2,56.0,5.6,71.1,16.1,5.8,93.3,9.2,246.0,160.0,23.7,36.1,18.8,186.4,63.6,,121.9,377.3,2.1,4.9,1.2,1.8,74.0,7.6,215.0,170.7,1.4,311.9,174.0,4.1,269.9,35.6,135.4,9.2,44.5,3152.8
2016-08-19,,175.9,2.0,31.7,65.1,6.2,72.6,16.1,6.5,102.7,9.2,277.3,164.6,25.8,35.6,19.8,185.1,64.6,,103.0,382.5,1.9,4.8,1.2,1.9,75.4,7.7,226.2,174.9,1.3,315.4,174.6,4.2,253.7,36.0,149.1,11.1,55.6,3241.2999999999997
2016-08-20,,170.2,2.0,32.3,70.0,5.5,80.1,16.9,7.0,101.7,9.2,286.3,168.7,24.9,35.8,20.0,188.4,65.3,,93.9,388.5,2.0,4.6,1.2,1.9,75.8,7.8,208.7,172.2,1.3,309.3,174.3,4.3,280.0,37.6,154.1,11.4,59.2,3272.3999999999996
2016-08-21,,174.6,2.0,30.8,70.5,5.3,81.6,16.8,6.8,98.5,8.3,278.3,161.2,23.6,34.5,20.8,183.6,60.8,,106.4,389.9,2.1,4.4,1.2,1.8,76.6,6.9,196.4,167.2,1.1,300.6,170.4,3.1,290.1,38.5,140.5,11.9,59.0,3226.1
2016-08-22,,178.5,1.9,30.4,58.5,5.5,82.2,16.9,6.8,107.0,9.4,288.5,174.8,24.0,32.3,17.5,187.5,65.8,,120.8,406.7,1.9,4.7,1.2,1.8,76.0,7.2,204.3,161.6,1.2,309.0,177.5,3.8,290.4,37.0,121.4,11.2,52.0,3277.2
2016-08-23,,182.5,2.1,32.1,67.2,5.4,82.2,16.9,7.3,108.5,8.6,276.1,175.1,24.9,35.1,20.5,189.0,65.3,,122.0,411.3,1.9,4.4,1.2,1.9,80.7,7.3,204.1,164.4,1.3,313.9,179.7,4.1,289.3,38.4,141.6,11.6,58.3,3336.2
2016-08-24,,170.1,1.9,33.4,72.2,5.7,83.0,17.2,7.2,104.2,8.4,247.0,162.2,25.2,35.2,21.3,193.9,66.6,,128.2,412.4,1.9,5.0,1.3,1.8,79.4,7.0,182.9,161.9,1.2,310.8,176.1,4.3,295.1,38.1,150.1,8.6,59.7,3280.5000000000005
2016-08-25,,167.4,1.9,32.2,74.5,5.3,80.8,17.2,7.0,97.9,8.6,210.9,155.3,25.2,36.2,21.1,196.7,65.4,,135.7,406.2,1.5,4.3,1.1,1.8,77.2,7.0,158.1,152.4,1.3,314.8,167.0,4.0,322.7,39.4,154.1,9.0,58.5,3219.7000000000003
2016-08-26,,163.0,1.7,27.8,67.7,6.0,78.0,17.2,6.9,105.6,8.6,212.5,161.6,25.3,35.3,19.2,197.0,65.2,,135.8,407.8,1.4,4.6,1.1,1.7,74.2,7.3,175.2,166.7,1.1,301.3,167.6,3.4,312.7,39.5,152.2,9.0,61.7,3222.9
2016-08-27,,158.0,2.2,30.9,70.7,5.5,76.8,17.1,7.1,102.3,8.4,232.8,158.5,26.0,34.2,21.4,188.3,64.6,,135.9,404.9,1.2,4.8,1.1,1.8,77.9,6.9,157.4,171.6,1.2,283.4,165.9,4.0,315.7,39.7,156.0,7.7,61.1,3203.0
2016-08-28,,155.4,2.1,30.7,73.0,5.2,83.2,16.9,6.7,102.9,7.6,225.4,152.3,24.3,32.4,22.0,175.0,58.4,,137.0,391.4,1.1,4.9,1.1,1.9,78.4,6.5,150.1,158.5,1.0,266.2,154.8,3.7,322.3,38.6,156.0,8.8,59.3,3115.1
2016-08-29,,170.2,2.0,29.4,74.7,5.6,87.5,17.2,7.0,102.9,8.3,242.6,131.7,24.5,34.9,22.7,190.7,63.7,,144.6,410.0,1.9,4.7,1.2,1.6,76.9,6.6,146.4,147.3,1.0,282.2,159.1,4.2,324.6,38.8,156.6,8.0,60.0,3191.299999999999
2016-08-30,,155.5,2.0,28.2,74.0,5.7,83.4,17.3,7.2,99.0,8.3,245.0,136.4,25.3,34.3,22.8,189.0,63.4,,141.4,413.9,1.8,4.3,1.2,1.6,80.3,6.6,156.4,150.4,1.2,284.8,156.3,4.3,314.6,38.2,163.7,8.4,62.2,3188.4
2016-08-31,,152.3,1.8,28.3,72.5,5.6,77.8,17.0,7.2,91.9,8.6,246.8,128.3,24.5,35.5,25.1,177.3,63.3,,141.0,400.0,1.8,4.6,1.1,1.7,80.9,6.6,167.4,154.6,1.1,272.4,141.2,4.0,293.5,38.1,162.8,8.5,62.0,3107.0999999999995
2016-09-01,,150.3,1.9,28.7,69.8,5.5,81.9,16.9,6.8,91.7,9.1,247.1,130.0,24.0,36.4,23.2,176.8,63.2,,137.6,383.3,1.8,4.7,1.2,1.6,77.3,6.6,166.9,150.6,1.3,269.8,144.3,3.8,295.1,38.5,160.7,7.3,60.7,3076.4
2016-09-02,,154.2,1.9,29.0,72.2,5.4,83.1,17.1,7.1,96.4,8.6,253.8,138.1,47.7,39.4,22.7,172.2,54.6,,138.7,377.0,1.9,3.9,1.2,1.7,76.2,6.6,171.2,153.5,1.3,275.2,144.0,3.3,306.1,41.9,157.7,6.8,60.5,3132.2
2016-09-03,,149.7,1.9,28.9,69.5,5.4,78.6,17.2,6.9,94.0,8.2,265.9,146.7,25.9,38.4,20.4,181.8,61.5,,140.3,382.6,2.0,4.9,1.2,1.8,73.9,6.9,190.1,158.0,1.4,274.5,150.7,4.0,313.2,40.0,155.5,6.9,59.5,3168.2999999999997
2016-09-04,,147.0,2.0,28.4,73.5,5.0,76.3,16.9,6.7,92.8,7.4,262.0,147.2,25.5,37.4,20.4,172.3,58.8,,138.9,381.0,1.8,4.8,1.1,1.8,74.1,6.5,196.0,164.4,1.0,256.0,151.7,3.5,318.2,36.5,144.6,8.1,57.6,3127.2000000000003
2016-09-05,,147.4,2.0,27.5,71.5,6.0,79.1,16.3,6.0,100.1,6.5,275.8,160.1,26.2,35.8,20.6,170.7,63.6,,143.3,369.4,1.8,4.9,1.1,2.0,70.6,5.8,210.2,173.3,1.1,257.8,154.2,4.1,319.2,37.4,138.7,9.8,60.9,3180.7999999999997
2016-09-06,,154.9,2.2,30.0,66.3,6.1,80.8,16.7,6.7,99.5,6.5,286.6,168.0,26.7,37.8,21.0,190.0,65.6,,149.0,410.9,2.0,4.6,1.2,1.8,71.4,6.6,215.5,184.6,1.1,285.4,163.8,4.1,324.7,35.0,134.1,10.7,58.2,3330.0999999999995
2016-09-07,,160.8,2.0,29.3,67.0,6.1,83.0,17.0,7.0,100.9,7.7,289.4,174.4,26.9,37.3,24.0,197.4,65.6,,155.7,425.6,2.0,4.4,1.2,1.9,72.3,6.9,230.7,188.5,1.1,296.7,169.9,4.1,326.1,39.8,132.7,11.0,58.8,3425.2
2016-09-08,,167.4,1.9,29.8,67.3,6.0,83.4,17.3,7.0,102.3,8.4,305.5,179.1,28.4,38.2,20.9,203.5,65.4,,160.5,441.6,1.9,5.6,1.2,1.6,74.0,7.0,229.4,193.0,1.3,300.6,173.3,3.9,329.6,40.7,144.0,9.8,61.5,3512.2999999999997
2016-09-09,,169.9,2.0,31.0,71.8,5.9,78.8,17.2,6.9,104.9,8.3,313.4,180.3,27.5,36.8,21.3,192.5,65.8,,164.0,443.8,1.9,4.7,1.3,1.7,72.3,7.2,231.8,203.1,1.2,303.8,173.8,4.0,329.8,40.4,147.0,10.8,62.1,3539.0
2016-09-10,,160.8,2.0,29.8,68.1,5.7,75.3,17.2,6.6,99.8,8.8,319.0,183.3,27.7,35.9,22.5,203.4,65.8,,169.4,445.1,2.0,4.9,1.3,2.0,73.9,6.9,227.8,203.8,1.2,302.9,161.2,3.9,334.0,45.8,148.9,11.0,61.9,3539.6000000000004
2016-09-11,,150.0,1.9,29.1,68.8,5.2,73.3,17.0,6.8,95.6,8.1,311.5,177.7,25.0,35.2,21.7,194.6,62.0,,171.4,416.4,1.9,5.0,1.2,2.0,73.9,6.3,216.6,203.4,1.0,275.9,141.5,4.0,335.8,38.3,142.6,12.2,62.0,3394.8999999999996
2016-09-12,,151.3,2.0,29.5,63.9,5.9,70.9,17.4,6.7,102.3,8.2,325.3,178.6,26.9,33.5,21.0,196.8,62.8,,178.1,450.7,1.9,4.1,1.2,2.0,73.3,6.5,221.0,206.9,1.2,292.0,146.6,4.1,333.0,38.2,151.3,12.0,62.4,3489.499999999999
2016-09-13,,146.8,2.1,28.4,71.7,5.5,73.3,17.0,7.1,105.6,8.9,329.0,180.3,27.6,36.4,21.5,193.6,61.6,,180.5,436.2,2.0,4.1,1.2,1.8,74.2,6.8,222.4,198.4,1.4,300.6,137.2,4.2,331.3,35.0,140.1,12.3,62.0,3468.0999999999995
2016-09-14,,140.8,1.9,28.9,71.3,5.6,71.4,17.1,7.0,104.6,9.0,333.6,179.8,27.5,33.4,20.4,177.5,56.0,,173.2,404.8,1.9,5.6,1.4,1.9,75.3,6.7,211.5,209.0,1.1,297.3,129.7,4.3,326.6,37.8,141.9,11.3,63.0,3390.1
2016-09-15,,135.8,1.9,29.7,72.0,5.6,77.1,17.1,7.0,106.6,8.8,317.0,179.2,28.7,35.4,21.3,169.8,58.8,,168.1,355.7,1.9,5.0,1.1,1.8,75.4,6.8,210.8,205.6,1.2,298.0,126.3,4.1,331.4,40.0,148.2,11.5,62.7,3327.4
2016-09-16,,138.1,1.9,29.1,70.9,5.7,79.4,16.9,7.1,105.6,9.8,318.2,179.6,27.1,37.2,21.9,171.4,60.8,,163.5,347.8,2.1,5.1,1.1,1.8,75.0,6.8,215.1,204.1,1.3,292.2,130.0,3.9,323.0,40.3,151.2,11.3,62.8,3319.1
2016-09-17,,138.2,1.8,28.8,65.9,5.4,73.5,16.6,6.7,103.7,7.0,317.5,176.2,24.6,36.4,21.6,171.4,62.2,,152.5,336.5,1.8,4.9,1.1,1.8,76.0,6.7,211.8,210.1,1.3,284.6,130.8,4.1,319.8,37.7,136.4,8.2,57.9,3241.5000000000005
2016-09-18,,141.2,1.9,27.3,68.0,5.1,76.9,16.9,6.5,99.2,7.7,293.8,170.7,24.8,35.8,21.0,169.8,58.2,,151.2,330.5,1.8,4.3,1.1,1.8,77.1,6.5,210.1,203.2,1.3,280.6,134.8,4.1,315.9,36.7,131.5,10.3,57.9,3185.5
2016-09-19,,151.4,1.8,28.0,69.3,5.1,77.2,17.4,7.0,105.9,8.6,288.1,176.0,26.4,35.7,20.9,184.2,63.8,,155.1,350.0,1.9,4.7,1.2,1.7,78.7,6.8,212.3,211.3,1.2,295.4,144.4,3.9,306.1,38.4,151.6,11.9,59.9,3303.2999999999997
2016-09-20,,150.6,2.0,27.9,72.9,5.9,79.1,17.4,7.2,108.1,9.2,298.8,181.5,26.7,36.1,20.8,183.4,65.3,,153.8,351.1,1.9,4.5,1.2,1.8,81.0,6.2,214.2,221.7,1.1,303.6,148.2,4.2,310.1,40.7,157.0,11.8,57.7,3364.7
2016-09-21,,137.3,2.0,28.0,65.0,5.9,80.9,16.6,7.2,110.7,9.0,301.9,182.4,25.8,33.7,19.4,176.8,64.5,,151.1,354.8,1.9,4.5,1.2,1.9,77.1,6.8,213.0,219.2,1.4,301.5,131.1,4.6,304.9,39.4,149.8,12.8,55.6,3299.7
2016-09-22,,129.3,1.9,27.2,70.3,5.9,83.5,17.7,7.0,104.7,9.2,304.1,171.0,23.7,33.4,20.2,174.5,64.4,,154.7,350.4,2.2,4.9,1.2,1.9,76.0,6.8,188.4,216.0,1.1,302.1,123.4,4.4,307.4,33.8,150.9,11.6,61.0,3246.2
2016-09-23,,130.7,1.4,27.5,74.5,4.8,84.5,17.4,7.1,103.9,8.2,309.8,168.0,30.8,34.1,22.0,175.5,65.0,,159.1,344.9,1.9,4.5,1.1,2.0,72.9,7.1,189.7,209.9,1.1,305.8,113.7,6.1,313.9,37.4,144.7,12.0,62.3,3255.2999999999997
2016-09-24,,136.1,2.0,27.8,67.8,4.8,83.0,17.2,7.1,99.9,8.6,307.7,166.0,30.7,32.0,21.3,173.2,64.2,,152.9,339.2,1.9,4.5,1.1,1.8,71.8,7.2,190.2,202.8,1.1,311.0,111.4,4.0,299.0,37.4,144.0,11.3,62.2,3204.2000000000003
2016-09-25,,134.5,1.7,28.0,57.1,4.3,83.4,16.7,6.7,93.1,8.0,298.1,158.3,28.3,31.8,19.7,163.0,58.8,,149.9,331.6,1.8,4.5,1.1,1.6,73.0,7.0,184.6,196.0,1.2,289.0,107.8,4.1,293.7,34.9,132.4,11.3,58.4,3075.399999999999
2016-09-26,,138.4,2.0,27.7,63.7,4.9,73.9,17.6,7.0,102.0,7.9,316.8,163.7,24.6,31.9,20.2,172.4,64.0,,152.1,352.3,1.9,4.8,1.2,1.8,75.3,7.1,184.9,206.3,1.5,308.1,112.7,4.6,299.0,41.9,140.5,12.7,63.2,3210.6
2016-09-27,,141.7,2.0,26.7,66.8,5.1,69.5,17.5,7.3,102.9,7.9,314.3,163.4,25.8,33.3,20.6,177.3,65.2,,156.2,361.7,2.0,5.2,1.2,1.9,72.9,7.2,188.4,210.7,1.4,317.2,117.6,4.1,276.8,38.9,145.9,12.4,62.6,3231.5999999999995
2016-09-28,,143.0,2.1,29.0,60.1,5.1,71.2,17.5,7.2,106.4,9.0,319.2,160.8,26.1,33.0,19.6,170.0,65.8,,155.8,366.8,2.0,5.7,1.3,2.0,70.3,6.6,182.6,209.5,1.4,311.9,123.5,4.6,280.0,39.4,151.1,11.6,59.5,3230.7000000000003
2016-09-29,,145.8,2.0,29.1,63.4,5.3,71.7,17.7,7.0,108.9,9.1,329.3,169.6,26.3,33.0,20.1,166.3,65.0,,154.3,369.0,1.9,4.3,1.2,2.0,72.2,6.2,181.3,205.2,1.5,295.3,128.9,4.5,272.9,38.5,147.7,12.0,63.9,3232.4
2016-09-30,,143.9,2.0,28.8,68.4,5.4,72.6,17.6,6.7,109.7,8.3,329.4,167.6,25.9,34.6,21.6,175.7,65.3,,152.2,364.4,1.9,4.3,1.2,1.8,72.4,6.7,189.4,203.7,1.3,293.8,133.6,4.6,274.3,32.3,150.4,10.8,61.1,3243.7
2016-10-01,,155.1,2.0,25.9,66.4,3.1,66.7,13.5,3.8,60.9,9.2,202.9,99.1,22.5,35.9,22.0,181.8,64.2,,192.7,380.6,1.9,4.9,1.4,1.9,78.2,6.6,96.5,187.1,1.2,265.7,150.4,3.6,265.3,28.2,132.8,6.7,61.8,2902.5000000000005
2016-10-01,,135.2,2.0,29.1,73.2,5.3,72.1,17.5,6.7,107.5,8.6,320.4,165.5,25.9,34.8,23.3,182.2,65.0,,151.0,349.7,2.0,4.2,1.2,1.9,71.5,6.7,179.1,207.5,1.1,294.7,126.6,5.2,289.4,39.1,156.7,9.7,64.1,3235.6999999999994
2016-10-02,,138.7,2.1,29.8,70.3,4.7,73.1,16.2,6.0,99.2,7.5,288.6,154.6,23.5,35.6,22.4,165.4,58.0,,150.3,328.1,2.0,4.5,1.1,1.9,75.3,5.8,170.9,196.2,1.0,271.6,120.5,4.2,308.5,34.8,147.0,11.7,63.9,3095.0
2016-10-03,,143.7,2.2,30.1,74.0,5.5,75.5,17.3,6.0,110.3,8.3,279.4,157.3,26.3,35.3,24.2,182.3,64.6,,157.9,346.4,2.1,4.4,1.1,2.0,75.9,5.1,175.4,195.8,1.4,298.4,133.4,4.3,317.6,39.0,154.4,12.5,61.5,3230.9000000000005
2016-10-04,,148.1,2.0,29.4,74.2,5.6,76.7,17.1,7.0,108.2,8.6,258.2,149.4,26.4,35.2,22.9,190.9,66.8,,163.8,351.6,2.0,4.6,1.2,2.0,77.8,6.1,180.1,189.0,1.4,313.6,143.0,4.3,324.9,39.2,160.2,11.4,62.4,3265.2999999999997
2016-10-05,,149.8,2.0,30.1,74.8,5.3,78.9,17.2,7.1,99.4,8.8,241.9,138.7,25.4,33.2,21.1,193.1,67.4,,159.5,353.2,1.9,4.8,1.2,1.8,75.2,6.9,172.0,172.0,1.3,309.3,148.5,4.4,318.1,37.3,153.5,10.8,63.3,3189.2000000000003
2016-10-06,,146.2,2.1,30.9,75.4,5.0,76.1,17.6,7.2,101.0,8.9,246.9,147.9,25.4,34.2,20.4,192.9,67.3,,153.4,357.2,1.9,5.0,1.2,2.0,71.6,7.0,162.4,171.8,1.3,312.2,152.1,4.9,301.6,38.1,151.7,11.3,62.4,3174.4999999999995
2016-10-07,,158.3,2.0,30.2,77.0,5.0,70.9,17.7,7.2,101.7,9.1,253.9,151.7,26.7,35.6,22.4,197.0,66.5,,153.5,356.4,1.9,4.8,1.3,1.5,71.6,6.8,164.3,177.5,1.1,315.7,153.0,4.4,306.6,38.5,150.6,11.3,63.2,3216.9
2016-10-08,,153.9,1.9,29.1,67.5,4.6,70.3,17.7,7.3,95.1,8.7,257.6,150.2,25.7,35.0,21.0,195.1,65.2,,150.1,364.4,1.9,4.9,1.4,1.8,75.3,7.0,165.4,179.7,1.1,310.2,133.1,4.9,303.7,37.3,143.3,11.1,61.7,3164.2000000000003
2016-10-09,,143.6,1.8,24.3,64.7,4.1,68.1,17.4,6.9,90.5,7.9,253.9,144.2,23.8,34.3,20.3,185.4,59.7,,149.4,352.4,1.8,4.4,1.2,2.0,74.0,6.6,158.3,174.2,1.0,288.7,124.8,4.8,301.9,35.1,129.9,7.9,59.5,3028.7999999999997
2016-10-10,,143.4,1.9,24.2,69.8,4.5,69.4,17.5,6.8,92.5,9.4,264.9,143.1,24.5,34.6,21.1,183.0,61.5,,150.7,375.4,1.8,4.5,1.2,1.8,69.6,6.2,156.1,170.7,0.8,271.6,129.2,4.3,302.0,40.9,120.7,6.1,55.4,3041.1000000000004
2016-10-11,,145.4,1.9,21.0,65.4,3.7,67.1,14.4,4.3,79.4,9.0,248.7,129.1,21.2,34.0,19.9,177.3,62.5,,146.7,336.7,1.9,4.4,1.3,1.8,74.2,6.4,135.1,175.6,0.8,287.1,125.7,3.5,303.3,33.5,116.9,7.0,53.5,2919.7000000000003
2016-10-12,,150.9,1.9,20.9,58.2,3.9,66.7,16.3,5.9,82.1,9.1,261.8,138.6,24.4,35.2,19.9,180.5,66.4,,148.6,364.5,1.9,4.9,1.3,1.6,75.0,7.0,143.2,180.7,1.6,300.3,132.5,3.6,278.3,35.7,127.0,7.0,56.2,3013.6
2016-10-13,,156.7,1.9,24.5,65.0,4.2,68.2,17.7,7.0,85.3,9.1,276.4,140.2,28.8,34.2,19.7,179.7,60.3,,152.9,383.3,1.9,4.8,1.3,1.6,74.6,6.6,141.5,181.8,0.9,292.9,143.0,4.2,271.6,36.5,126.1,7.0,61.5,3072.9
2016-10-13,,156.7,1.9,24.5,65.0,4.2,68.2,17.7,7.0,85.3,9.1,276.4,140.2,28.8,34.2,19.7,179.7,60.3,,152.9,383.3,1.9,4.8,1.3,1.6,74.6,6.6,141.5,181.8,0.9,292.9,143.0,4.2,271.6,36.5,126.1,7.0,61.5,3072.9
2016-10-14,,157.6,2.1,25.9,67.1,4.0,71.9,17.6,7.2,84.2,9.2,282.8,139.2,28.3,39.7,19.8,186.0,63.5,,156.0,385.1,2.0,4.5,1.4,1.9,75.2,7.0,136.3,183.6,1.1,290.7,149.3,4.4,259.9,36.7,131.1,6.3,58.8,3097.4000000000005
2016-10-15,,158.6,1.9,28.1,68.7,3.9,70.1,16.9,7.2,79.5,9.1,285.8,137.9,27.3,33.8,20.7,190.0,64.4,,158.0,394.9,1.9,4.4,1.3,1.5,72.3,7.0,136.6,186.8,1.0,299.1,150.4,4.2,282.5,36.2,121.9,6.8,60.9,3131.6
2016-10-16,,158.8,1.9,26.9,69.0,3.3,71.4,17.4,6.9,73.0,8.3,277.9,127.4,26.3,33.5,20.4,184.5,59.4,,156.6,392.3,1.9,4.6,1.2,1.5,71.5,6.5,124.8,187.8,1.0,282.5,148.9,5.6,279.1,32.7,125.1,7.2,61.1,3058.2
2016-10-17,,163.2,2.0,27.6,71.2,3.8,71.8,17.5,7.0,78.9,9.0,292.1,133.7,23.3,33.9,22.9,200.5,65.6,,161.7,412.0,1.9,4.8,1.3,1.9,71.9,6.8,125.3,189.8,1.2,300.8,154.0,4.9,280.6,35.8,134.3,6.7,59.7,3179.4000000000005
2016-10-18,,164.1,2.2,27.5,69.9,3.8,73.3,17.7,7.3,78.1,9.2,295.2,135.3,24.3,34.6,23.7,206.4,67.1,,165.5,421.5,2.0,4.5,1.2,1.9,73.3,7.1,126.0,196.9,1.2,306.5,156.1,4.6,276.8,36.4,143.4,6.5,63.2,3234.3
2016-10-19,,164.6,2.2,26.9,68.9,3.8,72.3,17.8,7.3,77.3,9.7,294.6,133.4,25.0,34.5,22.9,203.9,67.7,,168.4,428.6,2.1,4.8,1.4,2.0,72.1,7.0,122.6,193.7,1.5,314.0,159.0,4.8,287.5,35.5,147.0,6.6,62.9,3254.3000000000006
2016-10-20,,163.9,1.9,27.1,69.1,3.8,58.9,17.6,7.2,78.4,9.8,301.2,132.0,23.4,34.4,23.2,200.0,67.3,,171.0,428.3,2.2,4.9,1.3,1.8,72.9,7.0,117.0,195.3,1.2,304.1,158.9,3.9,273.3,35.3,146.9,6.5,63.5,3214.5000000000005
2016-10-21,,162.5,2.0,27.0,67.1,3.8,72.3,17.8,7.5,78.4,9.1,303.4,132.4,24.8,36.0,21.1,202.0,66.1,,174.7,426.9,2.1,4.7,1.3,1.8,71.8,6.9,119.8,198.7,1.3,302.8,159.4,3.7,279.3,35.5,144.3,6.5,62.1,3236.9
2016-10-22,,155.4,1.8,26.4,69.1,3.6,71.9,17.9,7.8,75.0,9.4,305.3,130.8,24.4,34.4,22.6,189.9,65.2,,179.4,433.2,2.4,5.0,1.3,1.4,69.2,6.8,121.7,194.7,1.5,295.0,158.0,4.1,276.8,35.0,146.5,6.6,60.2,3209.7000000000007
2016-10-23,,155.5,1.9,24.7,66.7,3.2,72.1,17.4,7.4,75.5,7.6,296.2,122.7,23.2,35.1,21.8,196.0,59.5,,180.2,415.2,2.3,4.8,1.4,1.7,72.6,6.7,111.6,193.9,1.2,281.3,153.2,3.8,278.5,31.9,133.8,7.3,64.1,3132.0000000000005
2016-10-24,,167.2,1.9,25.2,66.6,3.6,72.2,17.7,7.6,75.5,8.2,302.2,126.2,23.8,34.4,21.4,196.0,65.3,,185.6,443.8,1.8,4.9,1.6,1.9,72.6,7.0,116.5,193.3,1.3,291.2,157.5,4.0,283.5,35.4,137.0,7.4,61.9,3223.2
2016-10-25,,166.9,2.0,25.4,67.1,3.6,72.8,17.6,7.8,76.4,8.5,293.0,123.8,24.2,35.6,22.0,204.9,66.7,,189.2,440.9,2.0,5.1,1.4,2.2,70.6,7.0,115.4,197.4,1.3,303.7,158.6,4.1,273.1,34.8,137.3,6.9,62.1,3231.4
2016-10-26,,164.0,2.1,25.6,67.0,3.6,70.4,17.6,7.7,75.9,8.6,293.3,123.4,24.4,35.5,22.5,208.4,67.2,,192.4,443.2,2.2,5.3,1.4,2.0,67.1,7.0,115.5,200.3,1.1,307.4,158.9,4.2,272.1,34.2,137.6,6.5,63.3,3238.9
2016-10-27,,152.3,2.1,24.7,67.6,3.5,71.6,17.7,7.6,74.2,8.4,292.6,121.2,24.3,35.1,22.6,205.4,66.7,,194.8,437.8,1.9,5.2,1.4,1.8,69.2,7.0,113.4,200.1,1.4,309.3,157.4,3.9,276.8,34.6,138.1,7.2,61.8,3220.7000000000003
2016-10-28,,163.2,1.9,24.6,67.0,3.4,72.4,17.4,7.4,72.1,8.5,285.3,119.8,24.9,35.3,22.8,205.7,66.9,,198.8,432.0,1.8,5.2,1.3,1.5,73.2,6.9,114.2,196.8,1.3,283.8,158.9,3.7,294.9,35.1,137.4,7.0,63.0,3215.3999999999996
2016-10-29,,165.5,2.0,25.2,67.1,3.2,72.7,16.8,6.2,67.0,7.5,262.0,114.8,23.2,35.0,21.4,207.7,65.3,,198.3,417.0,2.0,5.2,1.4,1.5,72.9,5.7,110.5,194.9,1.3,245.4,159.8,3.7,302.8,33.0,136.2,6.4,62.2,3122.7999999999997
2016-10-30,,154.8,2.1,25.1,70.5,2.8,68.4,11.5,3.6,58.5,7.0,220.8,100.3,17.7,37.1,22.0,197.0,59.4,,195.8,382.4,2.2,5.2,1.4,2.0,71.1,5.5,93.9,186.6,1.1,230.9,145.8,4.3,299.0,27.5,127.3,7.1,60.8,2908.5
2016-10-31,,168.2,1.9,24.7,69.9,2.7,63.6,11.1,2.9,57.5,8.4,195.0,92.9,16.2,35.9,21.7,192.6,62.8,,187.7,374.5,2.0,5.1,1.3,1.8,70.9,6.5,84.0,177.7,1.0,244.4,147.8,4.4,290.6,26.5,132.6,7.3,61.0,2855.1000000000004
2016-11-02,,160.6,1.9,25.5,68.5,3.3,67.7,15.6,5.5,64.7,9.6,220.9,106.4,21.5,36.5,23.9,193.1,64.7,,199.0,402.5,1.9,5.1,1.3,1.7,71.4,6.7,102.6,196.3,0.9,267.6,152.2,4.4,266.2,30.8,126.6,8.0,60.2,2995.3
2016-11-03,,160.3,2.0,24.6,67.5,3.4,69.7,16.6,6.1,62.7,9.5,232.1,110.1,24.0,35.8,23.7,199.1,65.3,,203.5,417.8,1.9,4.9,1.3,1.8,69.2,6.8,100.3,197.4,1.1,267.1,152.6,4.3,270.7,32.5,127.6,8.1,61.1,3042.5000000000005
2016-11-04,,162.1,2.0,25.3,69.2,3.3,70.9,16.9,6.5,63.9,9.3,239.6,111.1,26.7,36.5,23.6,198.6,65.1,,207.0,424.8,1.9,4.6,1.2,1.7,68.8,7.0,100.9,200.4,1.4,277.2,154.3,3.6,275.1,33.8,127.0,6.6,60.7,3088.5999999999995
2016-11-05,,163.6,2.0,25.4,68.6,3.3,68.8,16.9,6.7,61.9,8.9,247.3,109.8,26.6,36.5,24.3,205.8,65.3,,208.9,427.7,2.0,5.0,1.2,1.6,67.6,7.0,103.0,204.7,1.5,271.4,152.4,3.4,276.8,33.6,115.9,6.5,61.1,3093.0
2016-11-06,,162.1,2.0,21.4,65.8,2.9,70.2,16.7,6.4,58.3,7.5,246.8,100.4,23.5,36.4,21.1,198.0,58.4,,210.4,420.6,1.7,4.5,1.1,1.3,68.3,6.4,95.2,206.1,1.0,268.9,146.4,3.5,271.7,31.2,107.8,6.4,59.6,3010.0
2016-11-07,,149.8,2.0,22.9,62.2,3.3,68.3,17.1,6.5,60.4,8.3,262.0,105.4,24.4,36.5,20.5,204.7,62.8,,210.1,426.6,1.8,4.9,1.3,1.4,65.6,6.6,98.0,205.3,1.1,286.0,146.0,4.1,266.4,32.9,105.8,6.8,59.5,3047.3
2016-11-08,,163.0,2.0,23.2,61.9,3.3,68.2,17.1,6.8,61.1,8.6,266.7,109.2,25.0,36.5,20.2,205.4,64.0,,213.0,435.2,2.0,4.7,1.3,1.5,69.6,6.8,98.9,207.9,1.6,294.6,147.6,4.3,268.7,34.1,106.6,7.4,56.8,3104.8
2016-11-09,,158.5,2.0,24.1,64.2,3.3,66.6,14.7,6.8,59.8,8.4,266.4,109.7,24.6,36.7,20.0,206.1,63.6,,215.3,434.7,2.0,4.6,1.3,1.8,64.6,6.6,98.9,206.7,1.2,292.4,147.1,3.5,265.0,34.0,105.8,6.6,62.5,3090.100000000001
2016-11-10,,159.3,1.9,24.5,63.6,3.3,66.4,16.3,6.6,59.3,8.6,272.0,108.7,24.1,36.7,21.2,206.0,64.3,,215.4,430.6,1.9,4.2,1.3,1.7,66.6,6.6,96.4,206.1,1.2,292.8,144.7,3.3,266.3,33.7,107.5,8.6,58.0,3089.7
2016-11-11,,157.2,1.7,25.3,63.2,3.3,66.6,16.5,6.7,56.9,9.3,274.2,110.7,24.4,36.7,24.8,206.1,64.9,,215.7,421.1,1.8,4.2,1.3,1.5,70.9,6.6,97.1,208.5,1.5,296.9,142.7,4.0,270.8,33.2,110.2,9.2,59.0,3104.7
2016-11-12,,158.7,2.1,23.7,63.8,3.2,65.2,16.4,6.5,54.4,8.4,271.5,107.6,24.5,41.9,22.8,199.5,65.2,,216.0,416.3,2.2,4.2,1.3,1.9,67.2,6.6,91.9,200.9,1.5,296.6,138.6,3.3,260.3,32.0,106.6,9.2,61.9,3053.9
2016-11-13,,154.9,1.8,23.1,62.8,2.9,61.2,16.4,6.0,51.7,7.7,262.1,100.3,22.3,41.9,21.5,194.5,60.4,,213.9,407.2,2.0,4.1,1.3,1.7,67.9,6.0,84.9,203.2,1.3,271.6,134.0,3.2,253.9,30.3,102.4,8.8,57.1,2946.2999999999997
2016-11-14,,159.6,1.7,22.1,62.5,3.0,64.5,16.5,6.3,54.3,8.6,265.8,102.6,23.4,42.0,20.9,198.6,65.5,,214.1,422.7,2.0,4.3,1.4,1.8,70.0,6.3,87.1,201.3,1.4,285.3,139.1,3.7,255.7,30.4,103.7,8.6,58.1,3014.9
2016-11-16,,148.1,1.7,23.0,61.1,3.1,61.8,16.2,6.5,55.2,8.9,264.9,104.3,24.0,42.0,20.6,198.7,66.5,,214.0,422.7,2.0,4.2,1.3,1.7,68.0,7.0,91.0,202.8,1.4,294.8,138.0,4.2,254.1,31.5,103.0,9.2,55.2,3012.6999999999994
2016-11-17,,158.6,1.8,24.0,60.2,3.2,58.1,16.3,6.4,54.8,9.1,268.9,105.5,24.4,36.5,21.3,200.5,67.1,,215.1,405.2,1.9,4.4,1.3,1.8,70.4,6.8,90.5,195.9,1.7,298.5,137.4,3.4,256.9,31.9,105.4,8.5,56.3,3010.0000000000005
2016-11-18,,156.2,1.8,23.9,60.1,3.2,61.6,15.6,6.4,55.9,8.9,273.4,105.1,24.6,37.4,22.3,202.4,67.7,,215.1,396.9,2.0,4.4,1.3,1.7,69.6,6.8,89.1,194.6,1.6,294.2,137.9,3.4,257.9,32.4,105.5,7.7,55.5,3004.1000000000004
2016-11-19,,155.0,2.1,23.3,59.1,3.2,61.0,16.0,6.4,53.4,8.9,271.4,105.4,24.2,37.7,22.0,198.4,67.1,,216.4,397.3,2.3,4.6,1.1,1.9,67.9,6.8,87.7,200.3,1.5,291.9,133.7,3.1,252.1,32.9,103.1,8.1,56.7,2983.9999999999995
2016-11-20,,150.9,1.8,22.4,61.2,2.9,60.4,15.7,6.0,52.5,7.9,262.6,94.6,22.6,36.3,22.8,190.0,60.7,,214.3,388.0,2.2,4.4,1.3,1.5,64.6,5.9,81.5,197.0,1.1,273.5,127.9,3.1,247.7,29.6,96.4,7.2,54.8,2873.3
2016-11-21,,152.9,1.8,22.4,60.8,3.2,58.8,15.8,6.1,54.8,8.5,272.9,103.9,23.9,36.7,22.1,200.0,65.7,,215.4,403.2,2.0,4.6,1.4,1.8,65.7,6.2,89.0,191.5,1.2,288.8,133.0,3.2,251.6,31.1,104.2,7.6,56.6,2968.4
2016-11-22,,151.6,1.5,23.5,61.9,3.3,60.9,15.8,6.3,55.5,8.7,275.8,106.5,24.0,37.1,19.7,202.5,67.1,,218.0,418.2,2.1,4.9,1.4,1.8,69.9,6.5,93.5,197.9,1.3,300.4,135.0,2.8,252.7,31.3,98.2,8.0,55.0,3020.6000000000004
2016-11-24,,154.6,2.1,23.0,61.0,3.2,61.7,15.8,6.4,56.7,8.8,276.0,107.1,24.7,37.5,21.8,202.7,67.2,,217.7,416.8,2.2,4.7,1.5,1.7,66.8,6.4,94.9,200.2,1.8,299.6,137.5,3.6,262.2,32.1,96.4,8.9,48.3,3033.5999999999995
2016-11-25,,153.6,2.1,22.6,59.3,3.3,61.8,15.4,6.4,57.5,8.5,277.3,105.1,26.4,38.2,21.0,201.5,66.8,,214.8,419.0,2.0,4.7,1.4,1.7,67.7,7.0,95.0,200.5,1.6,293.8,138.6,3.6,248.0,32.0,100.6,7.2,56.8,3022.7999999999993
2016-11-26,,153.1,2.0,22.5,60.4,3.1,62.2,15.0,6.3,54.0,8.5,273.6,105.0,24.6,36.8,23.1,197.6,65.0,,217.7,416.8,2.2,4.6,1.4,1.7,67.1,6.3,95.9,199.1,1.5,290.8,136.6,3.3,251.7,31.1,100.5,7.4,56.1,3004.6
2016-11-27,,149.8,1.9,21.7,60.8,2.9,63.0,15.2,5.8,52.4,7.6,267.4,102.9,22.7,37.9,22.9,190.9,60.3,,215.3,406.8,2.1,4.7,1.4,1.7,67.8,5.8,94.6,198.5,1.3,277.1,132.5,3.1,246.1,29.4,94.7,7.5,56.7,2933.2
2016-11-28,,149.6,2.0,22.3,62.0,3.2,63.9,15.4,6.1,54.7,8.3,277.6,108.7,23.0,36.3,22.7,201.2,59.7,,217.8,424.0,2.4,4.7,1.3,1.9,66.9,6.2,97.6,196.8,1.5,287.8,137.4,2.9,260.4,31.0,100.2,7.3,56.9,3021.7000000000003
2016-11-29,,156.9,2.0,22.2,61.7,3.2,64.8,15.4,6.2,55.1,8.5,280.0,107.3,23.4,37.1,22.6,202.1,65.0,,218.4,428.6,2.1,4.9,1.5,1.9,64.9,6.2,104.0,199.7,1.5,290.8,139.7,4.4,250.1,30.7,100.8,6.9,56.5,3047.1
2016-11-30,,153.7,2.0,21.9,59.6,3.3,64.0,15.4,6.1,52.7,8.3,274.2,112.4,24.1,36.0,20.0,200.1,65.2,,218.6,427.2,2.1,4.8,1.5,1.9,64.7,6.1,87.2,197.9,1.4,287.7,140.9,2.9,211.4,31.3,102.8,6.8,57.4,2973.6000000000004
2016-12-01,,153.8,2.0,22.5,57.8,3.3,65.1,15.1,6.0,56.9,8.5,275.2,108.6,23.5,35.5,19.4,192.8,62.9,,215.2,421.5,1.9,4.5,1.5,1.5,67.3,5.7,89.3,196.1,1.5,258.0,140.3,3.7,238.1,31.2,103.8,9.0,57.3,2956.2999999999997
2016-12-02,,141.6,1.9,22.5,60.9,3.3,64.9,14.2,6.0,58.3,8.4,273.8,108.8,23.9,38.2,22.2,190.3,60.6,,213.9,415.5,2.4,4.1,1.3,1.5,66.4,5.7,100.3,196.6,1.6,248.7,140.8,2.5,241.5,30.4,103.3,9.5,58.7,2944.5000000000005
2016-12-03,,138.2,2.0,22.2,60.2,3.2,64.2,14.9,5.9,54.2,8.9,272.9,105.1,24.2,36.3,21.4,179.1,61.5,,213.8,416.7,2.1,4.6,1.2,1.7,67.3,6.0,119.6,192.0,1.7,247.7,139.8,3.5,244.9,31.0,102.2,9.4,59.4,2938.9999999999995
2016-12-04,,135.4,2.1,21.3,58.8,2.9,59.9,14.7,5.7,52.3,8.7,261.2,103.8,22.8,36.8,22.8,173.2,56.7,,205.8,410.8,2.1,4.5,1.2,2.0,62.5,5.4,110.5,193.8,0.9,231.5,137.6,4.1,245.4,29.8,91.3,9.9,59.2,2847.4
2016-12-05,,138.5,2.1,20.6,54.5,3.3,64.5,15.2,6.1,55.2,8.9,273.5,111.1,24.1,36.7,22.2,189.2,64.0,,213.0,428.8,2.1,4.4,1.4,2.1,66.2,5.6,114.4,195.4,1.4,247.6,140.6,3.2,248.3,31.3,97.8,8.5,56.2,2958.0000000000005
2016-12-06,,136.6,1.9,21.6,55.5,3.3,64.8,15.3,6.3,56.7,9.2,274.6,120.4,24.3,35.7,22.5,192.1,67.0,,217.2,427.1,2.0,4.1,1.4,1.5,66.1,4.8,113.4,202.3,1.6,212.9,139.4,5.0,256.5,32.5,100.0,9.0,59.1,2963.7
2016-12-07,,139.1,2.0,21.7,55.2,3.4,64.9,15.3,6.3,56.6,8.7,270.8,114.0,24.9,35.0,22.0,191.8,64.0,,218.0,418.3,2.0,4.4,1.4,1.8,66.9,5.5,113.9,204.9,1.4,255.9,141.1,3.3,251.7,31.8,99.9,9.1,61.8,2988.8000000000006
2016-12-08,,141.3,2.2,22.5,57.0,3.3,66.0,15.2,6.3,56.6,8.7,273.9,115.1,24.5,35.7,21.3,195.7,64.1,,215.8,419.2,2.5,4.5,1.4,2.0,68.5,5.9,100.2,202.9,1.4,276.4,142.8,3.2,251.0,32.3,99.9,8.7,60.2,3008.2
2016-12-09,,138.9,1.8,21.8,57.0,3.4,68.6,15.2,6.2,58.5,8.7,273.3,115.3,24.3,35.9,21.1,204.9,64.9,,216.6,417.8,2.2,4.7,1.5,1.8,66.6,6.2,109.6,204.7,1.6,284.0,142.4,3.3,261.6,32.8,102.7,8.8,58.3,3047.0
2016-12-10,,140.3,1.9,22.6,57.4,3.2,68.0,15.2,6.2,54.4,8.2,270.8,116.7,23.2,35.6,23.3,195.3,64.6,,217.7,406.4,2.3,4.8,1.5,1.6,67.7,6.1,114.8,202.4,1.9,279.9,139.5,3.1,253.3,33.1,100.7,8.3,54.2,3006.2
2016-12-11,,135.5,1.8,21.5,55.0,3.0,64.6,14.9,5.7,53.7,7.3,263.1,110.0,22.0,31.7,20.5,183.7,57.3,,218.4,398.8,2.2,4.8,1.5,1.6,67.8,5.5,112.0,201.5,1.4,261.0,136.5,3.4,253.9,30.5,97.2,7.3,58.5,2915.1000000000004
2016-12-12,,121.9,1.9,22.0,54.7,3.3,65.7,15.6,6.0,55.7,7.9,269.8,112.3,23.8,36.3,20.1,186.0,59.7,,221.6,414.2,2.1,4.5,1.5,1.7,70.3,5.4,102.8,193.2,1.6,222.6,141.7,3.3,260.2,32.3,98.4,8.0,58.5,2906.6000000000004
2016-12-13,,116.6,1.9,21.7,54.8,3.3,65.7,15.5,6.3,57.8,8.4,270.2,117.8,24.7,35.5,20.2,155.0,59.9,,220.3,413.6,2.1,4.7,1.5,1.7,67.1,5.5,104.0,200.1,1.7,200.2,143.4,3.6,266.4,32.8,99.6,8.2,56.7,2868.4999999999995
2016-12-13,,116.6,1.9,21.7,54.8,3.3,65.7,15.5,6.3,57.8,8.4,270.2,117.8,24.7,35.5,20.2,155.0,59.9,,220.3,413.6,2.1,4.7,1.5,1.7,67.1,5.5,104.0,200.1,1.7,200.2,143.4,3.6,266.4,32.8,99.6,8.2,56.7,2868.4999999999995
2016-12-14,,127.1,1.8,21.8,58.4,3.4,65.7,15.5,6.3,58.0,8.7,266.5,119.3,25.8,35.9,23.6,161.7,59.9,,220.5,408.3,2.2,4.7,1.5,1.8,62.3,5.9,107.3,201.9,1.5,224.8,143.2,3.3,264.7,32.8,98.4,8.2,60.2,2912.9000000000005
2016-12-16,,133.6,2.0,21.7,60.9,3.5,67.2,15.7,6.4,59.3,9.0,276.5,123.1,24.6,35.7,21.7,173.5,63.1,,222.4,408.5,2.2,4.7,1.6,1.9,65.6,6.0,108.1,207.3,1.7,249.9,147.5,3.2,273.1,31.1,94.6,10.5,56.7,2994.0999999999995
2016-12-17,,135.4,2.0,21.8,58.7,3.4,65.8,14.4,6.4,57.1,9.1,275.4,122.2,24.2,36.8,23.3,176.4,63.6,,220.5,412.5,2.2,4.5,1.6,2.1,66.7,6.0,106.9,201.8,1.7,254.4,145.8,3.5,270.6,31.9,94.5,9.4,57.6,2990.2
2016-12-18,,134.6,2.0,21.4,57.7,3.0,65.5,15.5,5.9,55.5,8.0,265.9,113.0,23.9,37.0,21.7,167.5,58.9,,221.0,397.4,2.2,4.7,1.3,1.8,68.3,5.4,100.7,200.8,1.8,245.6,142.4,3.5,267.3,30.7,88.0,10.4,53.2,2903.5
2016-12-19,,136.2,2.3,21.7,59.6,3.5,65.3,15.7,4.0,58.2,7.7,273.6,117.5,24.6,37.0,21.3,183.9,64.0,,221.2,408.1,2.5,4.6,1.5,2.2,64.6,5.8,102.0,199.9,1.7,258.7,147.0,3.0,273.5,32.5,91.2,9.4,61.7,2987.2
2016-12-20,,138.8,2.3,22.3,60.5,3.5,67.7,15.8,5.6,59.6,8.3,274.6,117.4,25.2,35.7,22.4,186.8,64.8,,221.6,410.6,2.6,4.7,1.5,2.2,62.4,6.1,103.3,209.5,1.6,262.8,148.3,3.2,276.4,33.3,99.2,8.6,59.8,3028.999999999999
2016-12-21,,142.3,2.0,22.4,58.6,3.6,68.3,15.9,6.4,61.1,8.6,271.6,120.5,26.8,38.5,22.7,191.6,66.5,,222.2,412.8,2.5,4.7,1.6,2.2,64.3,6.3,104.1,209.3,1.8,280.0,148.6,3.2,277.3,33.4,103.1,10.0,62.0,3076.7999999999997
2016-12-22,,140.6,2.0,22.2,64.8,3.6,67.9,15.9,6.4,58.6,8.6,275.9,122.3,26.4,26.8,21.6,195.4,67.4,,222.0,411.6,2.5,4.8,1.6,2.1,63.0,6.1,103.1,210.2,1.5,281.8,150.3,2.8,274.9,34.0,98.9,9.8,63.6,3071.0
2016-12-23,,142.7,2.0,23.1,64.8,3.5,72.4,15.1,6.4,61.6,8.7,280.0,118.2,26.6,35.1,24.2,195.8,67.4,,224.4,404.5,2.1,4.8,1.6,1.9,62.7,6.2,104.3,207.1,1.6,286.4,150.8,3.2,269.0,33.5,99.0,10.5,62.7,3083.9
2016-12-24,,141.8,1.9,22.0,61.1,3.4,70.1,15.7,6.5,56.7,8.4,277.9,116.1,26.2,37.0,23.6,194.6,64.9,,217.9,402.2,2.1,5.2,1.6,1.8,64.6,6.2,102.9,204.1,1.3,282.0,150.0,4.6,277.3,32.4,99.8,10.2,62.5,3056.5999999999995
2016-12-25,,138.6,1.8,21.2,60.7,3.0,69.5,15.7,6.0,55.1,9.3,267.2,109.4,23.7,36.5,20.0,178.6,58.2,,220.7,387.3,2.1,5.8,1.3,1.5,68.2,6.0,92.2,206.0,1.6,261.7,145.2,4.3,272.8,28.8,95.7,9.4,61.8,2946.9000000000005
2016-12-26,,144.1,2.1,20.2,58.8,3.5,69.5,15.8,6.2,59.9,8.8,272.2,113.8,24.6,37.0,22.0,194.0,63.4,,220.9,403.3,2.5,4.0,1.3,1.9,67.8,6.6,97.6,203.2,1.7,275.2,150.7,4.2,271.7,32.3,100.1,9.2,61.6,3031.7
2016-12-27,,145.5,1.9,19.3,64.6,3.4,69.4,16.0,6.3,60.6,8.6,265.8,114.7,25.8,35.4,22.4,194.2,65.4,,217.7,406.5,2.1,4.7,1.4,1.6,66.5,6.6,98.3,205.4,1.5,287.1,154.2,4.1,271.1,33.1,101.2,10.1,62.1,3054.6
2016-12-28,,148.3,2.1,20.0,62.0,3.5,70.6,16.1,6.4,60.6,8.7,270.6,114.5,25.3,36.8,24.4,202.8,65.4,,217.7,403.6,2.6,4.9,1.6,1.9,67.8,6.4,99.0,213.6,1.6,278.7,153.1,2.8,276.7,33.1,101.3,9.9,62.1,3076.5000000000005
2016-12-29,,146.3,2.0,20.9,60.2,3.5,71.2,16.0,6.3,60.6,8.8,274.5,115.0,25.3,37.0,23.5,195.4,62.6,,218.3,401.0,2.3,5.2,1.4,2.2,68.4,6.5,98.6,205.3,1.8,277.6,153.1,3.3,273.9,32.5,104.2,9.7,61.7,3056.1
2016-12-30,,146.1,1.7,21.5,59.0,3.6,71.2,15.8,6.4,62.8,9.0,279.2,108.0,26.8,37.5,24.2,194.5,63.6,,216.5,400.9,2.3,5.0,1.5,2.2,65.4,6.5,99.4,206.0,1.8,280.9,153.6,3.3,265.9,32.7,101.8,9.7,62.3,3048.6
2016-12-31,,148.9,2.1,22.2,65.2,3.4,70.9,15.8,6.3,58.6,8.8,277.5,108.1,25.2,43.2,22.5,195.6,62.7,,216.7,388.1,2.3,5.1,1.5,1.9,72.3,6.3,96.5,201.9,1.4,279.5,153.7,3.4,270.8,32.0,103.3,11.4,52.0,3037.1
2017-01-02,,144.8,2.0,21.1,61.3,3.4,68.2,15.2,5.7,59.0,8.7,271.7,110.4,25.2,46.0,22.0,193.0,63.0,,207.6,403.1,2.3,4.6,1.3,2.1,74.8,6.1,96.4,198.9,1.5,277.6,152.6,3.8,277.4,32.0,100.5,12.3,57.4,3033.0
2017-01-03,,147.6,1.8,20.2,61.5,3.5,68.5,15.8,6.3,60.0,9.0,275.0,114.1,26.6,49.0,21.0,195.8,64.6,,210.1,408.8,2.5,4.8,1.4,2.0,70.2,6.5,101.1,196.6,1.4,288.5,155.2,3.5,277.8,34.2,101.2,12.6,58.5,3077.2000000000003
2017-01-04,,150.5,1.8,21.1,62.0,3.5,69.6,15.4,6.5,60.4,7.8,277.2,115.2,22.7,40.8,21.4,199.1,65.0,,208.0,410.8,2.2,3.1,1.4,1.8,74.5,6.3,102.4,199.3,1.6,290.9,157.0,3.6,285.7,32.8,100.2,10.9,59.5,3092.0000000000005
2017-01-05,,152.0,1.9,21.0,61.8,3.3,71.3,16.2,6.5,59.1,8.9,284.1,117.5,25.6,42.3,23.4,197.0,64.4,,215.1,405.7,2.1,4.7,1.6,2.1,72.1,6.4,103.8,212.2,1.7,295.0,156.9,3.3,282.9,34.0,103.5,9.2,60.2,3128.8
2017-01-06,,149.9,1.9,22.2,62.4,3.5,72.8,16.2,6.6,61.3,8.7,285.3,118.6,24.4,29.5,23.3,199.7,64.5,,216.1,403.2,2.0,4.6,1.4,2.1,70.5,6.3,99.2,214.0,2.0,293.2,157.9,3.2,278.5,34.2,103.7,10.1,59.5,3112.4999999999995
2017-01-07,,148.3,1.7,22.0,62.8,3.4,72.5,16.5,6.6,57.8,8.6,279.7,99.8,20.1,32.2,24.1,199.1,63.5,,215.5,403.8,2.2,4.9,1.5,1.8,67.4,6.4,91.7,211.4,2.1,283.3,156.8,3.3,250.2,25.6,101.4,9.3,61.0,3018.3
2017-01-09,,150.0,2.0,21.2,61.7,3.6,72.2,16.4,6.4,61.5,8.3,275.4,110.0,23.2,43.1,22.1,198.0,63.6,,207.5,408.3,2.2,4.4,1.3,1.9,68.2,6.1,93.9,208.6,2.2,279.7,156.1,3.3,267.8,32.1,103.2,7.8,60.8,3054.1000000000004
2017-01-10,,153.8,2.3,21.5,59.2,3.7,66.4,16.6,6.5,63.3,8.9,274.6,117.8,25.7,44.4,19.6,199.1,64.2,,200.3,407.9,2.5,5.0,1.6,2.1,70.9,6.2,97.5,208.9,2.1,287.3,157.7,3.7,269.1,35.2,107.8,7.6,56.9,3077.8999999999996
2017-01-11,,143.5,2.1,21.8,61.3,3.9,70.7,16.5,6.6,63.7,8.5,273.9,119.7,26.2,44.6,21.8,201.1,63.6,,207.6,406.8,2.2,4.9,1.5,2.1,69.8,6.3,98.6,207.7,2.0,295.4,159.3,3.0,277.8,34.1,103.3,8.0,62.2,3102.1
2017-01-12,,152.8,1.9,23.2,62.7,3.9,70.4,16.5,6.3,65.3,8.5,272.4,121.2,25.7,43.8,22.9,203.2,63.9,,207.3,410.6,2.4,4.8,1.5,2.2,70.9,6.2,101.7,203.4,2.0,292.2,158.0,3.1,284.9,33.9,103.6,8.3,62.7,3124.2999999999997
2017-01-13,,146.2,2.1,22.2,61.6,3.9,71.8,16.5,6.5,67.5,8.5,268.8,121.8,26.0,49.0,21.1,201.2,64.1,,208.1,400.3,2.3,4.8,1.5,2.2,70.7,6.1,99.2,217.0,1.7,285.9,159.2,3.3,288.2,34.9,104.0,9.3,68.2,3125.7000000000003
2017-01-14,,141.3,2.1,21.6,62.7,3.8,71.1,15.4,5.7,64.2,8.6,213.8,119.2,25.8,48.4,23.2,189.9,63.2,,207.5,397.4,2.3,4.8,1.5,2.2,69.5,5.2,99.5,208.2,1.5,244.5,145.1,3.2,288.8,33.2,104.3,9.0,61.7,2969.3999999999996
2017-01-15,,134.3,2.1,21.2,63.7,3.5,71.1,15.7,5.8,60.3,7.7,213.8,108.0,24.6,47.7,24.3,178.7,57.8,,207.5,389.1,2.3,4.8,1.4,2.2,66.7,4.6,95.7,206.0,1.9,223.9,140.8,3.1,286.4,33.9,98.8,8.7,61.8,2879.9
2017-01-16,,145.2,2.0,21.3,63.1,3.8,71.6,16.3,6.2,64.0,8.7,269.4,114.9,25.6,41.3,24.1,195.2,63.7,,209.1,406.2,2.2,5.2,1.5,1.8,66.0,4.5,88.1,210.2,1.6,240.8,152.2,3.6,288.1,34.2,104.0,7.7,62.3,3025.7000000000003
2017-01-17,,146.4,2.0,22.6,59.5,4.0,74.7,16.4,6.5,68.2,8.8,273.5,120.3,27.0,41.3,23.2,191.7,64.2,,210.4,409.4,2.4,5.6,1.5,1.9,67.3,5.5,91.9,212.4,1.5,266.0,155.2,3.3,294.7,32.9,107.9,8.0,62.4,3090.5
2017-01-18,,144.0,2.8,22.0,61.3,4.2,73.0,16.4,6.7,68.6,8.9,273.5,121.1,27.2,40.9,22.0,194.7,63.6,,212.1,407.1,2.2,5.3,1.6,2.2,67.2,6.1,95.2,212.0,1.7,271.1,155.2,3.4,292.9,36.1,109.5,7.8,64.6,3104.2000000000003
2017-01-19,,143.7,2.1,22.1,62.4,4.0,74.2,16.6,6.7,67.8,8.9,277.1,118.0,26.7,42.7,22.2,195.6,62.6,,207.5,408.9,2.4,5.7,1.4,2.2,68.0,6.2,105.8,204.1,1.6,273.9,157.7,3.4,287.9,35.3,110.1,7.2,65.3,3108.0
2017-01-20,,145.7,2.1,22.7,62.0,4.0,70.7,16.7,6.7,67.9,8.8,278.5,125.1,26.9,42.7,22.1,199.0,64.0,,210.7,404.7,2.5,5.6,1.5,2.2,67.6,5.9,104.1,209.8,1.6,274.7,156.7,3.5,292.2,35.9,110.8,8.3,65.9,3129.7999999999997
2017-01-21,,146.5,2.1,22.9,63.9,3.9,73.5,16.6,6.7,65.8,8.6,279.7,122.5,26.0,49.4,23.9,196.8,64.7,,211.0,407.2,2.4,5.9,1.6,1.9,66.1,5.8,106.4,211.6,1.5,259.8,155.5,3.1,293.7,36.9,110.4,9.7,63.3,3127.3
2017-01-22,,142.2,2.1,21.8,63.9,3.5,73.6,16.2,6.3,62.5,8.2,276.1,112.8,22.5,48.7,23.8,187.3,59.8,,211.3,399.2,2.3,4.9,1.4,2.2,66.0,5.6,100.3,210.9,1.4,238.9,153.5,3.2,282.8,33.4,103.5,10.0,63.0,3025.0999999999995
2017-01-23,,145.9,2.2,22.1,63.2,3.8,73.3,16.5,6.5,64.1,9.1,286.3,116.0,25.3,44.4,22.7,198.9,64.4,,211.4,420.4,2.2,4.9,1.5,2.1,66.5,5.8,108.5,208.7,1.4,262.1,158.4,3.5,286.8,35.1,110.7,9.0,62.6,3126.3
2017-01-24,,147.7,2.0,22.6,64.3,3.8,73.7,16.8,6.7,63.8,9.2,291.2,119.1,27.5,42.6,23.0,201.5,65.1,,212.5,426.7,2.4,4.9,1.5,1.9,64.3,6.0,108.0,214.1,1.1,268.7,159.7,3.4,287.4,36.1,111.5,12.5,62.5,3165.8
2017-01-25,,152.9,2.0,23.1,60.2,3.8,74.1,16.9,6.7,63.5,9.3,290.8,115.4,24.7,49.2,20.9,202.3,65.4,,213.9,427.8,2.4,4.8,1.5,1.9,67.4,6.0,93.7,210.5,1.5,275.6,162.8,3.3,286.5,35.0,113.8,13.1,64.1,3166.8000000000006
2017-01-26,,143.6,2.1,21.4,63.0,3.2,71.7,13.6,4.5,50.7,8.2,273.3,66.6,17.0,32.3,22.1,191.6,62.8,,202.5,388.4,2.2,4.9,1.4,2.2,68.5,5.4,75.6,152.5,1.3,253.0,155.2,3.3,265.4,28.2,105.0,11.3,64.3,2838.3
2017-01-27,,145.6,2.0,21.2,56.2,3.7,73.0,15.3,5.8,63.3,9.0,279.6,86.4,23.1,38.0,22.1,198.3,64.9,,171.4,406.1,2.0,5.1,1.5,2.2,68.0,6.1,84.9,156.1,1.6,255.3,160.8,3.3,206.5,33.0,109.4,10.6,64.7,2856.1
2017-01-28,,147.9,2.2,22.7,58.1,3.5,73.9,16.6,5.9,61.5,9.2,281.5,101.7,26.7,46.6,22.5,198.2,64.6,,171.4,415.2,2.0,5.1,1.1,2.2,67.3,6.3,93.3,182.8,1.6,252.1,161.8,3.3,249.3,35.1,110.6,10.8,63.5,2978.0999999999995
2017-01-28,,147.9,2.2,22.7,58.1,3.5,73.9,16.6,5.9,61.5,9.2,281.5,101.7,26.7,46.6,22.5,198.2,64.6,,171.4,415.2,2.0,5.1,1.1,2.2,67.3,6.3,93.3,182.8,1.6,252.1,161.8,3.3,249.3,35.1,110.6,10.8,63.5,2978.0999999999995
2017-01-29,,148.4,2.1,21.6,60.5,3.3,73.7,16.6,6.4,60.3,9.0,274.5,94.3,23.7,43.3,23.5,190.7,60.7,,196.8,410.6,2.3,5.1,1.5,2.2,68.2,5.4,86.0,190.2,1.5,233.8,157.4,3.3,254.2,33.9,104.4,10.4,63.0,2942.7999999999997
2017-01-29,,148.4,2.1,21.6,60.5,3.3,73.7,16.6,6.4,60.3,9.0,274.5,94.3,23.7,43.3,23.5,190.7,60.7,,196.8,410.6,2.3,5.1,1.5,2.2,68.2,5.4,86.0,190.2,1.5,233.8,157.4,3.3,254.2,33.9,104.4,10.4,63.0,2942.7999999999997
2017-01-30,,151.8,2.1,22.0,61.1,3.7,73.2,16.9,6.7,60.2,9.4,284.5,98.0,25.9,44.2,23.0,200.8,67.9,,198.9,425.9,2.3,5.6,1.4,2.0,67.7,5.8,89.7,193.9,2.2,254.0,160.7,3.5,261.4,34.9,110.7,9.4,63.7,3045.1000000000004
2017-01-30,,151.8,2.1,22.0,61.1,3.7,73.2,16.9,6.7,60.2,9.4,284.5,98.0,25.9,44.2,23.0,200.8,67.9,,198.9,425.9,2.3,5.6,1.4,2.0,67.7,5.8,89.7,193.9,2.2,254.0,160.7,3.5,261.4,34.9,110.7,9.4,63.7,3045.1000000000004
2017-01-31,,152.5,2.1,21.8,61.8,3.6,74.8,16.5,6.8,63.6,9.9,285.7,100.9,25.0,44.0,23.3,208.3,68.6,,201.6,434.0,2.3,5.8,1.5,2.1,67.6,6.0,92.2,202.0,1.1,264.0,164.8,3.6,261.3,35.1,110.8,10.2,64.3,3099.5
2017-01-31,,152.5,2.1,21.8,61.8,3.6,74.8,16.5,6.8,63.6,9.9,285.7,100.9,25.0,44.0,23.3,208.3,68.6,,201.6,434.0,2.3,5.8,1.5,2.1,67.6,6.0,92.2,202.0,1.1,264.0,164.8,3.6,261.3,35.1,110.8,10.2,64.3,3099.5
2017-02-01,,159.7,2.0,21.5,65.4,3.6,73.9,16.3,6.7,63.9,9.6,281.2,104.3,25.4,44.5,23.8,208.1,68.2,,202.7,429.8,2.2,5.4,1.5,1.9,69.8,6.2,92.0,200.8,1.4,267.5,165.8,3.7,261.3,35.0,108.2,9.4,64.2,3106.9000000000005
2017-02-01,,159.7,2.0,21.5,65.4,3.6,73.9,16.3,6.7,63.9,9.6,281.2,104.3,25.4,44.5,23.8,208.1,68.2,,202.7,429.8,2.2,5.4,1.5,1.9,69.8,6.2,92.0,200.8,1.4,267.5,165.8,3.7,261.3,35.0,108.2,9.4,64.2,3106.9000000000005
2017-02-02,,155.4,1.9,22.1,62.2,3.5,75.0,16.5,6.7,62.9,9.1,284.4,110.3,25.3,45.2,22.1,210.3,66.7,,202.5,437.8,2.3,5.3,1.5,1.9,68.3,6.2,92.9,197.9,1.4,268.0,167.9,3.7,256.9,34.0,110.9,8.8,63.2,3111.0000000000005
2017-02-03,,158.5,2.0,21.5,59.9,3.6,76.1,16.4,6.7,64.1,9.4,289.4,106.9,25.5,45.7,21.8,211.4,65.9,,204.2,427.5,2.1,6.0,1.5,1.8,68.6,5.9,94.5,201.2,1.7,277.2,167.6,4.3,257.7,35.4,113.4,8.0,63.7,3127.1000000000004
2017-02-04,,156.8,2.0,22.6,59.6,3.4,71.2,16.9,6.7,60.2,8.0,286.4,109.4,27.9,46.3,22.0,209.4,65.5,,203.7,428.0,2.2,6.2,1.4,1.7,66.9,6.0,79.0,201.9,1.8,266.0,165.8,3.3,259.5,34.9,113.4,10.9,64.6,3091.4999999999995
2017-02-05,,154.9,1.9,21.7,61.7,3.1,75.0,16.4,6.5,59.1,8.2,272.4,98.9,23.3,33.3,21.7,198.5,59.0,,201.6,419.1,2.2,6.0,1.3,1.7,66.4,5.4,79.4,199.9,1.3,257.0,162.5,3.4,256.4,31.7,106.1,9.3,62.7,2989.0
2017-02-07,,158.7,2.1,22.1,60.0,3.5,76.8,16.9,4.9,61.5,9.3,275.7,110.3,27.3,46.1,22.6,211.7,67.2,,204.0,434.1,2.1,6.2,1.5,1.8,70.2,6.0,94.6,203.0,1.4,281.0,170.0,3.1,264.9,34.4,109.8,8.9,63.4,3137.1
2017-02-08,,160.4,2.1,22.9,61.4,3.6,76.5,16.9,6.7,62.5,9.4,281.1,115.6,28.8,48.0,23.4,212.8,67.6,,204.9,438.6,2.0,5.6,1.4,1.9,67.2,6.5,97.6,207.8,1.9,276.9,170.4,3.3,273.8,34.3,112.3,9.2,63.9,3179.2000000000003
2017-02-09,,158.6,2.1,23.5,63.7,3.5,78.3,17.0,6.9,62.0,9.5,280.6,113.1,27.2,41.9,23.8,214.9,67.5,,205.0,440.1,2.2,5.2,1.5,1.9,67.6,6.4,97.9,203.5,1.8,285.1,170.2,3.4,276.2,34.7,113.7,9.3,63.6,3183.3999999999996
2017-02-10,,159.5,1.9,22.3,60.5,3.4,77.9,16.6,6.9,63.4,9.7,280.6,111.4,28.1,43.2,21.6,214.9,67.2,,205.9,434.0,2.3,5.5,1.4,1.8,69.3,6.4,101.7,205.0,1.5,284.7,171.1,3.6,290.4,34.9,113.5,8.8,64.6,3195.5
2017-02-20,,158.8,2.2,21.7,61.4,3.3,80.1,16.9,6.9,60.1,9.9,298.0,118.5,24.7,40.6,21.2,211.5,66.8,,190.9,457.3,2.2,5.7,1.4,1.8,70.2,6.2,110.9,204.4,1.6,287.9,171.9,2.9,275.2,34.0,119.2,8.3,62.1,3216.7000000000003
2017-02-21,,161.7,2.0,18.7,61.0,3.3,81.2,16.9,7.1,61.2,10.1,294.1,121.7,25.9,43.2,21.2,213.8,68.9,,197.6,450.9,1.8,5.0,1.3,1.9,74.2,6.4,114.5,210.7,1.7,299.0,175.4,3.5,280.9,32.4,122.2,8.8,60.5,3260.7000000000007
2017-02-22,,164.3,2.0,17.2,60.3,3.3,82.4,17.1,7.2,61.1,10.0,291.5,124.8,26.2,43.2,23.9,217.7,70.8,,202.0,456.9,2.0,5.0,1.4,1.8,74.4,6.5,119.1,215.5,1.5,295.8,178.9,3.2,280.5,34.6,125.7,9.0,61.4,3298.2000000000003
2017-02-23,,167.9,1.9,19.4,55.9,3.3,83.3,17.1,7.2,59.9,10.3,295.5,125.6,24.7,42.6,25.5,219.9,71.1,,202.5,456.0,1.8,5.2,1.4,1.3,72.4,6.8,114.8,212.9,1.5,296.4,180.1,2.8,265.6,33.2,127.3,9.8,61.8,3284.7000000000003
2017-02-24,,166.2,1.8,21.3,62.9,3.1,80.6,16.5,5.6,46.4,10.0,288.0,126.7,28.9,50.9,23.2,221.6,68.8,,201.7,394.6,1.8,5.5,1.3,1.4,75.1,7.0,114.9,208.4,1.3,293.6,179.8,3.8,256.4,33.3,122.3,9.8,60.9,3195.400000000001
2017-02-25,,162.8,2.0,22.3,61.2,3.1,80.9,16.6,6.4,56.3,9.5,291.6,125.2,27.9,42.5,24.1,209.0,69.2,,200.0,450.1,2.1,5.1,1.3,1.8,75.5,6.7,112.8,210.5,1.8,290.2,170.7,3.3,266.6,33.3,119.5,9.7,60.6,3232.2000000000003
2017-02-26,,162.0,2.1,21.4,60.4,2.9,81.4,16.8,6.7,52.8,9.1,289.0,117.1,26.0,42.9,21.2,199.0,65.3,,197.0,442.6,2.1,5.6,1.3,1.8,75.3,6.1,113.8,204.8,1.6,280.8,164.9,2.7,271.8,30.3,112.6,9.6,60.9,3161.7000000000003
2017-02-27,,161.1,2.4,22.1,58.9,3.2,82.4,16.7,7.0,62.6,10.2,300.9,119.8,27.5,40.5,21.9,210.8,70.6,,198.5,455.9,2.2,5.8,1.4,1.8,72.1,6.1,111.7,206.9,1.9,292.7,173.7,3.4,280.4,34.9,121.5,8.9,62.7,3261.1000000000004
2017-03-01,,160.6,2.1,22.5,57.0,3.3,84.5,16.3,7.0,60.7,9.3,300.0,128.8,29.1,42.5,23.8,215.5,70.3,,199.6,464.4,3.0,4.6,1.4,1.7,76.1,6.5,114.3,215.7,1.7,293.4,176.8,3.3,283.4,33.4,124.5,7.2,63.2,3307.5
2017-03-03,,160.8,2.0,22.3,61.4,3.3,85.1,16.6,7.0,61.0,9.5,301.6,130.3,29.8,43.0,23.4,221.8,71.0,,198.7,459.6,1.9,5.2,1.4,1.1,70.3,6.7,115.5,211.0,1.5,296.1,177.4,3.4,292.6,34.3,130.4,7.0,63.6,3327.6
2017-03-04,,161.8,1.7,20.5,63.2,3.2,85.9,16.8,6.9,57.4,9.4,301.4,133.7,29.0,43.2,22.0,224.5,68.1,,195.8,460.0,1.8,5.0,1.3,1.3,75.1,6.7,114.7,208.5,1.4,289.2,175.0,3.8,288.4,34.2,122.3,7.3,60.3,3300.8000000000006
2017-03-05,,161.0,1.9,19.0,64.4,2.9,85.4,16.5,6.7,55.4,8.7,289.9,123.9,26.1,41.4,22.1,211.4,63.2,,188.9,441.8,2.0,4.4,1.4,1.8,74.5,6.0,108.1,204.2,1.9,271.0,175.2,2.4,284.8,32.0,114.0,7.8,63.6,3185.7000000000007
2017-03-06,,167.4,1.9,21.0,65.6,3.2,85.1,16.5,7.0,59.4,8.7,299.5,124.3,26.0,41.5,25.2,217.8,66.7,,189.0,457.1,2.0,5.6,1.3,1.8,76.7,6.7,114.5,205.6,1.5,289.9,180.5,2.2,286.4,33.8,118.6,8.2,62.6,3280.8
2017-03-07,,164.1,2.1,22.2,66.2,3.3,84.7,16.9,7.2,60.4,9.6,301.3,127.2,27.3,42.4,23.7,214.3,68.7,,184.7,458.7,2.2,4.5,1.5,2.0,75.5,7.0,102.5,205.3,1.6,299.7,180.6,3.0,290.8,34.3,124.7,9.1,63.4,3292.7000000000003
2017-03-07,,164.1,2.1,22.2,66.2,3.3,84.7,16.9,7.2,60.4,9.6,301.3,127.2,27.3,42.4,23.7,214.3,68.7,,184.7,458.7,2.2,4.5,1.5,2.0,75.5,7.0,102.5,205.3,1.6,299.7,180.6,3.0,290.8,34.3,124.7,9.1,63.4,3292.7000000000003
2017-03-08,,162.2,2.2,21.8,64.6,3.3,74.9,17.0,7.2,61.1,9.6,300.9,111.3,27.1,43.5,23.8,212.5,68.9,,187.8,459.8,2.1,4.9,1.4,1.9,73.0,6.2,96.2,202.9,2.2,301.0,179.5,3.4,283.4,33.9,121.7,8.6,61.1,3242.9000000000005
2017-03-09,,166.2,2.1,20.3,66.7,3.3,78.9,17.1,7.2,60.8,9.4,307.1,107.9,27.5,41.3,22.3,217.3,69.4,,185.7,457.1,2.3,4.8,1.5,1.9,73.3,7.2,86.5,200.4,1.5,300.6,181.2,4.0,265.2,30.5,110.3,8.0,71.2,3218.0
2017-03-10,,157.2,2.1,22.3,59.2,3.4,80.1,16.8,7.3,60.7,9.6,303.7,103.9,27.0,30.3,21.5,214.4,69.3,,172.7,439.0,2.2,4.9,1.4,1.8,70.2,7.2,85.9,175.7,1.8,296.5,180.3,2.9,227.5,32.3,103.9,7.2,64.5,3066.7000000000003
2017-03-11,,156.9,2.0,19.7,49.8,3.2,80.0,16.5,7.2,57.5,9.2,289.6,102.1,27.6,31.0,22.0,216.8,68.0,,166.0,437.6,2.1,5.0,1.3,1.8,68.7,7.0,85.0,177.7,1.4,298.6,174.8,2.3,233.7,33.0,101.4,6.9,67.4,3030.8000000000006
2017-03-12,,158.5,1.9,19.7,60.0,2.9,78.9,16.1,6.5,51.1,8.2,261.4,100.3,25.1,42.7,22.7,209.3,63.3,,171.9,423.9,1.9,5.0,1.3,1.3,71.9,6.2,82.7,176.0,1.9,278.9,168.6,3.8,262.1,30.3,91.3,7.2,60.1,2974.9000000000005
2017-03-13,,161.4,2.0,19.7,61.6,2.7,68.2,10.6,3.5,43.4,8.9,211.7,87.2,19.3,41.9,21.9,215.3,68.4,,160.2,388.1,2.1,4.7,1.4,1.8,69.4,6.3,65.6,153.7,1.9,290.4,168.4,2.7,264.9,22.4,92.9,7.0,54.2,2805.7999999999997
2017-03-14,,160.2,2.0,21.4,60.7,2.7,72.3,12.4,5.1,50.8,8.9,251.2,94.5,22.3,41.5,22.3,217.0,69.9,,163.4,428.8,2.2,5.5,1.4,1.8,70.8,6.8,76.1,169.0,1.4,299.2,177.4,2.8,266.8,27.4,102.2,6.4,57.9,2982.5000000000005
2017-03-16,,165.0,2.1,21.7,59.4,3.3,82.9,16.2,7.1,59.1,9.1,295.7,109.6,27.9,43.2,23.7,205.0,66.3,,165.9,442.4,2.1,5.1,1.4,1.6,75.3,6.8,95.1,180.4,1.9,299.8,170.6,3.9,258.8,32.3,115.6,7.7,68.5,3132.5
2017-03-24,,168.8,2.2,23.1,64.9,3.6,88.9,16.8,7.3,72.9,9.9,317.8,122.8,24.8,41.3,22.2,224.6,74.1,,173.3,473.8,2.2,4.5,1.5,2.1,80.4,7.3,126.3,186.5,1.6,316.0,183.8,3.3,310.4,35.2,147.4,10.2,63.4,3415.2000000000003
2017-03-25,,167.3,2.0,20.1,59.7,3.5,89.4,17.0,7.3,66.9,10.0,317.5,120.4,24.2,41.5,23.9,224.9,74.0,,175.3,475.7,2.1,4.7,1.3,2.0,77.6,7.1,124.8,185.2,1.4,316.6,184.0,3.2,305.3,34.8,146.8,9.2,65.9,3392.6000000000004
2017-03-26,,163.8,2.1,20.1,65.1,3.1,89.3,16.8,6.9,64.9,10.1,307.3,113.0,23.0,39.8,23.8,213.5,68.1,,173.1,471.0,2.3,4.7,1.3,1.9,80.6,6.7,120.7,184.1,1.3,297.4,178.3,3.4,295.5,32.5,133.4,9.3,65.9,3294.1000000000004
2017-03-27,,163.4,1.9,21.5,64.2,3.7,89.1,16.9,7.1,72.9,11.0,323.6,114.5,24.7,37.8,24.7,216.5,74.3,,177.2,488.2,2.0,4.6,1.3,2.0,81.6,7.0,121.3,183.6,1.4,312.8,182.9,3.6,293.5,34.5,146.8,9.9,66.1,3388.1000000000004
2017-03-28,,168.6,1.9,22.8,64.9,4.0,87.3,16.8,7.3,77.3,11.5,330.2,120.6,25.5,41.4,24.7,229.2,75.7,,178.9,486.7,2.1,4.6,1.4,1.9,82.1,7.3,127.7,188.3,1.4,323.4,186.0,3.4,314.8,33.9,151.3,10.0,67.7,3482.6000000000004
2017-03-30,,167.0,1.9,21.1,66.0,4.1,92.4,17.0,7.1,83.2,10.5,333.5,125.0,25.9,41.0,22.4,219.4,75.8,,178.2,501.4,2.3,4.8,1.3,1.8,79.4,7.3,124.3,185.3,1.2,326.6,184.8,3.2,320.6,35.6,146.2,11.2,65.1,3493.9000000000005
2017-03-31,,165.9,1.8,20.4,66.6,4.3,89.8,17.0,6.8,85.3,11.1,330.9,122.6,26.2,41.9,24.1,227.9,75.3,,178.0,494.4,1.9,4.8,1.4,1.7,81.2,7.4,127.8,183.7,1.3,322.3,194.8,3.4,332.2,35.9,156.5,10.5,65.4,3522.5
2017-04-01,,162.1,1.8,18.8,71.3,4.1,90.1,14.5,6.4,83.1,10.3,323.4,121.1,25.5,40.9,24.6,225.6,75.2,,178.0,486.8,1.9,4.3,1.3,1.3,79.1,7.0,127.7,180.0,1.3,316.6,185.4,3.8,314.9,34.7,152.4,9.6,64.5,3449.4000000000005
2017-04-02,,161.3,1.7,17.5,73.2,3.6,89.7,17.5,6.2,79.5,9.5,315.2,105.3,24.0,40.9,24.0,214.7,69.8,,172.9,467.8,2.0,3.4,1.3,0.9,78.5,6.5,115.3,178.6,1.0,294.5,178.0,3.0,301.1,32.5,141.1,9.8,62.1,3303.9000000000005
2017-04-02,,161.3,1.7,17.5,73.2,3.6,89.7,17.5,6.2,79.5,9.5,315.2,105.3,24.0,40.9,24.0,214.7,69.8,,172.9,467.8,2.0,3.4,1.3,0.9,78.5,6.5,115.3,178.6,1.0,294.5,178.0,3.0,301.1,32.5,141.1,9.8,62.1,3303.9000000000005
2017-04-03,,162.2,1.8,15.9,72.7,4.3,91.8,16.4,6.8,87.2,10.3,329.5,118.6,25.7,40.4,24.7,221.4,75.9,,180.3,487.6,0.8,3.1,1.3,0.8,69.9,7.2,120.6,179.3,1.0,314.0,184.6,2.1,313.2,35.2,141.1,9.8,64.1,3421.6000000000004
2017-04-04,,164.0,1.8,18.5,68.8,4.0,91.2,16.7,7.1,84.7,10.3,326.5,116.6,24.4,37.2,24.8,222.4,76.2,,181.5,485.6,2.0,4.1,1.0,1.7,75.4,7.3,109.5,173.0,1.2,322.9,183.8,2.2,313.2,35.1,146.5,10.0,67.7,3418.899999999999
2017-04-05,,165.2,1.9,20.9,68.5,3.9,92.9,16.6,7.2,82.3,11.0,323.7,90.8,28.3,31.2,20.8,234.1,76.3,,180.7,496.4,2.1,4.9,1.3,1.7,78.4,7.7,95.0,174.8,1.4,323.8,179.6,2.3,279.7,30.6,153.0,9.3,63.9,3362.2000000000003
2017-04-06,,166.0,2.0,21.3,68.9,3.6,92.3,16.6,7.2,82.9,11.5,328.1,103.3,24.6,31.1,23.5,214.4,71.0,,179.8,498.0,2.3,4.5,1.3,1.6,83.2,7.5,83.8,173.0,1.3,324.7,181.3,2.4,303.1,28.2,153.9,10.1,66.9,3375.2000000000003
2017-04-07,,166.4,1.9,21.8,67.6,4.0,93.5,16.6,7.1,82.9,10.9,319.8,114.8,26.6,37.1,23.1,214.2,70.4,,178.2,487.3,2.4,5.0,1.5,1.8,83.4,7.8,101.0,201.5,1.1,328.0,181.0,3.6,325.6,31.5,156.4,10.4,64.5,3450.7000000000003
2017-04-08,,164.9,2.1,21.1,61.7,3.6,90.0,16.3,7.0,76.0,10.2,315.3,110.7,28.8,40.1,23.1,214.0,75.8,,179.4,481.9,2.5,4.6,1.4,1.7,83.7,7.6,103.7,167.2,1.1,331.8,176.5,4.0,298.3,33.3,155.3,10.7,63.1,3368.5
2017-04-09,,165.6,2.3,19.0,64.5,3.2,92.0,16.6,6.6,69.5,9.3,304.8,98.4,26.6,47.3,24.3,202.1,68.9,,173.9,473.2,2.2,5.0,1.3,1.7,83.9,6.9,96.0,162.1,0.9,307.7,172.4,3.6,286.2,30.3,153.1,9.8,64.3,3255.5
2017-04-10,,166.8,1.9,19.7,60.8,3.6,91.6,16.8,6.9,75.0,10.2,320.4,100.9,23.9,47.7,24.4,215.3,75.4,,172.4,491.8,2.3,5.2,1.4,2.0,86.8,7.4,94.5,164.8,1.1,320.3,177.4,4.3,259.0,32.2,161.7,9.3,64.9,3320.1000000000004
2017-04-11,,168.0,2.1,21.1,65.4,3.8,91.6,16.8,7.2,78.5,10.7,326.2,110.3,144.9,41.4,24.1,212.8,76.5,,176.6,501.8,2.3,5.2,1.5,2.1,82.9,7.4,103.5,172.0,1.1,323.8,176.8,4.0,278.0,33.3,160.4,9.3,64.0,3507.399999999999
2017-04-12,,166.3,2.1,24.0,66.7,4.0,91.8,16.9,7.2,83.7,10.7,332.6,113.3,24.9,39.5,24.6,215.3,77.2,,179.9,498.2,2.1,4.7,1.3,2.2,83.1,7.9,110.1,179.5,1.1,327.2,174.0,4.5,309.7,34.4,162.1,8.0,64.8,3455.5999999999995
2017-04-13,,168.7,2.1,23.8,69.9,3.9,92.6,16.9,6.9,86.7,10.7,341.2,118.7,25.1,40.7,24.6,217.8,72.9,,183.7,496.6,2.4,4.8,1.4,2.2,89.0,7.8,111.3,179.1,1.9,329.0,174.7,3.9,324.9,34.9,165.3,7.8,66.2,3510.1000000000004
2017-04-14,,163.3,2.1,24.0,72.0,4.1,94.6,17.0,7.0,88.0,10.2,343.9,120.2,24.9,39.2,25.4,214.8,64.7,,184.3,497.4,3.1,4.3,1.3,1.7,83.6,7.5,120.4,186.9,1.3,310.5,174.2,4.4,322.2,36.1,159.3,9.2,66.5,3489.6000000000004
2017-04-14,,164.9,2.0,21.3,60.3,4.3,94.3,17.3,5.5,89.7,10.7,348.6,121.5,22.8,36.5,24.6,215.9,72.0,,183.6,495.4,2.5,3.8,1.4,1.9,85.7,7.5,120.5,188.1,1.2,313.4,171.9,3.0,323.3,36.4,154.3,9.9,64.0,3480.000000000001
2017-04-16,,165.4,2.0,17.3,64.5,4.0,92.6,17.2,6.5,87.8,9.6,331.7,113.3,23.1,37.6,23.9,198.0,69.2,,180.2,476.7,3.0,3.8,1.4,1.6,82.6,7.3,115.4,189.3,1.1,301.1,164.5,2.7,318.4,33.0,143.8,9.9,64.1,3363.6
2017-04-17,,169.4,1.9,21.3,66.6,4.9,94.3,16.1,7.2,99.1,10.5,341.0,124.1,25.0,50.6,24.9,198.5,75.7,,183.3,494.5,2.3,4.4,1.3,1.9,79.9,7.4,120.7,189.9,1.3,313.3,168.9,2.9,335.9,36.1,154.9,9.7,65.8,3505.5000000000005
2017-04-18,,170.8,2.1,23.3,65.8,5.3,95.1,16.8,7.3,102.8,11.1,340.5,132.6,25.4,38.4,25.3,211.2,76.4,,182.7,499.3,2.5,4.8,1.4,2.1,83.6,7.6,122.5,193.4,1.4,320.6,174.1,4.0,348.5,38.3,161.6,9.2,65.6,3573.4
2017-04-19,,168.7,2.0,22.8,68.5,5.5,94.3,17.2,7.3,104.5,10.7,339.3,134.0,26.5,38.8,20.4,214.2,77.2,,179.9,497.7,2.4,4.5,1.4,2.1,78.8,7.8,129.1,197.0,1.4,331.0,172.6,3.0,352.9,37.8,152.2,8.8,66.4,3578.7
2017-04-20,,166.6,1.9,21.3,61.8,5.5,92.7,17.4,7.2,109.5,10.8,344.2,135.4,26.2,35.5,23.5,210.4,76.6,,179.9,488.4,2.4,4.4,1.3,2.4,82.4,7.7,135.6,201.5,1.4,327.7,168.2,2.2,359.1,38.9,141.0,9.5,65.8,3566.3
2017-04-21,,160.0,2.0,22.2,69.1,6.1,91.6,17.2,7.3,114.6,11.1,348.5,139.5,25.6,32.2,24.8,204.3,73.6,,184.7,485.4,2.3,4.2,1.5,2.1,83.6,7.8,136.7,196.8,1.2,321.8,168.6,2.4,350.9,39.3,153.3,10.1,66.4,3568.8
2017-04-22,,164.0,2.1,21.7,69.0,4.9,91.4,17.2,5.9,109.7,10.8,339.5,127.8,22.3,30.2,23.8,205.1,73.6,,184.4,486.8,2.3,4.1,1.2,1.8,81.8,7.5,109.7,200.1,1.0,316.2,163.0,3.9,342.6,35.1,133.2,9.7,66.2,3469.6000000000004
2017-04-23,,164.6,2.0,21.6,66.9,4.5,93.4,17.1,6.8,93.8,9.1,323.9,127.7,22.4,35.7,25.7,198.0,70.3,,178.3,472.6,2.4,4.1,1.5,1.9,82.3,7.6,103.0,194.9,0.9,298.1,156.8,2.8,324.5,34.2,118.6,10.2,63.6,3341.8
2017-04-24,,171.1,1.9,20.5,59.1,4.9,93.2,17.3,7.2,94.4,10.1,333.9,128.9,24.3,37.8,22.2,214.6,77.0,,180.4,490.7,3.1,4.7,1.3,1.4,84.3,7.6,105.4,185.6,1.2,313.6,161.2,3.1,301.1,37.7,135.7,10.3,62.7,3409.5
2017-04-25,,172.7,2.0,20.1,69.1,5.0,93.3,17.2,7.3,100.8,10.1,334.9,136.6,25.8,39.9,24.8,212.2,77.6,,215.9,491.5,2.4,3.9,1.2,2.3,84.8,7.6,121.0,186.5,1.1,312.6,161.2,2.9,315.9,36.5,146.5,10.0,64.2,3517.4
2017-04-26,,168.9,1.9,19.3,71.5,5.1,89.0,17.2,7.4,98.7,10.3,331.9,134.7,27.4,35.2,24.7,213.8,76.2,,181.2,488.6,2.3,4.5,1.3,2.4,84.9,7.9,127.7,176.9,1.0,304.7,163.5,2.1,328.5,37.1,153.4,10.6,67.2,3479.0000000000005
2017-04-27,,167.4,1.9,21.4,73.5,5.0,89.2,17.4,7.2,99.0,9.9,333.5,133.9,25.6,38.1,25.9,214.3,74.6,,181.9,477.6,2.3,3.9,1.3,2.4,88.2,7.7,128.5,184.7,1.1,311.3,158.1,3.7,328.7,36.5,156.2,10.0,66.9,3488.8
2017-04-28,,165.2,1.8,18.4,76.7,5.1,93.8,17.1,7.2,99.4,10.5,336.0,139.0,25.6,38.6,25.6,208.3,76.4,,180.7,470.6,2.2,3.9,1.2,2.3,83.5,7.9,135.8,182.7,0.9,331.2,152.5,3.4,335.3,38.7,158.1,9.0,67.5,3512.1000000000004
2017-04-29,,160.4,1.6,18.2,75.7,5.0,92.3,17.3,7.1,95.5,9.1,335.2,140.3,25.5,36.9,25.2,192.6,74.6,,175.0,460.2,2.3,3.9,1.4,1.6,84.9,8.0,140.9,181.8,1.0,333.8,145.3,3.1,332.6,37.9,160.2,8.7,66.9,3462.0
2017-04-30,,155.4,2.0,20.6,71.8,4.3,90.2,16.5,5.1,89.5,8.8,323.5,119.6,21.4,38.5,24.1,183.6,68.9,,166.6,440.5,2.3,4.3,1.5,1.9,83.7,7.4,124.2,186.1,0.9,310.2,134.7,2.8,330.2,33.0,135.8,7.8,66.3,3284.0000000000005
2017-05-01,,142.8,2.0,18.1,55.0,4.9,89.0,15.8,5.1,94.2,8.7,331.0,140.1,22.6,39.5,20.8,178.2,67.2,,174.9,435.3,2.4,4.2,1.4,1.7,82.4,6.3,131.8,191.5,0.8,294.2,130.4,3.0,318.1,33.9,110.5,7.4,60.5,3225.6999999999994
2017-05-02,,154.5,2.0,22.1,70.4,5.0,90.3,16.6,6.4,99.1,10.7,333.6,145.3,24.8,41.3,21.4,192.8,70.3,,177.9,471.4,2.2,4.9,1.5,2.3,80.3,0.0,139.3,191.1,0.9,313.2,139.8,2.9,349.6,37.1,129.9,6.6,63.1,3420.6000000000004
2017-05-03,,163.3,1.9,20.2,72.8,4.9,90.7,17.3,7.3,100.1,10.3,334.1,141.1,24.8,39.3,24.1,200.4,72.6,,174.7,481.5,2.4,4.6,1.3,2.2,81.3,7.7,135.6,174.9,1.1,325.4,146.0,4.2,344.3,36.0,143.7,6.4,64.6,3463.0999999999995
2017-05-04,,160.9,2.1,21.7,72.3,5.0,87.2,17.4,7.3,100.5,11.0,340.6,141.6,24.8,37.7,24.5,205.2,74.0,,181.3,465.3,2.0,4.7,1.4,2.5,81.2,7.5,141.0,198.0,1.0,330.2,148.1,4.4,332.4,37.5,151.9,8.2,67.3,3499.7000000000003
2017-05-05,,166.6,2.1,18.5,66.8,5.1,91.6,17.3,7.4,104.6,10.8,335.5,151.4,25.5,41.0,24.7,207.5,76.9,,181.9,480.1,2.5,5.2,1.4,2.8,82.7,7.6,150.6,204.1,1.1,336.7,149.1,4.1,355.8,37.2,149.8,8.9,66.5,3581.3999999999996
2017-05-06,,165.3,1.9,19.2,70.8,5.2,84.3,17.2,7.3,104.0,9.8,335.1,153.9,26.2,39.7,24.9,196.7,74.5,,181.6,477.9,2.4,4.2,1.4,2.3,76.6,7.9,152.8,202.2,1.1,325.5,146.3,3.6,354.2,40.2,145.6,8.5,65.6,3535.8999999999996
2017-05-07,,150.1,2.0,19.0,71.2,5.0,75.1,17.2,6.7,103.1,8.0,319.8,150.8,24.1,42.0,25.2,160.0,65.1,,172.4,450.3,2.2,3.9,1.2,1.8,72.6,7.4,155.5,194.4,1.0,301.6,136.3,3.9,367.8,37.6,135.0,8.7,65.6,3363.6000000000004
2017-05-08,,155.9,2.1,23.5,77.6,6.1,83.3,16.8,7.1,115.2,8.7,332.9,157.7,24.5,39.3,24.9,168.0,68.9,,166.6,460.7,2.4,3.9,1.6,1.9,78.8,7.6,163.8,195.2,1.1,313.0,140.2,4.2,370.3,39.4,151.9,9.0,67.8,3491.9
2017-05-09,,159.0,1.7,21.1,53.0,5.9,83.8,17.2,7.3,116.0,10.3,334.1,158.7,25.7,41.2,21.5,179.8,71.9,,168.2,476.4,2.2,3.7,1.5,1.9,73.9,7.5,163.3,201.3,1.2,320.1,139.9,3.8,316.6,39.3,141.9,8.2,64.6,3443.7000000000003
2017-05-10,,153.4,1.9,22.1,65.8,5.8,77.9,17.2,7.3,112.7,10.4,334.7,150.1,26.0,32.9,23.2,182.9,70.5,,176.7,477.9,2.4,4.0,1.3,1.8,76.4,6.1,165.4,200.9,1.1,303.2,122.5,4.1,346.2,41.1,143.3,8.8,65.5,3443.5
2017-05-11,,161.9,2.4,23.5,74.4,6.0,75.7,17.4,7.2,113.7,10.4,342.5,148.9,25.5,38.7,23.2,182.0,68.1,,182.5,477.8,2.7,4.0,1.4,1.6,83.6,7.1,161.7,204.3,1.1,311.6,139.6,4.1,362.9,41.1,141.5,9.0,62.7,3521.7999999999997
2017-05-12,,164.9,2.0,24.0,77.7,5.7,82.6,17.0,7.2,116.4,10.7,343.7,162.0,26.7,40.3,24.0,188.4,71.0,,183.9,467.7,2.4,4.8,1.4,1.8,83.1,7.2,166.5,205.9,1.0,317.8,143.0,4.5,373.3,40.7,134.6,10.3,58.2,3572.4
2017-05-13,,165.2,2.0,25.7,73.3,5.8,82.4,16.7,7.2,113.8,10.0,339.7,162.6,27.1,39.3,23.5,190.7,67.8,,183.6,455.1,2.8,4.3,1.4,2.2,83.8,7.3,175.9,217.5,1.0,315.3,142.4,3.8,377.9,40.8,138.9,10.2,59.6,3576.600000000001
2017-05-13,,165.2,2.0,25.7,73.3,5.8,82.4,16.7,7.2,113.8,10.0,339.7,162.6,27.1,39.3,23.5,190.7,67.8,,183.6,455.1,2.8,4.3,1.4,2.2,83.8,7.3,175.9,217.5,1.0,315.3,142.4,3.8,377.9,40.8,138.9,10.2,59.6,3576.600000000001
2017-05-14,,160.2,1.9,23.2,75.2,5.4,83.8,16.7,6.6,109.9,9.4,328.8,155.1,24.0,39.0,24.2,168.9,67.2,,177.4,450.0,2.1,4.2,1.3,2.0,80.1,7.0,166.5,211.5,0.9,301.3,136.8,3.1,360.3,39.0,128.4,10.5,61.5,3443.4
2017-05-15,,161.6,1.9,24.7,72.2,6.2,83.1,16.7,7.0,120.2,8.7,337.1,163.8,26.1,40.6,24.3,161.2,73.2,,182.0,470.0,2.2,4.0,1.3,2.1,84.2,7.4,173.5,225.9,1.0,312.2,141.6,3.8,372.2,42.0,147.3,9.1,66.3,3576.7000000000003
2017-05-16,,167.6,2.0,21.7,68.5,6.1,84.2,14.8,7.2,122.8,9.4,339.7,158.7,26.5,36.6,22.5,182.6,75.5,,184.4,476.8,2.4,4.1,1.4,2.2,85.6,7.9,156.6,208.2,1.0,326.5,145.4,2.6,382.0,42.5,131.0,9.4,58.3,3574.6999999999994
2017-05-17,,166.9,2.1,26.5,61.0,5.8,84.2,16.7,7.2,115.1,9.8,334.6,157.9,25.3,38.4,23.5,177.1,76.4,,181.9,481.1,2.3,4.1,1.5,2.1,87.2,7.7,161.8,193.2,1.2,325.4,145.7,3.7,347.2,36.2,140.5,10.3,63.4,3525.0
2017-05-18,,168.7,2.3,26.8,68.1,5.6,85.1,16.7,7.1,117.1,9.9,335.0,160.9,26.9,36.9,22.3,178.2,73.6,,179.5,480.1,2.3,4.1,1.3,2.1,85.5,7.8,163.4,195.5,1.2,311.2,148.4,3.8,351.3,39.7,133.0,10.6,64.2,3526.2000000000003
2017-05-19,,174.4,2.0,25.2,79.5,5.9,84.6,17.0,7.1,114.9,10.3,334.2,156.4,27.7,36.6,23.0,163.9,71.5,,178.7,469.4,2.4,4.1,1.3,2.1,79.3,7.5,168.1,194.6,1.2,311.0,152.3,4.6,360.7,40.5,143.5,10.0,65.1,3530.5999999999995
2017-05-20,,165.4,1.7,25.6,80.5,5.6,82.8,15.3,7.2,107.4,10.8,331.7,149.4,26.0,35.4,23.6,172.9,70.7,,180.6,475.6,2.4,4.3,1.4,2.1,81.8,7.8,151.7,192.5,1.0,304.9,149.7,4.0,369.5,41.2,146.7,9.0,68.2,3506.4000000000005
2017-05-22,,161.4,1.9,23.6,76.9,5.4,83.1,17.1,6.9,93.1,10.1,308.6,130.8,25.6,35.1,22.6,175.1,67.3,,178.1,483.1,2.4,3.9,1.3,2.4,85.8,8.0,147.9,172.5,1.2,310.9,144.2,4.7,337.3,38.0,146.9,10.4,63.9,3387.5
2017-05-23,,162.4,1.9,26.3,76.6,5.7,83.7,16.9,7.2,97.9,9.9,325.0,139.8,26.6,37.8,22.2,171.6,68.7,,182.9,483.2,2.4,3.6,1.3,2.4,86.2,7.6,155.9,199.0,0.8,304.0,150.3,4.5,350.5,39.6,146.1,10.2,60.9,3471.6000000000004
2017-05-24,,162.6,2.0,26.1,77.9,6.0,83.9,17.2,7.3,110.3,10.5,333.1,148.0,27.4,37.6,23.1,167.2,70.8,,183.6,490.4,2.3,3.6,1.4,1.9,88.7,7.8,161.6,194.7,1.0,314.7,152.2,4.8,371.1,41.1,152.2,10.4,62.2,3556.7000000000003
2017-05-25,,166.6,2.0,24.9,78.1,6.3,82.5,17.1,7.2,116.0,10.3,341.6,156.2,27.5,25.0,23.3,175.2,71.6,,181.1,481.0,2.4,3.6,1.4,2.0,86.9,8.0,167.4,200.0,0.9,314.4,153.9,4.8,387.3,42.1,157.1,9.5,65.1,3600.3
2017-05-25,,166.6,2.0,24.9,78.1,6.3,82.5,17.1,7.2,116.0,10.3,341.6,156.2,27.5,25.0,23.3,175.2,71.6,,181.1,481.0,2.4,3.6,1.4,2.0,86.9,8.0,167.4,200.0,0.9,314.4,153.9,4.8,387.3,42.1,157.1,9.5,65.1,3600.3
2017-05-26,,161.5,1.9,25.5,65.7,6.4,82.7,17.1,7.3,122.2,10.4,346.1,157.9,26.4,39.9,20.8,175.7,71.9,,182.0,476.1,2.5,3.7,1.4,2.5,87.6,7.8,174.8,219.4,0.7,305.0,151.8,4.8,368.2,38.3,149.0,9.5,63.0,3587.5000000000005
2017-05-27,,146.5,2.0,27.9,56.4,6.1,72.7,17.3,5.8,116.8,10.2,339.7,158.9,26.6,38.9,21.7,150.0,71.4,,178.4,469.9,2.3,4.3,1.4,2.3,83.3,7.8,175.0,221.7,1.3,302.6,138.6,4.7,315.6,35.3,145.0,10.0,62.6,3431.0000000000005
2017-05-28,,150.3,2.1,27.4,67.0,5.4,59.7,17.1,6.8,104.4,8.2,323.8,141.8,24.4,35.4,21.7,143.7,64.6,,161.4,450.8,2.2,4.4,1.2,2.2,79.3,7.4,159.0,216.5,1.1,292.9,132.6,4.3,332.8,35.4,141.1,10.6,63.4,3302.4
2017-05-29,,153.8,2.0,27.7,71.2,5.6,69.9,14.4,7.2,103.9,10.6,330.8,122.4,25.0,34.7,19.9,160.5,65.7,,153.3,465.7,2.3,4.1,1.3,2.4,83.7,7.7,146.9,182.3,1.1,306.3,134.9,5.2,306.1,36.0,141.6,10.5,62.8,3279.5
2017-05-30,,156.2,1.9,22.0,71.1,5.9,71.9,16.1,7.2,106.4,9.0,335.9,142.1,26.8,33.0,20.2,163.1,65.8,,154.2,458.6,1.9,3.4,0.8,2.1,83.3,8.0,161.4,201.8,1.3,317.6,141.1,2.8,328.6,39.0,145.4,10.4,61.0,3377.3
2017-05-31,,161.3,1.5,22.5,80.0,5.2,75.3,16.3,7.3,101.9,8.7,339.1,132.4,24.2,28.0,22.3,175.2,64.8,,156.8,471.3,1.7,3.1,0.9,2.1,85.2,8.0,135.3,186.1,1.9,326.3,145.5,3.1,349.6,37.4,128.6,7.5,65.1,3381.5
2017-06-01,,165.2,1.8,24.6,79.9,5.5,76.9,16.0,7.0,103.9,10.3,336.1,138.4,25.9,37.3,21.3,183.9,64.1,,159.3,460.3,2.2,3.4,1.1,2.0,79.9,7.9,146.2,172.2,1.2,322.6,148.4,3.3,354.9,39.4,140.3,7.4,65.5,3415.6000000000004
2017-06-02,,167.6,2.0,24.9,79.0,5.6,77.8,16.2,7.2,109.7,9.1,332.0,146.0,27.7,42.3,22.5,188.0,62.3,,169.7,447.4,2.0,3.6,1.2,2.0,81.9,7.7,154.2,193.3,0.9,320.4,149.9,3.9,359.8,40.5,148.3,7.9,63.1,3477.6
2017-06-03,,169.0,1.5,23.6,79.6,6.0,78.9,16.1,5.3,113.0,9.5,332.4,148.4,27.4,41.4,23.0,180.3,62.4,,175.3,436.9,1.6,4.3,1.2,1.8,85.2,7.6,159.6,202.6,0.9,317.3,146.3,3.1,372.8,42.3,155.7,9.0,63.7,3505.0
2017-06-04,,156.1,1.5,23.9,82.1,5.5,78.6,16.3,6.7,114.3,8.3,313.0,147.7,24.8,38.4,25.4,170.6,59.0,,168.2,403.3,1.6,4.0,1.1,2.0,79.5,7.0,161.9,209.2,0.9,296.5,134.8,3.6,375.2,42.3,144.4,9.2,68.4,3385.2999999999997
2017-06-05,,153.6,1.7,25.8,72.7,6.9,76.7,16.8,7.1,128.4,8.6,330.3,155.5,27.0,34.0,23.1,182.3,61.9,,163.8,443.5,1.6,4.0,1.2,1.9,80.4,7.7,171.3,216.5,1.2,316.5,140.2,6.2,386.0,43.0,157.8,8.6,64.6,3528.4
2017-06-05,,153.6,1.7,25.8,72.7,6.9,76.7,16.8,7.1,128.4,8.6,330.3,155.5,27.0,34.0,23.1,182.3,61.9,,163.8,443.5,1.6,4.0,1.2,1.9,80.4,7.7,171.3,216.5,1.2,316.5,140.2,6.2,386.0,43.0,157.8,8.6,64.6,3528.4
2017-06-06,,144.0,2.0,28.5,75.2,7.1,76.5,17.2,7.3,133.9,9.0,337.8,165.3,27.3,30.8,21.9,179.3,63.2,,149.4,436.9,2.0,4.0,1.3,2.4,73.6,7.7,177.0,226.0,1.1,315.6,133.4,4.2,369.1,41.2,148.4,8.3,63.0,3490.9
2017-06-07,,130.0,2.0,29.3,73.6,5.2,76.4,17.2,7.4,117.2,8.9,335.3,139.5,20.4,27.5,24.1,164.3,63.0,,148.7,421.2,2.3,4.0,1.3,2.5,78.1,7.0,130.2,218.7,1.0,294.0,131.3,4.9,334.7,30.7,146.7,9.2,63.3,3271.1
2017-06-08,,118.7,1.8,31.4,72.3,6.3,78.6,16.4,7.2,112.5,8.7,330.8,144.9,26.1,34.6,23.6,166.3,63.9,,149.6,409.7,2.3,3.7,1.1,2.2,79.2,7.4,141.8,196.2,1.0,301.4,121.3,4.6,357.1,38.6,151.1,7.4,64.5,3284.2999999999993
2017-06-09,,124.6,1.9,29.7,75.9,5.4,81.0,17.1,7.1,113.2,8.8,322.7,149.7,25.8,36.0,23.8,166.8,64.0,,151.9,404.2,2.1,3.9,1.1,1.8,77.9,7.4,138.3,187.3,1.1,306.5,127.3,4.6,362.4,38.1,145.0,6.1,64.4,3284.9
2017-06-10,,127.8,1.9,30.7,77.4,5.2,72.3,16.0,6.7,109.6,8.4,282.2,145.6,26.3,37.6,25.1,159.8,60.3,,153.1,391.5,2.1,3.8,1.3,1.9,74.0,7.6,137.7,197.3,1.0,306.8,124.8,5.1,369.6,39.0,149.0,6.7,66.5,3231.7000000000003
2017-06-11,,145.4,1.7,28.4,82.1,4.6,74.6,16.9,6.4,99.8,7.4,291.0,117.9,24.1,36.8,25.6,145.6,55.0,,147.8,377.2,1.9,3.5,1.1,1.9,71.6,6.9,124.1,185.4,1.0,287.9,118.8,4.8,359.8,35.8,140.4,7.0,65.4,3105.6000000000004
2017-06-12,,151.5,2.0,25.7,82.5,6.2,71.3,17.1,6.9,113.1,8.5,310.7,152.7,26.5,38.7,24.7,150.0,60.6,,154.9,388.9,1.9,4.6,1.0,1.9,74.0,7.6,153.9,197.2,0.9,308.7,118.9,3.2,369.0,40.0,133.7,6.8,66.4,3282.2
2017-06-13,,154.9,1.6,24.2,80.7,5.9,73.5,17.1,7.1,118.6,8.9,314.9,162.2,26.6,38.2,24.0,157.7,63.1,,156.4,384.7,1.7,2.5,1.0,2.1,76.1,7.8,164.7,201.9,1.0,321.0,119.6,4.2,383.0,42.2,138.9,6.8,66.6,3361.3999999999996
2017-06-14,,152.8,1.9,25.4,83.5,6.1,81.9,17.3,7.2,119.3,9.4,326.5,161.5,26.3,38.4,24.9,168.7,65.0,,156.9,403.0,2.1,4.4,1.0,2.2,74.8,7.2,175.7,203.2,0.9,320.1,125.0,3.8,379.0,42.9,145.9,6.8,65.4,3436.4
2017-06-15,,151.9,2.0,28.9,74.6,5.9,75.2,17.4,7.3,118.1,8.8,336.4,165.7,26.3,38.0,23.0,169.6,67.3,,158.8,397.0,2.1,4.9,1.2,2.0,69.4,7.4,207.2,186.2,1.1,313.5,123.2,4.1,367.2,43.2,145.9,6.6,65.4,3422.7999999999997
2017-06-17,,142.7,2.0,23.9,78.4,5.6,76.5,17.1,7.3,99.3,9.1,336.3,156.7,26.2,40.7,22.1,158.9,67.9,,155.5,397.2,2.1,4.9,1.2,2.1,81.0,7.8,220.0,203.5,1.3,303.9,123.3,3.9,361.7,41.7,146.2,8.9,66.3,3403.2
2017-06-18,,145.6,2.0,23.6,84.1,5.3,79.1,17.1,6.8,99.3,8.3,322.5,149.3,24.5,41.6,23.9,150.1,63.0,,156.9,397.2,1.9,4.7,1.1,1.9,80.9,7.2,217.5,200.8,0.9,295.1,121.6,4.3,383.9,39.6,145.0,8.1,65.4,3380.1
2017-06-19,,144.5,2.0,24.5,75.5,5.6,76.0,16.8,7.0,109.7,8.5,335.1,147.6,25.4,39.8,21.9,161.1,68.6,,158.8,420.0,2.0,4.4,1.1,1.8,81.5,7.6,194.8,205.2,1.1,311.1,117.2,4.4,369.5,40.7,143.0,9.8,64.1,3407.7000000000003
2017-06-20,,144.1,2.0,27.1,69.8,5.1,75.5,17.2,7.2,95.9,8.5,333.2,139.0,26.6,40.3,18.8,165.2,69.3,,158.0,426.8,1.9,4.6,1.2,2.0,78.5,7.4,164.2,210.2,1.0,299.3,123.8,5.8,339.3,40.5,116.4,10.1,60.8,3296.6
2017-06-21,,146.0,2.5,27.9,72.3,5.0,71.8,17.2,7.3,96.5,9.3,325.8,149.0,26.7,34.8,19.2,168.9,67.1,,156.6,430.4,2.1,4.4,1.3,2.6,69.9,7.2,175.0,176.6,0.9,301.2,131.3,4.1,340.1,40.2,139.0,4.5,61.5,3296.2000000000003
2017-06-22,,151.5,1.7,29.8,76.0,5.8,70.0,18.1,7.2,100.1,9.2,328.1,162.0,26.3,41.4,21.2,172.5,66.5,,151.0,420.7,2.0,4.6,1.3,2.1,74.0,7.6,186.1,167.8,0.8,308.8,133.3,4.2,351.8,39.2,143.0,3.1,62.8,3351.6000000000004
2017-06-23,,148.3,1.9,30.2,77.3,5.5,72.7,16.5,7.2,105.1,9.6,323.2,172.1,26.1,42.5,22.6,171.2,64.9,,154.8,413.3,2.5,4.6,1.2,2.2,76.2,7.8,198.1,176.3,1.1,307.0,128.8,4.3,372.5,42.5,143.9,2.7,64.6,3401.2999999999997
2017-06-24,,140.2,1.8,28.3,79.9,5.6,75.0,16.4,6.2,108.9,9.2,303.3,180.9,27.2,42.4,22.0,164.2,60.9,,156.8,408.3,2.4,4.5,1.3,2.4,73.2,7.5,224.6,183.2,1.5,292.7,129.2,4.4,377.0,44.2,139.9,2.5,64.6,3392.6000000000004
2017-06-25,,133.3,2.0,28.3,79.7,5.6,66.2,15.0,5.9,109.9,9.2,280.3,173.3,26.0,42.8,21.5,146.5,54.8,,152.7,380.3,2.4,4.8,1.3,2.5,70.7,6.8,231.0,195.3,0.9,277.6,128.3,4.7,379.7,43.0,136.5,3.0,66.0,3287.8000000000006
2017-06-26,,134.7,2.1,29.8,84.0,6.0,70.5,16.4,6.4,118.2,8.8,281.0,181.0,27.0,44.2,22.8,150.4,55.0,,149.9,380.9,2.4,4.8,1.1,2.4,75.0,7.0,236.8,197.5,1.2,285.7,127.9,4.3,384.5,39.1,137.0,1.8,65.1,3342.7000000000007
2017-06-27,,138.7,1.9,29.1,82.9,6.2,71.6,16.7,6.7,126.5,8.8,279.2,191.5,27.6,40.4,22.2,155.2,54.8,,145.8,373.4,2.3,4.8,1.2,2.3,75.0,7.2,240.7,184.5,1.0,297.6,126.9,4.4,370.0,41.1,146.4,8.4,64.8,3357.8
2017-06-28,,142.3,2.1,30.3,80.9,5.4,71.1,16.6,6.6,113.0,8.2,272.5,141.5,26.1,38.9,22.8,155.4,59.4,,141.4,370.4,2.1,5.3,1.5,2.4,72.4,7.4,194.7,160.1,1.0,300.1,129.0,4.5,369.4,37.8,151.6,9.5,66.3,3220.0000000000005
2017-06-29,,145.1,2.1,29.3,82.3,5.0,73.6,16.5,6.5,99.2,8.6,259.4,119.4,21.0,30.6,22.3,167.3,62.1,,143.0,374.6,2.0,4.5,1.3,2.1,77.7,7.4,141.0,151.8,1.2,308.8,133.0,4.4,325.3,34.0,154.4,10.5,61.7,3089.0000000000005
2017-06-30,,150.4,2.3,28.9,81.7,5.1,71.9,15.8,6.4,98.2,9.2,243.6,125.3,24.0,34.8,23.0,170.7,62.8,,140.2,375.2,2.1,4.8,1.2,2.0,75.0,7.5,151.7,157.6,1.1,316.8,139.2,4.2,336.5,33.8,151.8,11.5,59.4,3125.7
2017-07-01,,145.7,2.0,28.5,69.5,5.3,70.5,15.2,6.0,97.4,8.4,226.4,133.2,24.3,38.7,23.1,166.5,60.9,,143.4,370.9,2.3,4.1,1.3,2.1,76.1,7.5,183.0,153.6,1.0,305.5,138.4,4.2,336.6,35.7,157.4,9.0,62.5,3116.2
2017-07-02,,143.8,1.7,26.6,68.3,5.0,71.4,15.1,5.7,90.4,7.9,218.8,134.5,23.8,38.3,19.0,159.4,55.3,,137.9,355.6,1.9,4.8,1.2,1.9,76.8,6.9,204.8,149.5,1.7,289.3,137.1,3.7,304.4,32.5,136.6,9.7,59.3,3000.6
2017-07-03,,151.9,1.9,26.7,72.8,6.1,71.6,15.2,6.2,104.2,8.4,234.9,158.5,25.5,37.8,21.1,173.7,60.3,,133.7,379.5,2.0,3.6,1.3,2.0,81.2,7.3,211.9,152.8,1.1,303.5,143.2,3.4,326.6,37.3,142.2,9.5,60.6,3179.5
2017-07-04,,149.9,1.8,26.9,66.1,6.3,73.0,15.7,6.4,113.7,8.5,243.5,176.5,26.3,37.6,20.7,173.9,63.0,,132.5,391.8,2.0,4.7,1.2,1.9,76.9,6.8,220.4,158.5,1.1,316.9,147.6,4.3,322.5,36.9,143.6,9.3,59.6,3248.2999999999997
2017-07-06,,157.0,2.0,28.9,70.8,5.7,74.3,16.3,6.7,112.5,8.7,264.4,189.1,26.3,35.2,20.5,179.0,64.0,,148.6,403.9,2.0,6.0,1.3,1.9,86.3,8.0,208.8,185.4,1.1,312.0,147.0,3.7,300.8,35.2,139.7,9.4,62.2,3324.7000000000003
2017-07-07,,153.0,2.4,31.4,72.3,6.0,80.3,16.2,6.7,111.7,9.5,268.5,181.5,26.6,33.8,22.0,182.0,64.0,,156.0,409.5,2.0,6.0,1.3,2.1,82.6,8.0,213.5,196.8,1.1,304.0,148.0,2.6,315.5,36.7,142.8,8.6,63.2,3368.2
2017-07-08,,149.0,2.1,29.4,78.8,6.0,84.3,16.3,6.7,107.8,9.0,265.8,184.4,27.6,38.0,23.2,181.0,63.0,,163.0,425.5,1.9,4.5,1.3,2.0,77.5,7.0,237.6,199.9,1.1,301.0,145.0,4.1,344.8,36.9,145.2,8.2,64.1,3443.0000000000005
2017-07-09,,153.0,1.9,27.0,74.2,5.8,83.4,16.2,6.0,111.5,9.0,253.7,183.8,25.5,38.1,23.3,173.0,59.0,,157.8,420.6,2.0,4.4,1.2,1.9,75.0,7.0,245.1,204.3,0.9,273.0,145.0,4.2,356.9,39.9,137.3,8.6,64.1,3393.5999999999995
2017-07-10,,154.0,1.5,23.8,60.3,6.8,77.6,16.4,6.5,122.0,9.0,268.3,196.4,26.1,41.3,23.3,185.0,63.0,,155.3,436.3,1.8,4.1,1.2,1.5,80.4,7.0,261.8,190.7,1.0,291.0,151.0,4.1,328.9,37.9,145.2,11.1,65.3,3456.8999999999996
2017-07-11,,152.0,1.8,24.6,62.9,6.1,78.2,16.5,6.9,117.1,8.4,263.4,190.9,26.3,37.0,21.0,184.0,62.0,,154.1,432.8,2.0,4.1,1.3,1.8,81.2,7.0,247.6,214.5,1.6,301.0,150.0,4.5,309.1,36.7,136.9,11.4,64.8,3421.5000000000005
2017-07-12,,147.0,1.9,28.4,67.7,6.0,77.6,16.4,6.8,107.1,8.4,259.3,178.5,26.3,38.7,21.3,179.0,64.0,,149.1,426.6,2.1,4.0,1.3,1.9,77.7,7.0,201.2,210.0,0.9,295.0,152.0,4.1,309.5,34.5,139.8,10.7,64.8,3326.6000000000004
2017-07-13,,145.0,1.9,30.6,72.7,5.6,86.0,16.3,6.8,109.2,8.4,263.7,184.7,26.3,42.8,21.7,177.0,63.0,,134.9,405.1,1.9,4.2,1.3,2.0,76.6,7.0,208.0,193.6,1.2,293.0,148.0,3.9,335.4,38.1,142.5,11.0,62.5,3331.9
2017-07-14,,140.0,1.9,29.5,78.7,6.0,83.1,15.7,6.9,114.3,8.4,248.6,193.8,27.1,39.1,23.6,174.0,63.0,,142.0,381.2,2.0,4.5,1.2,1.9,79.0,7.0,232.1,179.2,1.0,296.0,145.0,4.4,363.2,39.6,146.4,10.4,64.4,3354.2
2017-07-15,,143.0,2.3,30.7,82.4,6.5,80.4,15.3,6.9,111.6,9.4,228.1,197.4,27.0,38.9,22.9,169.0,63.0,,148.5,378.3,2.0,4.5,1.2,2.3,78.6,7.0,235.7,185.8,1.0,290.0,146.0,5.1,369.3,39.9,145.0,11.6,67.1,3353.7
2017-07-16,,133.0,2.2,29.4,81.6,5.3,77.3,15.6,6.3,101.0,8.0,215.4,188.2,25.6,36.4,23.9,155.0,58.0,,147.7,367.3,1.7,3.8,1.2,1.9,80.4,7.0,241.3,180.7,0.8,278.0,139.0,4.2,370.3,36.7,140.5,10.6,66.7,3241.9999999999995
2017-07-17,,137.0,1.5,28.0,84.3,7.2,74.4,16.2,6.6,112.1,8.0,230.7,193.1,27.1,36.0,22.4,169.0,64.0,,153.9,374.7,1.8,4.2,1.2,1.8,80.8,7.0,239.3,189.0,1.0,292.0,139.0,4.8,366.6,37.7,153.5,10.3,66.4,3342.6
2017-07-18,,132.0,1.8,32.4,81.4,6.4,70.0,16.1,6.6,114.5,8.0,238.8,191.5,25.6,36.6,23.5,168.0,62.0,,154.8,374.1,1.6,3.7,1.2,1.9,80.8,7.0,224.8,183.7,1.3,296.0,141.0,4.5,356.1,35.8,159.4,10.7,65.5,3319.1
2017-07-19,,133.0,1.8,27.1,75.4,6.7,73.9,16.4,6.9,121.9,7.6,244.0,200.3,23.2,37.2,23.6,159.0,60.0,,152.6,370.4,1.9,4.2,1.3,1.9,80.6,7.0,237.8,184.9,1.6,301.0,140.0,3.9,360.0,36.8,154.5,10.6,65.2,3334.2000000000007
2017-07-20,,139.0,1.9,28.3,75.2,6.4,75.1,16.6,7.0,114.6,8.3,248.1,185.7,26.2,39.2,21.1,154.0,59.0,,148.4,362.5,1.9,4.3,1.3,1.8,77.1,7.0,235.1,184.2,1.0,303.0,148.0,3.7,366.8,34.6,148.0,9.6,62.4,3306.4000000000005
2017-07-21,,156.0,2.0,29.9,73.6,6.4,78.9,16.6,7.0,116.4,8.3,247.6,195.4,27.7,39.9,22.8,164.0,60.0,,144.3,355.8,1.9,4.6,1.3,1.8,80.1,8.0,238.7,179.0,1.3,315.0,165.0,3.9,362.6,38.1,143.1,10.8,66.0,3373.8
2017-07-22,,160.0,2.1,30.6,77.5,5.9,81.5,16.6,6.9,109.2,8.3,229.0,192.9,27.1,39.3,21.7,167.0,62.0,,141.3,357.3,1.9,4.7,1.4,2.1,80.7,8.0,242.6,169.6,2.0,315.0,170.0,3.8,344.5,39.6,135.4,10.1,62.6,3330.2
2017-07-23,,163.0,2.0,26.0,75.7,6.4,79.0,16.1,6.3,99.5,8.0,212.0,177.0,25.1,38.0,20.9,162.0,59.0,,138.2,352.4,1.9,4.6,1.3,2.1,74.9,7.0,236.1,154.4,1.8,303.0,174.0,3.5,349.4,37.6,125.9,9.8,62.6,3216.5
2017-07-24,,165.0,2.0,25.6,73.2,6.0,78.8,16.6,6.8,104.9,8.1,213.0,178.4,26.3,37.0,21.0,176.0,65.0,,140.5,369.7,1.9,4.4,1.4,2.3,72.9,8.0,228.4,155.0,1.8,319.0,179.0,3.5,336.7,39.0,117.2,9.6,58.9,3252.9000000000005
2017-07-25,,166.0,2.0,30.2,62.1,6.9,82.5,16.7,7.0,104.4,8.1,221.7,186.0,27.1,38.0,13.3,184.0,66.0,,141.1,379.2,2.0,4.5,1.3,1.9,76.8,8.0,240.1,158.2,1.3,328.0,182.0,3.5,350.9,40.7,123.2,8.0,55.8,3328.5
2017-07-26,,167.0,2.0,30.2,56.9,6.3,80.8,16.9,7.1,107.3,8.1,223.7,190.9,26.8,37.1,21.1,190.0,67.0,,142.9,389.7,2.1,4.5,1.3,2.2,74.5,8.0,253.8,168.0,0.4,331.0,185.0,3.8,337.3,39.9,131.2,9.2,55.2,3379.2
2017-07-27,,170.0,2.0,29.8,73.1,6.3,78.5,16.9,7.0,111.9,8.7,220.5,197.2,27.5,38.0,19.2,192.0,67.0,,140.0,389.0,2.3,4.7,1.3,2.3,73.8,8.0,247.5,181.3,0.9,328.0,187.0,4.1,324.4,40.1,143.7,9.9,59.3,3413.2
2017-07-28,,169.0,2.0,31.5,78.2,5.7,80.2,16.3,7.0,113.5,8.7,227.0,201.9,27.5,43.6,21.8,192.0,66.0,,136.0,382.1,2.2,4.6,1.2,2.3,77.4,7.0,243.9,182.6,1.2,319.0,187.0,4.1,347.0,41.3,153.3,10.0,62.3,3456.3999999999996
2017-07-29,,169.0,2.1,30.4,78.1,6.4,84.7,16.8,6.9,108.3,8.3,232.5,200.4,27.2,37.8,23.5,189.0,66.0,,144.7,390.7,2.0,4.8,1.3,2.2,81.8,7.0,239.2,166.5,1.2,312.0,186.0,4.3,363.9,41.7,156.3,10.5,61.2,3464.7000000000007
2017-07-30,,167.0,2.2,30.6,72.8,4.8,88.9,16.5,6.5,102.5,8.4,224.4,188.8,23.5,38.8,20.2,179.0,61.0,,148.8,388.1,2.0,4.6,1.2,2.2,79.1,6.0,223.5,158.2,0.9,288.0,188.0,3.8,356.8,38.5,146.5,10.7,60.0,3342.7999999999997
2017-07-31,,170.0,2.0,30.7,80.8,6.0,90.5,16.7,6.8,106.5,8.9,239.6,171.7,24.9,35.0,22.7,194.0,68.0,,155.4,409.8,2.2,5.3,1.5,2.3,77.7,7.0,215.7,161.9,1.1,295.0,195.0,4.2,362.0,37.5,154.9,9.7,55.9,3428.8999999999996
2017-08-01,,160.0,1.9,31.0,81.0,5.6,88.2,16.6,7.0,103.4,9.0,245.0,161.4,24.2,29.2,21.9,196.0,68.0,,157.0,415.7,2.1,5.9,1.3,2.0,79.9,7.0,175.9,161.9,1.3,295.0,195.0,4.4,352.4,37.0,153.2,8.7,59.9,3365.0
2017-08-02,,158.0,2.0,31.6,86.7,5.3,91.0,16.2,7.1,103.6,9.0,245.1,149.8,25.9,35.4,23.0,199.0,69.0,,159.2,420.1,2.0,4.8,1.3,2.2,78.8,7.0,164.6,169.9,1.2,291.0,191.0,4.3,362.4,39.6,153.1,8.7,62.1,3381.0000000000005
2017-08-03,,161.0,2.1,32.0,75.7,5.5,86.2,16.7,7.1,107.4,9.0,254.8,155.9,26.5,37.4,22.8,204.0,67.0,,160.5,418.5,2.0,4.6,1.3,2.1,80.2,7.0,189.5,173.3,1.3,294.0,196.0,4.6,346.5,39.0,148.0,5.7,63.9,3409.1
2017-08-04,,165.0,2.0,31.5,75.5,6.2,93.2,16.9,7.2,109.0,8.1,259.1,162.9,25.7,39.1,23.0,193.0,65.0,,161.9,416.5,2.1,5.6,1.3,2.0,77.9,7.0,202.2,184.4,1.4,300.0,194.0,4.4,367.8,36.2,149.3,5.6,54.7,3456.7
2017-08-05,,158.0,2.1,31.9,79.3,5.4,92.9,17.1,7.3,107.4,8.9,264.9,174.2,25.5,38.1,22.1,186.0,63.0,,164.6,429.8,2.1,5.6,1.3,2.0,74.3,7.0,216.1,190.2,1.1,298.0,190.0,4.5,371.4,37.1,149.7,6.6,60.4,3495.9
2017-08-06,,160.0,2.1,30.1,79.3,5.0,85.8,16.9,7.0,106.6,8.9,258.9,169.6,24.5,36.9,22.5,187.0,58.0,,157.5,423.5,2.1,4.4,1.2,1.8,78.0,7.0,221.3,192.7,0.9,282.0,188.0,4.1,367.8,35.2,144.8,7.6,60.4,3439.4
2017-08-07,,163.0,2.1,29.7,82.2,5.3,83.7,15.7,5.4,103.5,8.9,230.0,158.6,23.2,37.9,24.1,192.0,64.0,,148.0,424.7,2.2,5.0,1.1,2.0,77.7,7.0,227.7,186.4,1.0,294.0,192.0,3.8,352.6,32.2,153.3,7.1,60.5,3407.6
2017-08-08,,161.0,2.1,30.8,80.8,5.6,84.6,16.5,6.6,109.8,8.9,262.8,165.6,24.8,36.0,24.0,199.0,65.0,,148.0,437.5,2.1,6.3,1.3,2.3,76.4,7.0,228.1,185.0,1.1,296.0,182.0,3.2,353.1,36.7,156.6,5.2,61.9,3473.7000000000003
2017-08-09,,155.0,2.1,29.4,81.3,5.7,86.1,17.1,7.1,110.7,9.0,279.6,171.3,25.3,36.8,22.2,195.0,67.0,,148.1,439.9,2.1,5.2,1.3,2.2,80.1,7.0,227.6,186.2,1.4,287.0,167.0,3.9,360.5,38.5,156.5,5.1,62.3,3482.6
2017-08-10,,159.0,2.0,28.0,73.3,6.0,86.3,17.1,7.4,112.7,9.0,283.6,174.3,27.1,37.4,23.6,184.0,67.0,,155.0,438.6,2.1,4.4,1.3,2.2,81.5,7.0,231.4,189.4,1.2,277.0,169.0,3.9,348.7,37.2,146.6,5.4,62.5,3462.2000000000007
2017-08-11,,154.0,2.0,25.5,75.2,6.1,88.4,17.1,7.4,114.2,9.0,281.7,184.2,27.5,38.4,23.8,184.0,65.0,,161.6,439.3,2.0,4.4,1.4,2.2,84.3,7.0,238.2,192.5,1.2,297.0,178.0,3.6,347.9,36.0,146.6,1.3,63.0,3511.0
2017-08-12,,148.0,2.0,26.2,71.4,5.7,88.2,17.2,7.4,108.2,8.4,266.7,184.4,27.8,38.6,22.9,172.0,64.0,,160.9,439.2,2.4,4.7,1.3,2.2,81.5,7.0,241.1,193.4,1.3,286.0,176.0,3.0,349.7,37.9,135.3,1.3,62.6,3445.8999999999996
2017-08-13,,146.0,2.1,25.8,66.2,5.3,90.5,16.9,7.0,103.4,8.4,257.0,181.4,26.2,36.7,21.7,164.0,60.0,,162.4,433.4,2.3,4.5,1.3,2.0,78.4,6.0,238.1,196.4,0.9,251.0,165.0,3.7,350.6,37.1,129.7,1.4,63.4,3346.2
2017-08-14,,150.0,2.3,26.6,67.1,5.8,88.5,17.1,7.1,110.6,8.4,257.4,183.8,26.9,35.3,23.4,181.0,66.0,,167.5,435.6,2.1,4.9,1.1,2.0,78.5,7.0,227.9,197.8,1.2,268.0,163.0,3.9,361.3,37.6,134.6,1.4,63.1,3415.8000000000006
2017-08-15,,154.0,2.2,27.6,71.6,5.4,89.2,14.0,4.7,97.5,8.4,232.4,179.7,23.8,39.4,23.4,164.0,65.0,,171.0,378.3,2.1,4.4,1.3,2.1,78.7,6.0,231.5,202.8,0.5,242.0,165.0,3.3,375.3,33.0,132.4,1.7,62.6,3296.3000000000006
2017-08-16,,157.0,2.2,28.8,72.1,6.4,87.6,15.4,6.3,115.7,8.1,261.2,189.5,27.6,41.3,23.0,171.0,66.0,,172.6,365.1,2.1,4.5,1.4,2.5,81.0,6.0,240.9,212.4,1.0,260.0,178.0,3.8,374.0,38.9,142.4,1.2,63.2,3430.2000000000003
2017-08-17,,154.0,2.1,30.8,72.1,6.5,82.1,17.0,7.4,121.5,8.7,303.1,202.0,28.5,40.8,22.4,175.0,67.0,,183.2,442.5,2.2,4.5,1.2,2.3,79.6,7.0,249.9,221.3,1.1,273.0,177.0,4.4,375.8,41.3,145.3,3.2,63.2,3619.0000000000005
2017-08-18,,145.0,2.2,28.7,72.1,6.5,84.2,16.1,6.6,124.5,8.7,327.5,205.6,29.1,40.5,23.1,176.0,66.0,,181.0,438.9,2.1,4.6,1.3,2.3,78.1,7.0,249.6,229.5,1.1,272.0,168.0,4.6,388.0,42.0,142.1,6.1,62.3,3643.000000000001
2017-08-19,,144.0,2.2,28.7,76.3,5.2,82.0,16.9,7.3,112.9,8.7,330.2,193.4,27.8,35.6,23.0,164.0,64.0,,167.9,404.0,2.1,3.8,1.3,2.2,79.6,7.0,235.5,228.5,1.1,262.0,149.0,4.2,365.3,40.6,145.4,6.7,62.5,3490.9000000000005
2017-08-20,,139.0,2.1,29.0,82.3,4.9,83.7,16.7,6.8,104.9,7.3,289.2,180.9,25.8,39.7,24.9,145.0,59.0,,167.0,344.0,2.2,4.8,1.2,2.0,80.4,6.0,209.9,216.1,1.6,248.0,133.0,3.8,365.1,38.4,139.1,7.4,62.5,3273.7
2017-08-21,,147.0,2.1,29.1,80.5,5.2,86.2,16.7,6.9,116.6,9.0,265.6,186.2,27.1,40.7,24.8,161.0,63.0,,172.0,354.0,2.1,4.7,1.1,1.9,85.0,7.0,207.5,223.5,1.1,265.0,151.0,4.8,364.6,39.7,152.7,1.5,62.3,3369.2000000000003
2017-08-22,,150.0,1.8,30.7,80.7,5.2,89.5,17.2,7.2,117.5,9.1,256.2,184.0,27.5,40.6,24.7,167.0,63.0,,172.8,371.1,2.0,4.8,1.2,1.9,85.7,7.0,213.9,228.3,1.1,286.0,163.0,3.4,373.1,40.6,155.0,1.4,61.4,3445.6000000000004
2017-08-23,,151.0,2.0,33.1,81.1,5.2,90.3,17.2,6.5,112.3,9.0,258.0,175.2,28.1,40.8,24.4,171.0,66.0,,173.8,390.7,2.1,4.5,1.2,1.6,85.6,7.0,216.4,219.9,1.0,283.0,172.0,3.1,365.1,38.3,144.0,1.3,62.4,3444.2
2017-08-24,,151.0,2.0,28.6,81.1,5.2,86.0,17.1,7.4,111.4,8.0,272.0,175.4,26.5,40.4,23.6,170.0,67.0,,169.4,397.2,2.2,5.5,1.2,2.2,85.3,7.0,216.8,209.4,1.0,297.0,173.0,5.0,372.5,39.1,150.2,7.3,52.9,3466.8999999999996
2017-08-25,,137.0,2.0,31.7,79.6,4.7,85.7,16.5,6.4,106.2,6.7,278.8,174.0,25.9,38.7,24.7,147.0,68.0,,164.7,360.3,2.1,4.6,1.2,2.3,85.1,7.0,190.0,194.2,1.2,273.0,153.0,4.7,367.0,38.0,153.7,7.4,64.3,3307.3999999999996
2017-08-26,,138.0,2.0,31.1,81.2,4.8,86.5,16.8,6.8,103.4,6.7,285.7,161.1,25.5,39.4,24.3,151.0,67.0,,163.0,370.7,1.8,4.9,1.3,2.2,84.3,7.0,191.1,192.2,0.8,276.0,144.0,4.1,361.6,36.9,153.1,1.5,63.9,3291.7
2017-08-27,,137.0,2.2,31.0,75.4,4.9,87.4,16.7,6.8,98.5,6.7,271.7,169.0,24.4,40.2,23.7,141.0,60.0,,157.6,373.8,1.8,4.9,1.2,2.2,84.6,6.0,204.2,194.0,1.2,260.0,148.0,3.8,346.2,35.7,140.7,2.0,63.2,3227.7
2017-08-28,,138.0,2.0,29.0,77.5,4.9,80.7,16.6,6.9,106.0,7.5,274.1,175.3,26.0,42.1,23.5,150.0,64.0,,156.2,383.7,2.2,4.6,1.2,2.1,76.5,7.0,211.5,196.4,1.2,274.0,150.0,4.3,340.0,36.7,141.3,2.1,64.7,3279.8
2017-08-29,,138.0,2.1,31.6,79.8,5.5,78.4,16.4,6.5,112.2,8.8,255.2,172.9,24.8,43.3,23.8,148.0,63.0,,153.2,357.7,2.3,4.2,1.2,1.9,83.8,7.0,194.7,193.0,1.0,285.0,146.0,4.3,343.0,39.1,140.7,2.3,65.0,3235.7
2017-08-30,,150.0,2.2,31.8,83.1,5.6,80.8,16.7,6.9,110.5,9.5,238.9,171.4,25.5,40.1,25.4,155.0,65.0,,157.4,357.2,2.1,4.9,0.9,2.0,76.9,6.0,181.5,185.1,1.1,292.0,157.0,4.6,357.8,40.6,152.3,2.2,66.3,3266.2999999999997
2017-08-31,,153.0,2.4,31.5,81.3,5.5,84.9,16.8,6.9,104.1,9.0,240.5,162.3,25.8,40.3,25.1,164.0,68.0,,162.0,376.9,2.2,4.4,1.3,1.9,76.6,7.0,180.2,178.8,0.9,286.0,174.0,4.3,348.7,38.8,153.2,1.9,67.7,3288.2000000000003
2017-09-01,,154.0,2.2,30.2,73.5,4.9,84.9,16.4,6.7,98.7,9.0,247.5,141.8,23.5,38.3,24.0,170.0,65.0,,166.8,380.0,2.3,5.0,1.5,1.9,71.7,7.0,147.1,168.4,1.1,284.0,186.0,4.0,321.1,34.6,149.4,1.3,61.3,3185.1000000000004
2017-09-02,,155.0,2.1,29.9,77.9,4.6,87.2,16.8,6.7,90.2,8.3,244.9,121.0,22.1,40.1,24.5,169.0,65.0,,169.4,388.4,2.6,4.4,1.3,2.2,70.1,7.0,134.1,176.2,1.0,272.0,188.0,4.1,340.8,35.4,132.1,1.8,63.9,3160.1
2017-09-03,,150.0,2.0,28.6,77.7,4.5,89.0,16.6,6.3,89.5,8.3,243.4,125.4,21.8,40.1,24.3,158.0,61.0,,167.3,385.7,2.1,4.7,1.2,2.2,71.3,7.0,141.0,176.4,0.9,247.0,182.0,3.6,340.4,33.0,135.0,2.0,63.6,3112.899999999999
2017-09-04,,151.0,2.0,28.0,82.7,5.3,93.6,16.9,6.7,104.2,8.3,258.4,141.2,23.9,39.2,24.1,175.0,58.0,,170.3,415.1,2.1,5.1,1.3,2.1,78.0,7.0,154.6,188.5,0.7,272.0,182.0,3.9,353.0,36.5,151.9,2.0,64.7,3309.3
2017-09-05,,149.0,2.1,31.0,84.6,5.3,92.9,16.9,6.9,105.1,9.6,249.7,147.3,25.0,41.6,25.9,176.0,62.0,,176.1,405.9,2.2,5.2,1.4,2.2,80.1,7.0,161.2,192.8,1.3,276.0,181.0,4.0,373.0,38.3,160.0,1.8,62.4,3362.7999999999997
2017-09-06,,146.0,2.1,30.7,84.1,5.5,94.9,17.1,6.9,108.0,9.6,264.9,156.2,26.1,38.2,24.8,165.0,64.0,,175.2,428.4,2.1,5.1,1.3,2.2,80.0,7.0,175.3,198.6,1.2,269.0,170.0,4.1,376.8,39.5,162.3,1.2,64.8,3408.2
2017-09-07,,146.0,2.1,28.8,83.5,5.1,91.5,17.3,6.9,103.1,9.9,285.1,149.3,24.9,37.9,23.9,157.0,65.0,,178.4,435.8,2.2,4.4,1.3,2.1,82.8,7.0,193.4,200.3,1.2,278.0,169.0,4.1,367.1,38.3,164.4,1.4,66.3,3434.8
2017-09-08,,148.0,2.1,30.5,84.5,5.0,90.3,17.1,6.9,106.8,9.9,297.0,155.5,25.7,40.3,27.5,151.0,66.0,,183.4,404.8,2.2,4.7,1.2,2.1,83.5,7.0,189.0,206.9,1.1,276.0,169.0,4.3,376.1,40.0,162.8,1.4,65.6,3445.2
2017-09-09,,146.0,2.1,27.8,79.5,5.1,88.4,17.2,7.0,105.3,9.4,308.6,164.4,27.2,39.7,24.4,148.0,64.0,,185.6,407.1,2.1,5.0,1.3,2.0,87.1,7.0,204.9,213.0,1.1,272.0,179.0,4.2,379.8,39.9,162.2,3.4,66.1,3486.9
2017-09-10,,149.0,1.8,25.4,82.2,4.8,88.1,17.0,6.8,104.5,9.3,304.3,164.4,24.4,35.2,23.7,134.0,61.0,,180.2,398.7,2.1,4.7,1.2,2.2,85.3,7.0,226.0,211.7,0.9,261.0,185.0,4.0,383.5,37.9,154.2,7.2,64.3,3452.999999999999
2017-09-11,,154.0,1.9,27.8,83.6,5.2,88.1,17.0,7.0,113.3,9.3,319.0,170.6,24.7,37.3,24.2,152.0,66.0,,178.0,406.9,2.1,4.7,1.1,1.8,88.5,7.0,218.6,212.4,1.1,275.0,188.0,4.4,383.1,39.9,155.8,6.7,67.3,3543.3999999999996
2017-09-12,,154.0,2.1,29.6,87.4,5.3,87.9,17.2,7.3,112.0,9.3,322.0,178.5,26.4,38.4,24.1,162.0,69.0,,172.7,407.5,2.0,4.3,1.3,2.2,78.4,7.0,213.9,199.7,1.5,284.0,193.0,4.0,377.9,41.4,154.5,6.4,68.5,3552.7000000000003
2017-09-13,,159.0,2.1,29.1,86.6,5.5,86.3,16.6,7.4,115.5,9.3,316.3,181.8,27.1,40.3,24.2,164.0,67.0,,173.5,396.4,2.3,4.9,1.2,2.1,79.1,7.0,213.4,198.9,1.5,284.0,198.0,4.0,384.8,42.3,156.6,7.1,68.4,3563.6000000000004
2017-09-14,,160.5,2.1,29.5,88.4,5.6,89.7,17.4,7.4,117.3,9.8,322.6,186.5,27.1,39.7,24.3,154.4,64.8,,171.7,385.9,2.3,4.7,1.4,2.3,85.2,7.2,210.0,197.7,1.1,294.4,175.3,4.4,372.4,42.2,157.8,5.7,67.2,3536.0
2017-09-15,,150.4,2.3,28.6,86.4,5.6,92.8,17.0,7.4,115.8,9.3,322.5,187.4,27.5,41.8,24.3,149.3,65.0,,169.8,379.2,2.2,4.8,1.2,1.8,87.3,7.2,211.9,189.9,1.2,289.6,176.5,4.3,389.6,42.4,160.5,9.1,65.4,3527.3
2017-09-15,,150.4,2.3,28.6,86.4,5.6,92.8,17.0,7.4,115.8,9.3,322.5,187.4,27.5,41.8,24.3,149.3,65.0,,169.8,379.2,2.2,4.8,1.2,1.8,87.3,7.2,211.9,189.9,1.2,289.6,176.5,4.3,389.6,42.4,160.5,9.1,65.4,3527.3
2017-09-16,,151.1,2.3,30.2,86.7,5.2,93.8,17.0,7.4,106.7,9.3,307.9,181.2,27.3,40.2,26.7,146.7,64.0,,170.0,378.5,2.2,4.4,1.2,2.0,91.1,6.8,209.3,200.1,1.2,277.5,170.8,5.3,401.4,42.0,162.0,7.6,67.3,3504.4
2017-09-17,,138.6,2.2,26.7,88.0,4.5,84.4,16.3,6.7,98.1,8.0,286.9,162.1,26.0,40.2,23.4,126.6,53.3,,166.7,364.7,2.1,3.8,1.3,2.1,89.5,6.1,201.4,199.8,0.8,239.2,163.5,5.2,397.5,36.8,145.6,8.1,62.2,3288.4
2017-09-18,,144.0,1.9,26.6,75.3,5.3,82.2,16.4,7.0,107.3,8.7,295.3,168.7,25.7,40.3,23.4,130.7,59.9,,164.0,374.6,2.0,3.7,1.3,2.0,87.6,6.9,206.7,199.7,1.0,259.3,164.0,4.4,399.1,40.4,142.4,7.6,63.2,3348.6
2017-09-19,,153.0,1.9,30.6,83.8,5.5,79.9,16.1,7.4,108.4,8.7,309.1,177.9,27.0,40.4,24.7,138.1,64.6,,169.4,373.5,1.9,4.4,1.2,1.9,84.8,7.3,189.3,215.5,1.2,279.5,173.7,4.8,381.8,39.9,145.2,7.7,65.7,3425.8
2017-09-20,,162.5,2.3,28.8,73.7,5.4,73.1,15.4,7.4,108.6,8.7,314.0,179.8,27.6,39.9,22.4,145.5,65.4,,164.1,359.9,1.8,5.3,1.3,2.1,84.4,7.5,199.8,204.5,1.5,288.2,182.6,4.0,392.3,40.7,143.4,7.4,67.5,3438.8
2017-09-21,,164.7,2.2,30.3,74.8,5.2,75.9,17.2,7.4,109.4,9.1,321.0,179.4,27.8,42.4,23.5,159.8,65.0,,146.4,361.4,2.2,4.5,1.3,2.1,90.5,7.5,192.6,215.9,1.6,305.3,184.5,4.2,369.8,40.9,145.2,8.4,65.9,3465.2999999999997
2017-09-22,,162.2,2.2,30.7,80.6,5.0,78.7,17.1,7.5,98.2,9.0,322.8,154.8,25.6,42.7,23.7,163.6,65.5,,143.2,360.1,2.3,4.9,1.3,2.2,86.0,7.4,206.2,203.8,1.2,307.5,189.7,4.4,296.8,37.6,151.4,8.6,65.6,3370.1000000000004
2017-09-23,,168.6,2.4,29.0,85.7,3.9,81.9,17.2,3.6,83.4,9.5,326.3,113.1,21.7,42.0,24.9,168.0,66.4,,155.5,377.2,2.0,5.4,1.3,2.2,84.2,7.6,171.3,198.6,1.3,297.1,190.0,4.3,282.0,33.3,157.6,8.8,67.5,3294.8
2017-09-24,,162.5,2.3,29.8,89.9,3.7,83.8,16.9,6.6,77.3,8.6,321.0,118.7,21.1,40.1,24.1,158.4,62.7,,163.3,374.9,2.1,4.6,1.3,2.1,88.0,7.0,166.3,200.6,1.5,289.4,189.7,4.8,311.6,32.4,157.1,9.5,66.6,3300.3
2017-09-25,,155.0,2.4,30.8,96.9,4.5,88.5,17.3,7.4,89.9,8.8,335.9,131.3,24.1,41.6,26.2,148.9,67.5,,169.7,399.3,2.2,5.4,1.3,2.1,88.1,7.0,177.2,201.6,1.1,271.5,186.1,4.6,330.6,35.3,158.3,9.5,61.4,3389.2999999999997
2017-09-26,,153.0,2.5,33.2,91.4,4.8,91.0,17.4,7.5,97.1,8.9,341.3,142.2,19.8,42.2,24.1,151.2,68.0,,173.4,404.6,2.1,4.9,1.2,2.1,87.8,6.9,182.1,202.0,1.1,277.2,177.0,5.1,341.4,36.3,158.7,6.4,66.3,3432.2
2017-09-27,,151.2,2.4,33.1,91.3,4.9,92.6,17.4,7.6,92.0,8.9,344.5,142.9,27.1,43.0,23.0,142.2,67.1,,178.3,414.3,2.4,5.6,1.2,1.9,85.6,6.7,167.9,204.2,1.0,278.2,179.7,4.9,355.0,39.0,145.9,6.7,66.8,3436.4999999999995
2017-09-28,,148.2,2.2,29.6,98.4,4.9,87.3,17.6,7.4,100.7,8.9,349.2,146.2,25.9,42.7,24.1,136.2,65.6,,182.0,415.3,2.3,5.3,1.2,2.0,85.0,7.0,185.7,192.2,1.2,273.5,168.7,4.6,353.4,39.4,126.8,5.6,64.4,3410.7
2017-09-29,,145.5,2.1,24.1,82.9,5.0,85.0,17.4,7.1,101.1,9.1,350.8,151.1,26.8,43.7,21.8,123.0,62.4,,181.2,408.7,2.2,4.1,1.3,1.9,83.6,6.1,179.8,205.4,1.0,252.4,157.5,4.1,352.6,39.1,118.7,6.4,59.9,3324.9
2017-09-30,,140.3,2.1,20.8,81.5,4.3,82.3,14.3,4.6,86.7,8.5,329.3,139.5,22.9,42.9,21.2,115.2,62.9,,177.1,367.5,2.2,5.2,1.3,1.9,83.6,6.9,181.2,205.8,0.8,255.9,144.9,4.7,367.4,35.6,118.6,6.6,56.6,3203.1
2017-10-01,,138.0,2.2,22.7,70.6,4.1,81.2,15.4,5.5,84.6,8.5,332.6,135.5,22.4,53.5,19.8,113.1,58.9,,176.9,385.8,1.9,5.3,1.2,1.8,80.6,6.6,167.3,196.2,0.8,247.3,148.2,3.4,351.9,33.9,115.1,7.0,58.3,3158.100000000001
2017-10-02,,133.2,2.3,26.3,73.4,4.1,83.6,16.2,6.3,79.7,7.6,340.7,139.4,20.9,42.1,20.2,114.9,60.6,,178.7,414.8,2.0,5.6,1.2,1.9,77.7,6.4,172.4,199.3,0.8,246.6,148.4,4.1,346.4,32.0,119.0,6.1,55.1,3189.9999999999995
2017-10-03,,141.6,2.4,27.9,82.5,4.8,82.1,17.0,7.1,94.3,9.6,356.5,148.0,24.0,40.2,22.1,132.7,65.2,,185.4,428.0,1.9,5.3,1.3,2.0,79.8,7.2,157.4,196.4,1.0,277.4,144.1,4.3,353.0,36.8,131.8,6.5,58.0,3335.6000000000004
2017-10-04,,143.0,2.1,29.0,84.5,4.8,84.2,17.5,7.6,98.1,9.0,355.9,150.9,25.3,41.2,23.8,141.0,67.3,,188.5,427.9,2.0,6.3,1.3,1.9,81.8,6.6,167.0,199.6,1.2,286.4,158.3,4.9,343.2,38.2,140.2,6.0,60.2,3406.7000000000007
2017-10-05,,137.2,2.4,31.1,89.9,4.6,84.6,17.8,7.6,98.6,9.0,366.4,158.2,25.6,41.2,23.4,141.4,68.9,,191.4,420.0,2.1,5.1,1.3,1.8,80.0,6.8,172.5,204.8,1.2,278.1,158.4,4.2,352.8,39.0,143.7,5.9,61.3,3438.2999999999997
2017-10-06,,140.5,2.4,31.7,92.3,4.8,83.6,17.6,7.7,97.7,9.0,367.1,158.9,24.1,40.5,22.7,141.7,67.1,,194.3,415.1,2.0,5.3,1.3,2.0,79.8,7.0,169.7,202.4,1.2,279.8,154.3,5.4,351.8,39.7,151.7,5.6,63.7,3441.5000000000005
2017-10-07,,144.4,2.5,31.6,89.7,4.5,79.9,16.3,7.5,92.5,9.9,367.1,154.3,25.4,41.1,21.6,137.7,67.1,,194.5,410.0,2.1,4.6,1.3,1.9,88.3,7.2,174.2,202.4,1.3,284.4,150.8,4.4,358.3,39.4,152.3,4.7,62.3,3437.5000000000005
2017-10-08,,141.2,2.3,30.6,87.9,4.0,80.3,16.8,7.1,89.5,9.4,360.1,148.4,23.2,41.9,23.2,127.5,61.2,,192.1,382.1,2.0,4.6,1.2,1.9,88.9,6.8,164.6,200.9,1.0,265.2,145.6,4.5,359.0,34.8,136.5,4.5,63.1,3313.8999999999996
2017-10-09,,146.2,2.5,28.6,85.6,4.7,79.4,17.4,7.4,95.8,10.0,366.6,151.7,23.6,40.8,23.6,139.6,67.2,,188.8,390.7,2.1,5.2,1.3,1.9,90.7,7.4,164.8,197.7,1.4,286.4,147.4,4.4,370.1,36.6,117.6,4.6,66.3,3376.1000000000004
2017-10-10,,143.0,2.4,30.5,83.5,4.7,79.7,17.0,7.6,96.4,10.4,364.1,153.9,24.9,40.9,20.5,141.5,69.1,,185.1,390.5,2.1,6.1,1.3,2.6,89.9,7.3,166.7,202.8,1.2,287.5,144.1,4.6,370.9,37.0,121.8,4.7,57.5,3373.7999999999997
2017-10-11,,141.7,2.6,31.5,77.2,4.7,81.7,17.0,7.6,95.7,9.8,349.0,155.0,25.5,41.3,22.4,140.3,68.8,,192.6,381.9,2.1,5.6,1.4,2.5,86.9,7.3,158.7,205.1,1.2,287.6,148.6,4.7,355.3,35.9,142.1,4.7,62.2,3358.2
2017-10-12,,142.6,2.4,32.7,81.5,4.6,82.2,17.1,7.7,96.2,9.9,344.0,151.1,25.3,43.8,23.5,138.4,66.9,,196.2,389.1,2.2,4.5,1.3,2.5,86.8,7.3,151.5,204.5,1.2,281.3,148.4,4.9,338.9,36.1,149.7,5.9,66.0,3348.2000000000003
2017-10-13,,145.2,2.3,30.5,83.8,4.5,84.4,17.1,7.6,93.8,9.9,349.5,147.5,25.0,40.5,23.2,141.8,66.0,,200.5,386.1,2.1,4.4,1.3,2.7,91.2,7.0,144.3,201.4,1.2,278.0,147.8,4.7,347.5,35.5,156.5,7.6,64.1,3356.4999999999995
2017-10-14,,145.5,2.3,29.3,82.7,4.1,83.7,16.5,7.6,87.4,9.9,348.1,148.2,25.4,40.3,23.2,133.4,62.9,,201.5,385.8,2.1,5.0,1.3,2.5,89.3,7.1,146.1,203.7,1.5,274.3,146.7,4.5,350.5,35.5,155.1,8.1,66.4,3337.5
2017-10-15,,143.4,2.3,28.5,83.7,3.6,86.1,17.2,7.3,82.0,8.7,340.6,141.4,24.1,38.8,24.6,120.3,57.0,,203.4,378.4,2.3,4.6,1.2,2.4,86.6,6.6,134.7,199.3,1.6,259.8,139.4,5.3,349.5,32.7,148.3,8.8,65.7,3240.2
2017-10-16,,140.7,2.3,29.4,81.1,3.9,85.1,17.5,7.5,88.0,9.3,341.9,147.3,24.4,39.4,24.1,134.4,58.5,,207.9,400.3,2.4,5.3,1.3,2.3,85.3,6.8,134.1,200.3,1.1,266.2,144.5,4.8,324.0,35.4,156.4,9.5,65.7,3288.4000000000005
2017-10-17,,146.0,2.5,30.7,82.4,3.8,84.1,17.6,7.5,87.0,9.4,333.3,154.7,27.5,39.7,23.5,141.0,63.4,,211.9,402.9,2.2,5.1,1.3,2.3,85.7,6.6,130.4,190.5,1.2,250.0,152.1,4.9,359.8,35.6,151.5,9.4,67.6,3325.1000000000004
2017-10-18,,146.0,2.5,31.7,88.1,3.6,81.4,17.1,7.0,82.8,8.3,312.5,145.1,23.1,40.1,23.9,140.9,63.2,,210.8,391.7,2.0,5.3,1.3,2.4,86.2,5.4,131.0,195.4,1.1,220.6,157.2,4.1,363.2,34.3,151.5,9.8,68.3,3258.9000000000005
2017-10-19,,139.3,2.5,29.9,86.2,3.1,77.5,11.6,4.2,72.0,8.3,268.3,123.3,16.9,40.3,24.2,137.4,64.8,,249.0,346.0,2.1,4.7,1.3,2.4,79.7,5.9,117.0,185.0,0.9,220.8,149.4,4.6,363.1,27.6,134.8,9.8,66.2,3080.1000000000004
2017-10-20,,148.6,2.5,25.0,80.4,3.2,72.6,11.0,3.3,73.2,9.2,225.4,117.1,15.3,38.7,20.4,132.9,67.0,,206.4,338.0,2.5,5.5,1.3,2.5,78.8,7.0,122.7,176.4,1.0,259.9,156.3,3.7,339.5,26.8,123.0,10.1,62.1,2969.3
2017-10-21,,152.8,2.3,20.6,73.3,3.3,76.7,13.8,4.4,73.2,9.2,238.0,120.6,12.3,37.7,19.7,138.5,66.2,,211.4,347.7,2.5,4.5,1.2,2.5,85.2,7.4,118.3,188.3,1.0,265.0,158.6,2.3,305.8,28.4,117.1,8.9,62.8,2981.5
2017-10-22,,157.4,2.3,19.6,78.3,3.1,75.9,15.5,5.7,71.5,9.2,252.9,122.9,21.1,36.5,23.5,137.1,60.6,,213.5,363.6,2.0,4.8,1.1,2.7,84.1,6.8,120.0,184.6,1.4,263.5,156.6,2.8,311.1,29.6,115.7,9.0,63.4,3029.4
2017-10-23,,162.5,2.2,22.2,79.4,3.5,77.7,16.4,6.8,78.7,9.3,271.4,128.8,24.0,38.2,23.6,153.2,65.9,,216.8,401.3,2.3,5.2,1.2,2.2,87.5,6.9,112.7,190.4,1.2,284.7,162.2,3.5,309.2,31.9,137.6,9.8,64.8,3195.2
2017-10-24,,166.7,2.2,24.8,78.9,3.5,77.7,16.4,6.8,77.2,10.2,271.4,130.2,24.5,40.0,23.8,162.0,66.7,,216.8,401.3,2.4,5.2,1.4,2.2,87.2,7.3,110.7,191.2,1.2,291.5,161.0,4.6,312.2,32.8,143.0,9.8,64.2,3229.0
2017-10-25,,165.6,2.3,24.8,79.3,3.5,77.8,16.5,7.4,74.6,9.5,303.5,125.2,24.1,40.0,23.5,165.5,67.5,,221.2,412.6,2.0,5.1,1.4,2.3,86.7,7.2,112.3,197.9,1.4,293.2,162.2,4.0,307.7,33.6,140.4,9.0,63.8,3274.6000000000004
2017-10-26,,164.4,2.2,25.0,75.1,3.5,76.8,17.5,7.3,71.8,8.9,307.9,125.0,24.7,40.2,23.7,167.8,66.6,,221.1,417.3,2.3,5.3,1.3,2.2,84.3,7.2,107.0,199.1,1.3,292.7,161.1,4.1,305.5,33.9,132.5,9.4,63.4,3259.4
2017-10-27,,162.6,2.2,24.8,70.9,3.4,79.7,17.0,7.3,72.6,9.0,310.8,125.3,25.2,40.1,23.6,170.7,64.4,,224.4,419.4,2.2,5.7,1.2,2.0,87.3,6.9,106.9,200.6,1.2,290.0,161.5,4.6,298.1,33.8,127.4,9.4,59.8,3251.9999999999995
2017-10-28,,161.5,2.3,25.2,71.0,3.1,76.6,17.0,7.4,83.6,10.0,310.1,124.2,25.4,39.0,21.6,171.0,64.9,,224.0,420.1,2.1,5.8,1.4,1.6,85.0,6.8,109.9,202.8,1.2,276.1,159.7,2.9,293.2,34.0,121.2,9.1,62.8,3233.6
2017-10-29,,161.4,2.2,23.8,70.8,2.9,73.3,16.9,6.8,65.6,10.0,305.3,114.8,24.0,40.0,22.3,164.2,61.0,,224.3,409.3,2.2,5.3,1.4,1.8,80.3,6.3,104.2,195.2,1.1,270.6,150.5,3.2,286.2,32.2,115.5,9.3,63.3,3127.5
2017-10-30,,157.9,2.3,23.0,67.5,3.2,74.5,17.0,7.1,69.9,9.1,316.0,117.9,25.3,38.5,21.8,173.4,66.5,,227.3,420.7,2.1,5.3,1.4,1.9,80.3,6.2,101.5,196.3,1.3,264.7,155.2,3.4,286.1,33.8,114.5,9.7,66.6,3169.2000000000003
2017-10-31,,160.4,2.4,24.0,65.3,3.2,74.3,17.0,7.3,69.0,9.1,316.6,118.6,25.2,40.6,22.5,178.8,65.8,,230.0,423.5,2.3,4.8,1.4,1.9,77.0,6.3,102.8,199.6,1.3,256.1,155.4,2.7,285.5,34.1,109.2,9.9,63.8,3167.7
2017-11-01,,158.7,2.5,24.2,64.0,3.3,72.8,16.7,7.0,68.5,9.6,313.9,116.8,24.9,36.8,22.4,168.1,64.7,,229.2,418.3,2.4,5.1,1.4,2.0,78.3,6.1,104.2,197.2,1.4,258.8,153.8,3.4,277.7,33.5,106.3,8.2,62.3,3124.4999999999995
2017-11-02,,159.0,2.4,23.9,67.0,3.3,72.0,16.9,7.0,69.1,9.2,316.2,119.9,24.0,38.6,20.6,182.7,65.6,,231.3,419.2,2.7,5.3,1.4,1.9,70.7,6.3,103.6,204.3,1.1,257.3,151.7,3.4,282.8,34.1,104.8,7.9,62.8,3150.0000000000005
2017-11-03,,161.7,2.5,24.3,66.2,3.3,70.6,16.2,7.1,69.0,8.9,321.0,117.9,24.2,39.2,22.2,192.7,66.6,,233.2,412.6,2.5,5.5,1.3,2.1,73.2,6.3,96.8,208.9,1.0,253.9,152.5,3.5,284.6,34.3,108.5,9.4,62.6,3166.3
2017-11-04,,158.6,2.5,22.8,65.7,3.0,69.7,16.7,7.1,64.7,9.2,315.9,116.6,23.8,40.0,23.2,186.9,65.8,,234.3,413.6,2.1,5.3,1.4,2.2,72.6,6.2,94.3,207.7,1.2,249.8,151.8,4.9,287.7,33.1,107.8,10.2,64.6,3143.0
2017-11-05,,149.1,2.4,22.7,64.8,2.8,63.8,16.6,6.6,61.8,9.2,306.4,107.5,23.0,39.6,22.7,172.7,58.5,,233.8,405.1,2.3,5.4,1.4,2.2,71.9,5.5,97.9,204.0,1.1,227.8,145.4,3.3,282.2,30.5,109.1,9.7,64.9,3033.7
2017-11-06,,152.6,2.4,23.1,66.7,3.2,68.8,16.7,7.0,66.0,9.2,319.8,113.0,24.4,39.5,21.2,167.7,63.0,,235.8,430.5,2.2,5.5,1.3,2.1,73.1,5.9,92.9,208.5,1.3,238.4,156.5,3.6,281.9,35.8,122.3,8.8,61.4,3132.1
2017-11-07,,151.6,2.3,22.1,65.3,3.2,69.7,17.1,7.3,66.4,9.2,324.2,114.4,25.2,39.2,21.3,163.0,64.2,,237.4,443.9,2.2,5.7,1.2,2.1,72.1,6.4,80.5,207.2,1.4,241.3,163.7,3.7,283.6,33.8,121.9,8.4,62.7,3144.8999999999996
2017-11-08,,157.1,2.4,24.2,66.6,3.2,70.1,17.3,7.4,65.7,9.8,324.3,112.4,25.3,37.7,21.1,180.0,63.1,,238.0,444.9,2.3,5.0,1.4,2.2,71.5,6.5,93.0,208.8,1.9,251.1,161.9,3.3,281.7,33.6,122.1,8.6,63.6,3189.1
2017-11-09,,160.0,2.5,24.3,63.6,3.1,69.4,17.4,7.3,64.1,10.0,328.7,113.4,23.9,40.0,21.8,185.6,64.8,,238.0,442.9,2.4,5.3,1.4,2.2,69.0,6.5,101.1,213.4,1.4,268.1,160.1,3.4,275.6,33.4,120.6,9.7,63.5,3217.9
2017-11-10,,160.3,2.5,24.6,65.3,3.2,69.3,17.1,7.3,64.5,9.5,328.6,113.9,24.5,40.6,22.2,190.6,66.2,,237.6,433.0,2.5,5.6,1.6,2.5,70.2,6.4,102.1,210.2,1.3,270.2,158.6,3.4,277.7,33.7,118.4,9.9,57.2,3212.2999999999997
2017-11-11,,156.2,2.1,23.1,62.7,3.1,66.9,17.0,7.3,60.2,9.0,323.3,110.7,25.7,40.3,22.8,186.9,66.4,,236.4,427.4,2.2,5.5,1.5,2.0,68.1,6.3,101.1,208.8,1.3,269.0,152.6,3.9,277.0,33.0,117.0,9.3,60.3,3166.4
2017-11-12,,154.3,2.5,22.1,61.7,2.8,66.7,16.9,6.8,57.4,8.4,311.4,94.1,14.6,40.2,20.8,175.9,60.8,,278.5,411.8,2.3,5.1,1.4,2.4,68.0,5.6,109.2,202.5,1.1,249.1,145.4,3.5,273.5,31.0,106.3,10.0,59.9,3083.9999999999995
2017-11-13,,158.3,2.5,21.5,62.2,3.1,69.1,17.1,7.0,62.1,8.6,318.3,101.2,24.8,41.1,20.2,189.0,65.6,,232.9,422.5,2.3,5.5,1.4,2.5,71.7,6.1,108.1,201.0,1.4,264.2,152.5,3.3,271.0,32.2,112.9,10.3,58.5,3132.0000000000005
2017-11-14,,158.3,2.3,22.8,59.2,3.2,68.9,17.2,7.2,62.8,8.6,318.3,105.2,25.2,39.1,22.4,202.8,66.1,,238.5,425.5,2.1,5.4,1.4,2.3,72.4,6.4,94.4,203.1,1.6,275.2,154.3,3.4,270.1,33.2,118.7,9.8,57.5,3164.900000000001
2017-11-15,,157.5,2.2,22.9,60.8,3.2,67.2,17.1,7.2,62.3,8.6,315.6,108.5,26.1,32.4,23.4,197.6,66.8,,237.4,431.5,2.2,5.5,1.5,2.0,65.7,6.6,86.6,203.6,1.3,275.1,153.6,3.9,271.7,33.5,115.7,10.0,61.4,3148.2000000000003
2017-11-16,,163.5,2.2,23.8,64.0,3.2,66.5,17.0,7.1,63.1,8.9,314.8,105.1,24.6,40.0,21.9,202.5,66.4,,237.1,429.6,2.3,5.1,1.5,2.0,65.9,6.6,90.1,207.4,1.5,283.4,158.7,3.6,276.3,33.9,112.5,10.5,60.1,3182.7
2017-11-17,,167.8,2.2,23.8,61.4,3.1,68.2,17.0,7.1,64.7,8.9,316.2,112.2,26.5,42.2,23.3,205.2,67.7,,240.2,425.2,2.3,5.0,1.5,2.0,67.0,6.2,93.1,200.0,1.6,292.9,157.6,3.3,276.8,33.6,113.8,11.3,60.4,3211.3
2017-11-18,,167.6,2.1,23.8,63.3,3.1,68.9,17.2,7.1,60.3,9.0,314.5,110.8,26.1,40.8,24.1,199.9,68.4,,236.8,427.8,2.3,5.4,1.3,2.0,67.7,6.8,91.6,192.6,1.5,287.1,152.8,3.5,273.4,33.2,116.8,11.2,62.8,3183.6000000000004
2017-11-19,,164.5,2.0,22.1,64.9,2.8,68.3,17.0,6.7,57.2,8.3,303.1,95.2,24.3,40.4,22.9,184.1,61.8,,231.8,417.8,2.1,5.8,1.4,2.0,64.4,6.4,85.1,189.4,1.2,277.9,148.2,3.9,270.9,30.8,111.8,10.3,65.8,3072.6000000000004
2017-11-20,,167.6,2.3,22.8,64.0,3.1,69.3,17.2,7.1,60.6,8.3,313.2,100.7,25.4,42.0,23.5,192.3,65.7,,234.1,427.7,2.1,5.3,1.4,2.0,64.5,6.9,89.0,190.0,1.2,291.8,141.8,4.0,265.0,32.3,117.8,10.1,65.1,3137.2000000000003
2017-11-21,,169.6,2.3,23.9,61.0,3.1,69.1,17.6,7.3,56.0,9.0,302.4,107.1,25.6,42.1,23.2,197.2,66.8,,234.0,437.9,2.3,5.5,1.3,2.0,64.5,6.4,91.1,194.6,1.4,295.2,144.5,3.5,269.7,33.1,115.3,9.8,63.3,3158.7
2017-11-22,,169.5,2.3,24.7,60.0,3.2,68.8,17.5,7.4,59.9,9.0,306.3,109.2,26.3,42.4,23.1,199.9,68.4,,232.7,437.3,2.3,5.6,1.3,1.9,66.0,7.1,94.3,195.1,1.6,296.2,145.8,3.3,270.1,33.1,104.5,9.5,65.4,3171.0000000000005
2017-11-23,,171.0,2.3,23.8,60.9,3.1,69.5,17.3,7.3,61.1,9.0,306.1,110.3,26.1,41.9,22.8,203.6,68.1,,230.9,432.1,2.3,5.5,1.5,2.0,65.0,7.1,94.8,200.2,1.9,297.2,145.6,3.1,266.3,33.1,100.8,10.1,65.7,3169.4
2017-11-24,,168.1,2.2,23.7,59.3,3.2,68.9,17.4,7.2,61.5,9.7,307.9,111.9,26.5,42.0,22.8,215.1,69.1,,230.0,421.3,2.2,5.4,1.4,2.0,63.4,7.1,96.0,198.7,1.6,305.8,149.2,3.3,265.1,33.8,102.5,9.9,65.6,3180.8
2017-11-25,,166.3,2.2,23.7,58.6,3.1,68.3,17.3,7.2,58.6,9.1,305.1,119.4,26.3,42.6,22.4,199.6,68.9,,231.0,419.1,2.1,5.5,1.3,1.9,65.8,6.9,96.3,203.5,1.6,293.6,144.5,3.3,267.6,34.6,102.8,10.0,66.0,3156.100000000001
2017-11-26,,159.7,2.2,21.9,60.0,3.0,67.0,17.0,6.6,56.8,8.1,294.2,111.0,24.9,42.8,23.5,185.6,62.1,,229.5,409.1,2.3,5.9,1.4,1.9,66.2,6.2,95.2,201.4,1.3,264.4,140.1,3.2,262.3,31.2,96.0,9.6,65.3,3038.9
2017-11-27,,162.0,2.3,21.6,59.4,3.2,67.6,17.1,7.0,60.3,8.9,304.9,100.9,25.7,42.8,25.0,198.3,66.6,,231.5,423.7,2.3,6.1,1.4,1.9,74.4,6.4,95.6,202.0,1.4,261.3,143.1,4.3,264.1,33.8,97.2,9.3,66.6,3100.0000000000005
2017-11-30,,156.8,1.9,22.9,59.3,3.2,67.6,16.8,7.0,62.3,9.5,307.2,117.2,26.3,43.2,23.8,196.3,62.2,,234.9,424.1,2.4,6.0,1.4,1.9,67.8,6.1,103.3,204.3,1.5,240.0,142.2,3.2,264.4,34.8,99.0,10.6,67.2,3098.6000000000004
2017-12-01,,153.0,1.9,22.4,59.7,3.3,68.3,16.6,6.9,62.1,9.5,307.4,116.7,26.5,43.4,24.0,182.5,60.2,,236.1,414.7,2.1,5.9,1.4,2.1,68.2,6.1,101.8,199.1,1.3,230.9,148.1,3.2,269.6,33.8,96.4,9.6,66.8,3061.6
2017-12-02,,148.7,2.3,22.2,59.5,3.2,67.9,16.8,7.0,58.3,9.4,314.6,117.6,26.2,42.8,22.7,183.2,59.7,,236.0,412.1,2.5,5.8,1.3,2.0,66.4,6.0,103.5,201.7,1.5,232.8,146.8,3.2,277.4,33.9,93.6,10.3,66.9,3065.8
2017-12-03,,146.9,2.2,21.5,59.1,2.9,68.8,17.0,6.6,58.0,8.8,300.1,109.0,24.8,41.3,24.0,173.0,57.1,,230.5,404.2,2.4,5.7,1.5,2.2,66.1,5.6,96.4,200.4,1.4,220.1,141.4,3.1,258.7,31.6,89.1,9.1,66.3,2956.899999999999
2017-12-04,,152.9,2.2,22.2,61.3,3.2,69.2,16.7,7.0,60.3,8.8,300.8,112.5,26.0,42.6,23.3,186.3,64.2,,231.6,414.8,2.6,5.6,1.5,2.2,65.9,6.0,100.2,197.2,1.5,238.4,144.0,4.0,263.8,33.9,96.8,9.2,67.5,3046.2
2017-12-05,,156.7,2.2,22.5,63.0,3.3,70.4,16.4,7.0,62.2,8.5,258.3,114.1,26.7,42.3,22.3,189.7,65.8,,214.9,394.8,2.6,5.7,1.5,2.3,64.7,6.3,102.1,191.2,1.4,258.3,147.6,4.2,262.8,35.3,101.2,10.3,67.8,3006.3999999999996
2017-12-06,,158.9,2.2,22.4,61.0,3.3,66.6,17.0,7.2,62.9,9.7,253.0,115.6,26.9,42.2,24.2,192.6,65.8,,199.0,399.2,2.7,6.1,1.4,2.2,69.4,6.3,103.2,181.7,1.6,266.2,149.8,4.0,263.5,35.3,103.8,10.3,67.0,3004.2
2017-12-07,,156.8,2.2,23.7,59.4,3.3,69.5,17.5,7.2,61.6,9.7,279.1,117.0,26.7,44.5,23.9,196.1,66.8,,212.3,405.0,2.7,5.8,1.5,2.2,66.7,6.3,103.6,193.1,1.9,277.9,152.9,3.3,260.3,35.1,105.6,10.9,67.6,3079.7
2017-12-08,,160.2,2.1,23.3,62.2,3.3,70.9,17.4,7.3,62.3,9.9,293.5,118.0,27.1,43.7,23.3,200.8,68.0,,224.5,401.2,2.4,6.1,1.6,2.5,62.5,6.4,105.9,196.7,1.5,278.9,154.2,3.4,271.2,74.3,102.4,11.4,67.9,3168.2999999999997
2017-12-09,,156.8,2.2,23.2,61.9,3.2,69.3,17.5,7.1,60.0,9.9,286.9,116.9,26.9,45.8,23.6,201.4,67.7,,226.8,409.2,2.3,6.0,1.6,2.2,63.5,6.6,103.2,196.9,1.7,280.8,151.6,3.4,263.4,34.9,102.4,9.8,67.2,3113.7999999999997
2017-12-10,,157.8,2.3,21.9,63.9,2.9,68.7,17.4,6.5,56.0,9.3,281.9,109.2,25.4,42.6,22.7,187.6,61.9,,229.4,404.0,2.4,5.3,1.5,2.1,65.9,6.0,94.6,203.8,1.7,262.2,152.1,2.9,270.2,32.5,98.2,8.6,65.8,3047.2000000000007
2017-12-11,,159.3,2.3,23.2,63.2,3.3,72.2,17.3,7.0,60.8,9.2,295.9,103.2,26.2,36.4,23.4,198.7,66.9,,229.4,413.5,2.4,5.3,1.5,2.3,66.9,6.6,88.4,190.9,1.4,283.3,154.5,3.2,267.1,33.9,103.9,10.0,65.6,3098.6000000000004
2017-12-12,,160.9,2.2,23.1,63.2,3.4,70.8,17.4,7.2,61.8,9.3,295.4,90.9,23.3,32.5,24.0,207.2,67.5,,224.4,416.6,2.8,5.4,1.5,2.2,67.7,6.5,88.4,189.2,1.5,289.9,153.6,3.3,249.7,29.9,105.4,4.1,65.4,3067.6
2017-12-13,,167.7,2.3,23.7,63.4,3.5,72.9,16.7,7.2,63.9,9.4,293.5,109.5,26.4,43.3,23.7,207.3,66.9,,232.5,418.1,2.9,5.8,1.5,2.3,66.8,6.6,92.4,199.7,1.5,295.2,156.9,4.0,268.9,35.1,107.6,11.6,65.4,3176.1000000000004
2017-12-14,,167.3,2.1,23.4,62.6,3.5,73.7,17.4,7.1,64.5,10.6,287.2,108.8,28.1,39.7,24.4,205.5,67.1,,229.9,418.6,2.7,5.4,1.7,2.5,67.2,7.1,94.4,199.9,1.5,298.6,164.1,3.9,270.9,34.9,109.7,10.8,65.1,3181.9
2017-12-15,,163.8,2.3,22.9,63.6,3.6,73.8,17.4,7.0,66.6,9.2,298.0,114.4,27.8,40.9,23.4,200.9,67.2,,232.7,413.5,2.5,6.1,1.6,2.3,67.5,7.0,91.8,198.0,1.6,292.4,166.1,3.3,272.9,35.2,111.1,11.3,65.0,3184.7
2017-12-16,,163.1,2.0,23.5,61.9,3.6,70.8,11.6,7.2,63.6,9.2,299.8,116.7,28.0,40.3,24.3,197.2,67.0,,231.8,413.7,2.5,6.3,1.7,2.4,68.2,6.7,95.9,193.8,1.6,279.4,160.4,3.4,288.0,36.5,108.0,11.6,66.9,3168.6000000000004
2017-12-17,,158.6,2.2,21.8,62.5,3.2,70.8,17.1,6.9,61.5,9.2,296.8,111.8,26.3,44.5,24.3,187.0,59.9,,231.3,401.7,2.3,6.0,1.6,2.7,74.4,6.0,88.9,196.4,1.4,263.9,158.9,2.9,292.3,32.6,94.1,11.5,66.7,3100.0
2017-12-18,,162.1,2.2,22.5,65.3,3.5,74.5,17.3,7.0,65.1,8.8,304.8,117.6,26.8,40.6,24.6,197.9,64.9,,229.6,411.2,2.5,5.4,1.6,2.3,68.1,6.5,94.2,198.4,1.7,279.5,165.2,3.9,283.4,35.6,100.3,11.5,65.4,3171.8000000000006
2017-12-19,,160.0,2.1,23.4,66.1,3.5,71.3,17.2,4.9,65.4,7.8,303.6,123.2,27.1,44.1,24.2,198.9,64.5,,231.5,406.8,2.5,6.5,1.7,2.3,66.6,6.7,98.3,204.4,1.4,286.8,164.5,3.3,287.5,36.2,101.0,11.0,68.4,3194.7000000000003
2017-12-20,,157.5,2.0,23.0,66.0,3.5,70.2,17.3,6.2,66.6,8.8,301.8,125.2,25.3,43.8,24.0,201.2,66.7,,234.1,411.2,2.4,6.5,1.8,2.4,64.0,5.7,102.9,207.1,1.5,288.3,165.1,3.5,293.4,36.5,102.8,10.8,68.0,3217.1
2017-12-21,,160.7,2.1,22.6,64.0,3.5,72.2,17.5,6.4,65.9,9.2,305.1,125.8,27.0,43.1,24.4,203.1,67.2,,229.7,412.1,2.4,6.4,1.6,2.3,66.7,6.5,102.7,208.9,1.4,288.2,167.5,4.3,292.6,35.6,101.7,10.1,68.2,3228.7000000000007
2017-12-22,,161.5,1.9,22.3,66.8,3.5,73.5,17.2,7.1,66.8,9.2,308.3,125.9,27.8,43.6,24.7,206.1,67.9,,230.2,410.0,2.6,6.6,1.6,2.3,65.4,6.6,104.5,206.1,1.6,285.0,166.1,4.6,295.4,36.1,100.8,10.5,68.1,3238.2
2017-12-23,,162.1,2.2,22.8,62.1,3.3,71.2,17.1,6.4,62.2,9.4,306.1,125.9,27.8,44.5,23.8,201.4,66.4,,231.9,407.7,2.8,6.1,1.8,2.6,73.9,6.7,100.5,208.3,1.5,281.8,163.8,3.6,289.0,35.1,95.9,11.3,67.8,3206.7999999999997
2017-12-24,,156.0,2.3,22.8,63.9,3.0,71.4,17.2,6.7,59.8,9.4,298.5,117.7,26.4,42.4,22.7,190.1,60.4,,229.0,397.0,2.6,6.7,1.7,2.2,74.1,5.9,101.6,206.7,1.4,265.1,157.4,3.5,285.6,36.2,90.8,10.3,67.3,3115.7999999999997
2017-12-25,,160.5,2.3,22.4,67.5,3.1,72.9,17.2,7.0,61.9,9.4,306.3,123.2,27.4,44.0,23.8,196.3,58.9,,230.3,402.6,2.7,6.2,1.7,2.0,73.0,6.0,103.3,209.6,1.6,272.9,160.9,3.8,282.1,34.7,91.4,9.5,66.2,3164.5999999999995
2017-12-26,,159.4,2.3,23.1,67.1,3.4,74.9,17.2,7.0,64.5,8.6,308.5,125.2,27.3,46.0,22.4,200.7,65.6,,231.2,413.1,2.7,5.5,1.7,2.1,69.1,6.5,109.1,217.4,1.7,288.4,164.4,3.3,291.8,36.0,93.0,9.5,68.2,3237.9
2017-12-27,,163.0,2.2,22.8,65.1,3.4,73.2,17.6,7.2,65.6,9.2,301.4,125.2,28.1,49.5,24.0,203.1,66.7,,228.9,411.6,2.7,6.3,1.7,2.1,75.8,6.6,108.8,214.3,1.8,290.5,166.2,3.1,290.3,36.3,93.4,7.1,66.8,3241.6
2017-12-28,,161.4,2.0,22.8,65.0,3.4,72.5,17.6,7.1,65.5,9.0,310.0,123.2,27.3,46.0,23.7,201.4,65.5,,229.7,406.8,2.7,6.2,1.8,2.1,76.8,6.2,107.8,214.7,1.7,289.6,165.2,3.6,291.6,35.9,89.2,6.9,68.5,3230.4
2017-12-29,,163.2,2.2,22.7,65.2,3.5,73.8,17.4,7.1,65.8,8.4,296.4,124.1,27.8,45.5,24.0,205.7,63.8,,229.7,403.6,2.7,6.3,1.8,2.4,75.6,6.3,107.6,212.4,1.5,293.7,179.6,3.5,287.9,36.2,88.8,8.9,67.5,3232.6000000000004
2017-12-30,,164.2,2.1,22.1,63.4,3.3,72.6,17.5,7.1,62.1,9.0,306.7,123.3,27.3,45.7,24.1,203.8,63.2,,226.9,403.6,2.6,5.8,1.9,2.5,71.1,6.3,108.7,209.9,1.4,288.1,191.8,3.9,281.9,35.7,90.0,7.1,66.9,3223.6000000000004
2017-12-31,,161.2,2.0,21.7,69.8,3.0,71.8,16.7,6.4,60.1,9.2,293.4,112.6,26.0,46.1,22.8,193.5,58.7,,222.4,388.9,2.7,6.2,1.8,2.2,68.3,5.6,103.6,204.3,1.4,275.7,187.6,3.2,274.0,34.1,85.2,7.3,66.4,3115.8999999999996
2018-01-01,,153.6,2.0,21.3,74.4,3.5,71.7,15.9,5.6,63.7,9.2,283.1,109.4,26.5,46.7,23.8,197.1,64.0,,223.0,386.5,2.6,5.9,1.7,2.4,68.6,5.9,105.4,202.8,1.3,277.3,184.8,3.3,281.9,34.5,87.3,8.7,67.1,3122.5
2018-01-02,,164.1,2.3,22.7,70.4,3.6,73.0,16.6,6.6,65.7,9.2,291.9,116.9,26.6,46.0,24.7,205.0,65.8,,222.6,414.2,2.6,6.1,1.7,2.5,65.8,6.6,98.4,206.1,1.9,296.6,185.5,3.1,289.0,35.9,87.9,7.9,63.3,3208.7999999999997
2018-01-03,,179.9,2.1,22.1,67.5,3.7,71.7,17.3,7.2,68.0,9.3,293.3,122.3,27.9,46.5,27.7,208.5,65.9,,220.9,440.4,2.7,6.3,1.9,2.2,68.0,6.6,109.4,207.5,1.9,301.5,184.4,3.2,295.4,36.1,92.1,8.4,68.3,3298.1
2018-01-04,,164.1,2.2,22.7,70.7,3.8,71.0,17.4,7.2,67.5,9.2,297.1,122.6,27.7,46.6,24.1,209.0,66.1,,223.9,409.9,2.8,6.3,1.8,2.3,67.4,6.1,107.6,214.6,1.9,301.4,182.4,3.1,289.8,37.8,96.6,9.0,67.7,3261.4000000000005
2018-01-05,,163.3,2.2,21.4,69.0,3.8,72.0,17.4,7.1,72.0,9.3,301.4,125.1,28.0,46.5,21.3,210.1,66.0,,225.7,406.8,2.8,6.4,1.8,2.2,67.5,6.3,108.0,212.4,2.0,301.4,183.1,3.4,292.6,38.0,98.5,9.4,68.8,3273.0
2018-01-06,,163.9,2.2,22.4,72.0,3.7,71.2,17.4,7.2,66.7,9.0,297.0,123.4,28.0,46.2,23.5,206.9,65.4,,225.9,407.2,2.8,6.3,1.7,2.3,66.3,6.4,104.0,211.7,1.5,290.0,179.6,4.0,301.5,38.4,94.8,8.7,69.2,3248.4000000000005
2018-01-07,,162.1,2.3,22.0,72.3,3.3,71.9,17.1,5.8,64.6,8.4,285.8,108.8,25.4,45.6,22.9,194.8,59.7,,224.1,394.5,2.8,5.4,1.7,2.1,62.6,5.7,100.3,209.8,1.3,273.9,176.9,3.9,299.0,36.0,90.9,9.3,69.8,3142.7999999999997
2018-01-08,,162.2,2.3,22.8,71.5,3.7,73.3,17.3,7.0,68.6,9.2,296.2,123.3,26.6,46.7,24.8,202.6,64.2,,225.2,405.2,2.8,6.7,1.8,2.0,68.5,6.0,105.4,209.3,1.6,288.9,177.8,3.5,305.3,38.3,103.3,8.7,69.2,3251.8
2018-01-09,,165.2,2.2,23.6,73.9,3.8,73.4,17.6,7.2,68.9,9.2,299.4,128.5,27.6,47.1,24.5,204.7,64.7,,227.1,409.3,2.7,6.4,1.8,2.1,67.7,6.3,108.2,211.5,1.6,292.5,179.7,3.4,310.5,39.2,111.5,9.9,70.8,3303.7000000000003
2018-01-10,,165.6,2.2,23.8,74.7,3.8,73.6,17.4,7.3,69.3,9.2,302.2,129.9,27.9,45.5,24.6,206.6,66.2,,227.0,413.4,2.7,6.5,1.9,2.0,70.2,6.5,108.7,216.9,1.8,279.8,180.7,3.5,309.9,39.9,113.2,8.8,69.0,3312.2
2018-01-11,,167.3,2.3,22.7,74.6,3.8,73.0,17.8,7.3,68.5,8.4,303.6,127.1,28.1,46.7,22.8,211.5,68.0,,225.4,416.0,2.8,6.0,1.8,2.2,77.6,6.7,105.6,217.5,1.7,277.7,180.1,3.5,307.9,39.8,112.5,9.4,69.7,3317.4
2018-01-12,,172.6,2.3,24.0,73.4,3.7,74.4,17.7,7.4,69.3,8.4,307.9,125.3,28.3,46.4,22.8,213.5,68.9,,227.7,415.7,2.7,6.4,1.8,2.2,77.8,6.5,105.9,219.7,1.8,292.4,180.6,3.7,309.2,39.8,113.9,10.8,70.7,3355.6
2018-01-13,,170.0,2.3,23.9,74.0,3.5,78.1,17.2,7.5,63.5,10.1,303.8,126.4,27.8,47.4,22.8,210.0,68.8,,225.7,420.8,2.6,6.4,1.8,2.2,79.8,6.7,102.5,213.0,1.6,284.2,183.6,3.5,310.6,38.9,112.7,9.7,70.5,3333.9
2018-01-14,,166.9,2.3,22.2,80.9,3.2,72.2,16.7,6.3,61.7,8.3,244.4,116.2,25.5,45.2,24.3,196.9,61.8,,220.5,410.9,2.6,6.4,1.8,2.1,77.3,5.7,94.0,206.2,1.0,239.9,171.7,3.9,301.5,36.9,104.5,10.1,69.7,3121.7
2018-01-15,,158.2,2.3,23.0,72.8,3.7,73.6,17.1,7.0,65.5,9.5,269.0,126.0,26.6,46.3,23.9,200.4,66.4,,218.6,432.0,3.0,6.3,1.8,2.0,71.1,5.2,102.8,207.6,1.8,229.5,165.1,3.5,300.8,38.0,107.8,9.5,69.2,3166.9
2018-01-16,,155.8,2.3,23.5,73.7,3.6,74.1,17.6,5.3,65.5,9.9,300.5,125.6,27.8,46.8,24.4,210.5,67.1,,219.2,438.4,2.9,6.7,1.8,2.0,77.6,5.2,106.5,187.4,1.7,249.8,171.8,3.5,306.0,39.6,109.5,9.8,70.5,3243.9
2018-01-17,,160.1,2.2,23.4,73.2,3.6,72.4,17.7,7.3,68.1,9.9,305.2,125.9,28.2,47.0,24.5,210.6,67.4,,221.1,432.5,2.7,6.3,1.7,1.9,75.6,6.1,108.3,213.5,1.6,269.3,177.7,3.4,306.9,38.4,110.9,9.0,70.6,3304.2
2018-01-18,,166.2,2.1,23.8,73.8,3.5,73.5,17.8,7.5,67.3,9.9,309.5,123.4,28.1,46.6,24.9,210.4,66.9,,222.4,430.8,2.7,6.2,1.8,1.9,74.4,6.2,107.2,213.9,1.8,282.0,178.5,3.3,299.4,41.5,109.1,7.7,69.5,3315.5000000000005
2018-01-19,,166.5,2.2,23.5,74.6,3.5,72.9,17.3,7.4,66.8,9.5,307.5,124.7,27.8,46.6,25.2,209.4,66.0,,223.8,421.8,2.7,5.5,1.7,1.8,75.4,6.5,113.1,214.5,1.9,274.1,181.6,3.4,302.8,37.4,108.4,8.8,70.5,3307.1
2018-01-20,,166.3,2.2,23.8,75.4,3.4,75.0,17.7,7.4,64.3,9.7,307.3,126.5,27.9,46.1,22.5,210.6,65.1,,223.7,421.6,2.6,5.4,1.4,1.7,79.3,6.5,109.4,212.7,1.6,281.4,179.2,3.6,301.5,39.5,104.3,9.3,71.3,3307.2000000000003
2018-01-21,,159.6,2.2,23.0,70.2,3.1,74.3,17.4,7.0,62.0,8.6,294.8,116.8,25.4,46.8,26.0,196.9,60.5,,220.5,409.5,2.7,6.0,1.7,1.7,74.0,5.9,103.3,211.6,1.6,267.4,174.6,3.6,294.1,36.1,102.1,9.1,70.5,3190.6
2018-01-22,,163.9,2.0,22.8,79.6,3.4,73.5,17.7,7.2,65.0,9.3,303.0,123.1,27.2,44.4,24.6,205.8,66.3,,220.9,422.3,2.7,6.2,1.8,1.9,74.6,6.4,111.4,207.1,1.2,281.1,177.4,3.7,300.1,38.3,105.0,10.5,70.4,3281.8000000000006
2018-01-23,,165.4,2.0,23.1,74.5,3.8,72.5,18.5,7.4,65.3,9.3,303.2,111.8,28.2,43.5,24.9,210.3,67.0,,218.2,425.7,2.7,6.0,1.7,2.0,75.0,6.5,100.4,209.5,1.1,291.3,179.7,3.7,277.6,35.8,110.1,10.4,70.1,3258.2
2018-01-23,,165.4,2.0,23.1,74.5,3.8,72.5,18.5,7.4,65.3,9.3,303.2,111.8,28.2,43.5,24.9,210.3,67.0,,218.2,425.7,2.7,6.0,1.7,2.0,75.0,6.5,100.4,209.5,1.1,291.3,179.7,3.7,277.6,35.8,110.1,10.4,70.1,3258.2
2018-01-24,,167.7,1.9,23.1,69.5,3.7,73.0,16.9,7.4,68.6,9.3,298.0,111.6,27.6,43.8,22.3,210.2,66.8,,216.4,416.1,2.7,5.4,1.7,2.0,74.9,6.7,100.6,211.3,1.6,293.0,179.9,3.5,267.6,35.7,111.9,10.3,70.9,3233.6
2018-01-25,,167.6,1.9,22.6,66.5,3.6,73.5,17.8,7.0,68.2,9.3,298.1,115.6,27.6,44.8,22.7,203.6,67.6,,214.9,418.3,2.6,5.8,1.8,1.8,74.9,6.7,96.9,214.8,1.4,289.1,181.3,3.3,291.1,37.5,110.9,10.1,69.2,3250.4000000000005
2018-01-26,,165.5,1.9,22.1,74.2,3.4,72.1,14.6,4.8,57.7,9.3,281.7,103.7,24.4,50.6,24.9,198.1,64.5,,213.4,369.9,2.6,5.5,1.9,1.8,75.8,5.8,94.8,212.7,1.4,269.2,175.0,3.2,282.7,33.3,102.8,10.3,68.9,3104.4999999999995
2018-01-27,,168.0,2.1,22.6,68.5,3.6,72.4,15.9,6.0,65.1,10.2,290.8,111.4,26.4,46.1,23.5,202.6,66.0,,213.4,398.2,2.5,5.7,1.9,1.7,73.8,6.3,101.9,213.5,1.8,279.0,177.7,3.2,288.9,35.3,107.1,9.7,68.2,3190.9999999999995
2018-01-28,,164.5,2.0,21.8,67.7,3.4,70.6,17.4,6.9,63.2,9.8,288.4,109.3,25.9,44.0,23.8,200.7,61.4,,212.4,403.0,2.7,5.7,1.7,1.8,80.5,5.9,93.4,212.7,1.5,265.3,174.6,3.8,287.9,35.7,103.7,10.0,68.1,3151.2
2018-01-29,,166.8,1.9,22.2,69.2,3.7,74.1,17.5,7.3,67.4,9.6,297.1,115.5,26.7,46.7,23.8,207.6,66.5,,213.4,417.7,2.6,5.5,1.7,2.0,77.5,6.3,101.2,209.1,1.9,281.2,176.7,3.6,295.9,37.5,105.9,10.1,69.1,3242.4999999999995
2018-01-30,,169.2,2.3,22.1,69.5,3.6,74.4,17.7,7.4,66.5,9.9,301.7,117.9,27.0,45.7,23.9,209.6,67.8,,215.9,421.0,2.6,5.6,1.8,2.0,73.2,6.6,101.5,215.3,1.5,284.0,183.7,3.8,288.4,36.4,115.0,9.7,65.3,3269.5000000000005
2018-01-31,,168.2,2.4,22.8,69.6,3.5,73.1,17.4,7.3,66.5,9.7,297.9,118.5,27.5,46.5,22.0,211.4,67.9,,214.6,418.1,2.7,5.8,1.9,2.0,73.5,6.6,106.1,214.1,1.6,290.0,181.8,4.1,288.8,37.7,118.7,9.4,67.2,3276.9
2018-02-01,,163.6,2.4,23.7,66.7,3.5,73.8,17.4,7.1,64.8,10.0,302.2,121.5,26.8,44.7,22.9,207.9,67.1,,215.7,419.0,2.8,5.8,1.8,2.0,73.9,6.5,105.8,208.2,2.0,286.5,182.4,3.8,296.1,35.2,123.2,9.6,67.7,3274.1000000000004
2018-02-02,,164.7,2.4,23.9,67.4,3.5,76.0,17.6,7.1,64.8,10.0,302.2,122.1,26.5,43.3,22.3,214.8,66.7,,215.7,419.0,2.6,5.9,1.8,1.9,77.3,6.6,108.2,208.4,1.7,285.2,185.2,3.6,295.7,36.8,122.5,10.3,67.6,3291.3
2018-02-03,,167.6,2.4,23.8,69.7,3.3,77.9,17.1,7.2,61.0,10.0,299.8,125.0,27.2,42.2,24.7,207.2,65.4,,215.9,424.8,2.6,6.0,1.9,2.0,75.0,6.6,109.2,213.3,1.8,278.6,186.2,3.6,293.3,36.0,120.1,9.8,67.9,3286.1
2018-02-04,,163.1,2.4,23.4,64.9,3.0,73.3,17.2,6.8,59.7,9.6,288.4,118.5,25.3,40.8,26.0,190.5,60.6,,212.7,412.4,2.5,5.3,1.7,2.0,78.4,5.8,104.7,208.8,1.7,261.2,180.7,3.6,291.5,34.2,113.3,9.7,67.5,3171.2
2018-02-05,,166.0,2.4,23.1,68.0,3.4,74.0,17.3,7.1,63.8,9.6,292.5,123.4,26.5,43.4,24.6,205.3,67.2,,212.4,424.7,2.6,5.5,1.8,2.0,76.6,6.4,109.0,211.7,1.8,278.9,180.9,3.7,293.4,35.7,115.1,10.1,67.9,3257.8
2018-02-06,,166.7,2.4,23.5,68.2,3.3,73.6,17.9,7.0,63.8,9.6,292.8,123.9,26.9,45.6,23.9,213.8,69.6,,212.8,432.5,2.5,5.6,1.7,2.1,77.8,6.7,110.4,210.5,1.6,291.6,183.8,3.7,300.4,36.5,118.1,9.6,67.7,3308.0999999999995
2018-02-07,,168.4,2.4,23.7,67.4,3.4,75.7,17.8,7.3,65.2,9.3,292.1,125.7,27.8,44.9,24.0,210.3,68.3,,208.0,427.7,2.5,5.7,1.7,2.3,81.5,6.8,111.0,206.2,1.4,293.3,183.0,4.2,298.9,35.7,119.4,9.9,69.1,3301.999999999999
2018-02-08,,167.8,2.3,23.3,66.7,3.4,75.4,17.8,7.4,65.5,9.5,298.8,129.0,27.3,45.5,23.9,206.9,69.4,,207.2,427.7,2.6,5.1,1.7,2.1,82.8,6.9,118.5,203.4,1.6,273.6,182.7,4.0,297.9,35.1,118.5,10.6,68.0,3289.8999999999996
2018-02-09,,170.3,2.4,22.8,67.3,3.4,77.3,17.5,7.4,66.5,9.7,298.8,130.7,28.1,45.8,22.9,209.2,68.9,,209.8,411.0,2.7,5.4,1.6,2.3,79.0,7.0,128.1,208.1,1.8,286.3,188.9,3.7,298.1,37.1,119.4,10.2,69.7,3319.2
2018-02-10,,171.2,2.4,22.8,67.6,3.2,77.0,17.8,7.4,62.2,9.7,299.1,129.4,26.2,45.7,23.0,202.4,69.2,,207.1,414.7,2.6,5.5,1.7,2.1,81.0,7.0,129.8,208.7,1.7,286.7,187.3,3.7,299.1,36.4,118.9,8.8,70.2,3309.2999999999997
2018-02-11,,169.4,2.0,21.8,68.9,3.0,69.0,17.5,7.0,60.6,9.7,287.2,118.4,25.9,20.2,23.6,192.2,64.7,,182.9,385.5,2.5,5.2,1.6,2.0,79.1,6.3,111.0,205.4,1.5,267.5,181.0,3.3,274.4,33.8,108.5,11.3,69.1,3092.9999999999995
2018-02-12,,172.4,2.2,22.9,66.6,3.3,61.9,17.6,7.0,63.7,9.1,294.8,103.5,25.4,31.4,23.7,206.9,70.4,,161.7,395.2,2.7,5.3,1.5,2.0,79.2,6.6,86.0,218.4,1.8,285.2,186.0,3.3,255.4,33.0,116.8,11.3,69.4,3103.6000000000004
2018-02-13,,172.1,2.2,24.0,66.6,3.3,65.6,17.4,5.8,63.7,9.6,286.3,116.2,26.8,39.7,23.5,214.5,70.3,,165.9,401.4,2.4,5.3,1.6,2.0,76.4,6.9,96.3,206.2,1.6,293.9,189.3,3.4,257.7,36.6,121.8,12.4,68.2,3156.8999999999996
2018-02-14,,170.0,2.4,23.3,66.2,3.2,62.1,17.5,6.6,64.0,9.5,287.9,119.2,27.0,40.4,21.6,210.7,70.7,,168.6,404.4,2.5,5.7,1.5,1.9,75.7,6.9,106.4,208.6,1.2,295.8,186.4,3.8,266.3,35.6,123.2,12.2,68.2,3177.2000000000003
2018-02-15,,169.3,2.3,22.3,67.2,3.4,69.3,17.7,7.3,63.1,9.7,298.8,119.7,27.6,41.0,22.3,211.2,71.2,,175.7,416.2,2.4,5.6,1.6,2.3,78.6,7.0,107.6,202.4,1.0,301.0,191.7,3.9,274.4,37.8,121.9,12.3,69.3,3236.1
2018-02-16,,172.1,1.4,22.7,69.4,3.3,71.3,17.6,7.4,64.8,9.5,305.1,122.5,27.8,45.6,21.0,214.5,72.2,,182.1,418.1,2.4,6.4,1.5,2.3,71.0,7.1,109.9,209.3,1.2,311.6,195.2,4.1,283.9,35.2,119.3,11.5,69.2,3289.5000000000005
2018-02-17,,173.4,1.9,23.2,67.2,3.2,71.9,17.4,6.8,60.7,9.9,304.3,119.9,27.0,44.6,22.0,214.2,71.5,,182.1,422.4,2.5,5.2,1.7,2.1,69.9,6.9,111.2,210.3,1.6,305.4,195.6,3.4,281.8,36.3,121.4,11.4,71.4,3281.7
2018-02-18,,173.2,1.9,22.3,68.4,2.9,72.1,17.3,6.8,58.4,9.9,293.9,111.8,25.1,44.4,22.1,203.7,65.8,,183.7,409.9,2.4,5.5,1.3,2.0,76.2,6.5,105.5,208.3,1.2,284.5,194.4,3.4,274.5,33.5,115.7,11.6,69.0,3189.1000000000004
2018-02-19,,174.4,2.3,23.0,66.6,3.1,71.4,17.6,7.1,61.1,9.9,304.6,118.3,25.8,44.2,22.0,213.1,70.8,,184.7,428.7,2.6,5.6,1.5,2.2,79.0,6.9,109.4,198.9,1.5,301.4,200.6,3.4,283.1,34.7,122.6,9.7,68.3,3280.0999999999995
2018-02-20,,176.3,2.3,23.0,67.0,3.2,74.3,17.6,7.4,61.7,9.2,308.5,121.3,25.4,44.9,22.3,217.1,71.4,,187.2,438.2,2.5,5.4,1.8,2.0,80.1,7.0,112.7,206.7,1.7,313.4,201.6,3.8,288.2,37.3,126.9,11.9,69.4,3350.7000000000007
2018-02-21,,173.7,2.3,24.1,67.3,3.2,73.9,17.9,7.4,61.8,9.1,307.8,120.4,26.8,45.4,22.4,219.5,72.1,,190.4,438.8,2.5,5.5,1.7,2.0,82.7,7.2,109.6,204.7,1.8,314.5,201.7,3.4,291.7,34.8,124.3,12.1,69.9,3354.4
2018-02-22,,177.0,2.4,23.2,67.4,3.2,76.8,17.9,7.4,62.4,9.3,315.1,120.5,27.0,46.0,22.8,220.8,72.2,,194.4,446.0,2.6,5.8,1.7,2.0,79.8,7.1,121.4,209.4,1.6,314.6,202.2,3.7,281.7,35.5,123.8,10.0,68.8,3383.5
2018-02-23,,177.3,1.7,22.4,72.8,3.2,78.0,17.2,7.5,63.9,9.2,315.1,122.0,27.0,44.6,23.0,222.5,71.9,,197.3,441.2,2.6,6.1,1.9,2.0,78.9,7.0,116.5,209.2,1.5,316.5,206.8,4.1,278.9,35.8,124.0,9.8,69.4,3388.7999999999997
2018-02-24,,170.1,2.0,23.0,68.5,3.0,77.7,17.7,6.3,60.7,9.7,315.5,119.7,26.6,43.1,22.9,221.5,70.9,,199.1,441.0,2.4,5.8,1.4,2.0,81.7,7.6,99.2,210.0,1.6,310.0,207.3,3.7,288.3,35.4,125.5,9.4,68.7,3359.0000000000005
2018-02-25,,173.9,2.1,22.6,70.0,2.7,78.0,17.6,6.8,58.1,8.8,307.4,112.6,22.6,42.5,22.4,213.6,66.7,,251.4,427.2,2.4,5.5,1.3,2.0,77.4,7.3,103.8,200.7,1.6,285.5,202.7,3.4,284.1,32.0,117.2,9.7,67.4,3311.0000000000005
2018-02-26,,173.9,2.3,21.3,69.8,3.4,78.4,17.7,7.4,61.2,8.8,320.0,121.7,24.8,43.2,19.4,218.6,72.4,,195.3,445.3,2.4,5.3,1.5,2.1,79.2,7.1,115.6,206.2,1.6,302.9,210.5,3.1,288.8,34.7,120.1,9.5,66.4,3361.9
2018-02-27,,173.0,2.3,22.0,70.0,3.1,77.5,17.9,7.5,65.2,8.8,325.1,124.8,26.2,43.4,22.3,220.9,74.0,,198.3,452.7,2.4,5.1,1.5,2.1,77.4,7.4,118.0,206.5,1.8,314.7,211.6,3.4,295.5,34.0,134.1,10.3,67.7,3428.4999999999995
2018-02-28,,178.6,2.3,23.1,70.7,3.2,80.4,17.5,7.7,63.4,9.6,324.5,125.2,27.0,43.0,23.5,221.6,74.6,,201.5,454.9,2.4,5.1,1.3,2.0,82.0,7.2,116.1,210.5,1.6,317.0,213.2,3.7,300.3,33.3,133.9,10.1,68.3,3460.2999999999997
2018-03-01,,179.3,1.9,23.4,71.8,3.0,79.3,17.3,7.3,59.6,9.9,306.3,123.8,25.8,42.7,24.2,225.9,75.1,,201.0,454.8,2.2,5.2,1.5,1.9,78.2,7.2,121.3,203.7,1.6,315.7,210.9,3.6,307.7,33.2,122.9,9.9,67.3,3426.3999999999996
2018-03-02,,170.5,1.9,20.5,74.0,2.5,68.5,11.3,3.8,46.1,8.3,241.6,101.2,18.2,38.3,23.3,223.2,73.7,,185.1,409.3,2.4,5.6,1.5,2.1,75.7,6.7,91.2,181.1,1.1,309.5,203.1,3.4,301.6,25.3,122.6,10.2,59.1,3123.5000000000005
2018-03-03,,173.4,2.0,17.5,68.7,2.9,70.9,12.9,5.0,53.2,9.1,275.4,103.7,20.7,41.8,22.8,225.1,73.6,,184.7,441.3,2.2,5.3,1.4,2.1,83.4,6.9,94.6,184.3,0.8,309.4,206.2,3.8,269.3,26.6,122.2,10.3,60.4,3193.9000000000005
2018-03-04,,173.7,2.3,20.1,70.1,2.7,77.9,16.1,6.8,55.6,8.4,297.8,108.8,23.6,43.0,23.7,213.7,68.0,,255.5,438.8,2.1,5.8,1.3,2.3,83.3,6.6,107.0,186.3,1.1,292.7,206.6,3.8,270.0,32.6,116.7,8.8,63.7,3297.300000000001
2018-03-05,,176.0,2.2,22.4,72.9,3.0,78.2,17.3,7.3,60.7,10.1,313.4,122.3,25.7,41.6,23.4,224.1,74.9,,187.1,450.5,2.3,5.5,1.3,1.9,81.5,7.1,119.1,186.8,1.5,310.7,212.1,3.8,270.4,33.0,136.3,9.6,66.0,3362.0000000000005
2018-03-06,,178.1,1.3,19.1,68.1,3.1,80.3,17.7,7.4,61.9,10.1,317.3,126.5,25.4,43.6,23.5,229.6,76.9,,188.8,461.9,2.0,5.0,1.4,2.0,80.2,7.2,125.5,194.1,1.6,318.9,217.9,3.5,274.8,34.0,136.9,9.7,67.7,3423.0
2018-03-07,,173.8,2.0,22.7,70.4,3.1,81.9,17.8,7.6,62.8,10.1,317.3,129.2,25.7,43.9,24.1,227.3,77.4,,188.1,458.6,2.3,5.1,1.4,1.9,77.7,7.2,125.9,205.4,1.6,320.0,218.9,3.6,282.6,34.6,137.1,9.8,65.2,3444.1
2018-03-08,,180.8,1.8,22.2,72.2,3.0,81.8,17.8,7.6,64.1,10.2,322.2,123.4,25.9,45.0,23.5,226.9,77.5,,180.9,462.7,2.3,5.1,1.5,2.2,77.9,7.2,127.6,209.8,1.6,322.4,217.4,4.4,276.2,33.9,146.7,8.5,66.9,3461.0999999999995
2018-03-09,,179.0,2.0,22.4,73.4,3.1,83.0,17.7,7.4,65.2,9.9,322.9,128.4,26.5,44.1,23.1,236.0,77.7,,183.8,453.3,2.3,5.1,1.4,2.1,77.3,7.4,126.3,208.4,1.3,317.0,220.2,3.9,272.2,35.1,144.6,9.1,66.3,3458.8999999999996
2018-03-10,,179.6,2.0,22.0,71.5,3.0,81.2,17.6,7.5,61.2,10.0,321.5,128.5,26.5,42.3,21.8,234.8,77.1,,186.7,458.4,2.4,5.1,1.5,2.1,77.0,6.7,133.0,204.1,1.7,307.3,216.2,3.7,269.3,33.9,143.7,9.9,66.7,3437.499999999999
2018-03-11,,171.7,2.0,19.6,73.3,2.8,81.4,17.5,7.1,59.9,9.1,308.6,130.0,24.8,42.3,20.6,219.1,69.6,,184.1,440.1,2.2,5.0,1.5,2.4,76.6,6.7,130.9,198.3,1.1,288.9,211.4,3.8,289.7,32.4,137.3,10.7,68.3,3350.8000000000006
2018-03-12,,180.7,2.1,22.3,73.4,3.2,83.5,17.7,7.3,65.5,9.1,318.3,135.1,24.9,42.4,23.3,232.3,76.0,,186.6,457.2,2.3,5.3,1.6,2.0,78.0,7.3,131.7,196.5,1.1,310.7,214.3,4.0,296.0,34.2,143.3,6.6,66.5,3462.2999999999997
2018-03-13,,182.8,2.2,22.0,72.8,3.2,84.1,17.8,7.5,67.2,9.1,319.5,137.1,25.1,43.4,23.8,234.4,75.9,,187.2,465.5,2.1,5.3,1.6,2.1,78.1,7.5,136.2,199.9,1.4,314.4,216.7,3.8,288.4,35.1,152.8,10.1,66.4,3502.5
2018-03-14,,183.9,2.2,22.9,75.8,3.3,85.8,17.8,7.4,68.9,10.9,316.9,133.1,25.8,42.7,24.5,231.8,72.8,,186.7,462.8,2.2,5.2,1.6,2.0,86.4,7.6,137.1,195.5,1.5,314.8,220.4,3.7,287.1,35.6,148.3,10.1,65.8,3500.8999999999996
2018-03-15,,184.6,2.0,22.6,76.2,3.2,86.3,17.8,7.5,69.7,10.9,322.4,131.2,26.3,40.9,24.5,214.1,72.5,,180.5,459.9,2.2,5.1,1.6,2.0,89.0,7.7,132.4,195.1,1.5,320.0,220.6,4.1,293.9,34.5,151.9,10.1,64.7,3489.4999999999995
2018-03-16,,181.4,2.2,20.7,73.2,3.2,81.5,17.4,7.4,69.9,9.2,326.2,134.8,26.6,42.2,25.0,196.9,73.9,,181.5,435.4,2.3,5.2,1.6,2.1,78.1,7.8,130.7,193.7,1.7,324.1,208.7,3.9,298.2,34.6,150.4,10.5,66.9,3429.1
2018-03-17,,159.5,2.1,21.1,75.3,3.0,81.3,17.6,7.5,65.3,9.0,326.1,133.5,27.4,41.7,23.2,188.7,74.7,,181.2,440.0,2.3,5.2,1.3,1.9,75.3,6.8,128.1,186.5,1.5,293.2,174.2,3.9,298.2,34.3,143.5,14.0,68.2,3316.6000000000004
2018-03-18,,151.1,2.1,18.4,76.7,2.7,83.5,17.4,7.0,61.9,9.6,313.7,120.5,24.3,43.5,23.3,185.2,64.4,,176.5,435.5,2.1,5.3,1.3,2.1,77.8,6.6,123.2,176.0,1.3,276.6,198.2,3.8,293.3,32.8,136.2,14.3,67.1,3235.3000000000006
2018-03-19,,164.5,2.2,20.9,74.5,3.1,85.0,16.9,7.3,67.6,10.3,322.0,128.2,24.9,43.9,24.2,193.1,70.8,,177.4,455.1,2.2,5.0,1.4,2.6,80.4,7.2,126.1,187.4,1.2,314.0,210.4,4.1,300.1,34.6,143.4,13.5,67.8,3393.2999999999997
2018-03-20,,172.5,2.2,23.7,76.2,3.2,85.9,17.9,7.5,69.7,11.0,326.2,130.4,26.5,44.0,22.9,200.5,74.9,,177.6,463.4,2.4,5.8,1.5,2.1,83.9,7.5,122.5,182.9,1.4,314.6,218.7,4.0,306.0,35.2,146.3,13.5,65.3,3449.7999999999997
2018-03-21,,178.1,2.1,22.6,79.6,3.3,84.3,17.8,7.6,70.3,11.0,322.4,117.7,26.1,41.9,24.8,214.4,76.7,,176.2,462.1,2.3,5.5,1.5,2.1,90.5,7.4,102.6,181.5,1.5,325.0,222.2,3.9,299.2,33.8,150.3,13.6,67.1,3449.0
2018-03-22,,181.3,2.0,23.0,81.5,3.1,86.3,18.0,7.5,69.8,11.0,326.1,119.0,26.1,42.6,24.3,219.8,76.5,,177.3,460.1,2.3,5.4,1.5,2.1,86.8,7.6,103.5,185.6,1.4,330.7,223.3,3.8,297.4,36.3,155.9,13.3,67.4,3479.6000000000004
2018-03-23,,184.2,2.2,21.1,82.1,3.2,86.4,17.2,7.5,76.1,11.0,328.2,124.0,25.5,42.8,25.3,229.7,75.9,,177.3,455.9,2.2,5.0,1.5,2.0,82.5,7.6,116.5,184.9,1.2,333.1,228.1,4.0,303.2,36.0,158.4,12.7,68.6,3523.1000000000004
2018-03-24,,184.9,2.2,22.2,82.3,3.1,87.6,17.8,7.5,66.7,9.6,327.3,124.8,26.5,43.4,24.8,228.0,75.7,,177.3,458.3,2.3,5.1,1.5,2.0,84.9,7.7,116.9,183.5,1.3,334.9,226.2,4.0,300.0,35.8,161.6,12.9,69.6,3520.2
2018-03-25,,182.6,2.3,21.7,81.2,2.8,84.9,17.4,6.9,62.9,9.2,315.7,118.5,24.3,43.8,20.6,218.8,71.4,,173.4,451.0,2.2,5.1,1.4,2.0,84.5,7.1,114.4,175.6,1.1,308.7,219.6,4.0,292.3,33.1,154.0,11.2,65.5,3391.2
2018-03-25,,182.6,2.3,21.7,81.2,2.8,84.9,17.4,6.9,62.9,9.2,315.7,118.5,24.3,43.8,20.6,218.8,71.4,,173.4,451.0,2.2,5.1,1.4,2.0,84.5,7.1,114.4,175.6,1.1,308.7,219.6,4.0,292.3,33.1,154.0,11.2,65.5,3391.2
2018-03-26,,183.4,2.3,21.6,80.7,3.3,88.3,17.7,7.1,70.5,10.2,334.9,120.1,25.4,41.6,24.0,234.6,77.6,,175.3,476.3,2.4,5.0,1.4,2.0,83.6,7.5,122.6,180.0,1.1,326.9,221.7,3.3,296.9,34.6,159.1,11.0,68.2,3522.2
2018-03-27,,181.3,2.2,20.0,82.4,3.4,87.9,18.1,7.4,73.4,10.5,339.3,120.0,25.6,43.2,24.6,240.1,79.7,,177.8,491.1,2.0,4.9,1.4,2.0,82.4,7.8,127.0,179.3,1.2,336.9,220.5,3.7,293.1,35.3,158.1,11.2,69.3,3564.1000000000004
2018-03-28,,185.2,2.1,21.3,82.6,3.5,86.9,17.6,7.5,75.0,10.5,340.2,122.8,25.3,38.2,23.9,241.2,80.0,,179.2,488.5,2.3,4.9,1.5,2.1,82.3,7.7,127.9,180.6,1.3,344.1,221.3,4.0,305.7,36.2,163.0,11.0,70.1,3597.4999999999995
2018-03-29,,185.8,1.6,19.8,82.9,3.3,89.6,18.0,7.4,74.5,10.5,342.8,121.1,26.5,42.0,24.2,238.8,79.3,,177.7,483.1,2.4,4.7,1.6,2.0,90.5,7.7,126.0,177.1,1.4,346.4,222.5,4.1,300.6,35.9,162.4,10.7,69.7,3594.5999999999995
2018-03-30,,181.7,1.8,18.4,70.5,3.4,88.0,17.3,7.3,75.5,10.5,345.0,119.2,26.7,39.5,23.2,228.9,73.2,,175.2,477.5,1.5,4.5,1.2,2.0,87.7,7.8,127.9,173.8,1.6,341.1,224.0,2.3,285.1,35.4,157.6,11.1,69.5,3516.8999999999996
2018-03-31,,175.5,2.2,20.2,61.3,3.4,87.3,17.4,6.9,73.7,10.5,337.7,115.8,26.0,40.1,23.3,219.2,76.3,,177.3,480.1,1.8,4.7,1.5,1.9,76.4,7.9,117.0,174.9,1.6,331.8,219.1,2.5,262.3,36.2,143.2,12.8,69.0,3418.7999999999997
2018-04-01,,170.2,2.1,20.8,74.4,3.7,74.7,16.6,6.0,79.0,9.6,320.3,155.9,23.8,44.4,19.5,208.7,66.9,,174.1,454.3,2.1,4.2,1.6,1.9,64.9,7.2,119.3,183.0,1.6,311.2,192.1,2.1,305.4,34.9,115.5,10.7,60.9,3343.6
2018-04-02,,163.6,2.1,22.5,78.5,3.1,75.9,16.5,6.5,79.0,10.5,333.0,113.8,23.3,39.4,20.2,215.0,64.3,,180.9,478.8,2.3,4.9,1.7,2.0,62.0,7.6,119.3,183.0,1.5,328.6,181.1,3.8,305.4,33.1,117.2,6.5,63.3,3350.2000000000003
2018-04-03,,173.6,2.1,23.8,82.5,3.9,84.8,17.4,7.0,83.0,11.8,339.4,116.2,25.1,38.5,22.9,214.6,74.2,,183.6,488.2,2.2,4.8,1.4,2.0,73.5,7.9,123.9,184.1,1.2,335.8,198.2,3.7,310.6,35.4,145.8,7.3,64.2,3494.6000000000004
2018-04-04,,172.1,2.1,24.7,84.4,4.0,86.1,17.7,7.3,87.8,11.7,339.1,119.8,26.2,41.8,22.9,224.3,77.9,,182.6,490.8,2.4,5.1,1.3,2.0,74.0,7.9,128.6,187.1,1.3,337.2,200.6,4.3,314.8,35.3,158.6,6.9,66.3,3557.0000000000005
2018-04-05,,172.8,2.1,23.8,69.8,4.0,87.0,18.0,7.2,89.9,11.7,344.2,119.5,25.8,42.6,23.6,228.8,80.7,,183.6,495.0,2.3,4.6,1.2,2.0,70.8,7.4,124.8,188.9,1.3,332.8,196.6,4.1,310.9,35.5,160.2,6.8,67.0,3547.2999999999997
2018-04-06,,177.4,2.0,25.1,77.6,4.1,85.7,17.6,7.4,85.9,11.7,346.4,104.8,25.6,41.9,24.3,230.8,80.1,,186.0,488.1,2.2,4.6,1.3,1.8,74.8,7.9,122.5,179.1,1.6,340.1,180.1,3.5,296.2,35.8,160.9,6.2,64.5,3505.6
2018-04-07,,176.5,2.2,26.5,73.1,3.9,83.9,17.5,7.4,75.4,11.7,349.3,104.4,25.2,41.5,21.4,216.7,77.8,,176.7,478.7,2.3,4.7,1.3,2.0,68.6,7.6,121.3,178.3,1.4,339.6,164.0,3.6,266.2,35.3,155.5,5.9,62.9,3390.2999999999997
2018-04-08,,169.0,2.1,23.0,79.1,3.4,82.4,17.7,7.0,77.8,11.7,333.0,101.5,49.9,39.2,17.9,199.6,71.9,,174.1,449.5,2.1,5.2,1.3,1.9,67.2,7.3,114.3,181.0,1.4,322.7,143.1,3.6,278.3,31.0,127.9,6.2,65.1,3269.3999999999996
2018-04-09,,177.4,2.0,25.2,79.4,3.9,84.7,18.0,7.0,79.8,11.5,342.1,102.4,23.5,34.6,22.7,224.6,76.2,,178.3,476.1,2.0,4.6,1.4,1.9,72.0,7.9,105.3,182.2,1.3,329.5,167.0,4.1,267.0,31.9,145.7,5.7,62.9,3361.8
2018-04-10,,179.2,2.1,24.8,76.0,4.1,86.2,17.9,7.3,82.0,11.5,351.2,117.2,29.8,42.4,20.2,229.2,79.2,,182.3,490.6,2.2,4.4,1.5,1.9,71.2,8.1,117.0,185.0,1.5,339.3,176.5,4.0,262.1,33.2,138.5,5.2,65.0,3449.8
2018-04-11,,182.5,2.1,22.7,74.2,3.7,88.7,18.0,7.5,80.9,11.1,347.6,106.1,24.1,37.9,21.7,228.8,77.8,,174.7,469.3,2.1,4.7,1.4,2.1,77.7,7.8,100.6,176.4,1.6,339.3,179.4,3.7,253.6,30.8,147.5,5.2,65.9,3379.2
2018-04-12,,183.5,2.1,22.9,75.3,3.6,84.2,18.2,7.5,78.3,11.7,351.4,102.6,25.2,42.4,20.1,229.6,76.8,,168.9,484.1,2.0,4.5,1.6,2.1,74.0,8.0,107.4,171.1,1.4,342.9,180.5,3.8,245.1,34.0,132.9,5.3,69.7,3374.7
2018-04-13,,181.7,2.1,20.2,79.5,3.6,85.5,17.7,7.5,80.1,11.7,353.9,111.9,25.6,43.3,23.3,230.5,74.7,,180.4,488.3,2.1,4.3,1.6,2.1,77.5,8.2,108.6,179.5,1.3,339.8,185.3,4.0,282.2,34.9,139.6,5.3,71.6,3469.4
2018-04-14,,182.9,2.0,19.6,78.9,3.5,75.7,17.6,7.4,77.4,11.7,351.2,112.7,25.8,43.9,23.7,226.6,74.3,,184.3,494.7,2.3,4.6,1.4,2.1,77.7,8.0,106.5,188.1,1.5,322.8,186.2,3.5,284.3,35.2,152.3,5.5,73.3,3469.2000000000003
2018-04-15,,182.6,2.0,20.0,82.9,3.3,77.2,17.3,6.9,78.6,11.1,339.6,104.7,23.1,41.1,24.4,204.6,67.3,,180.2,473.8,2.3,4.4,1.3,2.0,78.2,7.6,109.9,180.5,1.2,308.2,173.6,3.7,293.7,32.8,144.9,5.3,72.5,3362.7999999999997
2018-04-16,,183.5,2.1,24.2,85.5,3.9,83.7,17.6,7.1,87.8,12.3,348.5,114.4,22.6,41.5,25.0,211.5,73.8,,187.3,492.6,2.0,4.5,1.5,2.0,84.6,8.0,112.7,184.9,1.4,332.2,173.5,4.1,311.1,33.7,166.1,5.9,73.5,3526.6
2018-04-17,,185.1,2.2,23.2,82.6,4.1,86.0,17.6,7.2,90.2,12.1,353.1,120.6,25.0,41.6,22.4,215.7,74.9,,189.8,496.3,2.0,4.8,1.6,2.0,82.2,8.1,115.6,185.3,1.4,343.2,181.0,3.5,325.9,36.3,164.8,4.8,74.1,3586.3
2018-04-18,,184.6,2.0,22.2,78.1,4.2,86.4,17.6,7.3,91.8,11.8,350.0,123.2,26.0,45.0,22.9,220.1,77.7,,191.2,491.6,1.9,4.3,1.5,2.0,82.5,7.9,120.3,192.0,1.4,346.8,181.6,3.8,310.9,35.5,150.7,3.9,71.9,3572.6000000000004
2018-04-19,,184.0,2.1,21.2,80.5,4.3,88.6,17.3,7.3,95.0,12.0,350.6,127.8,24.9,44.5,23.3,221.4,77.8,,190.4,504.7,1.6,5.1,1.4,2.0,87.6,7.9,124.7,198.8,1.4,351.0,181.9,2.3,327.9,37.0,166.1,3.9,71.1,3649.4
2018-04-20,,183.0,2.2,21.0,88.1,4.2,88.4,17.1,7.3,94.9,12.0,351.6,114.9,22.8,37.9,24.1,208.3,77.8,,188.0,496.6,1.9,5.3,1.4,2.1,86.8,8.2,105.4,183.7,1.3,350.5,180.5,3.2,326.4,36.3,167.9,2.6,72.6,3576.2999999999993
2018-04-21,,185.0,2.1,19.3,89.4,3.9,88.5,17.7,7.4,88.3,12.0,348.9,125.4,24.0,40.6,22.7,212.9,77.6,,190.3,498.0,2.1,4.9,1.3,1.9,85.5,8.3,109.5,194.6,1.2,339.4,176.2,3.3,333.7,37.1,168.6,2.8,68.6,3593.000000000001
2018-04-22,,181.0,2.1,21.3,87.2,3.4,89.2,17.2,7.0,79.5,12.0,330.4,115.1,22.6,37.7,23.5,195.1,70.4,,187.6,487.1,2.2,4.8,1.4,1.9,89.5,7.6,107.7,187.7,1.0,324.0,168.4,3.0,312.2,34.8,151.4,2.9,71.9,3441.8
2018-04-23,,176.7,2.1,21.9,87.0,4.0,88.5,17.5,7.2,85.8,12.0,345.1,123.8,24.5,42.6,23.8,204.9,77.2,,188.5,512.2,2.4,4.8,1.4,1.9,93.0,7.8,117.4,192.2,1.4,340.0,171.7,3.4,324.2,36.9,164.9,2.3,71.2,3582.2000000000007
2018-04-24,,175.6,2.3,23.7,86.6,4.2,89.5,17.7,7.4,89.6,12.2,346.1,127.1,23.9,42.3,25.3,212.3,77.0,,188.1,510.2,2.4,4.5,1.4,2.0,81.8,7.7,124.8,197.6,1.2,346.6,168.4,4.0,332.5,38.4,165.3,2.3,75.0,3617.0000000000005
2018-04-25,,173.7,1.8,20.8,90.0,4.4,87.1,17.6,6.1,94.0,12.1,343.5,132.7,24.9,39.8,24.7,209.3,76.5,,188.7,507.5,2.1,4.4,1.4,1.9,84.0,8.1,130.1,201.9,1.4,350.5,167.7,3.1,349.9,38.8,168.7,2.7,70.4,3642.3
2018-04-26,,181.3,1.9,19.2,83.3,4.7,86.7,17.7,7.4,99.2,12.3,348.8,137.5,25.3,44.2,26.3,216.7,76.6,,188.4,502.9,2.0,4.5,1.3,1.8,81.2,8.0,136.7,210.1,1.4,349.9,166.0,3.8,347.6,38.1,143.7,2.7,71.8,3651.0000000000005
2018-04-27,,182.8,2.1,24.3,81.3,4.9,87.8,17.5,7.5,103.9,12.3,352.3,143.7,25.8,43.7,24.0,225.7,76.2,,190.1,499.8,2.0,4.7,1.5,2.3,79.3,8.3,141.9,208.2,1.4,352.7,165.1,3.7,344.6,43.4,136.5,2.2,71.3,3674.7999999999997
2018-04-28,,184.4,2.1,24.1,80.3,4.6,87.0,17.7,7.4,105.5,10.8,351.4,144.1,25.6,41.5,22.2,223.1,78.1,,188.5,502.7,2.0,5.0,1.6,2.1,76.7,8.4,142.5,209.6,1.5,350.3,161.3,4.3,357.7,39.0,147.3,1.9,70.1,3682.3999999999996
2018-04-29,,179.1,2.0,20.6,79.0,4.2,82.3,17.5,7.2,97.8,10.8,334.5,140.2,23.4,42.3,20.7,208.5,72.2,,178.5,493.4,1.8,5.5,1.6,2.1,71.8,8.3,138.4,205.2,1.3,333.0,155.5,3.0,347.0,37.8,144.8,1.7,69.2,3542.2
2018-04-30,,181.3,2.2,20.8,55.2,4.9,85.2,17.6,7.2,102.3,10.8,343.2,145.7,24.4,42.2,19.1,215.5,81.4,,177.4,499.9,2.0,4.9,1.3,2.0,72.4,8.3,145.7,209.2,1.5,338.6,160.1,2.2,294.3,39.4,136.5,2.1,67.0,3523.7999999999997
2018-05-01,,162.9,2.1,20.6,71.4,5.0,78.4,16.1,5.2,104.3,10.8,346.4,150.6,24.0,44.1,20.6,202.2,71.8,,178.0,458.6,2.0,4.9,1.3,2.0,64.1,7.2,147.8,208.8,1.0,296.2,150.6,2.8,333.3,38.0,124.5,2.5,68.1,3428.2000000000007
2018-05-02,,168.0,1.3,19.5,77.5,4.7,78.8,16.7,6.5,100.0,10.8,346.4,133.2,23.1,40.1,21.4,209.5,76.3,,186.5,489.8,1.7,4.6,1.4,1.7,78.3,6.8,133.3,201.6,1.3,315.8,155.4,2.8,320.6,30.8,139.6,5.7,65.7,3477.2
2018-05-03,,150.6,2.2,21.7,74.7,4.4,75.5,17.2,7.4,93.7,11.4,351.0,122.6,23.5,37.8,19.5,196.9,75.0,,169.5,504.4,2.0,4.6,1.5,1.8,77.6,8.1,128.4,196.1,1.4,323.5,128.4,2.5,252.2,30.6,139.3,5.9,67.2,3330.1
2018-05-04,,147.6,2.1,20.9,78.0,4.9,84.6,17.2,7.5,97.6,11.5,354.4,138.7,24.9,38.2,23.0,187.0,73.1,,186.1,498.2,2.2,5.0,1.6,2.0,89.4,8.3,137.7,207.9,1.3,314.7,127.7,3.1,318.0,37.8,154.1,3.6,69.2,3479.0999999999995
2018-05-05,,159.7,2.1,22.1,81.9,4.8,86.2,17.4,7.5,98.7,11.5,352.7,140.7,24.9,42.1,22.1,203.0,74.2,,191.8,508.1,2.3,5.1,1.7,2.1,95.5,8.2,148.7,210.9,1.4,320.3,140.6,3.8,345.7,37.7,160.8,4.2,69.6,3610.1
2018-05-06,,168.0,2.1,18.9,87.7,4.0,87.0,17.4,7.0,95.2,11.2,337.0,133.2,23.2,37.3,23.6,193.2,66.6,,187.1,495.2,2.0,5.0,1.6,1.8,92.0,7.6,129.1,206.2,1.0,303.5,140.1,3.9,329.1,36.6,156.3,4.2,68.6,3483.5
2018-05-07,,172.7,2.1,19.5,89.7,4.4,88.7,17.2,7.1,102.7,11.2,345.1,138.5,23.5,37.5,25.0,206.4,75.1,,190.6,502.0,2.2,4.6,1.7,2.0,92.7,8.1,128.3,203.8,1.3,325.3,148.9,3.2,363.8,39.2,169.4,4.0,70.3,3627.7999999999997
2018-05-08,,178.4,2.1,20.6,92.5,5.7,90.5,17.7,7.1,97.1,11.2,347.0,112.1,22.6,41.7,26.7,208.3,72.7,,190.8,508.5,2.1,3.9,1.5,1.9,92.3,7.9,135.3,191.2,1.4,321.0,154.1,2.7,334.9,35.3,170.2,3.7,70.4,3583.1000000000004
2018-05-09,,179.3,2.0,17.3,82.9,4.2,88.5,17.7,7.0,95.5,11.2,346.7,130.6,24.7,41.8,25.8,197.0,69.8,,194.0,509.1,1.7,3.1,1.4,1.6,91.1,8.1,141.1,204.7,1.3,316.9,149.4,2.6,331.4,38.0,168.9,3.0,69.9,3579.2999999999993
2018-05-10,,178.1,2.0,20.4,88.9,4.6,89.1,17.8,7.5,97.2,8.6,350.9,139.8,30.6,40.8,25.0,190.4,69.6,,195.3,513.0,1.7,4.3,1.2,1.6,83.1,8.1,151.1,208.1,1.1,317.2,146.8,1.9,340.1,36.6,162.5,5.4,66.1,3606.5
2018-05-11,,176.7,1.8,20.2,87.6,5.0,86.9,17.3,7.5,105.5,10.3,354.3,145.5,24.0,43.1,25.4,175.8,70.2,,195.4,498.1,1.8,4.6,1.3,1.8,83.6,8.3,158.0,227.2,1.4,327.0,150.5,2.6,365.6,36.3,155.2,5.0,72.5,3653.3
2018-05-12,,172.4,1.9,21.9,88.6,4.9,81.9,17.2,7.5,108.7,10.9,350.2,149.2,24.3,37.4,25.7,157.5,68.9,,193.0,493.3,2.0,4.9,1.6,1.7,88.5,8.4,149.1,222.7,1.3,330.1,146.2,3.7,373.9,42.7,152.0,4.8,70.9,3619.8999999999996
2018-05-13,,164.0,1.9,22.0,88.1,4.4,82.6,17.3,7.0,100.3,10.0,338.8,122.6,21.0,34.6,23.2,153.3,62.2,,186.0,484.7,1.9,4.7,1.4,1.6,81.8,7.7,130.9,217.5,1.2,309.1,136.1,3.6,327.6,33.4,140.4,5.4,68.2,3396.4999999999995
2018-05-14,,164.3,2.1,22.6,54.0,4.6,73.3,17.5,7.4,98.0,10.9,352.7,122.8,23.3,43.3,21.2,169.3,70.0,,187.5,509.4,2.1,4.9,1.5,1.7,71.8,8.3,150.1,220.1,1.1,326.3,136.9,3.7,255.7,31.3,128.2,4.6,67.2,3369.6999999999994
2018-05-15,,165.5,1.5,21.7,78.1,5.0,75.7,17.8,7.5,105.9,10.9,353.2,139.1,25.3,42.8,24.6,175.3,74.0,,189.7,511.1,2.4,4.2,1.7,1.8,76.7,8.3,155.8,222.1,1.2,330.7,134.5,4.5,336.1,39.4,148.4,3.3,68.6,3564.4
2018-05-16,,172.7,2.3,23.6,83.2,5.2,80.7,17.8,7.6,103.2,10.9,351.8,126.0,26.5,44.1,24.6,177.3,71.8,,189.0,506.6,2.4,4.4,1.6,2.0,73.9,8.3,157.8,218.1,1.0,331.0,145.7,3.3,349.1,41.1,138.3,3.8,67.5,3574.2
2018-05-17,,179.5,2.4,26.0,85.4,5.3,83.4,16.7,6.1,108.5,10.9,358.5,145.3,27.1,41.7,25.2,183.5,72.0,,195.9,503.8,2.3,4.7,1.7,2.1,76.4,8.2,163.0,222.9,1.4,331.6,142.9,3.8,378.6,39.1,141.4,3.8,62.0,3663.1
2018-05-18,,178.0,2.4,26.2,86.7,5.3,82.1,16.4,7.5,110.4,10.9,359.8,156.0,27.2,39.3,25.3,182.6,72.2,,195.0,494.3,2.1,4.9,1.4,2.1,74.8,8.4,169.0,220.0,1.3,328.0,146.3,3.0,382.1,38.8,154.5,6.1,64.1,3684.5000000000005
2018-05-19,,179.8,1.7,26.8,86.9,5.2,84.3,17.7,7.4,108.8,10.7,358.6,139.0,27.1,35.6,27.0,183.7,73.1,,196.7,496.0,2.1,5.5,1.5,2.0,85.2,8.4,164.8,221.6,1.2,312.0,149.4,3.6,386.4,42.9,156.8,5.3,65.6,3680.4
2018-05-20,,171.3,1.7,27.3,76.7,4.6,84.8,17.7,7.1,103.7,10.1,345.5,144.7,21.9,41.9,23.2,154.5,63.9,,194.1,491.2,2.2,4.7,1.4,1.9,89.0,7.7,164.4,221.1,1.1,302.1,150.9,4.1,380.0,39.4,155.2,10.9,69.3,3591.2999999999997
2018-05-21,,178.1,2.2,28.1,92.3,5.5,85.8,18.0,7.4,111.3,10.7,352.9,145.2,25.3,39.6,24.7,169.3,72.8,,200.2,513.8,2.2,4.6,1.6,1.9,90.8,8.1,172.9,225.1,1.3,317.6,158.2,3.4,398.5,41.2,166.5,7.7,68.9,3753.7
2018-05-22,,180.0,2.1,28.8,93.4,6.0,86.0,18.0,7.6,116.6,11.2,359.8,161.2,25.8,37.8,25.7,168.4,72.2,,201.3,516.6,2.3,4.7,1.6,2.0,97.1,8.1,178.7,232.5,1.3,318.9,158.7,3.9,413.2,41.6,166.1,7.3,69.0,3825.5
2018-05-23,,178.0,2.3,26.2,92.6,6.2,84.1,17.5,7.7,121.6,11.2,357.7,165.4,27.4,38.4,26.6,172.5,74.1,,201.5,514.6,2.4,5.1,1.7,2.0,88.1,8.3,183.4,229.3,1.2,326.1,156.5,4.0,421.7,44.5,155.1,5.6,69.0,3829.6
2018-05-24,,177.2,2.3,27.1,90.4,6.0,86.0,17.2,7.7,123.1,11.2,359.6,168.5,26.7,31.5,26.2,170.8,72.4,,194.1,512.4,2.1,5.0,1.6,2.0,97.8,8.3,183.5,236.0,0.6,316.8,155.9,3.8,420.6,44.1,164.5,7.0,71.9,3831.9
2018-05-25,,183.0,2.2,25.8,93.0,6.0,86.9,18.5,6.3,119.7,11.6,360.4,170.3,26.5,39.0,24.6,171.5,65.4,,195.4,511.7,2.2,4.6,1.7,2.2,92.8,8.1,186.5,234.7,0.6,300.3,157.0,3.7,400.9,44.7,169.9,5.6,71.8,3805.099999999999
2018-05-26,,181.6,2.3,25.6,91.6,5.8,80.7,16.8,7.4,116.5,10.5,356.7,163.0,23.5,40.4,23.1,165.8,66.2,,197.5,512.1,2.4,5.2,1.5,2.1,93.6,8.1,187.5,230.3,1.5,307.3,157.6,4.0,406.4,44.6,166.9,5.0,71.7,3782.7999999999997
2018-05-27,,177.1,2.6,25.2,93.0,5.3,83.4,17.6,7.1,113.0,9.0,352.0,161.2,25.9,36.4,22.8,152.8,61.2,,194.7,494.7,2.2,5.3,1.3,2.2,94.5,7.6,181.9,234.8,1.5,294.6,148.3,4.5,425.4,49.5,165.3,7.4,68.6,3729.9
2018-05-28,,184.1,2.5,25.0,82.5,6.3,88.0,15.4,7.5,125.1,10.8,368.0,167.5,26.7,38.0,19.6,172.2,64.6,,197.7,511.1,2.3,4.7,1.6,2.1,94.2,8.2,188.7,231.3,0.5,306.8,159.6,4.6,423.4,42.5,169.4,7.9,68.6,3828.9999999999995
2018-05-29,,188.6,2.2,25.3,79.4,6.5,87.6,18.1,5.8,128.4,10.8,364.2,180.9,27.2,37.9,18.4,170.2,63.1,,201.6,511.6,2.2,5.2,1.8,2.1,92.1,8.4,189.2,242.6,0.4,315.3,163.6,3.9,403.5,42.1,164.7,8.0,70.7,3843.6000000000004
2018-05-30,,188.2,2.3,27.2,86.8,6.5,84.9,18.3,7.6,128.5,10.9,360.3,174.2,28.2,32.5,18.4,172.7,67.0,,200.0,517.3,2.1,5.8,1.7,1.9,95.4,7.9,189.6,230.2,0.9,328.1,162.7,4.1,382.2,42.0,177.3,7.5,73.2,3844.3999999999996
2018-05-31,,179.7,2.2,28.4,83.7,6.7,77.1,18.3,4.9,129.8,10.9,362.7,180.2,32.2,37.3,21.6,173.6,69.7,,196.5,514.3,2.0,4.9,1.7,2.1,88.9,8.4,193.2,232.2,1.2,335.9,154.2,4.2,400.9,45.3,175.8,8.0,73.4,3862.0999999999995
2018-06-01,,179.3,2.3,29.6,72.4,5.9,82.2,17.6,7.7,130.3,10.9,367.8,161.1,23.8,36.0,20.5,171.4,71.5,,191.8,472.5,2.3,4.9,1.5,2.0,95.0,8.4,177.6,244.9,1.3,332.5,152.8,4.1,380.9,38.8,149.8,7.1,68.5,3727.0
2018-06-02,,162.6,1.9,29.9,86.0,5.3,75.6,18.0,7.6,118.3,10.5,363.0,143.5,23.7,39.2,20.9,157.4,70.8,,180.2,461.9,2.3,4.9,1.2,2.0,90.5,8.2,164.1,242.6,1.2,312.8,143.5,4.6,302.2,35.1,146.4,6.6,70.2,3514.7
2018-06-03,,160.0,2.1,29.9,91.3,5.2,73.9,17.9,7.1,111.8,8.6,331.9,160.2,23.7,38.7,21.7,146.7,62.0,,171.3,443.3,2.3,4.8,1.6,2.0,91.8,7.2,176.8,242.4,1.5,284.8,138.0,4.3,359.5,39.6,159.0,7.0,70.2,3500.1
2018-06-04,,165.9,2.2,30.0,94.1,6.4,76.1,18.1,7.5,127.8,9.8,360.3,171.6,26.2,37.9,24.0,156.0,65.7,,189.8,465.0,2.2,4.9,1.5,2.0,92.2,7.8,190.8,257.7,1.2,299.6,142.8,4.5,400.2,44.3,171.9,7.2,72.4,3737.6000000000004
2018-06-05,,170.4,2.1,32.0,94.0,6.6,78.1,18.2,7.8,134.1,10.3,366.9,181.4,26.4,38.4,25.4,161.9,67.4,,190.5,453.0,2.3,4.9,1.5,2.1,90.5,7.6,179.7,252.6,1.1,314.1,147.2,4.5,411.9,45.7,174.0,7.2,72.3,3784.1000000000004
2018-06-06,,162.6,2.5,30.7,98.6,5.7,81.3,18.3,7.9,129.5,10.6,365.1,160.3,26.3,40.1,24.7,161.9,69.3,,183.2,459.1,2.3,5.0,1.4,2.3,91.0,7.9,139.5,236.1,1.2,314.0,148.6,4.9,393.9,40.4,177.4,6.6,70.1,3680.3000000000006
2018-06-07,,157.9,2.1,30.9,94.3,6.3,79.4,18.5,7.7,131.0,10.6,367.6,177.3,28.4,43.8,25.0,160.2,67.4,,181.5,437.3,2.3,5.2,1.5,2.3,97.1,7.6,173.0,246.4,1.1,302.6,135.2,4.2,405.5,45.5,179.4,6.6,70.1,3712.7999999999997
2018-06-08,,154.1,2.0,33.9,85.3,6.7,77.6,18.1,7.4,137.4,10.6,369.8,181.9,27.5,42.4,22.8,156.6,61.9,,178.5,437.4,2.3,5.5,1.5,2.1,90.6,7.8,185.0,244.4,1.1,305.6,136.8,5.0,399.1,46.6,178.1,8.4,68.2,3700.0
2018-06-09,,153.0,1.9,33.9,90.6,5.5,76.9,17.8,7.7,122.1,10.6,366.4,148.5,24.4,38.6,22.1,144.7,52.4,,169.0,410.2,2.1,5.2,1.6,2.1,89.5,8.0,156.5,224.2,1.2,299.2,133.4,4.7,388.1,42.9,168.2,8.2,68.4,3499.7999999999993
2018-06-10,,149.3,1.9,32.7,94.7,5.3,73.3,17.5,7.0,110.4,10.6,353.1,133.3,24.3,40.1,23.0,136.5,53.1,,153.8,403.4,2.1,5.0,1.6,2.1,90.1,7.4,158.5,211.8,1.0,282.8,124.0,3.7,377.9,38.7,158.6,8.4,69.3,3366.3
2018-06-11,,153.7,1.8,32.5,90.1,6.2,71.9,18.0,7.5,126.4,10.6,364.1,161.5,26.5,42.0,22.1,147.4,62.5,,164.7,429.4,1.7,5.2,1.4,2.3,91.8,8.0,174.3,220.2,1.2,313.5,124.9,3.4,408.5,43.6,164.7,7.9,70.4,3581.8999999999996
2018-06-12,,153.3,1.9,29.0,87.4,6.5,70.7,18.2,7.8,135.5,8.9,359.4,179.1,27.7,42.3,23.2,151.1,66.8,,161.9,447.6,1.8,5.5,1.7,2.3,89.1,8.2,170.3,224.4,1.6,322.8,126.8,3.4,419.5,45.1,156.2,9.8,67.6,3634.4
2018-06-13,,162.2,1.9,25.8,85.9,6.8,67.4,18.3,7.8,137.9,9.9,352.7,185.0,28.3,46.2,22.7,162.1,66.0,,163.3,462.3,1.9,5.6,1.7,2.3,87.5,8.1,188.5,218.7,1.2,323.4,136.9,2.7,394.1,45.0,166.1,10.0,70.3,3676.5000000000005
2018-06-14,,172.2,1.7,24.2,83.3,7.2,72.1,18.3,7.8,134.9,10.8,359.2,187.4,27.6,43.8,23.4,166.2,64.1,,165.2,475.6,1.6,5.3,1.8,2.2,93.9,8.2,194.5,219.0,1.2,322.5,146.7,3.7,389.7,44.4,176.3,10.7,67.3,3734.0
2018-06-15,,173.0,2.1,24.8,88.7,6.6,80.6,18.0,7.6,132.4,10.6,362.7,189.9,28.8,41.4,23.4,167.6,62.4,,177.3,471.7,2.2,5.4,1.9,2.2,89.1,7.6,192.8,222.1,1.0,335.7,152.1,3.4,412.6,43.6,178.6,11.2,67.9,3799.0
2018-06-16,,172.9,2.2,25.7,90.5,4.7,83.7,17.0,7.3,124.7,10.2,355.0,181.0,23.8,39.1,25.5,168.8,64.9,,182.1,454.5,2.3,5.3,1.9,2.2,91.0,8.0,163.6,231.1,1.0,318.2,147.6,2.5,433.9,40.5,180.1,11.0,69.8,3743.6000000000004
2018-06-17,,172.9,2.1,24.9,89.7,3.8,83.1,17.2,6.9,113.1,9.0,342.9,148.0,23.4,35.7,25.1,155.9,60.6,,180.6,424.7,2.1,5.1,1.4,2.0,92.3,7.3,136.1,230.9,0.9,293.0,145.1,3.8,370.0,35.4,167.7,11.4,70.8,3494.9
2018-06-18,,176.5,2.1,25.8,92.0,4.9,83.4,17.6,7.3,117.8,9.5,361.1,166.9,25.9,39.5,25.4,164.6,66.5,,180.0,443.3,2.1,4.9,1.5,2.1,98.2,7.9,153.7,218.9,1.2,316.1,148.6,3.5,381.7,40.6,180.3,12.9,69.6,3653.9
2018-06-19,,185.9,2.0,29.3,93.6,5.4,86.0,17.8,7.7,118.7,9.4,366.1,170.1,27.0,41.9,27.0,171.6,64.8,,177.4,455.3,2.1,5.8,1.5,2.0,96.9,8.1,175.0,226.4,1.4,321.7,154.2,3.9,390.7,43.1,187.0,10.6,70.0,3757.4
2018-06-20,,188.2,2.0,30.0,94.6,5.8,84.5,17.1,7.6,126.6,8.9,368.1,191.0,28.1,42.2,23.7,178.6,63.9,,178.0,450.9,2.2,5.8,1.6,2.1,95.6,7.9,229.2,225.6,1.4,325.4,160.9,4.8,405.5,50.3,171.4,10.7,67.6,3857.8
2018-06-21,,187.2,2.0,31.9,94.7,6.0,81.6,18.1,7.6,132.5,9.2,375.6,193.2,28.8,34.2,24.4,180.3,63.8,,178.5,442.9,2.3,5.5,1.5,2.2,89.8,7.5,241.6,225.7,1.2,326.5,162.9,4.7,411.3,43.6,169.6,7.4,66.0,3861.7999999999993
2018-06-22,,180.8,1.8,32.1,98.3,6.3,75.4,17.9,7.7,135.2,9.3,374.7,200.4,29.5,42.1,26.4,181.0,63.7,,173.3,420.2,2.2,5.5,1.5,2.2,87.8,7.7,247.2,238.1,1.1,334.4,152.5,3.4,428.4,46.1,173.0,4.7,71.7,3883.6
2018-06-23,,180.2,2.1,31.8,87.5,5.9,81.7,17.7,7.4,133.0,9.1,354.5,213.5,29.3,40.8,24.2,171.8,62.8,,168.5,403.2,2.2,5.5,1.4,2.1,94.3,7.8,252.4,225.9,1.1,332.7,135.2,4.7,437.9,44.3,172.2,4.0,72.4,3821.0999999999995
2018-06-24,,175.7,2.3,29.8,86.6,5.4,85.8,17.3,7.0,126.1,8.0,316.9,204.4,27.1,40.9,22.4,163.4,59.5,,165.0,385.1,2.4,5.4,1.7,2.1,90.2,7.5,251.7,227.1,0.9,307.3,138.6,3.9,432.4,45.0,154.0,4.5,67.4,3670.8
2018-06-25,,178.0,2.1,30.5,87.4,6.6,87.9,16.9,6.9,136.3,9.0,325.4,213.5,28.8,43.5,19.8,173.7,63.5,,170.0,400.1,2.2,5.4,1.6,2.1,90.2,7.9,268.7,219.9,1.1,320.8,148.7,4.0,431.6,45.2,146.7,11.2,63.5,3770.7000000000003
2018-06-26,,179.3,2.2,32.6,83.9,6.6,81.5,17.2,7.3,130.4,9.0,328.2,205.4,28.3,40.9,17.9,174.6,66.9,,160.4,402.5,2.3,5.4,1.5,2.1,83.5,7.9,269.4,204.6,0.9,325.5,151.5,4.8,409.6,47.5,144.1,11.9,66.9,3714.5
2018-06-27,,172.4,2.3,30.8,80.5,6.0,78.2,16.2,7.5,122.2,9.0,331.1,190.1,25.1,46.9,20.3,174.2,64.2,,156.2,406.5,2.4,5.7,1.4,2.2,79.7,7.7,242.5,184.3,1.3,323.4,149.4,4.7,364.4,46.1,149.8,11.5,67.4,3583.6
2018-06-28,,163.8,2.3,30.8,80.9,5.5,75.0,17.6,7.4,114.3,9.4,330.6,145.8,25.0,39.4,22.3,179.2,63.3,,146.5,409.1,2.3,5.5,1.6,2.2,81.3,7.4,192.6,170.3,1.4,323.1,143.3,4.4,319.9,43.5,155.2,8.4,68.3,3398.8999999999996
2018-06-29,,167.3,2.4,30.9,91.3,5.7,77.0,16.6,7.3,114.9,10.3,322.2,155.8,25.8,34.6,23.2,183.3,63.2,,150.3,408.9,2.0,5.5,1.7,2.2,76.0,7.6,181.1,156.2,1.3,322.4,149.9,5.4,365.5,45.1,162.6,5.0,69.1,3449.6
2018-06-30,,165.4,2.2,30.8,89.8,6.0,82.5,17.4,7.3,113.1,9.3,318.7,178.4,26.6,38.6,24.2,180.2,64.7,,159.6,413.7,2.2,5.4,1.6,2.3,74.3,6.7,206.4,160.3,1.2,308.2,155.1,4.1,394.9,45.5,169.3,5.1,69.4,3540.5000000000005
2018-07-01,,156.6,2.0,29.2,80.8,5.7,82.1,17.1,6.7,113.2,8.5,314.3,178.5,24.0,37.3,22.0,169.3,60.6,,161.1,408.9,2.3,5.5,1.6,2.2,77.8,7.0,226.0,169.0,0.9,284.3,155.6,4.5,373.3,40.4,159.2,10.0,68.9,3466.4
2018-07-02,,162.9,2.2,28.9,74.9,6.2,78.2,17.3,7.0,119.9,8.5,328.0,186.0,24.3,39.3,22.7,183.0,66.4,,167.9,429.3,2.3,5.4,1.5,2.2,83.1,7.3,233.8,188.2,1.1,295.2,163.4,4.4,351.6,38.8,159.2,11.0,68.3,3569.7000000000003
2018-07-03,,156.3,2.3,29.7,76.2,5.3,82.2,17.5,7.2,117.3,9.1,304.4,188.0,23.9,38.4,21.5,188.4,68.0,,168.7,416.2,2.4,5.1,1.5,2.1,76.0,7.7,193.3,206.8,1.3,285.4,164.1,4.0,352.4,39.1,155.5,10.7,68.4,3496.399999999999
2018-07-04,,163.4,2.4,28.5,81.7,5.0,85.8,17.4,7.2,120.3,9.1,291.5,170.3,24.1,41.8,20.7,189.3,69.4,,161.3,411.1,2.2,5.4,1.6,2.1,78.7,7.9,156.7,209.6,1.3,310.8,167.5,4.2,359.1,39.4,159.6,11.4,65.5,3483.2999999999997
2018-07-05,,166.4,2.3,30.5,87.0,5.1,85.2,17.8,7.4,122.0,10.6,308.5,182.3,26.0,42.2,22.4,193.2,69.3,,159.4,411.5,2.2,5.4,1.5,2.2,77.8,7.9,183.5,217.4,1.2,316.2,163.0,5.1,387.8,43.2,157.8,10.3,66.4,3597.9999999999995
2018-07-06,,166.9,2.3,33.1,88.2,5.6,89.2,17.1,7.6,123.9,9.0,315.9,195.8,26.1,45.9,23.0,194.7,68.2,,163.4,407.7,2.5,4.9,1.5,2.2,77.8,8.1,216.5,218.7,1.2,325.1,150.7,4.6,398.3,41.4,169.7,10.9,69.2,3686.8999999999996
2018-07-07,,156.9,2.3,34.3,92.0,5.9,88.3,17.4,7.6,124.7,8.9,321.6,208.2,26.4,45.8,24.0,183.7,67.1,,167.7,403.2,2.5,5.5,1.4,2.3,75.6,8.0,254.3,231.4,1.2,309.5,141.2,5.0,412.2,44.5,174.4,12.8,70.3,3738.1000000000004
2018-07-08,,152.2,2.1,31.4,94.0,5.6,80.7,17.1,6.9,123.3,8.2,312.4,204.2,23.7,45.2,23.3,163.5,58.5,,168.8,383.1,2.3,5.5,1.5,2.3,74.7,7.3,261.7,233.1,0.9,294.9,135.8,5.0,424.5,44.2,164.9,12.5,69.5,3644.8
2018-07-08,,152.2,2.1,31.4,94.0,5.6,80.7,17.1,6.9,123.3,8.2,312.4,204.2,23.7,45.2,23.3,163.5,58.5,,168.8,383.1,2.3,5.5,1.5,2.3,74.7,7.3,261.7,233.1,0.9,294.9,135.8,5.0,424.5,44.2,164.9,12.5,69.5,3644.8
2018-07-09,,155.5,2.1,31.5,94.9,7.0,80.1,17.4,7.1,139.0,9.2,328.7,216.5,25.4,41.6,25.0,168.8,62.2,,170.5,389.0,2.3,5.9,1.4,2.1,79.1,7.7,270.4,239.6,1.1,306.3,140.7,4.2,422.6,45.4,169.8,10.4,68.7,3749.2000000000003
2018-07-10,,155.0,2.3,32.8,94.5,7.0,83.4,17.7,7.4,139.7,9.2,326.1,218.9,24.9,40.0,24.9,168.6,61.8,,167.4,390.8,2.5,5.5,1.5,2.3,80.3,8.0,277.1,238.4,1.1,306.6,179.4,4.6,428.4,46.2,170.3,10.1,69.8,3804.4999999999995
2018-07-11,,154.1,2.4,33.8,97.2,6.8,84.4,17.8,7.4,135.5,9.2,310.7,221.5,24.5,38.2,24.6,163.9,49.7,,166.0,392.8,2.5,5.3,1.4,2.2,82.1,8.0,262.2,229.0,1.3,300.1,160.4,4.9,424.0,44.5,169.3,11.8,70.1,3719.6000000000004
2018-07-12,,148.6,2.2,32.2,95.7,6.7,85.3,17.7,7.4,130.9,9.2,305.0,218.4,28.9,42.7,24.1,160.3,61.4,,156.7,392.1,2.4,5.4,1.2,2.2,86.5,8.0,263.5,218.2,1.3,299.4,140.1,4.7,391.2,41.9,169.1,11.6,70.8,3642.9999999999995
2018-07-13,,153.7,2.4,31.5,97.9,5.9,81.0,16.5,8.6,120.7,9.2,303.4,196.2,27.8,41.1,24.6,156.1,62.1,,158.7,383.1,2.4,5.6,1.5,2.4,77.0,8.0,225.5,227.3,1.2,301.3,146.8,4.8,379.8,42.2,173.4,11.4,71.5,3562.6000000000004
2018-07-14,,150.6,2.4,32.8,100.3,5.5,78.6,17.4,9.5,109.4,8.8,298.1,187.2,29.1,43.7,24.9,152.8,60.3,,161.2,388.9,2.5,5.5,1.6,2.3,69.9,7.8,238.7,196.3,1.1,297.4,145.6,4.1,351.4,41.3,171.4,11.4,71.3,3481.1
2018-07-15,,147.5,2.1,31.0,99.3,5.3,77.8,17.3,6.8,109.5,8.8,269.8,190.0,26.5,42.4,23.7,145.8,49.6,,164.0,373.0,2.4,5.8,1.4,2.1,75.9,7.3,246.8,185.2,1.3,281.4,145.4,4.7,382.3,41.5,170.6,10.9,69.5,3424.7
2018-07-16,,150.8,2.3,32.2,97.7,5.8,73.6,17.1,7.0,119.2,9.1,274.1,195.6,28.4,43.4,23.9,157.3,51.7,,170.2,373.7,2.4,6.0,1.6,2.2,71.5,7.8,234.0,189.5,1.1,297.7,150.4,4.2,413.8,39.4,173.0,11.1,68.7,3507.4999999999995
2018-07-17,,157.3,2.2,33.9,89.8,5.7,74.6,17.6,7.4,122.9,9.5,266.2,192.9,28.3,40.4,22.3,160.4,55.2,,165.8,379.9,2.4,6.2,1.7,2.3,77.2,7.8,222.8,185.8,1.1,309.0,157.3,4.4,412.6,43.7,168.2,10.1,68.6,3513.5
2018-07-18,,165.7,2.3,33.4,96.2,5.4,76.8,17.9,7.4,127.9,9.5,266.5,192.2,28.6,40.4,24.0,169.4,58.3,,159.5,389.2,2.4,6.4,1.5,2.2,86.3,8.1,227.7,186.3,1.2,320.0,166.8,5.3,425.4,42.7,177.4,10.0,68.8,3609.1
2018-07-19,,174.4,2.4,34.7,96.8,5.7,80.2,17.1,7.4,128.6,9.6,274.4,187.8,28.6,42.1,24.9,170.6,60.5,,159.6,390.1,2.5,6.2,1.6,2.2,90.6,8.0,237.6,172.3,1.1,325.8,175.7,5.1,420.8,46.7,181.6,11.4,68.8,3653.499999999999
2018-07-20,,169.5,2.0,35.9,101.2,6.1,82.4,17.6,7.4,123.0,9.6,271.5,191.5,30.4,41.9,22.5,173.3,61.3,,167.9,389.5,2.3,5.5,1.5,2.1,78.5,7.9,246.3,171.4,1.1,320.1,171.7,5.4,406.2,45.3,187.9,12.0,69.1,3638.7999999999997
2018-07-21,,166.6,1.9,29.9,90.5,5.5,76.1,17.7,7.2,112.9,9.6,272.7,188.8,29.3,42.2,23.9,171.5,62.3,,169.6,391.1,2.2,5.6,1.6,2.1,65.9,7.9,238.7,170.2,1.5,315.7,171.1,4.9,355.8,43.4,168.2,11.9,68.0,3503.9999999999995
2018-07-22,,165.8,2.0,31.5,84.3,4.8,72.5,17.4,6.8,101.3,9.6,262.7,154.6,25.2,39.5,19.1,162.8,57.8,,157.9,378.6,2.1,5.5,1.7,2.1,68.6,7.4,216.2,152.8,1.5,299.3,175.1,4.5,365.6,40.9,140.2,11.1,66.8,3315.6
2018-07-23,,174.6,2.2,31.0,83.2,5.7,69.3,17.5,7.1,112.5,9.6,281.0,163.6,26.8,37.1,20.8,176.5,62.3,,151.2,391.3,2.3,5.8,1.5,2.1,82.7,7.7,228.5,165.6,1.2,319.6,186.8,4.5,372.7,43.2,155.1,12.0,67.2,3481.8000000000006
2018-07-24,,179.3,2.3,31.4,88.7,5.9,75.9,17.5,7.4,120.2,10.2,283.3,183.0,27.2,39.3,22.2,177.0,62.4,,152.4,394.4,2.2,5.5,1.6,2.1,81.8,8.0,238.1,170.3,1.2,327.9,192.0,4.1,384.4,44.8,160.4,13.6,67.4,3585.4
2018-07-25,,181.7,2.1,32.5,79.2,5.9,79.1,17.1,7.3,118.1,10.1,277.6,183.0,27.0,37.3,21.6,180.3,62.8,,153.5,396.1,2.2,5.8,1.5,2.1,86.0,7.9,231.7,176.9,1.2,328.2,195.7,3.8,344.3,43.3,167.7,13.8,69.0,3553.400000000001
2018-07-26,,185.6,2.0,32.0,82.8,5.6,77.5,16.7,6.4,104.9,10.1,280.4,148.3,24.0,37.0,22.4,183.1,63.4,,143.5,392.5,2.3,5.7,1.4,2.2,82.7,7.6,193.2,171.7,1.3,327.8,197.5,4.1,290.9,40.4,153.4,12.3,66.8,3379.499999999999
2018-07-27,,182.5,2.2,33.5,86.8,5.1,79.8,16.0,7.0,100.0,8.9,282.5,140.7,23.3,39.0,22.3,183.0,64.0,,153.4,392.7,2.1,5.7,1.5,2.1,84.8,7.8,195.9,180.0,1.5,327.3,203.9,4.5,280.5,37.8,150.9,10.0,66.1,3385.1
2018-07-28,,182.0,2.2,33.8,80.0,4.7,82.9,16.2,7.0,95.1,8.9,290.0,142.3,24.2,38.1,22.3,180.4,64.8,,161.5,402.4,2.1,5.9,1.2,2.2,90.2,6.8,209.0,188.1,1.4,328.1,208.2,4.4,286.1,32.5,157.3,9.8,66.9,3438.9999999999995
2018-07-29,,179.4,2.4,31.0,72.4,4.8,85.4,16.1,6.4,94.6,8.9,288.2,152.0,23.6,40.6,21.9,172.5,60.4,,165.7,406.8,2.2,5.8,1.2,2.2,91.7,7.4,212.5,198.9,1.5,307.0,210.3,4.6,300.3,32.3,158.1,10.2,67.7,3446.9999999999995
2018-07-30,,185.7,2.2,31.3,78.9,5.8,87.3,15.7,7.1,108.6,9.4,309.7,172.4,23.7,37.9,23.4,190.2,64.9,,168.5,432.1,2.3,5.6,1.6,2.3,87.1,7.9,223.4,206.7,1.5,324.4,218.9,4.4,287.1,39.1,159.6,10.8,68.2,3605.7000000000003
2018-07-31,,188.6,2.3,31.6,82.3,6.0,92.1,16.6,7.5,113.6,10.0,319.6,183.3,28.7,38.8,22.1,191.6,62.6,,165.6,438.0,2.3,5.6,1.6,2.3,87.1,7.2,247.3,213.8,0.9,321.6,220.2,4.4,300.5,39.9,159.5,9.7,66.1,3690.9
2018-08-01,,184.9,2.3,32.5,82.0,6.1,87.8,16.9,7.4,112.6,11.3,323.7,186.0,28.3,35.8,21.8,190.2,64.0,,169.9,435.7,2.4,5.3,1.6,2.3,91.7,7.4,252.8,217.6,1.1,320.2,209.5,4.0,309.3,39.0,148.5,8.8,68.3,3689.0000000000005
2018-08-02,,178.6,2.2,28.5,85.0,6.3,86.5,16.7,7.5,118.1,11.6,333.5,197.3,28.3,41.3,20.8,189.0,65.6,,176.3,440.6,1.9,5.6,1.4,2.2,94.4,7.5,262.4,227.9,1.3,320.2,201.3,3.8,320.2,37.9,140.7,10.0,68.0,3740.3999999999996
2018-08-03,,182.6,2.4,31.4,79.2,6.4,91.7,16.9,7.6,117.2,11.6,338.0,198.7,28.9,42.3,21.3,191.1,66.7,,181.0,442.6,2.4,5.8,1.4,2.3,102.2,7.7,268.2,234.3,1.1,312.0,209.4,4.2,315.4,37.9,147.0,9.9,66.6,3785.4
2018-08-04,,185.4,2.4,32.9,82.3,5.9,92.9,17.5,7.5,115.5,11.6,342.9,201.8,28.4,43.0,22.6,187.1,65.7,,186.3,440.6,2.4,5.9,1.4,2.2,107.9,7.7,273.6,237.5,1.3,299.7,212.0,4.3,334.5,38.4,152.1,10.2,69.1,3832.5000000000005
2018-08-05,,180.2,2.2,32.3,83.5,5.1,98.4,17.5,6.9,109.6,11.6,332.3,191.9,26.0,41.7,22.6,175.6,61.2,,185.4,430.1,2.2,5.7,1.5,2.2,102.9,7.1,263.2,234.4,1.0,294.8,203.5,4.3,328.5,32.0,148.1,10.8,66.7,3723.0
2018-08-06,,181.6,2.2,33.3,80.9,4.9,96.1,17.9,7.4,105.7,11.6,344.1,170.8,24.9,40.7,22.0,183.2,64.9,,185.4,446.0,2.2,5.6,1.4,2.2,98.2,7.5,254.8,235.1,1.0,309.6,209.1,4.7,324.2,34.5,156.9,11.1,66.8,3748.5
2018-08-07,,178.4,2.1,34.7,85.3,4.8,88.7,17.5,7.7,105.0,10.0,349.2,164.3,26.8,33.4,22.6,183.9,63.7,,187.4,456.1,2.2,5.7,1.6,2.2,97.5,7.6,216.6,235.1,0.9,313.3,205.3,4.6,330.9,33.7,152.1,10.8,67.0,3708.6999999999994
2018-08-08,,173.8,2.1,30.8,84.6,5.2,79.8,18.2,7.7,109.9,9.5,355.2,166.9,26.4,40.1,22.6,183.5,63.2,,171.3,452.7,2.3,5.7,1.7,2.2,98.9,6.4,217.0,228.1,0.8,270.3,201.3,4.6,336.6,36.4,159.0,12.4,66.3,3653.499999999999
2018-08-09,,174.8,2.2,33.1,88.5,5.5,84.4,18.3,7.6,116.9,9.5,341.4,176.0,26.9,42.5,23.0,185.0,62.2,,174.9,434.2,2.4,5.7,1.5,2.5,109.5,6.5,226.2,210.5,1.3,305.3,200.2,5.2,374.4,38.8,166.9,11.5,67.1,3742.3999999999996
2018-08-10,,176.1,2.3,34.7,93.0,5.7,86.4,18.1,7.6,120.7,9.5,353.4,188.4,28.6,39.8,24.3,189.3,63.2,,179.0,443.3,2.3,5.8,1.5,2.5,108.5,7.6,241.3,228.2,1.1,314.5,201.5,4.5,391.0,38.6,172.5,9.2,66.2,3860.2
2018-08-11,,158.3,2.5,32.2,92.6,5.9,85.8,18.1,7.7,117.6,9.5,352.1,191.0,28.6,38.0,24.8,180.2,61.9,,178.5,441.3,2.5,5.6,1.7,2.5,104.8,7.5,249.1,226.2,1.0,301.7,171.4,4.7,379.2,40.8,176.3,10.2,67.8,3779.6
2018-08-12,,154.7,2.3,31.0,90.8,4.9,84.5,18.0,7.1,110.4,9.5,336.4,177.8,25.0,36.8,24.3,161.9,57.3,,179.2,425.6,2.5,5.6,1.4,2.3,101.3,7.0,230.1,232.6,0.9,277.0,143.2,4.6,337.4,35.5,166.4,9.3,67.7,3562.2999999999997
2018-08-13,,158.0,2.2,30.5,90.1,5.3,83.6,18.3,7.5,114.9,9.4,356.2,185.5,23.8,36.9,24.4,158.8,60.4,,184.9,435.5,2.3,5.6,1.4,2.3,102.3,7.3,224.7,238.4,1.1,294.1,168.2,5.0,350.5,34.4,168.4,9.3,65.2,3666.7
2018-08-14,,158.4,2.2,34.6,95.3,5.6,86.4,18.4,7.5,117.3,9.4,365.2,193.0,26.5,37.3,24.1,164.5,56.6,,188.3,446.2,2.3,5.4,1.4,2.3,95.6,7.5,243.8,242.2,1.2,282.5,179.8,4.7,360.2,38.2,176.1,9.8,65.0,3754.8
2018-08-15,,150.7,2.2,31.0,94.8,5.0,84.0,14.9,5.0,102.7,8.3,344.7,177.4,23.0,39.6,23.4,147.6,47.9,,178.7,397.0,2.4,5.1,1.4,2.1,92.2,6.2,215.9,238.7,1.5,254.2,175.8,4.5,364.7,33.9,159.1,9.7,65.0,3510.2999999999997
2018-08-16,,149.8,2.1,31.9,91.6,5.8,81.4,16.7,6.4,116.6,9.0,361.9,191.4,28.3,40.7,21.7,146.7,38.9,,170.8,377.1,2.3,4.8,1.4,2.2,97.8,6.2,233.5,231.1,1.0,272.1,157.0,5.1,354.1,40.0,165.4,10.6,64.5,3537.9
2018-08-17,,158.3,2.3,34.0,98.0,5.3,88.1,17.7,7.5,121.0,9.0,301.9,198.2,29.5,34.6,23.3,155.2,42.1,,177.4,368.4,2.1,5.6,1.4,2.2,109.5,7.1,238.0,231.5,1.2,294.6,168.5,5.3,385.3,42.4,180.9,10.2,67.6,3625.2000000000003
2018-08-23,,181.5,2.3,34.5,95.4,5.3,86.6,18.6,7.6,113.4,9.7,298.5,169.7,19.5,44.6,24.8,181.5,60.0,,162.5,383.7,2.4,5.2,1.5,2.4,113.2,8.2,223.0,211.2,1.1,323.9,187.8,4.4,359.5,40.4,171.1,11.3,65.6,3631.9
2018-08-24,,181.8,2.2,33.5,90.3,5.6,86.0,18.3,7.7,111.9,9.9,303.7,173.9,20.7,39.7,23.6,186.9,59.3,,163.2,393.7,2.3,5.2,1.5,2.3,114.9,7.9,229.3,212.2,1.2,322.3,194.2,4.7,336.9,39.5,178.2,11.0,60.1,3635.6
2018-08-25,,179.8,2.3,33.5,85.8,5.4,87.1,18.4,6.2,107.6,9.8,300.8,181.2,21.1,41.9,22.4,182.8,55.8,,162.6,398.2,2.2,5.5,1.5,2.3,109.6,7.7,237.4,216.8,1.0,316.2,198.5,4.4,322.6,36.6,175.6,11.4,55.6,3607.600000000001
2018-08-26,,175.5,2.3,31.2,91.1,4.8,79.9,17.1,5.8,98.0,8.7,251.1,169.7,17.5,41.4,23.1,179.7,55.9,,156.4,377.6,2.1,5.4,1.3,2.3,98.3,6.9,233.8,207.7,0.9,285.3,190.1,5.0,315.2,32.1,162.0,11.1,55.3,3401.6000000000004
2018-08-27,,175.4,2.6,31.9,92.4,5.9,71.4,17.9,6.8,111.7,8.6,290.3,178.4,28.8,43.6,24.1,178.3,59.2,,161.5,393.1,2.2,5.8,1.5,2.3,94.4,7.2,249.9,214.9,1.0,302.7,174.6,4.7,328.6,36.0,169.3,10.5,62.1,3549.6000000000004
2018-08-28,,169.3,2.4,32.7,92.9,5.9,73.5,18.3,7.7,107.6,8.6,314.8,171.0,30.5,42.6,22.5,176.1,60.8,,163.2,401.2,2.5,5.6,1.4,2.3,90.3,7.3,254.1,222.4,1.1,302.0,188.0,5.0,335.8,38.7,176.4,11.1,64.1,3609.7000000000003
2018-08-29,,177.2,2.2,33.0,96.6,5.9,76.2,18.6,5.8,106.4,8.6,307.5,167.1,30.2,42.0,25.0,176.5,62.0,,163.0,408.2,2.3,5.4,1.4,2.3,92.6,7.2,252.4,214.8,1.1,302.4,200.0,4.6,336.5,39.1,179.7,0.0,63.6,3617.4
2018-08-30,,183.8,2.2,33.8,92.5,5.9,79.8,18.9,7.7,111.0,8.6,307.4,176.9,29.8,41.7,22.8,180.1,63.8,,165.5,418.0,2.2,5.2,1.5,2.3,95.1,6.4,254.0,218.2,0.8,308.1,210.4,4.7,342.9,39.0,175.4,11.1,65.0,3692.499999999999
2018-08-31,,181.4,2.5,34.0,90.7,5.9,80.5,16.7,7.9,116.4,10.2,310.2,193.2,30.5,42.0,22.8,184.9,65.1,,160.3,419.7,2.1,5.3,1.4,2.3,96.9,7.1,258.4,230.8,1.2,300.3,213.3,5.4,334.2,37.2,168.6,11.3,66.5,3717.2000000000007
2018-09-01,,181.9,2.4,33.9,90.9,5.5,79.8,18.0,7.6,104.0,11.3,300.2,180.9,29.7,38.0,22.5,178.0,65.7,,155.4,421.8,2.2,5.8,1.4,2.3,88.7,7.0,258.5,222.5,1.2,289.0,205.9,4.7,314.5,39.1,167.0,10.5,67.5,3615.3000000000006
2018-09-02,,180.5,2.5,31.1,88.6,4.6,79.5,17.9,7.2,91.0,8.6,278.0,145.6,26.6,39.8,20.3,170.4,61.5,,153.3,407.2,2.3,5.1,1.4,2.2,98.4,6.4,228.9,210.5,0.8,265.1,204.7,3.9,315.5,34.4,147.9,11.2,62.2,3415.1
2018-09-03,,186.8,2.2,32.5,83.8,4.4,81.1,17.6,7.3,87.3,9.8,253.6,140.7,26.8,39.9,22.9,184.4,66.1,,159.3,414.9,2.4,5.1,1.5,2.3,100.0,7.0,209.4,207.9,1.1,300.2,212.6,5.0,319.9,35.8,157.6,11.0,67.1,3467.2999999999997
2018-09-04,,192.1,2.3,35.7,87.6,4.9,83.9,18.4,7.7,94.1,11.3,274.0,148.6,27.6,39.6,23.3,194.4,66.6,,160.9,432.4,2.4,5.9,1.4,2.2,91.3,7.2,223.3,204.3,1.1,315.1,218.2,4.9,308.6,38.4,169.5,10.0,67.8,3577.0000000000005
2018-09-05,,189.7,2.3,34.6,89.8,5.1,83.1,18.7,7.8,95.4,11.3,308.1,154.2,28.1,40.0,21.3,199.0,66.8,,159.7,438.8,2.4,6.0,1.5,2.1,85.0,7.4,223.5,215.2,1.1,319.4,219.0,4.3,309.0,40.7,167.8,10.7,62.2,3631.1
2018-09-06,,191.1,2.1,33.1,92.2,5.4,79.6,18.7,7.9,100.4,11.3,327.3,154.3,28.5,38.9,21.3,201.4,66.9,,157.7,438.3,2.3,5.8,1.5,2.4,82.6,7.4,227.2,215.5,0.8,324.3,219.2,4.6,317.8,40.5,129.8,12.3,61.7,3632.1000000000004
2018-09-07,,191.6,2.0,32.9,78.9,5.2,76.6,18.4,7.9,98.6,14.4,341.7,148.5,28.1,36.5,18.6,206.0,67.9,,155.0,446.7,2.3,5.9,1.5,2.4,99.1,7.6,215.2,217.3,1.2,324.7,224.8,3.9,327.0,41.5,153.0,10.8,62.1,3675.8
2018-09-08,,187.9,2.1,32.9,92.2,5.1,78.4,18.7,7.8,92.9,12.7,338.2,145.9,27.8,38.2,22.8,201.8,68.3,,142.6,449.7,1.8,5.9,1.5,2.4,102.4,7.9,199.0,200.4,1.3,325.0,224.5,4.5,304.9,41.5,150.3,9.6,61.4,3610.2999999999997
2018-09-09,,193.3,2.1,31.5,94.7,4.7,89.6,18.5,7.3,88.0,11.6,318.7,141.6,25.9,38.8,22.3,196.1,63.2,,155.6,442.1,1.8,5.9,1.6,2.4,100.1,7.5,193.3,176.3,0.9,294.7,224.9,4.8,322.6,38.9,157.4,10.4,61.5,3550.600000000001
2018-09-10,,196.8,2.3,29.2,93.1,5.2,88.9,18.7,7.7,98.1,12.6,336.1,157.2,18.8,40.1,22.2,201.3,63.1,,166.9,467.7,2.2,5.3,1.5,2.3,99.2,7.4,199.9,182.3,1.1,297.7,230.6,4.6,336.7,39.9,161.9,11.3,57.9,3667.8000000000006
2018-09-11,,193.1,2.2,27.3,94.4,5.3,91.1,18.9,7.7,104.2,12.5,346.9,170.9,28.9,38.6,24.9,206.7,68.4,,175.4,486.4,2.1,5.8,1.5,2.3,97.9,7.8,211.9,189.9,1.1,320.2,231.1,4.7,348.2,39.7,165.2,10.9,56.0,3800.1000000000004
2018-09-12,,184.2,2.2,27.2,96.9,5.1,92.7,19.0,7.8,107.4,12.8,355.9,168.7,28.6,38.9,25.4,204.3,69.7,,180.7,487.6,2.2,5.9,1.4,2.1,92.9,8.0,208.9,201.0,1.2,319.4,219.8,4.4,338.9,39.1,166.7,10.4,56.6,3794.0
2018-09-13,,180.4,2.4,30.4,95.3,5.0,96.8,16.2,6.6,106.5,12.1,362.5,170.2,27.9,37.3,25.4,193.8,69.5,,188.1,466.1,2.2,4.2,1.5,2.2,95.5,7.4,205.3,203.3,1.1,313.3,217.0,3.7,339.6,38.2,168.3,10.9,62.6,3768.7999999999993
2018-09-14,,182.5,2.3,30.4,93.7,5.1,96.8,17.9,7.1,106.9,11.5,374.0,176.3,28.2,37.9,24.6,203.3,69.9,,193.7,487.3,2.4,4.7,1.6,2.4,102.8,7.7,206.7,213.0,1.0,313.7,228.1,4.8,356.0,39.3,168.1,10.6,61.9,3874.2
2018-09-15,,185.0,2.3,30.6,99.3,5.0,99.6,18.3,7.6,103.2,11.7,375.7,175.9,28.7,36.3,25.2,203.7,70.2,,199.5,449.1,2.3,4.8,1.5,2.4,107.6,7.8,212.3,216.7,1.1,305.5,228.6,4.9,368.8,40.3,165.1,10.4,58.1,3865.1000000000004
2018-09-16,,174.3,2.7,30.4,97.9,4.5,99.6,18.1,7.2,98.4,10.8,370.1,173.1,27.1,37.3,24.5,190.6,65.3,,200.7,483.6,2.2,5.1,1.4,2.4,98.7,6.3,205.3,214.6,0.9,276.9,230.2,4.6,363.4,38.0,158.8,10.7,57.5,3793.2000000000003
2018-09-17,,162.6,2.6,31.5,97.8,4.9,92.0,17.6,7.2,106.1,11.0,381.6,182.1,26.9,39.6,23.7,193.0,69.6,,202.5,488.0,2.2,4.5,1.7,2.4,92.9,6.9,219.8,218.8,1.0,284.9,209.6,5.2,374.5,37.9,159.1,10.9,49.8,3822.4
2018-09-18,,162.0,2.4,34.1,97.9,5.0,94.4,18.3,7.4,107.5,12.1,388.0,184.9,29.1,39.5,24.2,195.6,70.5,,209.3,491.0,2.4,5.2,1.7,2.5,96.5,7.1,224.9,226.2,1.1,295.6,189.1,5.5,383.6,39.1,169.5,10.5,49.1,3882.7999999999993
2018-09-19,,165.1,2.4,33.0,97.9,4.9,98.9,18.5,7.3,108.6,12.7,395.7,188.9,30.4,38.5,24.7,200.3,70.3,,210.6,484.5,2.2,4.8,1.8,2.4,96.5,7.0,226.3,229.0,0.0,292.6,195.1,4.9,392.2,39.0,177.3,10.5,50.5,3925.3
2018-09-20,,163.5,2.4,33.7,84.5,5.5,96.4,18.6,7.3,108.9,12.7,399.3,189.3,28.5,40.9,23.8,201.9,69.2,,212.3,482.1,2.4,5.0,1.5,2.2,89.5,7.3,215.4,233.7,0.6,295.2,201.0,4.4,382.6,42.6,152.5,9.8,61.3,3887.7999999999997
2018-09-21,,153.3,2.4,32.8,65.8,5.2,75.3,18.3,7.5,104.2,12.6,403.2,181.5,30.0,42.8,19.1,199.2,68.8,,199.5,474.0,2.3,4.9,1.4,2.3,90.0,7.5,238.2,230.1,1.2,310.6,182.5,4.5,333.9,40.7,133.6,10.7,60.7,3750.6000000000004
2018-09-22,,158.6,2.2,31.9,81.3,4.1,77.4,18.6,7.6,91.8,12.5,393.3,121.7,27.4,39.4,21.2,199.1,69.6,,164.4,447.0,2.2,5.0,1.7,2.1,100.9,7.5,167.4,204.2,1.2,312.1,180.0,4.4,289.7,36.4,145.9,11.1,62.8,3503.7
2018-09-23,,169.4,2.2,31.5,94.0,3.4,86.5,18.2,7.3,83.9,12.3,332.1,100.4,24.3,33.1,24.6,196.2,66.3,,170.9,436.1,2.4,5.3,1.6,2.1,106.4,7.1,106.9,176.9,1.0,290.8,194.1,5.0,292.1,32.9,147.9,12.7,64.4,3342.3
2018-09-24,,176.2,2.3,29.7,94.3,3.5,91.6,18.5,7.1,86.0,12.2,360.4,96.3,25.6,37.9,24.5,193.6,69.1,,181.4,472.3,2.2,5.0,1.6,2.1,105.0,7.5,104.5,181.5,1.2,299.8,208.6,4.6,302.6,34.1,167.1,11.9,63.1,3484.8999999999996
2018-09-25,,178.1,2.4,27.8,97.6,3.8,94.4,18.7,7.4,81.0,12.9,376.8,110.5,25.6,40.9,24.6,192.0,70.6,,189.8,485.2,2.3,5.1,1.7,2.4,96.1,6.8,112.2,192.1,1.1,312.6,218.4,4.7,314.8,34.6,170.8,11.2,59.9,3586.8999999999996
2018-09-26,,172.5,2.2,28.5,99.8,4.1,95.6,18.7,6.5,83.6,12.3,380.6,119.1,27.1,39.9,24.2,172.4,72.0,,194.3,489.9,2.2,4.8,1.7,2.2,90.7,7.6,127.4,200.6,0.8,317.8,208.7,4.6,333.0,38.1,172.1,10.1,59.5,3625.1999999999994
2018-09-27,,170.5,2.3,30.0,101.8,4.3,99.3,18.6,7.0,88.4,12.3,383.9,126.0,26.1,38.6,25.1,167.6,70.8,,197.4,488.8,2.4,5.3,1.6,2.1,96.7,7.5,136.8,202.8,1.1,314.2,209.0,4.6,345.2,38.6,179.0,10.9,58.5,3675.1
2018-09-28,,176.0,2.3,30.6,101.4,4.4,100.6,18.3,6.6,93.3,12.3,388.6,132.6,27.5,39.9,24.9,171.8,69.4,,201.8,481.5,2.3,5.0,1.6,2.2,98.7,7.6,141.1,207.5,1.1,306.4,217.1,4.9,350.8,36.3,176.3,11.1,60.7,3714.5
2018-09-29,,179.5,2.4,32.0,102.5,4.2,102.7,18.0,6.8,93.2,12.1,388.2,135.9,26.3,32.2,25.0,164.3,69.5,,204.8,479.6,2.4,5.0,1.6,2.2,105.2,7.5,139.4,207.1,1.2,300.6,216.5,5.0,365.4,38.0,191.3,4.1,58.2,3729.9
2018-09-30,,182.3,2.3,28.1,98.5,3.5,100.1,17.4,6.8,89.1,13.1,378.8,129.5,24.4,38.5,24.6,162.2,64.6,,206.5,478.9,2.2,5.1,1.4,2.3,109.9,7.2,140.1,209.4,1.1,283.4,216.7,5.1,350.4,37.5,177.0,4.4,61.1,3663.4999999999995
2018-10-01,,184.4,2.2,29.1,98.9,4.2,102.4,17.1,6.5,94.4,13.2,386.4,135.5,26.2,38.9,23.4,175.6,72.1,,208.6,491.5,2.2,5.2,1.4,2.4,114.8,6.9,157.0,211.7,1.1,295.0,213.9,5.0,362.5,37.7,171.2,5.9,53.1,3757.6
2018-10-02,,189.1,2.0,28.3,104.0,3.6,101.4,16.5,6.0,83.7,13.2,398.2,133.7,23.3,40.0,24.2,168.7,65.0,,209.8,486.1,2.4,5.2,1.4,2.4,123.5,6.7,151.8,211.5,0.9,277.0,208.6,4.9,357.2,32.5,174.7,4.9,57.9,3720.3
2018-10-03,,192.5,2.3,27.6,98.4,4.2,102.0,17.1,6.5,95.7,12.2,398.2,146.0,26.3,27.8,24.2,186.0,66.8,,212.4,499.4,2.4,4.9,1.4,2.4,114.7,7.2,170.9,214.4,1.2,280.2,209.7,4.3,362.4,36.7,181.7,6.0,58.0,3804.1000000000004
2018-10-04,,188.6,2.3,29.3,98.4,4.2,103.7,16.4,6.9,98.7,13.2,401.6,154.4,26.1,39.3,22.4,183.1,66.9,,213.7,485.8,2.2,5.0,1.6,2.3,115.8,6.6,174.7,217.7,1.2,268.2,218.0,4.2,359.6,38.4,181.9,5.9,55.5,3813.8
2018-10-05,,182.5,2.2,29.8,93.8,4.1,104.4,17.0,5.6,97.3,14.0,396.2,156.1,27.4,40.1,21.1,181.4,68.5,,216.1,488.3,2.3,5.0,1.6,2.3,117.8,6.7,177.1,219.9,1.1,262.2,227.6,5.2,358.9,38.1,192.6,6.7,58.0,3829.0000000000005
2018-10-06,,183.7,2.1,28.7,97.4,3.9,103.9,17.5,6.8,91.9,14.2,397.2,154.3,27.2,40.1,24.6,176.9,68.3,,219.9,494.8,2.3,4.9,1.5,2.3,115.3,6.4,177.9,216.7,1.2,254.1,229.4,4.8,352.1,38.5,173.3,6.6,61.3,3802.000000000001
2018-10-07,,186.5,2.3,27.0,95.0,3.3,103.9,17.3,7.2,84.9,14.0,385.5,140.9,25.3,38.9,24.3,166.8,63.1,,219.3,491.1,3.1,4.8,1.6,2.3,116.0,6.0,165.2,209.5,0.9,244.2,228.3,4.5,360.7,35.2,162.7,6.2,62.7,3710.5000000000005
2018-10-08,,193.2,2.2,25.7,93.5,3.8,103.9,16.6,7.1,91.5,14.1,394.8,144.5,27.1,38.7,23.0,187.3,66.2,,225.4,510.0,2.3,4.7,1.8,2.4,112.8,6.7,172.0,216.9,1.1,261.2,229.3,4.9,351.2,37.3,182.9,5.8,60.9,3822.8
2018-10-09,,195.8,2.1,26.4,94.0,3.8,104.0,17.8,7.0,92.3,14.1,392.7,154.0,27.1,32.5,24.9,192.9,66.7,,228.3,503.1,2.2,4.8,2.0,2.4,113.8,6.9,163.1,213.8,1.2,270.7,233.4,4.3,350.2,37.3,170.7,6.0,60.8,3823.100000000001
2018-10-10,,190.5,2.2,27.2,94.2,3.9,101.2,18.2,6.8,94.3,10.7,378.0,153.9,27.7,40.5,24.8,197.4,68.2,,232.9,517.7,2.4,4.6,1.6,2.3,110.0,7.1,163.8,224.3,1.3,285.2,228.0,3.8,347.3,37.2,150.5,6.5,61.2,3827.4000000000005
2018-10-11,,188.5,2.2,26.6,83.6,3.6,98.4,18.2,6.9,88.3,10.5,395.0,138.3,26.3,37.5,19.7,199.7,68.5,,234.5,513.0,2.1,4.9,1.5,2.2,87.1,7.4,151.4,219.8,1.3,290.1,222.7,3.8,333.6,32.4,137.9,6.4,59.7,3723.6
2018-10-12,,194.0,2.2,24.9,73.5,3.6,99.0,17.9,7.0,81.9,10.9,396.0,138.6,27.5,40.4,19.4,208.7,70.7,,236.6,513.1,2.1,4.8,1.7,2.1,86.0,7.7,152.0,220.0,1.3,300.7,227.8,3.5,317.7,35.2,140.9,5.8,61.0,3736.2000000000003
2018-10-13,,192.2,2.0,24.8,81.1,3.3,100.6,17.6,7.2,75.3,11.1,387.2,139.4,27.6,38.6,23.3,215.1,69.9,,239.2,514.6,2.0,5.3,1.8,2.0,93.3,7.7,146.4,218.1,1.2,307.2,218.1,4.6,312.3,35.1,133.1,6.0,62.2,3726.5000000000005
2018-10-14,,191.2,2.2,24.1,87.2,3.0,101.3,17.4,7.1,70.7,11.1,374.8,129.1,25.1,38.1,23.5,205.5,63.6,,240.1,504.5,2.1,5.0,1.6,2.0,93.7,7.1,135.4,214.4,1.0,289.0,214.8,4.1,289.9,32.9,130.3,7.5,63.2,3613.6
2018-10-15,,194.3,2.3,25.3,81.4,3.4,101.1,17.4,7.2,75.1,11.1,383.8,140.3,26.6,38.8,24.5,203.5,69.5,,245.2,515.2,2.4,5.3,1.7,2.3,107.0,7.3,143.4,217.4,1.1,294.1,219.5,4.5,294.9,35.0,142.5,7.3,58.7,3710.4000000000005
2018-10-16,,191.2,2.2,25.7,81.3,3.4,100.9,17.6,7.2,79.6,11.1,384.0,145.9,27.2,38.6,24.3,194.3,67.2,,249.1,516.3,2.2,5.0,1.8,2.4,96.5,7.3,137.2,220.6,1.2,299.0,218.8,4.2,295.3,35.9,136.1,6.6,62.5,3699.7000000000003
2018-10-17,,183.2,2.3,24.0,82.2,3.4,100.7,17.6,7.1,80.9,11.1,370.5,146.0,27.4,38.9,24.6,169.2,67.6,,253.3,511.7,2.3,5.0,1.9,2.5,99.9,7.2,140.6,221.4,1.1,286.8,207.6,4.1,317.8,36.0,125.6,6.8,63.1,3651.4000000000005
2018-10-18,,172.6,2.2,22.5,82.2,3.4,101.5,15.8,6.1,80.4,9.7,358.3,146.3,27.0,40.2,24.5,151.5,63.1,,252.1,463.4,2.2,4.9,1.8,2.6,99.8,6.1,137.2,219.6,1.0,254.1,192.0,5.0,333.4,35.6,116.1,8.0,61.4,3503.6
2018-10-19,,170.2,2.1,19.2,78.3,3.0,98.6,15.4,5.7,69.6,10.4,365.7,132.2,22.8,39.3,21.8,149.6,66.5,,248.5,484.0,2.2,4.9,1.8,2.1,99.9,6.8,123.7,211.9,0.8,268.9,197.6,3.9,314.3,31.9,127.0,7.8,56.0,3464.4000000000005
2018-10-20,,175.1,2.0,22.3,77.5,3.2,97.8,17.0,6.9,71.4,10.6,374.7,134.1,25.3,40.1,22.8,157.8,67.2,,251.5,506.3,2.6,5.2,1.8,2.3,107.1,6.7,127.9,215.9,0.9,273.1,219.1,3.9,304.9,34.0,128.9,8.4,61.3,3567.6000000000004
2018-10-21,,181.1,2.1,24.6,80.8,2.9,99.0,17.4,7.5,66.4,9.3,363.1,130.1,24.7,38.0,24.2,164.5,62.3,,251.6,498.2,2.3,5.2,1.8,2.2,104.2,6.2,128.4,215.4,0.9,262.4,217.4,5.0,299.7,33.7,134.2,7.9,60.2,3534.9
2018-10-22,,188.7,2.2,24.5,81.3,3.3,97.5,17.3,7.4,72.8,9.3,366.7,132.1,26.1,38.7,24.4,185.0,66.8,,243.7,514.0,2.3,4.9,1.9,2.1,100.9,6.7,132.3,210.9,1.2,280.7,224.5,3.9,290.9,35.0,156.4,10.7,59.6,3626.7
2018-10-22,,188.7,2.2,24.5,81.3,3.3,97.5,17.3,7.4,72.8,9.3,366.7,132.1,26.1,38.7,24.4,185.0,66.8,,243.7,514.0,2.3,4.9,1.9,2.1,100.9,6.7,132.3,210.9,1.2,280.7,224.5,3.9,290.9,35.0,156.4,10.7,59.6,3626.7
2018-10-23,,191.3,2.3,25.6,84.8,3.3,96.7,17.3,7.2,72.7,9.3,367.3,135.0,26.8,37.6,24.3,199.9,69.6,,255.3,513.4,2.5,5.2,1.4,2.2,100.6,6.9,128.7,216.2,1.3,292.3,223.9,3.9,296.0,34.8,148.5,10.2,54.9,3669.2
2018-10-24,,194.3,2.2,25.5,79.7,3.3,93.3,17.0,7.3,73.8,9.3,363.6,134.7,27.9,39.0,22.5,204.0,69.9,,257.4,509.2,2.2,5.3,1.6,2.3,110.8,7.0,122.4,219.3,1.4,300.4,216.0,4.0,293.0,35.9,144.1,7.4,59.2,3666.2000000000003
2018-10-25,,198.7,2.1,28.0,77.5,3.2,92.2,17.0,7.5,73.5,9.3,368.2,132.0,27.3,38.8,22.6,206.0,70.8,,257.1,503.1,2.4,5.1,1.6,2.0,106.5,7.0,129.9,219.9,1.3,302.6,222.6,4.0,291.3,34.2,135.8,11.3,61.9,3674.3
2018-10-26,,196.4,1.9,27.2,76.1,3.2,90.6,16.4,7.6,73.2,10.6,365.6,129.4,28.0,40.4,22.5,205.2,71.4,,259.4,497.5,2.3,5.3,1.8,2.0,99.7,7.2,133.2,222.4,1.5,307.7,219.9,3.9,293.6,24.4,132.7,7.9,62.0,3650.1
2018-10-27,,192.7,2.1,26.9,74.0,3.1,88.9,15.8,7.5,68.9,10.5,360.1,126.0,28.5,39.3,22.3,204.0,71.8,,260.3,496.1,2.3,5.3,1.8,2.0,94.2,7.1,137.1,219.4,1.3,309.7,216.7,3.9,285.3,35.8,129.8,7.0,63.2,3620.7000000000003
2018-10-28,,188.8,1.9,25.1,78.3,2.9,88.1,15.7,6.9,64.4,9.2,351.7,114.0,25.9,37.5,23.0,194.8,65.2,,257.3,477.5,2.3,5.4,1.8,2.1,89.6,6.6,127.7,218.1,1.0,286.0,212.1,2.9,277.9,31.4,121.8,4.9,63.4,3483.2000000000003
2018-10-29,,194.1,2.0,24.1,77.4,3.2,87.4,16.0,7.2,69.7,9.2,360.7,123.0,25.8,32.7,22.9,209.0,70.2,,252.7,489.3,2.3,5.4,1.8,2.2,94.9,7.0,128.4,224.7,1.3,300.2,200.4,4.5,285.8,35.1,122.0,6.7,63.7,3563.0
2018-10-30,,191.9,2.0,25.8,80.9,3.3,86.4,16.0,7.2,71.8,9.8,356.5,125.0,27.8,30.6,21.9,215.6,69.9,,259.0,483.9,2.4,5.4,1.6,2.1,93.6,7.0,123.0,223.0,1.3,312.5,210.0,4.8,285.4,35.0,111.8,11.7,63.8,3579.7000000000003
2018-10-31,,196.8,2.2,26.7,81.0,3.4,85.4,16.0,7.3,71.0,9.7,349.9,125.5,28.0,38.6,23.4,220.1,71.3,,260.9,482.3,2.4,5.3,1.6,2.1,93.2,7.2,119.4,225.9,1.3,313.0,214.1,3.6,285.8,36.2,129.6,12.4,68.3,3620.9
2018-11-01,,186.9,2.2,25.6,80.9,3.3,86.4,15.6,7.2,71.3,9.7,345.5,123.0,27.9,36.3,24.2,206.2,71.6,,261.4,477.9,2.3,5.1,1.8,2.1,89.4,6.7,118.0,229.0,1.2,297.8,205.3,4.0,283.9,35.7,150.3,11.1,64.1,3570.9
2018-11-02,,181.5,2.1,25.8,81.7,3.4,86.5,15.5,7.2,71.7,9.7,349.6,122.0,27.6,32.5,23.4,212.3,71.2,,263.3,483.5,2.4,5.5,1.8,2.3,89.6,6.8,124.3,228.7,1.3,283.9,204.5,4.3,282.5,35.6,138.3,11.1,63.3,3556.7000000000007
2018-11-03,,185.2,2.1,25.5,80.2,3.2,86.4,5.4,7.3,68.5,10.6,346.7,119.0,25.8,26.1,23.4,205.2,69.8,,266.4,491.6,2.2,5.2,1.9,2.1,90.7,6.8,116.6,227.1,1.3,272.4,201.5,3.7,289.3,34.7,137.2,10.7,62.8,3514.5999999999995
2018-11-04,,184.9,2.0,23.0,80.1,2.9,87.1,5.4,7.1,64.6,10.0,337.1,114.3,25.5,24.1,23.3,192.1,64.3,,267.7,481.4,2.1,5.2,1.9,2.1,91.8,6.5,113.0,222.8,1.1,256.6,205.2,3.8,273.8,32.8,128.6,9.6,62.1,3415.8999999999996
2018-11-05,,192.2,2.0,22.7,79.3,3.2,85.8,15.7,7.2,65.4,10.7,334.4,115.0,27.8,39.4,23.8,210.3,70.6,,269.6,477.2,2.4,5.3,1.9,2.1,90.1,6.6,117.6,219.7,1.2,254.2,202.5,3.6,304.0,35.1,145.0,10.3,60.7,3514.6
2018-11-06,,194.7,2.0,23.4,79.1,3.1,88.9,15.0,6.8,63.0,9.7,310.1,111.6,26.4,40.2,25.4,214.8,70.2,,265.0,471.6,2.1,5.3,1.7,2.1,93.1,5.3,111.7,215.4,1.2,216.9,204.5,5.2,300.2,34.0,147.0,9.8,65.1,3441.6
2018-11-07,,184.9,2.0,22.3,82.9,2.7,81.3,9.5,3.7,53.9,9.7,258.4,96.3,19.5,37.9,25.0,205.4,70.1,,253.7,413.7,2.5,5.3,1.4,2.0,93.4,5.6,97.3,199.4,1.0,221.4,190.9,5.3,293.9,26.8,121.2,11.2,64.5,3176.0000000000005
2018-11-08,,187.2,2.2,23.6,76.4,2.7,72.5,8.5,2.9,50.4,9.4,224.1,87.3,17.4,35.6,25.4,197.2,70.9,,241.0,401.6,2.3,5.3,1.6,2.1,92.2,6.4,84.9,192.7,1.0,251.1,189.4,4.1,263.7,25.5,130.5,11.8,62.8,3063.6999999999994
2018-11-09,,194.2,2.1,24.6,75.2,3.0,75.3,11.3,4.0,55.3,9.4,239.3,93.8,21.9,38.5,25.2,210.8,70.9,,247.5,409.5,2.5,5.4,1.5,2.3,91.1,6.8,98.2,205.1,1.0,272.9,192.4,3.8,259.9,28.5,114.8,11.5,63.1,3172.6
2018-11-10,,190.6,2.1,24.2,72.9,2.9,75.5,13.2,5.4,57.3,9.4,257.6,103.7,25.3,41.8,24.2,215.5,70.3,,252.9,419.7,2.5,5.1,1.8,2.2,96.5,7.0,111.4,215.8,1.1,283.3,190.6,3.7,260.7,29.8,105.8,12.7,61.7,3256.1999999999994
2018-11-11,,191.6,2.1,23.3,72.9,2.9,76.0,13.7,6.0,55.5,9.8,268.5,103.4,25.3,42.5,24.2,206.8,64.7,,257.8,426.6,2.5,5.2,1.7,2.1,92.7,6.4,106.8,218.1,1.5,274.5,187.2,3.4,263.3,31.0,105.5,11.1,63.0,3249.6
2018-11-12,,189.7,2.2,23.6,74.0,3.1,76.2,14.2,6.5,61.3,10.5,290.0,110.7,26.9,44.1,24.5,219.1,70.9,,261.4,447.4,2.6,5.2,1.5,2.1,88.9,6.7,111.1,222.9,1.3,291.1,181.1,3.5,267.0,33.4,122.1,11.1,61.7,3369.6
2018-11-13,,189.1,2.2,24.9,69.6,3.1,76.3,14.4,6.8,59.7,10.6,303.2,112.5,27.2,44.5,23.4,220.2,72.3,,263.0,452.4,2.4,5.6,1.7,2.1,87.9,7.0,110.2,242.3,1.4,296.0,177.2,3.6,270.0,33.9,117.1,10.8,62.9,3407.499999999999
2018-11-14,,190.0,2.1,24.8,68.5,3.2,77.1,14.5,6.9,61.8,10.5,309.0,107.0,26.7,42.8,25.0,220.1,72.8,,267.0,454.6,2.5,5.9,1.7,2.1,85.5,6.7,108.0,229.5,1.4,300.1,177.5,4.9,265.9,34.9,112.4,10.5,63.3,3397.2000000000003
2018-11-15,,182.9,2.1,23.9,69.5,3.2,74.6,14.7,6.9,62.5,10.1,319.1,113.1,25.7,44.8,24.4,219.0,73.0,,267.7,452.6,2.7,5.7,1.8,2.2,84.4,6.6,106.1,232.2,1.4,300.1,177.3,4.2,266.7,34.2,113.1,11.4,61.9,3401.7999999999997
2018-11-16,,180.5,2.9,23.7,71.1,3.2,78.3,14.6,6.9,62.9,10.0,316.9,113.8,27.7,42.7,24.3,213.8,67.9,,267.7,446.8,2.6,5.6,1.7,2.2,85.7,5.6,110.0,230.7,1.4,244.3,179.3,4.1,264.8,35.8,117.5,11.4,64.8,3343.2
2018-11-17,,179.2,2.0,23.8,69.4,3.1,77.3,14.8,6.9,60.0,10.0,321.0,114.3,27.6,43.8,24.5,218.7,62.8,,269.1,457.8,2.6,5.8,1.7,2.2,86.5,6.6,109.4,229.7,1.4,253.0,178.4,3.8,263.0,35.7,113.1,11.6,63.9,3354.5
2018-11-18,,175.6,2.2,22.5,68.2,2.8,76.7,14.6,6.5,57.3,10.0,315.0,105.1,26.2,44.0,23.9,205.0,63.2,,268.4,445.6,2.4,6.0,1.5,2.2,86.7,6.2,108.5,225.8,1.5,243.7,174.7,3.6,259.0,31.7,102.8,11.0,63.7,3263.7999999999997
2018-11-19,,181.0,2.1,22.8,69.4,3.1,78.6,14.9,6.8,61.0,10.5,330.3,112.8,27.7,44.9,23.4,203.1,68.7,,269.4,453.9,2.5,6.0,1.7,2.1,87.0,6.9,113.2,225.8,1.4,265.8,176.4,3.3,261.4,34.9,109.7,11.1,64.7,3358.2999999999997
2018-11-20,,182.4,2.2,24.0,70.0,3.2,76.2,15.2,7.1,61.7,10.6,327.1,116.0,27.8,45.7,23.7,204.3,69.2,,271.2,449.6,2.6,6.1,1.7,2.2,86.3,6.8,116.8,226.8,1.5,268.9,179.1,3.6,269.4,36.0,107.3,12.0,63.5,3377.8
2018-11-21,,174.9,2.4,23.9,70.8,3.2,76.4,15.5,7.2,61.3,10.6,331.5,116.9,28.3,36.6,24.9,205.3,71.1,,272.3,449.5,2.5,6.2,1.7,2.2,86.3,6.4,115.3,227.1,1.4,266.6,176.7,3.4,270.4,35.2,116.4,13.0,62.4,3375.7999999999997
2018-11-22,,165.8,2.0,23.1,71.5,3.2,77.8,15.1,7.1,62.1,10.4,338.7,118.7,28.0,44.8,24.1,194.8,71.7,,271.5,450.5,2.3,6.1,1.8,2.2,83.2,6.4,114.3,230.1,1.4,256.0,177.7,4.1,267.2,35.8,104.8,13.5,63.1,3350.8999999999996
2018-11-23,,166.5,2.0,23.6,68.8,3.0,77.0,14.3,7.0,61.6,10.3,337.5,116.6,28.2,45.8,24.5,192.8,70.4,,271.1,438.1,2.4,6.0,2.0,2.2,86.0,6.7,113.8,233.0,1.4,257.1,176.0,4.5,264.6,35.5,104.8,10.1,63.3,3328.5
2018-11-24,,167.9,2.1,24.2,68.3,3.1,74.1,15.7,7.0,58.4,10.3,335.2,115.6,27.8,40.9,24.7,193.4,69.9,,269.7,443.3,2.5,6.1,2.2,2.3,83.5,6.7,118.0,230.7,1.3,256.6,173.9,3.6,262.9,36.0,107.5,11.0,61.6,3318.0
2018-11-25,,165.1,1.9,22.8,68.5,2.9,74.3,15.6,6.5,58.3,10.3,324.1,108.4,25.7,40.9,24.1,186.1,64.9,,267.2,431.0,2.7,6.0,1.3,2.1,82.5,6.1,116.1,225.5,1.1,239.2,169.6,3.8,259.3,32.8,104.9,11.2,60.9,3223.7000000000003
2018-11-27,,167.7,2.2,24.1,69.8,3.2,75.8,15.9,6.8,62.0,10.4,330.8,121.5,28.2,46.7,24.8,201.0,71.2,,265.8,446.2,2.5,6.2,2.0,2.2,87.0,6.3,124.2,230.9,1.6,267.6,170.0,3.6,244.4,36.4,105.8,11.5,58.4,3334.6999999999994
2018-11-28,,172.2,2.2,24.7,69.1,3.3,77.3,16.1,7.0,62.5,10.2,326.7,122.7,28.9,43.5,25.8,203.5,70.6,,257.8,440.9,2.5,6.6,2.0,2.2,86.4,6.6,126.2,231.5,1.5,275.7,169.9,3.7,267.5,36.0,112.2,11.2,55.7,3362.3999999999996
2018-11-29,,172.6,2.2,24.5,68.5,3.2,76.9,16.0,6.9,62.3,9.8,329.5,121.9,28.2,47.3,23.0,206.5,71.7,,258.6,442.5,2.7,6.6,1.8,2.3,85.5,6.6,126.2,227.8,1.4,269.7,170.2,3.8,259.6,35.0,114.3,12.3,56.7,3354.600000000001
2018-11-30,,174.7,2.1,23.7,73.3,3.4,76.5,16.0,7.0,64.2,9.9,331.4,124.7,28.6,45.2,24.1,211.3,71.2,,259.0,431.3,2.6,6.5,2.0,2.2,85.6,6.6,123.5,230.8,1.4,267.2,167.7,4.4,263.5,35.5,119.8,12.0,58.8,3367.7
2018-12-01,,172.5,2.3,24.6,72.4,3.1,75.6,15.4,6.6,59.8,9.8,327.4,125.4,27.1,45.0,23.8,209.4,71.7,,257.3,425.3,2.7,6.3,1.5,2.1,82.8,6.6,126.2,228.9,1.4,265.6,166.7,3.8,260.4,35.2,108.9,11.0,57.9,3322.5000000000005
2018-12-02,,169.3,2.2,22.7,68.4,2.9,76.0,15.8,6.0,56.8,9.6,311.8,116.1,25.3,41.4,25.1,195.6,64.7,,257.1,414.7,2.7,6.4,1.6,2.2,81.6,5.8,123.3,225.6,1.2,248.9,160.6,3.6,249.9,32.7,100.7,10.5,59.9,3198.7
2018-12-03,,168.3,2.1,23.6,69.7,3.2,75.4,16.2,6.6,61.6,9.6,324.3,123.5,27.0,42.8,25.0,209.3,70.7,,258.4,430.1,2.7,6.4,1.5,2.2,75.7,6.3,123.0,229.4,1.5,273.8,167.9,4.0,253.5,34.7,105.2,10.9,60.7,3306.8
2018-12-04,,166.0,2.1,24.2,68.2,3.2,76.6,16.8,7.0,62.8,9.6,327.4,128.2,27.4,48.2,23.7,207.2,72.0,,257.8,439.9,2.7,6.3,1.6,2.2,71.2,6.6,127.7,230.6,1.5,271.1,169.0,3.6,257.3,36.0,112.8,10.0,62.6,3341.0999999999995
2018-12-05,,164.4,2.1,21.0,71.6,3.3,76.2,17.0,6.9,63.8,10.7,324.2,129.7,28.0,47.8,24.0,204.2,72.5,,259.9,444.3,2.5,5.9,1.6,2.0,77.8,6.7,132.5,234.3,1.6,270.2,172.2,3.3,257.4,36.7,108.8,10.3,62.0,3357.4
2018-12-06,,169.9,2.2,24.2,68.6,3.3,76.8,17.0,7.1,64.4,10.5,328.5,129.8,28.1,50.8,24.8,207.5,71.7,,259.7,446.3,2.6,6.1,1.9,2.1,72.8,6.7,134.7,234.5,1.5,274.3,171.4,3.8,258.3,37.0,107.0,10.5,60.0,3376.4
2018-12-07,,171.6,1.9,22.1,72.7,3.3,77.6,17.1,7.1,63.5,11.0,330.5,130.7,28.0,50.0,24.9,209.6,73.2,,258.4,440.9,2.1,6.5,1.4,2.0,69.9,6.8,133.3,217.2,1.5,284.1,150.9,3.3,260.9,37.5,112.8,8.7,61.2,3354.2000000000003
2018-12-08,,173.6,2.2,23.4,72.3,3.2,76.9,17.1,7.1,61.9,10.8,328.5,129.1,28.2,47.8,21.5,205.2,71.7,,257.8,439.6,2.8,6.5,1.7,2.4,70.0,6.8,136.2,228.9,1.5,287.5,160.8,3.7,258.6,36.9,111.0,11.1,63.4,3367.7
2018-12-09,,169.0,2.2,22.4,73.6,3.0,77.2,17.0,6.5,59.3,10.6,313.4,120.0,26.2,46.1,20.9,193.9,65.7,,255.2,420.5,2.8,6.5,1.6,2.1,69.5,6.1,132.1,229.9,1.2,262.4,164.0,3.4,255.3,33.7,105.1,11.1,62.5,3251.9999999999995
2018-12-10,,173.5,2.2,22.7,71.2,3.4,75.7,17.3,6.8,62.0,9.5,324.4,125.3,28.3,46.7,23.1,206.5,71.5,,251.5,429.5,2.8,6.4,1.6,2.3,72.3,6.5,124.7,231.9,1.5,283.6,169.3,3.3,257.7,36.1,111.2,10.4,63.9,3336.6000000000004
2018-12-11,,173.4,2.1,24.2,72.4,3.4,69.9,17.5,7.1,63.8,9.5,328.6,126.8,28.1,46.9,23.1,209.3,72.4,,252.1,426.2,2.7,6.3,1.5,2.2,72.3,6.7,121.3,237.2,1.5,292.5,174.1,3.7,261.1,37.4,113.9,10.5,63.9,3365.5999999999995
2018-12-12,,174.9,2.1,23.4,71.0,3.5,74.7,17.5,7.3,64.0,9.5,323.2,113.5,29.1,48.0,22.7,211.5,72.0,,248.3,429.4,2.6,6.2,1.6,2.2,75.4,6.5,122.0,224.7,1.7,296.2,171.2,3.8,258.1,37.7,115.6,10.6,62.6,3344.2999999999997
2018-12-13,,172.4,2.1,23.9,71.5,3.4,75.7,17.3,7.1,64.5,9.8,318.5,114.3,28.8,48.0,21.7,213.7,71.5,,248.9,421.5,2.6,6.1,1.6,2.0,76.9,6.7,123.9,224.3,1.5,298.2,172.9,3.8,255.8,38.2,115.8,9.7,63.7,3338.2999999999997
2018-12-14,,170.2,2.1,23.6,72.1,3.5,76.6,16.6,7.0,65.3,9.6,314.9,118.1,29.3,50.6,24.7,212.0,67.6,,250.2,413.0,2.6,6.1,1.8,2.1,69.9,6.7,115.4,229.9,1.5,301.0,166.9,3.8,267.6,38.2,118.2,9.7,62.0,3330.4000000000005
2018-12-15,,166.9,2.3,22.8,70.6,3.3,76.1,16.9,6.4,61.6,9.8,317.7,120.2,29.0,49.8,24.1,203.5,70.4,,250.3,412.4,2.8,6.0,1.5,2.0,75.9,6.7,121.0,228.0,1.5,288.8,171.8,3.4,257.9,37.4,116.2,11.8,63.4,3310.2000000000003
2018-12-16,,154.3,2.5,22.3,74.9,3.1,75.4,16.5,6.6,60.2,8.7,306.4,111.0,26.7,47.1,21.8,187.9,62.2,,245.9,400.8,2.5,6.1,1.7,2.2,77.5,5.9,118.0,224.5,1.3,271.1,166.8,3.6,263.7,35.2,102.4,12.1,63.6,3192.4999999999995
2018-12-17,,135.4,2.0,22.5,75.1,3.5,59.8,17.0,7.0,64.8,8.7,318.2,119.9,28.1,44.5,20.0,199.3,69.3,,249.2,408.0,2.6,5.6,1.7,2.1,63.4,6.2,118.9,233.8,1.5,289.7,150.2,3.6,272.7,37.7,108.7,10.9,59.9,3221.4999999999995
2018-12-18,,149.1,2.1,20.3,57.2,3.5,60.0,17.4,7.2,65.0,9.1,319.0,124.6,27.9,56.5,19.1,200.9,68.7,,250.2,412.5,2.6,6.0,1.8,2.2,61.0,6.7,120.4,224.3,1.5,299.3,147.9,3.9,276.7,38.3,103.4,9.9,57.0,3233.2
2018-12-19,,152.2,2.2,21.8,65.6,3.5,69.0,17.5,4.9,67.3,9.1,317.6,129.2,28.5,48.7,23.1,200.8,68.8,,252.4,407.6,2.7,6.2,1.7,2.3,74.6,6.6,119.3,235.3,1.5,298.0,162.0,3.8,276.2,37.0,113.0,10.0,62.2,3302.2
2018-12-20,,153.8,2.1,23.1,66.8,3.6,71.3,17.5,6.1,67.0,9.1,324.0,127.6,28.8,49.4,23.4,207.5,69.8,,252.6,411.7,2.6,6.6,1.7,2.2,70.2,6.8,121.6,235.4,1.6,301.5,169.4,3.8,278.0,38.0,115.0,10.1,64.4,3344.1
2018-12-21,,161.5,2.1,23.8,71.2,3.6,72.2,17.6,6.2,69.0,9.7,327.2,128.9,28.8,49.3,23.3,211.1,70.8,,254.8,413.4,2.7,6.2,1.8,2.2,68.3,6.9,118.3,237.2,1.6,305.0,173.5,3.8,277.5,38.2,113.7,10.3,64.3,3376.0
2018-12-22,,161.9,1.9,23.0,69.2,3.5,70.6,16.4,7.2,65.5,10.3,326.5,127.6,29.8,45.5,23.3,204.9,70.9,,256.1,412.5,2.7,6.5,1.7,2.0,70.4,6.8,119.8,237.2,1.5,297.3,173.2,3.8,280.5,38.9,115.9,10.7,62.9,3358.3999999999996
2018-12-23,,159.3,2.0,22.3,70.8,3.2,72.8,17.4,6.8,63.3,9.9,316.0,119.1,27.9,47.4,23.6,190.2,65.9,,254.6,390.7,2.4,6.3,1.5,2.2,67.9,6.4,112.0,229.1,1.3,259.5,174.0,3.2,280.1,35.8,105.2,12.0,63.3,3225.3999999999996
2018-12-24,,162.5,2.2,22.1,70.3,3.6,73.7,17.5,7.1,67.2,10.2,324.7,125.5,28.6,49.1,23.5,204.6,70.8,,257.5,415.1,2.4,6.5,1.9,2.2,70.0,6.9,110.0,237.9,1.4,276.4,178.8,3.4,276.6,37.2,109.0,9.1,65.8,3331.3
2018-12-25,,161.5,2.2,23.4,69.0,3.4,74.7,17.5,7.2,64.8,10.2,324.1,129.0,29.4,49.2,24.2,206.8,65.6,,259.9,416.5,2.4,6.3,1.8,2.2,71.9,6.9,96.3,238.7,1.5,282.9,180.6,3.8,287.9,38.6,106.6,12.5,66.2,3345.7000000000007
2018-12-26,,165.0,2.2,23.6,73.3,3.7,73.7,17.5,7.2,64.6,9.7,318.7,130.3,30.9,48.2,24.9,214.4,71.1,,260.1,415.7,2.5,6.6,1.7,2.1,70.6,6.9,123.2,240.5,1.4,290.6,184.0,3.4,289.1,39.4,112.6,10.5,69.7,3409.6
2018-12-27,,167.1,2.0,23.3,72.4,3.7,74.9,17.4,7.1,69.6,10.4,322.0,131.2,31.2,50.7,24.5,213.2,73.1,,258.7,407.9,2.8,6.4,1.8,2.1,69.7,6.8,117.8,241.2,1.6,302.0,190.3,3.7,286.5,39.3,110.8,11.2,66.4,3420.8
2018-12-28,,166.9,2.1,23.3,73.8,3.9,76.1,17.2,7.1,73.2,10.4,319.4,130.6,31.6,52.8,23.6,211.2,73.1,,257.9,393.3,2.8,6.7,1.6,2.2,67.9,7.2,119.6,242.4,1.4,303.9,188.5,3.9,295.8,39.3,113.5,12.6,66.1,3422.8999999999996
2018-12-29,,165.6,1.9,23.3,72.1,3.7,75.1,17.3,7.0,69.3,9.8,317.3,128.6,30.6,50.5,23.4,204.8,70.2,,256.4,388.4,2.8,6.7,1.9,2.0,68.2,7.1,119.2,240.7,1.4,287.1,184.0,3.8,290.7,39.2,110.2,11.1,64.6,3356.0
2018-12-30,,160.5,2.1,22.8,74.7,3.2,75.6,17.2,6.6,66.5,8.9,309.6,120.3,29.2,49.9,26.9,192.1,64.0,,255.2,378.4,2.8,6.4,1.8,2.1,68.1,6.3,106.1,237.0,1.4,261.0,178.0,3.8,291.5,37.1,105.6,11.2,64.7,3248.6000000000004
2018-12-31,,163.0,2.4,23.4,76.8,3.7,76.6,16.9,6.6,69.0,9.4,316.8,125.0,30.1,50.2,26.1,203.1,69.1,,258.3,386.6,2.8,6.6,1.8,2.2,71.5,6.7,110.9,236.6,1.4,279.7,179.0,3.6,291.2,38.1,110.1,11.4,65.3,3332.0
2019-01-01,,155.6,2.3,23.2,77.6,3.8,75.9,15.6,5.8,69.6,9.0,312.4,123.4,30.4,51.6,25.2,199.3,68.1,,257.8,385.7,2.7,6.6,1.6,2.1,70.5,6.8,109.2,238.3,1.3,270.0,178.6,3.5,295.0,37.4,104.7,10.9,66.4,3297.9
2019-01-02,,159.9,2.3,23.3,76.2,3.8,75.4,16.3,6.4,69.0,8.7,315.8,125.5,30.6,44.8,25.2,200.3,65.9,,258.8,400.5,2.9,6.7,1.5,2.1,71.2,7.2,108.0,239.8,1.5,279.2,183.1,3.4,285.2,38.2,107.2,10.5,63.4,3319.8
2019-01-03,,163.1,2.2,21.8,77.4,3.7,76.8,17.1,6.9,68.3,8.8,323.1,127.2,30.1,50.6,24.6,204.2,59.5,,258.9,413.8,2.4,6.9,1.3,2.0,80.7,7.4,103.8,239.9,1.5,287.9,183.6,3.3,291.4,38.5,109.7,9.8,62.4,3370.600000000001
2019-01-04,,165.9,2.1,23.0,77.7,3.8,78.9,17.0,7.1,73.9,8.8,326.3,126.5,30.5,50.9,21.4,208.5,63.4,,259.8,411.5,2.7,6.9,1.9,2.2,81.5,7.5,113.6,236.5,1.5,289.4,186.0,3.8,290.7,39.7,112.8,9.0,64.5,3407.2
2019-01-05,,165.5,2.1,23.9,74.5,3.8,78.6,17.1,7.1,68.2,9.8,325.2,124.6,30.7,42.0,24.4,204.8,63.6,,260.4,411.8,2.8,6.7,1.9,2.1,74.9,7.6,108.4,234.2,1.4,281.3,185.8,4.1,289.5,39.6,117.3,9.5,65.7,3370.9
2019-01-06,,162.6,2.1,23.0,76.5,3.5,79.0,17.2,6.6,64.9,8.3,312.2,106.3,28.0,49.2,24.4,195.7,58.0,,257.3,398.6,2.6,6.3,1.4,2.1,72.9,6.9,99.0,235.2,1.6,267.8,179.3,3.3,279.5,37.8,111.0,11.1,65.3,3256.5
2019-01-07,,163.5,2.0,23.0,71.7,3.6,79.1,17.3,6.5,71.0,8.8,320.3,123.5,29.9,45.8,23.0,207.6,63.2,,253.2,409.0,2.8,6.4,1.7,2.0,71.6,7.5,108.1,239.9,1.3,285.0,179.9,3.5,274.4,38.4,117.9,10.2,65.4,3338.0
2019-01-08,,163.3,2.4,22.1,74.6,4.1,79.0,17.5,6.6,68.7,9.1,323.3,131.5,30.1,51.3,24.6,207.5,59.8,,256.0,415.4,2.9,6.4,1.7,2.1,70.4,7.2,112.7,242.1,1.4,296.5,182.0,3.4,289.2,39.7,112.6,10.6,65.1,3392.8999999999996
2019-01-09,,161.2,2.1,21.8,74.9,3.9,80.0,17.4,6.7,71.1,8.9,322.5,131.0,30.3,51.3,24.4,206.0,59.9,,257.0,415.3,2.8,6.7,1.7,2.0,68.9,7.4,113.5,243.4,1.4,296.1,180.5,3.6,289.2,39.6,108.2,10.3,65.1,3386.0999999999995
2019-01-10,,164.6,2.1,22.5,78.6,3.8,84.2,17.7,6.7,71.0,9.0,324.8,129.9,30.6,52.3,24.8,213.3,64.4,,257.9,414.9,2.9,6.6,1.5,2.1,68.3,7.6,113.8,238.3,1.4,293.2,182.2,4.1,292.5,40.7,114.2,10.2,65.1,3417.7999999999997
2019-01-11,,165.0,2.4,23.0,77.4,3.9,81.3,17.5,6.9,71.4,9.5,329.5,131.2,30.4,53.0,24.4,219.0,66.2,,258.1,410.9,2.9,6.3,1.8,2.2,70.8,7.6,115.0,244.0,1.4,295.2,183.5,4.2,293.3,40.5,115.4,10.9,66.2,3442.2
2019-01-12,,162.8,2.2,23.8,74.4,3.6,79.3,17.5,7.0,67.7,9.4,327.3,130.2,29.9,54.2,24.6,215.2,67.0,,259.0,412.5,3.0,6.4,1.9,2.3,71.2,7.9,112.8,234.2,1.4,290.2,179.3,4.0,291.9,39.4,114.2,10.7,69.6,3408.0
2019-01-13,,161.7,2.2,23.4,75.7,3.2,81.8,17.3,6.9,65.4,9.5,315.6,116.6,27.3,54.2,24.8,201.9,60.3,,253.7,401.3,2.7,6.3,1.9,2.1,68.3,7.3,107.4,233.9,1.4,275.1,178.7,3.8,285.5,35.6,104.1,10.7,66.2,3293.8
2019-01-14,,159.1,2.1,23.9,76.7,3.7,81.2,16.6,6.2,68.9,9.5,256.6,126.0,28.5,50.2,24.8,210.7,66.9,,250.5,414.6,2.9,6.4,1.8,2.1,71.5,7.4,108.1,231.0,1.6,275.1,179.7,3.9,282.8,38.2,114.3,9.1,66.3,3278.9
2019-01-15,,151.4,2.2,22.9,74.5,3.8,80.1,17.3,6.6,72.2,9.5,282.7,131.7,25.8,52.5,21.4,204.2,67.9,,249.2,418.4,2.9,6.5,1.9,2.1,71.9,6.5,116.9,237.6,1.3,240.3,171.6,3.8,295.3,40.6,116.8,9.1,65.7,3285.1
2019-01-16,,151.2,2.1,21.4,73.9,4.0,79.5,17.7,6.9,72.3,9.5,316.4,132.0,30.3,48.5,22.8,212.2,67.1,,251.6,421.8,2.9,6.1,1.8,2.2,73.8,6.0,118.0,240.9,1.4,227.9,174.0,3.9,291.3,39.7,121.4,7.8,65.4,3325.7
2019-01-17,,157.0,2.2,22.8,75.3,3.8,77.8,17.9,7.1,72.2,9.5,327.5,131.3,29.7,50.3,22.4,215.5,66.3,,251.9,421.0,2.8,6.6,1.9,2.1,71.8,6.0,120.1,244.1,1.4,238.1,178.2,4.1,293.4,39.1,117.2,9.2,65.0,3362.6
2019-01-18,,163.4,2.2,23.3,76.7,3.8,82.9,17.8,7.1,73.9,11.9,329.8,132.4,29.9,51.6,21.7,215.6,66.4,,253.4,413.7,2.8,5.4,1.7,2.2,72.8,6.7,119.0,241.1,1.4,265.1,182.1,4.2,294.9,39.5,121.5,10.3,65.2,3413.399999999999
2019-01-19,,165.2,2.3,23.2,75.1,3.6,83.3,16.8,6.9,66.2,12.0,329.0,129.5,29.3,50.4,21.7,211.7,66.1,,250.8,413.1,2.8,6.6,1.6,2.1,74.0,7.0,114.9,242.0,1.3,268.0,182.5,4.1,293.8,39.1,122.6,11.0,69.7,3399.3
2019-01-20,,163.4,2.3,22.2,76.2,3.4,84.7,17.2,6.8,64.6,12.0,321.9,118.6,25.3,49.0,23.2,197.4,58.8,,250.8,403.2,3.0,6.4,1.8,2.1,73.3,6.5,109.1,239.6,1.1,264.6,181.2,4.0,280.0,36.2,111.0,11.9,65.4,3298.2000000000003
2019-01-21,,165.2,2.2,23.2,75.3,3.7,80.8,17.9,6.8,67.9,12.0,333.9,115.2,29.0,43.1,22.8,211.9,62.7,,243.7,412.4,2.9,6.2,1.8,2.1,67.6,6.9,102.8,225.2,1.3,278.2,181.9,3.9,259.4,35.0,120.6,13.0,65.6,3304.0999999999995
2019-01-22,,166.6,2.1,23.5,75.8,3.8,79.9,18.1,7.0,67.7,12.0,329.3,97.9,27.7,41.1,24.5,216.2,63.9,,238.3,417.1,2.6,6.2,1.9,2.1,81.9,7.0,92.4,208.1,1.7,281.6,184.4,3.8,231.2,28.6,124.5,12.0,66.1,3248.6000000000004
2019-01-23,,167.5,2.1,23.3,68.7,3.8,82.7,18.2,7.2,70.8,12.0,327.6,118.9,29.3,45.3,24.5,216.0,65.1,,241.9,417.4,2.8,5.9,1.9,2.2,81.8,7.0,105.3,227.0,1.4,289.8,185.8,3.9,242.7,37.3,125.7,10.9,67.6,3341.3
2019-01-24,,169.7,2.4,23.5,63.7,3.8,80.8,18.2,7.2,70.4,12.0,327.4,118.3,29.8,45.4,24.6,218.7,66.6,,235.6,413.3,2.9,6.0,1.9,2.2,73.5,7.1,104.0,224.8,1.3,294.9,184.0,3.7,259.8,38.2,127.2,10.3,65.3,3338.4999999999995
2019-01-25,,169.7,2.3,23.8,71.2,3.8,79.2,18.1,7.2,72.5,12.0,322.5,113.7,29.9,53.0,22.7,219.4,68.3,,218.1,397.6,2.8,6.3,1.9,2.1,75.4,7.2,105.3,219.2,1.4,298.9,176.9,3.8,246.2,38.9,124.9,10.5,66.7,3293.4000000000005
2019-01-26,,168.6,2.2,22.6,69.0,3.3,64.5,14.9,4.9,58.6,11.5,297.7,107.2,25.5,51.6,23.5,202.8,64.6,,214.8,351.6,2.6,6.3,2.0,2.2,84.1,6.4,95.3,221.5,1.2,283.2,157.7,3.4,239.0,33.4,114.8,10.2,65.0,3087.7000000000003
2019-01-27,,162.7,2.2,22.5,69.8,3.3,69.2,16.2,5.8,63.7,9.8,300.2,103.7,26.9,48.9,22.3,197.3,61.2,,222.0,361.6,2.9,5.9,2.0,2.2,82.2,6.5,97.9,221.8,1.1,272.9,140.1,3.1,249.1,35.6,112.4,10.0,66.4,3081.3999999999996
2019-01-28,,149.2,2.2,23.9,72.2,3.8,73.7,17.9,6.9,71.8,9.8,317.3,118.9,29.6,48.5,21.6,205.3,68.8,,228.3,394.1,2.8,6.3,1.9,2.1,82.3,7.1,104.6,232.8,1.3,295.0,141.7,3.9,261.4,38.5,124.4,11.2,66.5,3247.6000000000004
2019-01-29,,148.1,2.1,23.6,72.6,3.8,75.1,18.2,5.5,71.7,11.5,322.3,125.6,30.2,48.9,23.9,204.5,70.1,,233.3,399.5,2.5,6.3,1.8,2.2,80.3,7.3,109.7,236.7,1.5,297.2,157.0,3.6,264.7,38.6,125.4,10.4,66.3,3301.9999999999995
2019-01-30,,151.5,2.2,23.7,74.7,4.0,76.1,18.1,7.0,72.7,11.5,321.8,129.1,31.5,49.4,24.3,211.1,70.9,,235.5,405.3,2.9,5.9,1.9,2.1,76.4,7.2,112.8,237.0,1.6,304.7,162.6,3.7,272.5,40.2,126.8,11.0,64.5,3354.1999999999994
2019-01-31,,150.5,2.2,23.5,73.6,3.9,78.4,18.1,7.0,71.6,11.5,326.9,126.4,30.9,47.3,25.0,213.0,70.8,,237.0,403.4,2.9,6.2,1.9,2.2,75.6,7.2,110.7,235.2,1.5,301.5,166.8,3.7,272.5,40.5,128.6,10.8,64.8,3353.599999999999
2019-02-01,,159.5,2.2,23.8,73.3,3.9,78.8,17.6,7.0,71.3,11.5,322.6,125.1,30.4,42.9,24.8,217.6,70.6,,237.1,399.3,2.7,6.3,1.8,2.2,73.5,7.1,109.5,236.6,1.5,302.2,167.8,3.8,268.0,35.7,132.4,11.0,63.9,3345.3
2019-02-02,,160.8,2.2,23.9,74.1,3.6,78.1,17.9,7.1,69.2,11.5,319.9,127.3,29.8,49.4,24.4,212.9,70.2,,238.5,403.5,2.8,6.2,1.9,2.2,74.4,6.6,106.7,234.3,1.4,294.6,169.7,4.3,270.0,39.6,127.1,10.1,64.4,3340.6
2019-02-03,,159.1,2.2,22.6,74.0,3.3,79.0,17.8,6.7,67.0,11.9,312.3,118.2,27.4,48.9,23.4,200.4,64.3,,235.3,392.4,2.9,6.2,2.0,2.2,73.3,6.5,101.5,232.0,1.2,282.4,172.1,3.6,264.3,36.6,119.8,10.5,63.8,3247.099999999999
2019-02-04,,164.0,2.2,23.6,73.5,3.7,81.3,18.2,7.0,69.1,10.8,326.3,123.4,29.0,49.6,22.8,213.1,71.1,,237.7,408.3,2.9,6.2,2.1,2.1,74.2,7.0,102.8,229.6,1.4,296.5,174.0,3.6,268.0,38.1,123.7,10.6,64.2,3341.6999999999994
2019-02-05,,166.7,2.3,23.4,74.3,3.7,82.3,18.4,7.4,69.4,11.7,332.1,126.5,30.4,50.8,23.6,218.6,73.6,,239.3,421.6,2.8,6.3,1.9,2.2,72.9,7.2,105.2,239.7,1.4,303.4,180.0,3.7,274.7,38.7,129.7,10.7,65.1,3421.7
2019-02-06,,165.9,2.2,23.7,75.0,3.6,81.0,18.3,7.4,69.1,12.3,327.1,125.3,29.7,51.0,23.7,223.4,74.5,,236.5,424.1,2.9,6.2,1.8,2.2,74.8,7.3,105.8,234.3,1.5,310.3,183.6,3.9,259.3,39.8,132.3,10.7,64.6,3415.1
2019-02-07,,169.2,2.2,23.9,73.4,3.6,83.4,18.5,7.3,68.7,12.3,320.1,129.7,26.2,29.2,23.6,223.3,74.9,,213.7,414.1,2.9,6.2,2.0,2.1,73.6,7.4,92.4,226.4,1.4,311.4,187.4,3.8,221.2,37.1,129.6,11.1,64.5,3297.7999999999997
2019-02-08,,172.9,2.3,23.6,55.7,3.7,83.0,18.3,7.2,70.0,12.3,320.1,115.0,26.2,35.9,20.8,229.9,74.8,,226.3,400.0,2.5,6.4,1.8,2.2,74.9,7.6,100.2,234.3,1.3,318.9,188.7,3.7,231.0,33.6,131.0,12.4,61.0,3309.5
2019-02-09,,172.6,2.1,23.2,55.0,3.4,80.7,18.1,7.1,65.8,12.3,314.9,120.0,28.6,42.8,20.0,215.2,73.4,,230.6,389.6,2.8,6.1,1.8,2.1,72.4,7.4,104.3,229.4,1.3,313.6,185.4,3.8,248.0,39.2,124.0,8.8,62.2,3288.0
2019-02-10,,167.2,2.0,22.1,70.3,3.2,82.0,18.0,6.7,63.1,12.3,301.0,111.6,27.6,46.4,22.1,205.1,66.6,,231.0,381.5,2.8,6.2,1.7,2.1,72.1,6.7,97.3,227.8,1.1,291.0,182.5,3.8,252.2,36.4,111.6,10.8,65.3,3211.2000000000003
2019-02-11,,172.2,2.0,22.5,70.9,3.5,85.4,18.2,6.9,66.8,12.3,316.8,118.1,28.4,50.0,23.8,207.9,72.9,,231.6,403.7,2.8,6.0,2.0,2.0,72.0,7.1,101.4,233.3,1.2,301.7,190.9,4.3,256.7,37.3,118.7,9.7,64.4,3325.4
2019-02-12,,174.8,2.1,23.2,72.1,3.6,86.6,18.1,7.1,67.1,12.3,323.4,123.0,29.0,49.4,24.2,212.3,73.2,,236.3,420.1,2.5,6.0,2.0,2.1,73.7,7.4,105.8,236.5,1.3,309.9,193.1,3.4,257.5,37.8,126.9,10.9,64.1,3398.8
2019-02-13,,174.5,2.2,23.4,68.5,3.5,82.8,17.5,7.2,66.5,12.6,324.3,122.9,28.0,46.9,23.8,219.5,74.3,,236.7,428.0,2.4,6.1,1.8,2.1,74.1,7.3,104.8,236.6,1.4,310.6,192.6,3.8,267.0,37.9,128.7,11.9,64.9,3417.1000000000004
2019-02-14,,174.2,2.2,23.9,69.8,3.5,89.0,18.3,7.2,67.0,11.9,328.1,111.5,27.5,46.7,23.9,223.2,74.8,,213.6,431.0,2.7,6.0,1.8,2.2,83.9,7.4,102.9,227.5,1.4,313.9,194.7,3.9,246.1,37.0,129.3,11.4,64.0,3383.4
2019-02-15,,175.9,2.2,24.0,70.8,3.5,85.9,18.3,7.3,68.5,11.9,324.4,116.5,26.9,38.6,22.2,226.2,75.9,,198.8,418.4,2.8,6.1,1.9,2.1,83.6,7.5,105.3,230.5,1.5,321.4,192.1,3.9,236.4,35.8,130.4,10.4,64.3,3352.2
2019-02-16,,178.1,2.2,23.4,66.3,3.5,70.7,18.0,7.3,64.9,11.9,320.9,118.4,28.3,42.8,19.5,226.8,76.1,,210.3,413.0,2.5,6.3,1.9,2.1,68.2,7.5,103.6,233.4,1.3,315.8,189.8,3.8,246.0,35.6,124.7,11.2,61.4,3317.5000000000005
2019-02-17,,184.3,2.0,19.2,68.4,3.1,82.1,17.4,6.7,61.6,11.9,311.7,107.4,27.9,42.2,22.4,210.2,70.1,,216.8,404.0,2.4,5.9,1.7,2.0,74.9,6.9,98.7,227.8,1.3,301.0,194.5,3.3,250.5,35.7,114.6,13.6,63.8,3268.0
2019-02-18,,190.1,2.2,20.9,70.0,3.5,84.3,17.5,6.9,64.2,11.9,324.5,115.0,29.0,47.8,22.0,220.3,72.7,,218.2,419.4,2.9,6.3,1.7,2.2,74.6,7.5,96.6,217.7,1.5,319.7,195.8,3.9,256.7,36.6,120.4,12.8,63.5,3360.7999999999997
2019-02-19,,192.8,2.2,21.9,68.5,3.2,84.5,18.0,7.2,65.0,11.9,327.9,116.6,27.3,47.9,22.9,233.1,75.2,,223.4,425.1,2.3,6.7,1.8,2.2,76.8,7.8,96.3,232.5,1.5,330.9,203.3,4.0,257.1,36.1,127.1,13.7,63.7,3438.3999999999996
2019-02-20,,187.7,2.2,22.2,69.4,3.4,88.5,18.4,7.3,65.3,11.8,329.9,116.2,29.0,47.6,22.1,234.9,76.6,,227.2,436.2,2.9,6.5,1.7,2.1,77.0,7.7,101.0,231.1,1.0,326.0,205.3,3.8,261.5,37.7,116.3,14.1,64.8,3456.4
2019-02-21,,193.6,2.2,23.6,71.1,3.4,91.1,18.5,7.2,65.0,11.2,335.8,113.4,30.8,42.9,23.0,231.5,76.9,,222.8,442.4,2.6,6.5,1.8,2.2,78.0,7.7,97.9,233.4,1.4,323.0,205.5,3.8,263.7,37.0,137.0,14.9,65.1,3487.9
2019-02-22,,192.6,2.2,23.4,73.0,3.4,92.1,18.4,7.2,65.6,10.9,335.9,118.2,27.5,43.0,22.3,229.0,75.1,,231.0,443.5,2.6,6.4,1.8,2.2,80.6,7.8,102.1,235.0,1.6,321.0,212.4,3.6,263.8,37.4,139.4,13.6,65.4,3511.0000000000005
2019-02-23,,191.9,2.2,23.9,70.6,3.2,92.2,18.2,7.1,61.1,10.9,328.5,119.6,28.3,43.4,22.9,228.6,74.0,,232.4,441.3,2.6,6.3,2.0,2.1,83.1,7.8,102.4,235.3,1.6,318.7,211.4,3.9,265.3,37.2,139.5,12.9,65.5,3497.9
2019-02-24,,190.2,2.0,22.6,73.1,3.0,92.7,18.1,6.5,59.2,10.9,313.7,110.4,24.7,42.3,23.7,215.4,68.0,,229.2,424.4,2.1,6.1,1.8,1.9,82.0,7.2,98.4,231.4,1.1,294.7,209.9,3.9,263.6,34.4,131.2,12.2,64.6,3376.6
2019-02-25,,190.1,1.9,23.7,72.5,3.3,82.4,18.2,6.7,61.4,10.9,326.2,117.4,28.6,46.7,17.4,235.1,75.2,,226.5,439.4,2.7,6.5,1.9,2.1,76.4,7.6,101.8,232.4,1.2,318.5,217.3,3.7,261.4,35.9,111.8,13.9,61.3,3440.0
2019-02-25,,194.2,2.2,22.8,73.0,3.3,89.8,18.4,6.9,64.1,10.9,319.2,117.4,29.8,47.3,21.1,234.5,77.1,,223.9,433.9,2.1,6.6,1.7,2.1,75.0,7.7,100.3,228.8,1.3,327.6,218.5,2.9,259.6,36.2,112.5,14.3,61.3,3448.2999999999997
2019-02-27,,199.6,2.2,22.4,62.3,3.5,92.1,18.5,7.2,66.1,10.9,314.6,117.2,30.8,48.2,21.1,237.7,78.2,,212.0,432.9,2.7,6.4,1.7,2.1,77.4,7.9,101.6,222.5,1.6,332.8,219.5,3.5,241.9,37.0,109.7,14.0,64.1,3423.8999999999996
2019-02-28,,196.8,2.3,19.8,63.8,3.5,92.1,18.5,7.2,66.1,10.9,314.6,117.2,30.8,48.2,20.7,246.3,77.8,,212.0,432.9,2.7,6.6,1.8,2.0,75.9,8.1,101.6,222.5,1.2,335.5,215.5,2.8,241.9,37.0,109.3,14.0,63.7,3423.6000000000004
2019-03-01,,192.9,2.1,22.9,69.1,3.4,92.3,17.7,7.1,65.4,9.7,322.6,123.7,29.5,50.5,21.0,251.6,77.0,,222.6,420.9,2.5,6.7,1.8,2.1,75.3,8.1,106.8,231.3,1.4,340.9,218.9,3.4,268.0,37.0,115.4,5.4,62.5,3489.5
2019-03-02,,190.8,2.1,23.6,70.7,3.4,92.3,17.3,7.2,63.0,10.0,322.6,111.9,30.4,48.8,23.3,247.3,77.6,,223.5,431.1,2.7,6.8,1.8,2.2,86.2,7.8,105.9,223.6,1.5,334.6,214.6,3.7,258.0,36.8,113.0,4.3,64.4,3464.8
2019-03-03,,189.7,2.1,22.3,71.3,2.9,90.0,18.0,7.0,60.2,10.0,319.7,95.0,26.9,46.0,22.9,222.6,71.5,,203.8,419.7,2.4,6.4,1.5,2.1,86.8,7.4,93.1,212.0,1.3,312.9,218.4,3.1,230.0,31.7,109.4,4.2,62.7,3287.0
2019-03-04,,190.0,2.2,23.6,67.6,3.1,89.5,17.9,5.8,62.0,11.1,317.1,107.6,27.7,48.5,22.8,237.1,76.4,,210.6,435.0,2.5,6.5,1.6,2.1,88.8,8.0,99.2,225.1,1.6,334.5,220.9,3.4,247.7,33.6,119.2,3.9,63.5,3417.7
2019-03-05,,192.6,2.3,21.5,71.9,3.0,93.2,18.1,6.7,63.2,11.1,327.0,116.5,28.2,48.4,23.7,239.4,78.9,,216.8,443.0,2.6,6.4,1.8,2.2,81.4,8.5,102.9,225.9,1.5,343.9,225.7,3.2,252.8,34.6,120.3,6.4,64.7,3490.2999999999997
2019-03-06,,193.0,2.2,21.1,71.4,3.3,93.0,18.4,7.5,63.8,11.1,330.1,121.2,29.3,46.9,23.5,242.5,79.2,,218.2,441.4,2.6,6.4,1.7,2.0,79.0,8.0,107.7,226.0,1.6,344.3,218.5,3.2,258.1,35.8,121.8,6.5,65.3,3505.6
2019-03-07,,201.0,2.4,22.4,73.1,3.1,94.4,18.4,7.5,63.3,11.1,336.8,125.1,28.2,46.0,23.9,240.4,79.5,,219.5,443.0,2.5,6.6,1.8,1.9,78.6,8.4,112.8,233.0,1.4,347.7,218.7,3.4,262.7,36.4,123.3,8.9,65.6,3552.7999999999997
2019-03-08,,199.4,2.4,22.8,71.7,3.3,95.0,18.4,7.5,64.0,12.1,337.4,125.6,28.7,47.9,23.5,243.4,80.4,,219.1,439.5,2.5,6.7,1.7,1.9,80.9,7.8,114.1,228.5,1.4,349.0,223.4,3.3,269.8,36.8,126.7,8.1,65.3,3569.9999999999995
2019-03-09,,197.4,2.3,22.5,70.8,3.1,92.2,18.2,7.6,59.8,9.9,332.8,124.3,28.0,46.4,23.6,244.0,78.3,,216.5,442.2,2.4,6.6,1.6,1.9,85.1,7.2,111.7,227.1,1.4,344.7,215.9,3.2,267.3,35.7,129.0,6.6,66.1,3533.399999999999
2019-03-10,,195.0,2.4,22.5,73.3,2.8,94.0,17.9,7.2,58.1,9.5,325.8,116.8,25.1,45.3,23.6,231.5,72.3,,217.7,429.6,2.4,6.3,1.4,1.8,83.3,7.4,112.3,217.2,1.2,319.5,220.5,3.2,273.1,33.4,121.8,6.6,66.0,3447.8
2019-03-11,,196.6,2.2,24.3,75.2,3.2,96.9,18.1,7.2,61.2,11.6,333.7,118.8,28.1,45.8,23.9,244.2,79.9,,218.8,449.1,2.5,6.3,1.6,2.2,88.4,8.1,106.3,222.7,1.5,340.7,223.7,3.6,276.5,34.7,137.9,6.0,66.9,3568.3999999999996
2019-03-12,,199.2,2.3,24.2,75.2,3.2,95.5,18.6,7.5,61.4,11.6,334.4,122.5,28.1,45.5,24.7,248.9,80.8,,222.0,463.7,2.4,6.3,1.7,1.9,88.8,8.3,110.6,230.4,1.4,343.0,220.4,4.0,280.6,35.7,148.7,6.3,68.2,3627.9999999999995
2019-03-13,,198.1,2.4,24.1,77.2,3.3,96.3,18.6,7.5,62.2,11.6,330.9,125.2,29.9,47.3,24.1,247.0,80.7,,219.1,459.1,2.2,6.2,1.6,2.1,86.2,8.2,111.8,225.0,1.3,340.0,220.9,3.8,283.1,36.9,153.4,7.0,67.6,3621.8999999999996
2019-03-14,,197.4,2.3,24.6,76.4,3.3,94.5,18.7,7.5,61.4,11.6,332.3,115.7,29.2,46.9,22.1,247.8,81.2,,212.2,452.8,2.4,6.1,1.7,2.1,86.0,8.2,107.5,219.4,1.3,341.4,228.0,3.9,271.5,35.5,156.5,6.4,66.4,3582.2
2019-03-15,,197.4,2.1,24.7,78.0,3.2,97.5,18.2,7.4,64.2,11.6,334.5,118.4,29.1,45.8,20.0,249.9,80.9,,210.7,448.9,2.3,6.2,1.6,2.1,85.5,8.7,111.0,218.2,1.1,340.8,229.3,3.9,278.8,35.7,143.7,5.7,63.4,3580.4999999999995
2019-03-16,,196.6,2.1,24.0,79.4,3.1,94.2,18.1,7.3,59.4,10.7,334.3,122.6,28.0,47.1,20.8,242.1,79.8,,212.6,451.2,2.3,6.1,1.5,2.0,84.3,8.1,116.5,220.9,1.2,339.5,229.4,4.3,289.1,36.0,142.6,11.3,64.6,3593.1
2019-03-17,,192.0,2.1,23.4,78.2,2.8,91.9,18.2,7.2,57.5,10.7,327.0,114.9,25.2,43.2,20.1,230.0,73.9,,199.5,439.0,2.6,6.1,1.9,2.2,81.3,7.5,116.9,215.3,1.1,313.3,224.4,4.0,288.7,33.7,133.5,11.1,64.5,3464.8999999999996
2019-03-18,,192.4,2.2,23.7,76.7,3.0,81.1,18.3,7.3,61.6,9.8,342.9,123.4,26.6,46.2,20.6,247.7,80.3,,203.6,457.5,2.4,6.1,1.8,2.1,75.7,7.9,124.5,220.5,0.9,338.2,225.2,3.9,289.0,35.5,129.3,11.2,66.0,3565.1
2019-03-19,,196.9,2.1,23.1,78.3,3.1,93.1,18.4,7.5,61.7,10.5,341.0,127.0,26.9,46.3,22.4,252.8,83.3,,207.8,466.3,2.5,6.0,1.9,2.2,85.3,8.3,130.5,218.3,1.1,348.0,229.8,3.9,297.0,34.8,144.4,10.5,67.0,3660.0
2019-03-20,,197.8,2.1,23.4,76.4,3.1,87.0,18.2,7.4,60.1,10.9,326.8,121.7,26.4,45.2,23.6,250.4,83.3,,205.1,462.2,2.4,5.9,1.8,2.2,85.1,8.4,124.2,211.7,1.2,349.7,231.2,3.9,295.8,32.1,148.9,10.6,67.5,3613.7000000000003
2019-03-21,,193.1,2.0,22.3,72.9,2.5,69.9,12.1,4.1,46.1,9.3,256.6,98.4,18.9,45.4,21.9,247.6,81.4,,186.3,406.8,2.4,5.8,1.8,2.1,81.6,7.5,115.1,187.8,1.0,339.8,218.0,3.8,274.1,23.1,136.7,10.6,59.4,3268.2000000000007
2019-03-22,,196.4,2.0,21.2,74.6,3.0,79.3,14.0,5.4,54.4,9.9,300.0,109.1,21.7,40.9,21.2,248.4,82.2,,193.0,439.2,2.7,5.7,1.8,2.0,80.0,8.2,114.6,199.1,1.2,347.6,225.6,3.8,268.5,27.3,136.4,11.5,61.0,3412.9000000000005
2019-03-23,,200.7,2.0,21.7,75.5,2.9,87.3,17.4,7.3,57.9,11.7,333.3,114.1,25.5,45.7,22.6,249.4,82.6,,198.8,460.8,2.5,6.1,1.8,2.0,83.3,8.7,119.6,208.2,1.2,349.2,224.6,4.0,267.7,32.3,140.5,12.5,65.4,3546.7999999999997
2019-03-24,,195.8,1.9,23.2,77.1,2.7,91.3,17.9,7.2,58.2,12.4,333.7,113.6,24.6,46.4,22.9,240.6,77.5,,200.9,452.0,2.6,5.9,1.7,2.1,84.9,8.0,117.9,211.1,1.1,328.1,222.0,3.9,279.9,33.0,137.4,9.1,67.2,3515.8
2019-03-25,,197.7,2.0,24.8,79.5,3.1,94.2,18.3,7.3,61.7,12.4,351.5,117.7,26.9,45.8,24.7,252.5,84.7,,199.3,471.3,2.1,5.7,1.7,2.7,87.1,8.5,118.3,209.5,1.3,345.9,223.9,3.9,291.7,35.2,152.1,11.6,67.1,3643.6999999999994
2019-03-26,,197.6,2.2,23.2,62.1,3.1,96.0,18.2,7.4,64.3,12.4,355.6,123.4,26.2,45.1,23.1,273.3,86.3,,200.8,484.0,2.3,5.5,1.9,2.7,98.4,8.4,123.5,216.3,1.5,341.9,229.2,3.8,279.4,35.2,145.2,12.4,64.7,3676.600000000001
2019-03-27,,198.1,2.0,22.7,72.8,3.2,98.1,18.4,7.5,65.9,12.4,357.6,124.6,26.7,46.1,23.9,256.3,86.4,,203.1,489.6,2.4,5.6,1.9,2.1,98.7,8.4,126.9,215.4,1.5,350.1,226.8,3.8,297.6,35.8,145.8,11.7,67.6,3717.5
2019-03-28,,198.8,2.1,24.6,78.7,3.2,97.2,18.5,7.5,67.4,12.4,364.6,126.3,25.5,44.4,23.8,254.3,86.7,,204.8,487.7,2.5,5.7,1.9,2.2,90.5,8.5,129.8,214.8,1.4,346.0,225.6,3.9,308.6,24.0,160.1,11.0,68.9,3733.9000000000005
2019-03-29,,199.6,2.3,25.8,81.5,3.4,97.6,18.3,7.2,71.8,12.4,366.5,129.4,25.6,36.0,23.8,255.8,86.5,,205.8,483.3,2.4,6.0,1.6,2.1,90.8,8.4,131.5,222.9,1.3,351.1,227.8,4.1,317.9,36.9,172.7,12.7,69.3,3792.1
2019-03-30,,200.4,2.3,25.6,84.1,3.4,102.9,18.3,7.2,73.9,12.4,366.4,127.6,25.1,41.9,23.8,253.5,85.9,,208.4,484.0,2.5,5.6,1.6,2.3,91.3,8.4,130.8,220.4,1.3,349.3,229.1,4.2,320.0,36.8,164.2,12.3,69.0,3796.1999999999994
2019-03-31,,196.7,1.8,15.2,85.1,3.0,97.8,17.7,6.7,69.1,12.4,350.5,113.9,23.1,41.6,24.0,232.7,79.3,,202.5,462.0,2.0,5.4,1.4,1.8,83.1,7.8,121.4,217.5,0.8,327.0,219.1,3.8,292.2,34.1,158.4,11.7,68.2,3590.800000000001
2019-04-01,,195.1,2.0,18.0,75.7,3.3,99.0,17.3,6.5,72.0,12.0,359.3,117.9,24.9,44.5,22.8,243.7,84.7,,205.9,477.1,2.3,4.9,1.5,1.9,81.3,8.0,124.3,213.8,1.1,342.7,218.5,2.6,311.1,34.1,145.8,11.1,64.8,3651.4999999999995
2019-04-02,,195.8,2.0,19.8,83.0,3.5,99.6,17.6,7.0,75.0,12.0,366.9,124.0,24.7,45.4,24.3,247.8,85.3,,206.3,485.9,2.1,5.3,1.7,1.9,95.3,8.4,124.4,216.6,1.3,350.4,225.3,2.4,320.1,35.6,168.7,11.2,64.7,3761.2999999999997
2019-04-03,,196.5,2.1,20.4,82.9,3.6,100.4,18.1,7.3,77.3,12.0,370.5,126.0,25.4,45.4,26.3,248.6,86.4,,208.1,494.1,2.1,5.4,1.8,2.0,105.7,8.5,130.8,220.4,1.4,357.3,227.7,2.4,322.8,36.5,172.6,12.6,65.6,3827.0
2019-04-04,,197.6,2.1,23.3,85.0,3.7,101.8,18.2,7.5,81.3,12.0,377.4,127.3,25.8,45.2,25.2,246.5,84.7,,209.8,492.8,2.4,5.4,1.6,2.1,112.3,8.5,129.4,218.4,1.5,356.9,219.5,3.3,331.4,37.0,174.4,12.8,66.7,3850.8
2019-04-05,,197.3,2.1,21.7,85.4,4.0,103.0,18.4,7.4,85.6,12.0,379.8,129.7,26.2,45.2,24.0,242.8,83.9,,205.2,472.8,2.3,5.4,1.5,2.0,113.0,8.7,132.1,205.6,1.4,355.1,212.5,3.6,336.7,37.8,169.8,14.1,67.7,3815.7999999999997
2019-04-06,,186.1,2.0,24.2,70.0,4.0,101.8,18.2,7.5,83.9,12.0,377.2,128.4,27.0,43.0,19.3,226.7,85.1,,203.3,475.3,2.5,5.7,1.6,2.0,111.6,8.6,132.1,207.0,1.2,353.5,207.2,3.3,334.6,38.2,145.5,14.1,64.1,3727.8
2019-04-07,,181.9,2.1,20.3,61.7,3.5,102.4,18.4,7.4,83.6,12.0,362.5,111.2,24.3,42.6,17.7,218.6,78.7,,200.1,470.5,2.5,5.8,1.6,2.1,95.1,7.9,120.4,201.4,1.2,323.7,197.0,3.3,287.3,35.2,110.4,6.4,62.9,3483.7000000000003
2019-04-08,,191.4,2.0,21.3,79.5,3.7,102.8,18.7,7.5,85.6,12.0,378.0,116.7,25.4,41.3,18.7,235.1,85.7,,197.6,497.4,2.6,5.9,1.7,2.0,85.9,8.6,119.0,197.5,1.3,349.6,204.0,3.2,316.2,34.6,138.4,5.3,63.8,3659.9999999999995
2019-04-09,,194.1,2.1,22.3,70.9,3.7,101.7,18.9,6.2,86.9,13.7,379.7,126.8,26.2,43.9,20.9,228.9,84.8,,210.4,499.9,2.6,5.7,1.6,2.0,83.2,8.8,126.8,211.3,1.0,359.6,206.7,3.0,331.6,37.0,133.3,5.2,69.2,3730.6
2019-04-10,,195.9,2.1,24.3,75.0,4.0,100.4,19.0,7.5,91.0,13.7,379.9,129.4,25.3,41.0,22.5,233.5,84.0,,212.3,500.8,2.1,6.1,1.5,2.0,89.0,8.9,125.9,215.1,1.3,362.8,205.5,3.0,340.6,37.9,135.1,5.3,69.7,3773.4
2019-04-11,,175.0,2.2,24.8,85.6,4.0,100.5,19.0,7.7,94.4,11.8,386.5,131.2,25.2,45.9,22.9,234.8,86.4,,212.8,502.7,2.7,6.3,1.8,2.2,89.5,8.9,126.3,215.6,0.8,362.1,192.6,3.6,345.6,31.3,165.8,5.3,66.5,3800.2999999999997
2019-04-12,,192.0,2.3,25.4,89.7,4.0,100.5,18.8,7.7,94.8,11.8,389.4,127.1,26.7,42.8,23.9,239.3,87.3,,211.5,501.4,2.6,6.4,1.9,2.3,89.3,8.9,126.1,210.6,1.2,365.4,190.1,4.7,347.0,37.8,171.8,5.2,69.7,3837.4000000000005
2019-04-13,,191.0,2.2,27.8,90.8,3.7,101.6,18.7,7.6,90.0,11.8,383.1,126.3,26.8,42.2,20.7,237.8,88.6,,213.7,489.9,2.6,5.5,2.0,2.2,91.4,8.9,123.5,216.6,1.1,361.5,187.4,4.7,347.1,38.9,171.0,5.0,65.4,3809.0999999999995
2019-04-14,,192.4,2.0,23.6,85.3,3.4,102.5,18.3,7.3,85.5,11.8,369.0,116.6,24.8,44.2,24.3,223.6,83.3,,211.1,468.4,2.5,5.4,1.7,2.1,93.6,8.1,114.7,213.0,1.1,332.8,198.2,3.9,340.1,35.7,164.5,4.8,69.0,3688.6
2019-04-15,,193.5,2.0,22.3,92.8,4.1,102.1,18.4,7.5,97.2,11.8,379.8,127.4,23.2,41.6,24.6,243.1,83.0,,202.9,483.8,1.7,5.2,1.7,2.0,95.1,8.5,118.1,205.8,1.2,352.6,195.2,3.7,351.0,39.0,171.1,4.1,69.9,3786.9999999999995
2019-04-16,,193.9,2.1,20.4,88.5,4.0,100.0,18.9,7.6,89.2,14.0,359.3,95.5,25.3,39.3,26.6,249.3,87.3,,176.6,478.3,2.1,5.3,1.9,2.1,93.8,8.7,95.9,159.2,1.2,362.1,193.8,4.6,284.6,37.5,178.0,4.2,69.6,3580.7
2019-04-17,,193.9,2.1,15.6,69.1,3.2,99.6,18.7,7.5,73.7,13.8,335.8,98.7,26.0,39.4,22.6,241.5,82.4,,154.0,470.4,1.5,4.1,1.9,2.1,90.5,8.7,100.7,146.4,1.0,360.3,189.0,4.2,251.5,34.6,162.6,2.9,67.1,3397.1
2019-04-18,,195.6,2.1,23.9,81.1,3.2,101.8,18.7,7.5,74.4,13.8,355.9,106.5,25.8,46.7,23.5,217.0,76.5,,181.0,482.3,1.7,5.1,1.8,2.1,91.2,7.2,98.6,168.3,1.1,306.4,186.3,4.5,269.9,33.7,170.5,3.3,66.0,3455.0
2019-04-19,,193.5,2.1,26.1,86.6,3.2,93.6,18.5,7.5,75.2,13.8,358.8,114.3,26.6,44.7,19.7,220.7,69.2,,192.0,477.8,1.9,5.3,1.8,2.1,80.7,8.7,104.6,178.1,1.0,329.0,173.3,4.4,301.0,37.5,166.0,5.2,66.9,3511.4000000000005
2019-04-20,,187.8,2.1,23.8,89.8,3.5,95.6,18.4,7.5,78.7,13.8,367.5,116.2,26.1,44.7,22.6,228.6,74.9,,200.5,487.4,1.8,5.3,1.6,2.2,79.9,9.2,112.8,187.2,1.2,330.5,167.9,3.6,315.6,38.1,164.3,5.8,69.3,3585.7999999999993
2019-04-21,,178.1,2.1,22.9,92.3,3.3,95.9,18.5,7.3,79.2,10.3,363.6,110.9,22.5,43.0,21.1,216.0,69.5,,201.3,468.5,2.2,5.2,1.8,2.1,80.9,8.4,108.5,190.4,1.0,304.2,164.6,4.3,320.3,35.2,155.0,5.7,68.1,3484.2
2019-04-22,,177.6,1.9,23.8,93.5,4.1,99.9,18.7,7.5,91.9,13.8,381.2,128.2,25.4,44.2,23.4,235.4,79.3,,206.1,495.0,2.6,5.0,1.6,2.1,79.9,8.9,122.1,205.5,1.2,324.7,161.6,4.3,342.3,38.3,151.5,6.0,66.6,3675.1
2019-04-23,,178.2,2.2,25.8,89.4,4.4,100.5,16.2,5.1,99.3,13.8,359.9,138.6,26.0,43.0,24.1,230.6,68.5,,212.0,494.5,2.6,5.5,1.7,2.2,90.8,9.0,129.0,216.8,1.3,323.2,164.1,5.3,362.0,39.5,160.4,5.5,66.1,3717.1
2019-04-24,,186.1,2.1,27.1,98.1,4.6,102.6,18.1,6.8,106.7,13.8,379.2,141.7,24.8,33.7,25.1,233.1,77.4,,216.4,500.6,2.6,5.4,1.8,2.0,92.0,8.9,108.6,221.1,1.4,337.7,171.1,5.6,380.7,41.2,170.0,5.2,67.9,3821.2
2019-04-25,,189.3,2.2,28.9,99.8,4.8,103.9,19.0,7.4,111.4,13.5,387.3,144.5,25.4,41.7,26.5,241.9,78.4,,219.3,513.1,2.8,5.0,1.8,2.1,95.4,9.1,126.4,226.7,1.4,342.2,176.0,5.4,387.1,40.5,181.2,5.7,68.7,3935.8
2019-04-26,,190.7,2.3,30.3,95.6,4.8,105.5,18.4,7.6,109.7,13.5,392.9,146.7,27.5,42.6,27.0,246.0,81.5,,221.0,511.8,2.7,5.7,1.8,2.1,98.9,9.2,132.7,226.5,1.4,350.1,179.3,5.6,387.1,41.2,182.3,5.2,69.5,3976.7
2019-04-27,,193.3,2.3,27.0,99.6,4.5,104.0,18.2,7.6,103.2,13.5,389.6,143.3,28.1,46.3,27.4,236.5,84.3,,221.0,513.3,2.7,5.3,1.9,2.1,96.5,9.1,133.3,228.3,1.2,352.2,176.9,5.1,364.0,40.9,178.9,5.4,70.3,3937.1
2019-04-28,,189.0,2.1,22.0,94.2,4.1,104.1,18.3,7.2,98.7,13.5,375.4,132.9,25.7,44.2,26.5,219.1,79.3,,217.3,504.1,1.9,5.3,1.8,2.2,94.6,8.3,126.3,224.7,1.0,325.7,171.1,4.5,358.7,38.7,177.7,6.7,77.2,3804.0999999999995
2019-04-29,,194.9,2.2,22.5,101.7,4.8,105.7,18.9,7.3,109.3,13.5,391.4,150.5,27.3,44.3,27.5,230.1,82.3,,219.7,499.4,1.8,5.6,1.8,2.2,97.1,8.9,136.0,227.2,1.1,340.6,175.0,5.5,395.8,41.5,183.4,6.2,71.6,3954.6
2019-04-30,,193.7,2.3,21.3,105.0,5.0,105.9,18.8,7.5,111.9,13.5,385.3,154.7,27.6,43.9,25.9,214.8,79.5,,219.7,508.9,2.5,5.6,1.6,2.2,98.0,9.1,132.5,231.6,1.2,332.7,177.3,4.5,410.9,41.8,175.5,7.2,69.1,3948.5
2019-05-01,,176.4,2.2,18.7,102.1,5.1,103.7,17.4,5.4,114.2,13.5,380.2,155.2,25.7,43.7,23.2,180.6,74.8,,218.4,456.0,2.4,4.9,1.7,2.1,97.1,6.6,134.3,232.4,0.9,298.4,160.9,4.9,408.7,40.2,161.2,6.7,62.3,3742.1999999999994
2019-05-02,,172.4,2.2,22.3,100.1,4.7,105.8,18.1,6.1,112.7,13.5,380.6,143.2,26.2,43.1,25.0,209.6,80.7,,219.8,485.9,2.4,5.6,1.6,2.2,87.7,7.4,135.9,229.6,1.2,330.0,165.2,5.4,373.4,35.5,169.5,5.0,64.2,3793.8000000000006
2019-05-03,,181.0,2.2,23.6,82.8,4.7,98.3,18.2,7.0,105.0,13.5,379.4,138.9,27.0,45.3,21.4,223.4,81.9,,212.8,485.2,2.4,5.6,1.8,2.3,51.1,8.6,141.2,226.9,1.3,347.2,168.4,4.1,341.6,37.9,135.6,5.5,61.1,3694.2
2019-05-04,,189.4,2.0,18.7,80.4,4.4,94.8,18.3,7.1,100.5,11.6,377.9,148.6,26.9,46.2,18.7,224.5,80.8,,210.0,485.1,2.3,4.7,1.5,2.0,55.8,8.8,144.5,222.4,1.1,346.6,168.8,2.4,393.3,41.8,103.6,6.3,59.5,3711.2999999999997
2019-05-05,,189.8,1.8,18.3,87.9,4.1,94.7,18.2,6.7,96.4,10.7,362.8,141.8,24.7,43.9,23.8,215.5,75.3,,208.6,475.9,1.9,5.0,1.5,1.9,62.0,8.4,139.6,223.8,1.0,329.5,163.0,3.4,365.3,37.8,131.5,6.3,65.6,3648.4000000000005
2019-05-06,,196.6,1.9,23.0,88.1,4.9,96.3,18.4,7.0,106.7,10.7,373.2,156.6,26.7,46.4,25.3,236.2,84.4,,208.7,497.2,2.3,5.6,1.7,2.0,66.7,8.9,150.1,223.1,1.2,349.6,169.7,4.6,380.9,48.5,164.0,5.7,64.2,3857.0999999999995
2019-05-07,,196.5,1.9,23.9,92.8,4.9,95.4,18.5,7.3,110.7,10.7,379.4,165.3,27.4,45.0,26.7,226.9,86.1,,209.7,504.1,2.4,5.0,1.8,2.0,74.0,8.7,156.9,230.6,1.1,343.7,174.8,4.9,395.5,43.0,183.5,5.0,65.9,3932.0
2019-05-08,,195.6,2.1,24.5,98.6,5.1,95.2,18.5,6.0,114.5,10.7,373.5,169.2,28.4,45.8,26.7,220.8,84.0,,210.6,501.8,2.6,5.3,1.6,2.3,80.3,8.4,169.9,239.3,1.1,330.9,174.5,4.5,408.6,43.6,194.5,4.7,66.8,3970.5000000000005
2019-05-09,,201.7,2.2,23.1,100.3,5.4,97.0,18.3,7.2,117.1,10.7,376.2,170.7,28.0,47.2,27.5,228.3,83.1,,213.5,496.2,2.6,5.5,1.6,2.3,82.2,8.1,168.9,242.0,1.4,332.9,172.5,4.9,419.6,43.8,194.6,4.9,67.9,4009.4
2019-05-10,,205.0,2.1,23.4,105.7,5.3,95.4,18.1,7.3,117.5,10.7,374.2,162.2,28.5,46.4,27.4,236.2,83.6,,217.3,492.4,2.5,5.7,1.8,2.1,83.3,8.7,152.1,241.7,1.3,342.2,175.0,5.1,432.3,42.1,198.5,4.7,66.8,4024.5999999999995
2019-05-11,,199.1,2.2,24.4,106.1,4.7,95.0,18.2,7.3,110.5,10.7,370.7,162.0,28.6,43.4,26.8,232.3,84.6,,213.2,491.6,2.5,5.2,1.6,2.3,87.7,8.9,152.0,227.1,1.3,352.7,167.0,5.1,424.5,43.0,191.8,4.9,68.3,3977.2999999999997
2019-05-12,,194.3,1.8,23.3,105.7,4.7,94.1,17.9,7.1,99.6,11.2,364.2,158.8,25.8,46.5,28.9,214.9,78.8,,206.1,479.3,2.6,4.9,1.7,2.0,83.5,8.5,162.4,205.0,0.9,326.3,154.8,4.4,414.8,40.7,176.8,4.8,67.7,3824.8
2019-05-13,,193.3,1.8,19.0,104.2,5.1,91.9,18.0,7.1,110.5,11.5,378.4,152.5,27.7,46.6,26.5,219.6,85.3,,200.3,499.8,2.1,4.7,1.7,1.8,91.0,9.0,156.3,215.5,1.1,341.5,167.1,4.6,399.9,42.9,174.5,4.8,66.8,3884.4
2019-05-14,,197.0,2.1,21.5,100.3,4.8,90.3,18.2,7.4,106.0,11.5,378.9,152.1,28.0,46.5,23.7,223.6,85.1,,208.4,500.6,2.4,5.1,1.9,1.9,81.6,8.9,151.4,212.5,1.2,344.4,169.7,4.0,405.6,43.0,157.1,4.5,65.7,3866.9
2019-05-15,,196.7,2.1,23.8,100.2,4.8,87.4,18.1,7.4,102.7,11.5,376.5,150.7,29.6,45.9,25.5,225.7,84.6,,213.9,497.9,2.4,5.1,1.7,2.2,81.0,9.4,153.8,221.5,1.1,339.4,170.1,4.2,401.4,41.7,166.7,4.2,66.5,3877.399999999999
2019-05-16,,197.6,2.2,24.9,99.5,4.6,90.4,18.2,7.2,101.8,11.5,377.8,151.4,28.2,46.0,26.3,225.0,83.4,,215.3,495.2,2.2,5.3,1.8,1.9,82.2,9.2,151.1,211.8,0.9,343.8,170.1,4.4,404.7,40.7,184.1,4.3,67.2,3892.2000000000003
2019-05-17,,197.4,2.3,24.8,103.1,4.7,94.1,17.9,7.3,100.9,11.5,374.3,143.5,28.2,46.1,28.9,222.2,83.6,,216.6,495.1,2.3,5.0,1.7,2.1,90.0,9.2,137.9,192.2,1.1,348.3,175.9,4.4,394.2,40.8,192.9,5.9,67.6,3874.0
2019-05-18,,197.7,2.2,24.5,103.6,4.4,91.0,17.8,7.5,88.4,11.5,371.8,137.8,27.2,45.9,28.6,220.9,81.5,,213.3,496.7,2.5,5.3,1.7,2.0,94.9,9.0,136.9,194.9,1.1,335.7,173.4,4.2,364.1,41.7,192.9,6.8,68.4,3807.7999999999997
2019-05-19,,196.5,2.1,25.3,106.3,3.9,91.8,17.4,7.0,89.8,11.5,360.5,141.2,23.7,46.8,27.8,211.5,78.2,,211.6,481.3,2.4,5.1,1.6,2.0,92.6,8.3,134.9,211.2,1.0,320.9,166.2,4.0,400.3,40.8,172.0,7.7,67.2,3772.4
2019-05-20,,193.1,2.0,26.0,106.2,5.1,92.2,17.7,7.2,102.8,11.8,382.1,158.0,27.9,41.8,28.4,225.8,85.2,,219.1,507.0,2.3,5.2,1.8,2.1,93.9,8.8,146.2,226.8,1.1,348.9,172.2,4.4,412.7,44.0,184.1,6.7,70.1,3970.7000000000007
2019-05-21,,201.7,2.1,27.6,107.3,5.3,92.3,18.2,7.5,110.8,12.4,387.9,167.3,29.2,48.3,28.7,221.7,86.8,,222.8,513.6,2.6,5.2,1.8,2.1,85.0,9.1,158.9,230.7,1.1,359.7,173.0,5.1,413.5,45.1,193.3,5.2,70.1,4052.9999999999995
2019-05-22,,202.5,2.2,27.1,105.8,5.5,88.9,18.0,7.5,114.0,12.4,384.3,171.5,13.1,48.1,27.5,219.4,87.7,,225.1,513.9,2.6,5.2,1.9,2.3,81.5,8.8,169.5,233.6,1.0,364.0,171.3,5.2,428.3,35.8,192.0,3.9,69.8,4051.2000000000003
2019-05-23,,202.5,2.1,25.5,96.5,5.2,92.3,18.1,7.5,114.5,12.4,391.1,164.4,29.4,48.7,25.2,218.9,89.4,,227.8,522.1,2.4,5.2,1.8,2.2,94.3,9.3,161.7,240.3,1.1,365.3,175.1,4.7,442.0,47.2,172.7,4.1,68.3,4091.2999999999997
2019-05-24,,199.9,2.2,24.7,104.7,4.9,93.5,17.9,7.5,105.5,12.4,388.3,147.7,28.8,43.5,26.0,205.3,82.8,,223.8,505.3,2.2,5.4,1.5,2.4,92.0,8.5,139.4,234.0,1.1,355.5,172.5,3.6,398.2,45.1,184.2,5.3,68.1,3943.7000000000003
2019-05-25,,201.0,2.3,25.0,102.3,4.6,92.1,17.9,6.1,109.2,12.4,384.8,156.0,29.1,44.6,26.0,194.1,81.2,,223.5,503.3,2.3,5.1,1.6,2.4,91.0,9.0,142.4,238.8,1.2,351.6,172.6,3.6,406.1,44.6,155.6,7.8,67.0,3918.2
2019-05-26,,199.1,2.2,25.8,101.0,4.3,92.8,17.7,7.0,99.9,12.4,372.0,151.0,26.6,46.4,26.2,176.0,77.8,,219.1,487.5,2.5,5.3,1.7,2.2,90.7,8.5,150.2,239.8,1.1,328.3,171.1,5.2,414.7,41.9,154.9,7.7,65.8,3836.3999999999996
2019-05-27,,197.0,2.2,25.2,105.3,5.2,94.3,14.6,7.1,111.8,12.4,385.7,165.3,28.9,46.7,28.2,194.9,85.6,,224.0,509.5,2.5,4.7,1.5,2.2,96.5,9.2,155.9,248.1,1.3,345.5,176.0,5.0,428.2,45.0,185.5,6.3,67.9,4025.2
2019-05-28,,201.0,2.1,28.0,108.7,5.4,89.0,17.4,7.3,114.9,11.8,391.1,173.6,29.4,47.8,28.5,214.1,88.1,,227.4,516.4,2.7,5.0,1.7,2.0,89.5,9.4,166.3,257.9,1.3,356.2,181.8,5.0,435.6,46.5,186.1,6.0,68.8,4123.8
2019-05-29,,197.1,2.2,28.6,107.7,5.6,85.0,16.7,7.5,121.6,12.3,389.9,179.3,29.2,47.2,28.2,206.3,79.6,,226.3,515.8,2.8,5.3,1.8,2.1,86.6,8.9,175.9,256.2,1.1,345.2,186.6,5.6,444.4,46.3,198.1,6.9,68.7,4128.600000000001
2019-05-30,,183.2,2.1,27.0,92.4,6.0,88.6,17.8,7.5,128.1,12.3,394.1,185.9,30.3,47.0,26.3,213.1,85.1,,226.4,509.6,2.5,4.9,1.7,2.2,91.6,9.3,183.6,250.0,1.0,349.5,177.5,5.3,469.0,46.7,189.0,6.4,72.0,4145.0
2019-05-31,,196.3,2.1,26.7,80.5,6.2,86.2,16.5,7.4,131.6,12.3,392.8,189.1,30.5,47.4,24.8,212.7,84.1,,226.6,505.9,2.4,4.9,1.7,2.1,96.6,9.2,188.8,255.7,1.2,343.0,181.2,4.8,445.2,47.8,175.9,5.7,66.0,4111.9
2019-06-01,,197.3,2.2,28.8,99.7,6.4,3.8,17.2,7.2,132.2,12.3,393.0,188.4,28.8,42.3,25.3,198.9,81.7,,223.9,500.6,2.2,5.5,1.8,2.2,96.8,8.6,186.4,261.6,1.2,336.8,170.9,3.3,438.9,47.7,176.0,5.6,65.9,4001.4000000000005
2019-06-02,,194.2,2.0,29.8,88.8,6.0,88.5,16.3,7.1,132.7,12.3,376.2,182.0,27.0,46.8,25.1,184.8,77.6,,215.2,489.6,2.3,5.9,1.7,2.5,85.8,8.2,186.9,260.2,0.9,313.7,167.0,4.4,439.0,43.0,153.4,6.1,66.3,3949.3
2019-06-03,,174.6,2.2,28.3,93.8,6.5,85.5,17.6,7.1,135.5,12.3,390.7,189.3,30.3,42.6,19.6,175.5,79.6,,216.9,500.4,2.4,5.9,1.8,2.1,80.5,9.0,181.3,261.8,1.2,328.4,154.4,4.0,412.6,45.8,152.9,5.5,64.0,3921.9
2019-06-04,,183.4,2.2,26.6,104.1,5.2,90.6,17.6,7.5,131.8,12.3,394.8,184.2,28.1,42.4,24.8,197.4,82.5,,223.0,495.4,2.5,5.8,1.9,2.1,88.1,9.1,162.6,268.1,1.1,343.5,154.8,4.5,444.2,46.6,167.4,5.8,66.5,4028.5
2019-06-05,,193.4,2.1,29.9,109.2,5.9,92.1,17.5,7.5,131.2,12.0,387.9,189.4,30.4,47.6,26.7,199.3,75.9,,227.5,492.8,2.8,6.0,1.7,2.1,89.1,8.8,186.4,271.3,1.1,324.2,168.2,5.3,471.8,47.5,155.0,5.5,67.4,4092.5
2019-06-06,,184.1,2.1,31.2,104.2,5.7,89.6,17.6,7.5,134.4,11.9,395.0,185.1,29.0,47.5,27.5,175.5,77.8,,227.6,494.2,2.7,6.0,1.7,2.2,81.3,9.0,198.8,270.4,1.2,331.6,160.9,5.1,431.1,42.1,155.6,5.4,67.6,4020.1999999999994
2019-06-07,,187.5,2.0,30.3,104.5,5.7,85.1,17.5,7.7,129.2,11.9,400.8,183.5,30.6,47.9,25.8,179.1,79.1,,223.5,485.7,2.4,5.8,1.8,2.1,89.4,9.2,186.0,275.2,1.2,339.9,159.9,5.0,381.6,41.9,160.6,6.2,64.8,3970.4
2019-06-08,,187.2,2.0,31.1,107.1,5.7,85.6,17.4,7.6,129.0,11.9,398.1,187.4,30.1,47.5,26.8,180.8,78.7,,219.8,472.7,2.3,5.9,1.7,2.1,88.0,9.2,190.3,271.0,1.2,337.3,144.0,4.9,433.9,46.1,166.4,5.4,64.1,4000.2999999999997
2019-06-09,,189.7,2.2,29.3,105.8,6.1,90.0,17.1,7.4,123.8,11.9,387.1,179.9,26.8,46.0,27.0,173.7,65.8,,219.9,461.6,2.2,6.0,1.6,2.3,91.6,8.2,188.4,264.9,1.0,312.0,156.0,4.6,443.4,42.7,174.5,5.5,66.6,3942.5999999999995
2019-06-11,,191.0,2.3,31.8,90.2,6.7,91.5,16.6,5.3,139.1,11.9,398.0,199.8,30.1,42.0,27.2,185.6,67.2,,225.2,471.4,2.6,5.8,1.7,2.2,105.6,8.8,210.1,278.0,1.2,332.0,169.3,5.8,461.2,48.1,186.4,5.3,67.2,4124.2
2019-06-12,,197.3,2.2,35.1,87.6,6.0,92.2,16.5,7.1,135.2,11.9,368.3,176.2,29.2,41.0,24.6,179.2,64.6,,221.2,463.4,2.5,5.9,1.6,2.2,102.9,9.2,185.6,265.9,1.4,337.6,169.2,6.2,403.0,38.4,184.3,5.3,64.8,3944.7999999999993
2019-06-13,,198.4,2.2,34.9,86.7,6.2,92.1,16.0,7.4,136.1,10.4,302.6,185.3,30.2,48.3,23.1,178.9,64.5,,210.1,457.8,2.8,5.8,1.7,2.1,82.2,8.9,228.6,244.4,1.3,338.7,168.5,5.1,430.6,45.5,168.4,5.1,66.8,3897.7
2019-06-14,,198.7,2.2,31.0,108.2,6.5,92.8,16.9,7.6,134.7,11.5,328.7,203.2,30.8,48.9,26.8,190.3,69.0,,211.2,460.8,2.7,6.1,1.7,2.2,92.3,8.8,256.0,257.8,1.3,339.2,169.8,5.4,453.9,53.2,190.8,5.4,67.3,4093.7
2019-06-15,,201.8,2.1,31.8,106.1,6.1,89.6,17.4,7.6,130.7,11.5,342.9,201.3,31.1,46.9,27.3,198.1,71.9,,203.4,464.0,2.2,6.1,1.8,2.1,87.1,9.1,240.2,257.9,1.1,332.9,168.4,5.0,450.6,46.9,180.4,6.6,66.5,4056.5
2019-06-16,,197.6,2.2,30.0,110.7,5.7,86.9,17.3,7.0,117.9,11.5,325.4,165.9,27.8,46.8,26.4,192.8,69.0,,191.1,455.8,2.5,5.8,1.8,2.3,77.4,8.5,237.6,223.1,0.9,330.6,166.4,5.1,413.3,42.7,177.0,0.0,65.8,3848.6000000000004
2019-06-17,,193.4,2.4,30.2,108.7,6.0,83.8,17.5,7.3,114.8,11.5,330.9,169.4,29.0,49.3,27.2,218.2,75.0,,195.0,473.9,2.3,5.1,1.5,2.3,87.4,8.9,232.0,235.1,1.2,347.5,166.1,5.0,405.1,41.8,187.7,5.4,66.3,3944.2000000000003
2019-06-18,,197.0,2.4,32.7,106.4,5.5,87.9,17.8,7.6,99.3,11.5,316.1,140.6,29.4,44.9,27.3,217.5,75.8,,202.7,476.8,2.3,5.7,1.5,2.3,82.8,9.2,206.1,223.7,1.2,354.1,171.0,5.7,384.1,42.6,176.5,5.6,68.1,3841.7
2019-06-19,,204.0,2.3,33.9,106.7,5.7,89.6,17.9,7.6,106.4,11.5,319.2,172.2,29.6,45.9,26.6,218.4,73.3,,187.8,473.8,2.5,6.0,1.7,2.2,92.9,9.0,246.5,208.5,1.3,355.5,172.7,5.8,394.1,44.2,192.0,6.4,66.8,3940.4999999999995
2019-06-20,,195.3,2.2,35.1,108.4,5.7,88.9,18.2,7.6,112.0,11.5,338.8,179.9,29.8,44.9,25.6,218.4,72.0,,196.1,479.4,2.6,5.9,1.8,2.3,102.3,9.1,228.4,224.0,1.3,348.5,170.2,5.4,389.6,44.1,184.5,6.2,63.9,3959.9000000000005
2019-06-21,,187.1,2.3,33.2,109.2,5.5,85.9,18.2,7.7,122.7,13.1,352.0,189.3,30.1,45.4,22.8,218.9,71.0,,203.1,474.3,2.6,6.0,1.7,2.2,82.2,9.3,242.1,228.2,1.3,349.6,156.8,5.4,425.1,45.8,175.3,5.5,63.2,3994.1
2019-06-22,,183.0,2.2,32.0,80.4,5.6,75.1,18.3,7.7,118.5,12.4,354.3,197.7,30.4,44.2,21.0,203.3,66.7,,198.1,463.8,2.6,5.7,1.7,2.1,79.8,9.7,263.8,241.8,1.3,336.7,149.4,5.1,398.6,46.0,170.0,6.5,61.4,3896.8999999999996
2019-06-23,,169.6,2.3,32.3,97.7,5.6,76.7,18.2,7.2,121.0,12.4,335.9,196.1,28.2,41.0,24.0,182.3,63.4,,189.1,429.1,2.5,6.0,1.8,2.4,84.3,8.7,259.3,240.1,1.0,310.1,144.8,5.3,382.0,40.8,163.8,7.8,62.7,3755.5000000000005
2019-06-24,,176.2,2.4,33.2,109.3,6.2,85.2,18.6,7.2,123.2,12.4,340.6,197.7,28.7,48.5,25.3,191.5,71.4,,190.4,436.2,2.6,5.6,1.9,2.4,91.1,8.4,249.8,240.6,1.2,329.9,151.8,5.7,383.0,40.1,183.4,5.6,66.7,3874.0
2019-06-25,,178.1,2.3,32.7,113.8,6.2,91.1,18.7,7.4,126.1,12.4,334.7,209.8,29.1,44.8,25.6,199.2,73.2,,195.1,451.0,2.5,5.7,1.5,2.5,92.9,8.8,250.6,242.9,1.1,347.7,156.6,5.4,407.9,44.4,195.2,6.3,67.7,3990.9999999999995
2019-06-26,,179.0,2.3,27.7,99.1,6.5,90.5,18.9,7.7,135.1,12.4,330.8,219.4,30.8,45.8,24.3,198.1,74.2,,192.8,458.8,2.4,5.3,1.8,2.5,97.7,8.6,274.1,248.5,1.2,330.3,162.2,5.1,416.9,46.5,181.6,6.0,66.1,4011.0000000000005
2019-06-27,,178.2,2.2,28.4,95.6,6.4,89.6,19.1,7.8,135.2,12.4,340.2,219.1,31.3,46.0,21.6,198.2,75.9,,191.7,448.7,2.6,5.8,2.0,2.3,96.4,8.5,269.4,249.5,1.3,334.0,165.6,6.6,435.1,46.7,182.4,5.2,66.1,4027.1
2019-06-28,,185.0,2.2,29.6,103.1,6.7,87.3,18.5,7.5,133.5,12.4,331.8,219.7,31.7,48.8,25.2,195.2,76.1,,188.4,407.6,2.6,5.4,1.7,2.2,88.4,8.6,282.7,254.7,1.3,337.3,163.5,5.5,446.8,47.2,175.9,6.5,67.8,4008.4
2019-06-29,,184.6,2.3,31.1,101.1,6.8,89.7,17.1,7.2,136.7,10.9,328.2,224.5,31.5,44.6,25.3,191.8,77.2,,187.4,388.5,2.8,5.8,1.7,2.2,90.4,8.6,281.5,255.7,1.2,339.7,147.0,5.4,452.6,48.6,176.3,5.4,62.6,3973.9999999999995
2019-06-30,,174.3,2.2,32.7,100.3,6.1,86.3,17.4,6.8,136.0,10.0,319.5,211.8,28.5,42.3,25.7,170.3,70.3,,171.4,371.1,2.7,6.0,1.7,2.2,88.4,8.1,286.0,246.4,1.0,319.5,136.3,5.5,445.1,44.9,162.5,5.7,66.5,3811.5
2019-07-01,,169.9,2.3,33.0,104.7,7.2,80.8,17.4,6.6,145.2,10.0,330.7,228.1,29.6,44.4,23.4,184.6,76.4,,172.7,376.7,2.5,5.6,1.9,2.3,76.5,8.4,290.1,247.9,1.1,334.9,144.8,5.3,454.3,46.5,167.6,4.7,64.6,3902.7000000000007
2019-07-02,,171.9,2.2,31.7,92.6,7.2,73.1,17.8,7.1,147.1,10.0,339.0,223.9,30.6,45.6,20.2,192.6,77.1,,167.2,380.3,2.6,6.0,1.7,2.2,74.6,8.7,282.1,237.5,1.2,339.7,145.5,4.8,441.3,45.4,164.7,5.1,63.2,3863.4999999999995
2019-07-03,,171.4,2.2,30.9,99.3,7.4,73.8,18.5,7.5,145.3,10.0,331.1,237.2,31.8,45.9,21.9,195.9,75.2,,156.6,387.0,2.4,6.2,1.7,2.6,80.4,8.9,300.0,242.7,1.2,342.8,146.3,5.0,433.9,47.0,164.8,4.7,65.3,3904.7999999999997
2019-07-04,,179.4,2.4,35.0,106.2,6.1,79.8,18.8,7.5,139.2,10.0,318.1,208.2,30.0,41.6,22.7,195.4,73.4,,161.1,392.8,2.5,5.9,1.7,2.5,81.6,9.4,289.9,237.3,1.2,346.7,152.5,5.1,441.2,45.2,176.1,5.3,66.3,3898.1
2019-07-05,,169.3,2.2,34.0,107.8,6.5,81.1,18.6,7.6,126.4,10.0,322.7,205.8,29.9,41.9,23.4,191.5,72.8,,157.7,386.3,2.6,5.8,2.0,2.2,81.0,9.5,284.4,220.9,1.2,347.2,152.5,5.6,403.0,45.1,177.9,5.1,65.5,3806.9999999999995
2019-07-06,,179.4,2.1,30.9,101.6,6.0,77.9,18.6,7.5,122.3,10.0,321.8,210.4,29.9,41.0,22.6,183.5,72.7,,154.9,382.6,2.3,5.6,1.7,2.0,79.7,9.5,271.4,218.1,1.0,336.3,150.4,5.2,364.9,44.2,161.8,5.5,64.0,3699.2999999999997
2019-07-07,,175.1,2.2,26.8,83.7,5.6,79.0,17.3,6.7,119.6,10.5,305.1,199.5,25.0,43.0,21.5,172.9,65.4,,157.1,367.1,2.4,5.9,1.4,2.1,80.6,8.7,270.0,201.3,0.8,317.2,147.3,4.3,377.9,42.2,144.9,6.7,65.3,3562.1000000000004
2019-07-08,,182.5,2.5,27.6,78.9,6.5,82.5,18.2,7.2,130.2,11.6,331.7,214.9,28.1,44.1,23.5,188.5,69.2,,160.3,392.3,2.3,5.6,1.7,2.3,84.0,8.9,291.7,218.1,1.0,336.8,155.9,4.5,368.4,43.9,164.1,6.1,65.3,3760.9
2019-07-09,,188.4,2.3,28.7,69.9,6.0,83.4,18.6,7.6,113.4,11.6,340.4,207.9,28.2,40.8,23.2,195.2,68.6,,165.3,402.8,2.5,6.0,1.8,2.3,85.1,8.3,268.9,225.8,1.3,338.4,164.2,4.6,325.6,41.9,170.8,5.6,65.5,3720.9000000000005
2019-07-10,,185.9,2.2,27.1,76.5,5.9,87.3,18.7,7.6,127.8,11.6,344.5,210.1,29.8,42.0,22.8,188.8,66.1,,174.2,403.7,2.6,6.4,1.7,2.2,89.5,8.2,262.6,239.7,1.1,327.8,166.6,4.6,318.3,43.9,168.6,9.1,65.0,3750.5
2019-07-11,,187.1,2.3,27.2,59.2,5.5,91.8,18.7,7.6,135.5,11.6,354.4,214.6,29.0,42.4,22.6,190.0,67.2,,180.9,403.8,2.4,5.3,1.7,2.2,88.3,8.1,244.6,242.6,1.2,327.2,163.8,4.5,313.4,40.3,164.9,7.2,64.7,3733.7999999999997
2019-07-12,,189.0,2.2,26.5,69.9,5.4,96.0,18.6,7.7,137.8,11.6,362.9,212.3,29.8,43.5,23.9,196.5,70.1,,189.1,407.6,2.3,6.3,1.4,2.3,89.7,8.2,234.5,249.6,1.1,334.7,169.9,3.6,339.7,41.1,152.9,5.6,66.6,3809.9000000000005
2019-07-13,,184.1,2.1,28.1,70.2,4.7,99.2,18.6,7.7,132.5,11.6,364.6,207.1,27.0,40.1,25.2,196.1,72.2,,194.2,415.0,2.4,5.7,1.8,2.2,90.6,7.6,215.0,252.4,1.0,322.9,166.9,4.1,363.5,38.0,169.5,5.2,66.8,3815.9
2019-07-14,,171.8,2.0,25.9,71.2,3.7,102.8,18.4,7.1,125.5,11.6,346.8,192.3,25.3,40.7,25.2,182.3,65.6,,193.3,404.8,2.4,5.3,1.6,2.1,92.4,6.9,174.4,247.6,0.8,294.6,170.2,4.1,370.5,34.4,169.2,6.2,66.6,3665.6
2019-07-15,,172.3,2.4,24.5,89.3,4.4,104.7,18.7,7.4,118.5,11.3,362.2,175.3,28.3,39.9,26.4,194.8,70.0,,202.0,432.0,2.5,5.1,1.7,2.1,107.6,7.6,166.0,256.5,0.7,303.6,174.7,3.9,353.6,37.8,181.7,5.8,67.7,3762.9999999999995
2019-07-16,,178.1,2.4,27.3,95.7,4.3,105.6,18.9,7.7,108.0,11.4,368.8,157.5,28.3,41.3,26.5,201.1,70.0,,209.7,444.6,2.4,5.3,1.7,2.3,103.0,8.2,133.7,264.3,0.5,312.7,182.5,4.2,331.6,36.5,180.8,6.2,66.4,3749.5
2019-07-17,,181.9,2.4,28.4,97.7,4.7,105.8,18.8,7.7,91.6,11.4,372.6,147.1,29.1,43.0,25.6,202.6,69.2,,216.6,457.9,2.5,5.7,1.8,2.3,91.6,8.4,147.9,261.6,1.0,324.5,185.7,5.3,363.8,39.1,183.8,5.3,65.9,3810.3000000000006
2019-07-18,,179.2,2.0,32.0,104.5,5.0,102.1,18.9,7.7,100.6,11.4,379.3,148.6,29.3,42.7,25.8,199.3,66.6,,218.7,460.0,2.5,5.3,1.7,2.1,101.1,8.3,177.2,245.1,1.2,318.3,183.3,5.0,390.3,41.2,194.7,5.2,67.9,3884.1
2019-07-19,,169.0,2.1,33.6,106.1,5.3,98.7,18.8,7.8,108.6,11.4,390.7,171.8,29.5,41.5,26.1,195.4,61.3,,218.6,449.2,2.6,5.6,1.6,2.5,96.0,7.8,192.9,240.0,1.5,308.9,182.0,4.7,407.1,42.4,188.9,5.6,67.1,3902.6999999999994
2019-07-20,,165.5,2.2,33.0,105.8,5.5,101.8,18.9,7.7,111.1,11.4,387.4,177.1,30.3,43.1,26.9,186.6,60.5,,213.6,430.9,2.5,5.7,1.5,2.3,95.5,7.9,206.0,244.3,1.2,291.4,165.9,5.0,415.0,44.6,190.0,5.4,67.6,3871.1
2019-07-21,,164.9,2.2,30.4,109.9,5.2,108.5,19.1,7.2,105.6,11.4,339.6,171.5,28.0,40.5,27.4,168.0,56.0,,209.9,405.6,2.5,5.6,1.8,2.3,95.3,6.5,211.6,240.5,1.0,282.4,170.3,6.2,418.2,41.2,182.7,5.5,64.5,3749.0
2019-07-22,,165.3,2.2,29.5,104.2,6.3,110.2,18.9,7.5,116.6,11.4,342.2,194.3,30.7,42.4,27.1,171.9,60.0,,219.0,441.2,2.6,5.8,1.9,2.2,98.7,7.7,245.9,242.2,1.3,297.9,184.1,5.6,422.1,42.9,194.3,5.8,66.6,3928.5
2019-07-23,,168.2,2.3,27.8,97.4,6.8,111.6,19.2,7.8,129.0,11.0,355.4,211.3,30.4,42.8,24.8,164.5,60.7,,229.2,451.4,2.5,5.4,1.9,2.0,102.5,7.8,253.7,251.4,1.2,299.0,191.1,4.8,428.8,43.3,192.2,4.8,63.7,4007.7000000000007
2019-07-24,,175.2,2.4,29.2,88.2,6.4,106.5,19.1,7.4,130.4,11.3,354.3,208.1,32.0,42.9,22.5,172.9,62.7,,220.4,446.0,2.5,5.4,2.1,2.2,97.4,8.5,264.8,256.8,1.2,312.3,198.7,4.9,406.8,45.4,180.5,5.3,61.1,3993.7999999999997
2019-07-25,,174.1,2.3,31.7,90.6,6.0,100.1,19.0,7.1,115.2,11.3,346.8,183.2,29.5,37.0,22.7,163.7,65.7,,197.9,423.8,2.6,5.6,1.9,2.3,86.9,8.5,229.6,219.3,0.9,312.5,199.0,4.7,372.2,40.7,174.5,5.7,63.7,3758.2999999999997
2019-07-26,,158.7,2.3,31.4,97.1,5.5,96.7,19.0,7.5,109.3,11.3,338.8,177.2,29.5,42.5,23.2,174.8,65.6,,185.2,400.5,2.6,5.6,1.7,2.2,86.2,8.4,220.4,218.3,0.9,300.7,174.1,5.0,357.5,39.5,172.5,5.7,63.4,3640.7999999999997
2019-07-27,,154.9,2.3,30.5,91.9,4.9,91.7,18.7,7.2,100.7,11.3,334.6,157.8,28.9,40.5,22.2,165.4,66.3,,183.2,374.0,2.4,5.7,1.6,2.3,87.9,8.0,206.3,198.7,0.8,305.3,167.8,4.6,359.1,38.3,166.0,5.9,63.5,3511.2
2019-07-28,,151.0,2.3,30.9,91.4,4.9,93.7,18.7,7.0,98.9,11.3,314.9,153.9,26.3,37.3,21.8,160.8,62.2,,175.8,364.8,2.6,5.5,1.6,2.3,89.0,7.4,210.9,159.3,0.5,284.4,161.1,4.8,364.1,37.4,151.3,7.0,60.8,3377.9
2019-07-29,,155.2,2.2,31.3,93.5,6.0,89.2,18.9,7.0,111.8,11.3,299.5,180.5,29.4,41.8,22.1,175.2,68.5,,185.1,377.1,2.3,5.6,1.8,2.2,82.6,7.6,231.9,175.3,0.7,301.4,161.3,5.8,399.0,41.0,152.9,6.0,60.4,3543.4
2019-07-30,,161.8,2.2,33.1,98.9,5.6,83.5,18.4,7.2,115.6,11.3,282.0,196.4,29.8,42.3,22.3,167.1,70.3,,183.7,368.4,2.5,5.5,1.8,2.2,85.9,7.7,253.8,197.2,0.8,313.9,156.5,4.2,412.5,41.7,167.7,6.1,63.3,3623.2
2019-07-31,,169.9,2.5,32.5,106.1,5.0,82.2,18.3,7.3,117.9,11.3,269.1,193.9,27.9,36.7,24.1,182.5,71.6,,183.4,360.8,2.5,5.8,1.6,2.3,89.1,8.2,236.4,209.8,0.8,321.5,169.4,4.3,426.0,40.3,175.9,5.6,64.6,3667.100000000001
2019-08-01,,166.0,2.4,31.4,105.5,5.3,86.8,18.1,7.1,121.9,11.8,260.2,201.8,28.7,38.5,23.8,185.0,72.6,,183.7,371.2,2.6,5.6,1.6,2.2,98.1,8.3,229.8,197.6,0.9,325.8,171.8,4.8,437.9,42.4,180.6,5.7,63.2,3700.7
2019-08-02,,153.9,2.1,33.0,106.7,5.1,90.0,17.7,7.2,121.7,11.8,273.8,192.3,28.1,40.4,25.0,184.7,72.4,,189.3,362.4,2.6,5.6,1.7,2.2,96.5,8.3,195.0,197.6,0.9,325.4,152.0,5.5,428.3,42.4,178.9,5.7,62.9,3629.1
2019-08-03,,153.3,2.2,34.3,109.1,5.2,87.5,17.9,7.1,112.2,11.8,276.7,182.9,28.8,41.7,24.8,179.9,72.1,,187.9,356.6,2.7,5.7,1.8,2.3,97.6,8.0,207.1,189.7,0.8,311.5,144.5,5.4,407.9,39.8,178.9,6.0,62.3,3564.0000000000005
2019-08-04,,152.6,2.3,33.3,111.0,5.1,90.2,16.3,6.5,108.0,8.2,263.5,178.2,26.5,42.5,23.8,157.5,65.5,,188.2,330.8,2.5,5.7,1.8,2.4,97.2,7.6,218.9,191.9,0.6,295.3,150.3,4.9,417.1,38.8,173.0,6.4,62.2,3486.6000000000004
2019-08-05,,158.1,2.5,34.6,113.1,6.1,97.0,16.7,6.5,121.6,8.8,279.6,198.3,29.3,43.6,23.9,170.9,68.3,,195.6,357.5,2.6,5.7,1.8,2.5,99.7,7.6,245.7,205.5,0.8,309.9,166.3,4.9,425.3,42.6,184.6,6.0,61.4,3704.9
2019-08-06,,155.1,2.3,35.0,100.0,5.8,98.5,18.6,7.5,111.8,8.8,297.5,194.6,29.5,41.5,22.9,155.7,64.1,,186.5,366.7,2.6,5.7,1.8,2.4,104.4,7.7,253.3,203.5,0.8,307.6,161.1,6.0,366.7,39.4,178.1,5.7,60.7,3609.9
2019-08-07,,153.5,2.0,33.8,86.1,6.0,91.8,18.8,7.8,110.4,8.8,304.1,196.6,29.1,39.6,19.9,150.1,57.0,,183.5,367.9,2.3,5.3,1.7,2.1,91.5,7.7,252.2,197.1,0.9,301.8,156.2,4.7,348.7,39.7,153.8,4.8,58.2,3495.4999999999995
2019-08-08,,154.8,2.3,36.2,70.0,6.4,73.4,18.8,7.8,121.3,9.8,309.4,206.8,29.4,41.2,19.8,145.9,47.1,,174.5,366.0,2.4,5.4,1.6,2.1,86.7,7.8,260.6,201.1,0.8,299.7,157.3,4.6,369.7,42.2,148.3,5.8,58.4,3495.3999999999996
2019-08-09,,170.0,2.3,36.5,95.9,5.9,78.3,18.5,7.7,119.7,10.3,285.7,200.0,26.3,37.3,23.2,145.6,41.6,,170.2,357.9,2.6,5.7,1.5,1.9,96.0,8.0,247.4,195.4,1.1,295.4,171.3,4.8,358.9,42.8,167.0,5.7,61.2,3499.6000000000004
2019-08-10,,174.8,2.2,35.5,110.6,5.8,84.0,18.1,7.7,112.4,10.3,245.4,202.2,29.3,36.3,24.9,142.7,46.5,,182.2,364.7,2.6,5.8,1.7,2.1,99.7,8.1,240.8,192.2,0.9,296.4,183.4,5.4,409.2,43.8,180.0,4.1,62.6,3574.3999999999996
2019-08-11,,181.5,2.3,36.5,111.0,5.4,91.6,18.2,7.2,111.8,10.3,242.5,195.9,28.0,43.2,23.5,141.4,47.9,,188.2,363.4,2.6,5.5,2.0,2.3,98.3,7.8,246.1,197.6,0.7,277.9,189.4,5.8,420.2,40.8,175.0,3.9,59.6,3585.3
2019-08-12,,186.0,2.2,33.9,110.7,6.0,92.7,18.5,7.4,115.5,10.3,270.6,206.9,29.1,42.9,24.5,154.5,55.0,,195.4,379.0,2.4,5.2,1.7,2.4,94.1,8.5,256.1,211.5,0.8,306.7,196.4,5.5,449.7,39.9,164.8,4.1,60.7,3751.6
2019-08-13,,183.4,2.2,32.6,96.5,6.3,87.9,18.9,7.8,117.8,10.5,292.7,204.7,29.6,38.7,22.9,160.5,58.6,,186.9,396.2,2.4,5.1,1.8,2.4,91.3,8.6,229.1,214.5,0.8,312.4,191.9,4.7,420.6,41.4,150.5,3.0,57.8,3692.9999999999995
2019-08-14,,183.6,2.1,33.4,99.9,6.0,80.5,18.5,7.8,113.9,10.5,293.4,192.2,29.4,35.7,23.2,161.3,59.4,,169.4,399.4,2.5,5.5,1.7,2.2,93.9,8.1,233.8,207.5,0.7,306.8,200.8,5.4,393.0,42.3,152.2,2.7,60.6,3639.2999999999997
2019-08-15,,184.7,2.2,30.3,104.7,5.2,80.3,14.9,4.8,98.7,10.5,231.5,170.6,22.8,40.3,24.5,149.9,58.1,,140.7,344.5,2.5,5.6,1.6,2.3,96.6,7.3,220.4,171.0,0.5,286.0,190.6,4.7,379.2,33.8,138.2,2.8,61.0,3323.3
2019-08-16,,183.3,2.0,33.2,108.1,5.6,88.3,16.2,6.3,107.7,11.3,258.5,177.7,26.6,38.5,25.2,164.2,62.5,,149.7,378.1,2.4,5.5,1.3,2.2,103.9,7.0,226.5,156.0,0.8,301.6,213.1,4.5,377.1,36.1,157.1,2.5,61.4,3502.0
2019-08-17,,174.0,2.0,35.2,107.8,5.0,97.4,18.2,7.6,99.2,11.7,281.8,150.9,29.6,33.5,24.4,158.1,63.8,,164.8,399.9,2.3,5.5,1.4,2.2,104.5,6.9,176.1,147.3,0.9,272.1,218.9,4.8,370.6,37.5,151.0,3.0,62.0,3431.9
2019-08-18,,164.1,2.3,33.3,104.9,3.6,96.0,18.4,7.1,89.1,11.7,282.4,125.4,34.0,38.8,21.8,142.7,60.0,,169.2,399.2,2.3,5.3,1.7,2.2,89.8,6.5,124.2,163.0,0.6,260.2,217.0,4.5,353.2,30.0,144.9,4.7,60.6,3274.7
2019-08-19,,164.3,2.3,34.2,104.7,4.8,94.5,18.9,7.4,103.8,11.7,300.2,157.5,24.2,34.8,22.1,158.5,65.6,,172.3,424.5,2.4,5.2,1.6,2.4,89.8,7.5,163.9,180.9,0.9,282.0,217.8,4.9,379.4,33.9,151.8,2.8,61.1,3494.6
2019-08-20,,161.9,2.2,36.0,110.7,5.1,94.0,18.9,7.6,110.9,11.8,307.4,176.4,25.7,41.0,24.2,160.1,67.4,,172.8,433.7,2.6,5.7,1.7,2.4,96.4,7.4,192.4,196.9,1.0,281.3,217.9,5.0,388.0,40.3,166.7,6.2,63.2,3642.8999999999996
2019-08-21,,159.9,2.4,38.0,111.8,5.5,94.2,18.4,7.6,117.8,11.9,312.7,187.7,26.7,41.2,26.2,169.0,67.2,,174.0,431.6,2.5,5.4,1.6,2.5,107.0,7.7,209.5,215.6,1.0,283.3,217.8,5.3,379.5,41.4,180.0,8.2,63.7,3735.8
2019-08-22,,160.9,2.6,37.2,114.5,5.7,96.9,19.0,7.3,115.7,11.9,313.2,189.8,27.5,41.8,25.8,168.4,65.7,,173.9,426.7,2.9,5.4,1.8,2.6,99.8,7.4,221.9,222.0,0.8,279.8,204.2,5.3,372.6,40.7,184.4,7.1,63.4,3726.6000000000004
2019-08-23,,164.7,2.6,33.2,110.8,5.6,97.5,18.9,7.6,117.0,11.9,313.4,200.7,29.7,41.6,24.8,168.0,63.9,,181.0,426.8,2.1,5.5,1.8,2.7,95.2,7.5,239.1,231.7,0.7,284.2,193.4,5.1,400.1,42.9,168.6,5.9,62.6,3768.7999999999997
2019-08-24,,165.4,2.4,34.8,100.7,5.1,95.0,18.7,7.4,110.1,11.3,287.5,195.7,28.7,42.5,24.7,160.0,64.6,,174.5,424.0,2.5,5.5,1.9,2.5,94.0,7.9,245.6,237.9,0.8,284.2,210.6,4.4,368.5,40.8,161.6,5.8,62.8,3690.4000000000005
2019-08-25,,166.8,2.1,35.1,103.1,4.3,90.8,18.4,5.7,102.1,10.2,290.3,175.1,25.6,39.5,23.0,155.9,58.4,,165.6,414.1,2.4,5.4,1.8,2.4,87.8,7.4,239.4,229.1,0.6,261.3,212.1,4.6,341.6,37.1,151.5,6.2,60.3,3537.100000000001
2019-08-25,,166.8,2.1,35.1,103.1,4.3,90.8,18.4,5.7,102.1,10.2,290.3,175.1,25.6,39.5,23.0,155.9,58.4,,165.6,414.1,2.4,5.4,1.8,2.4,87.8,7.4,239.4,229.1,0.6,261.3,212.1,4.6,341.6,37.1,151.5,6.2,60.3,3537.100000000001
2019-08-26,,175.5,2.3,36.8,109.4,5.4,88.7,18.8,7.3,111.7,10.2,319.9,186.0,28.7,35.2,23.9,172.7,62.9,,166.9,423.5,2.6,5.5,1.7,2.3,87.6,7.7,245.8,229.7,0.8,284.8,218.1,5.1,362.8,39.8,163.7,5.8,58.3,3707.8999999999996
2019-08-27,,184.6,2.3,37.0,111.8,6.1,87.7,18.8,7.6,121.6,10.2,313.0,204.4,29.4,40.8,24.8,182.3,63.4,,169.2,429.0,2.6,5.2,1.7,2.3,88.5,8.2,256.7,232.4,0.9,302.4,225.4,5.6,405.5,43.6,167.1,5.4,62.6,3860.1
2019-08-28,,187.2,2.2,33.8,115.4,6.5,93.2,18.8,7.7,128.0,11.1,302.4,217.0,30.0,41.6,25.3,186.2,61.7,,175.4,439.3,2.4,5.7,1.6,2.4,84.8,8.4,265.3,221.0,0.9,312.0,235.2,5.3,429.1,45.7,170.3,5.3,63.8,3941.9999999999995
2019-08-29,,194.8,2.2,37.2,117.8,6.0,96.3,19.1,7.7,132.7,11.3,305.7,214.8,30.7,42.1,24.9,191.8,65.6,,182.6,449.4,2.5,5.6,1.8,2.4,89.2,8.6,266.5,217.3,1.0,310.8,241.7,5.4,430.6,44.2,173.5,5.2,64.8,4003.8000000000006
2019-08-30,,190.4,2.3,36.4,117.6,6.1,96.4,19.0,7.7,132.6,11.4,316.9,214.0,29.8,39.7,27.8,192.7,65.6,,185.6,431.4,2.7,5.3,1.8,2.2,94.8,8.5,257.9,212.7,1.0,307.0,239.4,6.0,431.3,44.3,178.5,5.0,64.8,3986.6
2019-08-31,,182.7,2.4,34.9,117.6,6.2,97.0,18.4,7.8,129.7,11.4,323.9,218.3,31.5,41.7,27.0,184.8,66.1,,186.8,402.8,2.5,5.4,1.8,2.1,95.7,8.4,260.3,214.6,0.9,303.6,205.2,4.7,439.7,43.4,177.2,5.0,63.8,3925.2999999999997
2019-09-01,,167.9,2.1,35.2,117.9,5.3,95.7,17.9,6.9,113.9,9.7,300.1,194.6,27.7,37.9,25.9,172.1,60.2,,184.0,374.7,2.4,5.2,1.7,2.1,96.9,7.4,233.4,203.9,0.6,278.7,170.6,4.7,409.2,34.9,165.2,6.6,63.7,3636.899999999999
2019-09-02,,157.2,2.5,35.5,121.4,6.2,90.0,17.4,6.0,122.8,8.8,289.7,204.6,29.5,39.5,24.2,171.9,64.9,,186.4,369.2,2.4,5.0,1.7,2.0,94.8,7.0,235.3,203.2,0.9,276.8,161.9,4.7,425.6,41.1,171.8,5.7,62.3,3649.8999999999996
2019-09-03,,153.6,2.4,36.1,117.0,6.5,89.7,18.3,6.4,129.2,8.8,297.9,215.7,30.7,41.2,25.4,174.9,65.9,,185.2,395.5,2.5,4.9,1.7,2.4,91.1,7.1,242.9,212.6,0.9,286.3,168.5,5.0,434.0,43.9,178.4,5.9,62.8,3751.3
2019-09-04,,159.4,2.2,34.0,112.6,6.1,84.9,18.7,6.6,130.3,8.8,296.8,217.8,30.7,40.3,25.1,172.6,65.2,,186.3,395.5,2.6,5.1,1.8,2.2,93.6,7.1,246.2,225.5,1.0,291.3,175.3,5.2,414.1,41.1,172.2,5.7,61.4,3745.2999999999997
2019-09-05,,163.6,2.4,33.3,115.3,5.7,88.5,18.5,6.9,128.7,10.2,288.7,208.0,29.9,38.6,25.4,170.5,65.1,,188.2,399.6,2.5,5.3,1.9,2.5,93.6,7.9,214.3,225.7,1.0,296.9,190.3,5.2,439.6,42.8,171.8,5.6,60.2,3754.2000000000003
2019-09-06,,167.9,2.3,35.2,116.8,5.9,86.8,18.6,7.5,128.5,10.2,292.4,209.3,30.8,39.8,25.9,179.2,65.5,,195.1,397.8,2.5,5.3,1.9,2.3,90.3,7.9,219.2,228.7,0.9,303.7,193.7,5.2,435.0,42.7,170.8,6.7,60.9,3793.2
2019-09-07,,169.6,2.3,36.0,115.6,5.9,85.2,18.6,7.5,122.2,10.2,294.3,209.1,31.1,40.2,24.5,177.7,67.0,,192.3,390.6,2.6,5.3,1.9,2.3,89.4,8.2,228.4,224.7,1.2,307.3,188.3,4.9,430.1,39.6,168.4,5.8,61.5,3769.800000000001
2019-09-08,,169.7,2.1,33.3,112.6,5.5,74.4,18.2,6.9,116.7,10.2,276.3,198.2,28.2,39.3,23.2,167.9,62.6,,180.0,381.2,2.5,5.3,1.8,2.2,91.4,7.7,224.1,219.8,0.8,290.2,188.1,4.8,423.8,38.0,153.1,6.6,62.6,3629.300000000001
2019-09-09,,181.9,2.0,34.2,113.0,6.4,78.9,18.6,7.1,128.5,11.0,284.7,214.1,29.9,40.0,25.3,187.0,67.1,,174.7,395.1,2.4,5.3,1.7,2.1,95.7,8.3,237.2,232.7,1.0,318.2,200.5,4.9,421.3,42.0,166.9,6.0,61.0,3806.7
2019-09-10,,186.9,2.3,35.0,103.6,6.4,83.8,18.7,7.4,126.9,11.8,278.2,220.1,31.6,42.8,23.6,191.6,64.5,,180.4,395.6,2.4,5.6,1.8,2.1,99.2,8.8,251.9,246.5,1.1,329.9,205.9,4.9,437.4,43.3,173.9,5.7,61.1,3892.7000000000003
2019-09-11,,186.6,2.2,34.7,109.1,6.7,86.5,18.7,7.3,134.9,11.8,277.2,223.2,31.6,42.9,25.5,189.5,58.9,,179.5,400.3,2.5,5.7,1.7,2.2,98.5,7.9,255.0,253.5,1.0,313.2,206.8,5.0,424.0,44.3,174.3,5.0,64.4,3892.0999999999995
2019-09-12,,183.0,2.1,34.1,106.4,6.7,84.7,18.5,7.3,137.2,11.8,267.2,222.6,31.7,44.9,23.4,194.7,61.2,,167.9,377.8,2.4,5.5,1.8,2.2,96.5,7.4,264.6,253.0,1.0,289.2,199.1,4.8,426.5,42.1,162.9,5.5,62.2,3809.9
2019-09-13,,184.5,2.2,32.3,102.7,6.4,85.4,18.4,7.4,132.6,11.9,282.3,224.4,30.6,41.3,24.9,193.9,65.2,,162.6,383.5,2.5,5.6,1.2,2.3,98.9,7.3,259.7,247.4,0.9,291.4,199.1,4.7,393.0,42.9,160.9,5.5,61.3,3777.1
2019-09-14,,180.5,2.2,31.5,104.2,6.0,89.1,18.4,7.3,125.3,11.8,287.7,218.5,31.0,42.2,25.8,190.9,67.2,,162.8,390.7,2.4,5.7,1.8,2.5,100.1,7.4,259.0,243.3,1.0,288.8,199.8,4.8,390.4,41.3,166.7,5.8,63.5,3777.4000000000005
2019-09-15,,175.6,2.1,30.8,108.6,5.5,93.9,18.2,6.8,116.2,11.8,280.1,200.9,28.7,39.7,26.2,185.5,63.1,,166.2,382.4,2.5,5.5,1.7,2.2,102.8,6.8,248.8,237.1,0.7,262.3,189.3,4.8,393.1,38.5,164.9,5.8,63.1,3672.1999999999994
2019-09-16,,172.8,2.2,31.6,108.4,6.0,97.0,18.6,7.1,124.6,11.8,301.1,212.7,29.6,39.7,25.1,188.3,67.7,,172.7,407.9,2.6,5.4,1.6,2.1,105.3,7.4,238.1,243.9,1.0,276.8,199.8,5.9,405.3,41.0,175.3,5.5,64.1,3806.0
2019-09-17,,162.7,2.1,31.4,93.4,5.9,89.8,18.1,7.2,125.1,11.3,311.6,209.7,30.0,41.2,25.1,179.8,69.2,,167.7,412.2,2.4,5.3,1.6,2.1,103.0,6.9,239.6,245.4,1.1,274.6,194.5,5.3,393.2,38.2,174.9,5.7,61.8,3749.1000000000004
2019-09-18,,159.2,2.3,33.1,79.2,5.8,90.6,18.7,7.4,121.0,11.5,316.1,208.4,31.5,42.2,25.4,177.7,68.4,,169.8,399.2,2.4,5.3,1.6,2.3,105.7,7.5,243.0,245.5,1.2,282.1,161.5,5.2,351.9,37.7,164.1,5.6,61.1,3651.2000000000003
2019-09-19,,153.8,2.3,36.1,96.1,5.4,95.8,18.4,6.2,113.9,11.5,320.2,200.4,30.5,39.1,26.2,171.9,68.6,,174.1,386.2,2.4,5.5,1.7,2.4,109.6,7.4,224.0,240.5,1.1,277.0,167.1,5.8,350.6,40.2,172.8,5.0,63.1,3632.9
2019-09-20,,152.4,2.2,35.5,104.5,5.2,100.0,18.1,7.4,113.4,11.5,321.0,200.8,29.8,42.7,26.6,177.6,70.0,,173.2,383.2,2.5,5.7,1.8,2.2,105.0,7.4,225.2,242.4,1.0,287.2,165.1,5.0,375.3,40.8,183.4,6.0,64.4,3695.5
2019-09-21,,159.3,2.1,36.2,98.8,5.2,101.4,18.4,7.4,108.1,11.8,314.9,196.3,31.0,43.0,25.7,180.1,70.3,,172.9,389.6,2.5,5.8,1.6,2.2,93.3,7.5,227.9,237.8,1.1,282.9,167.0,5.1,378.5,41.0,176.2,5.8,65.3,3673.9999999999995
2019-09-22,,156.6,2.0,31.4,93.1,5.2,103.6,18.1,7.0,94.0,11.0,294.1,169.5,27.0,40.0,26.4,169.8,66.3,,162.8,386.6,2.3,5.9,1.7,2.1,86.8,7.0,216.8,222.2,0.8,264.6,169.4,4.8,316.7,33.6,162.8,6.1,63.9,3432.0
2019-09-23,,158.1,2.0,27.2,98.1,5.0,103.5,18.4,7.1,98.5,11.0,317.2,179.6,29.2,41.0,26.6,177.3,71.4,,164.0,409.6,2.5,5.8,1.6,2.0,89.7,7.6,213.9,225.8,1.0,280.4,179.5,4.7,326.9,38.3,166.7,5.3,62.7,3559.2
2019-09-24,,153.1,2.0,24.7,98.1,5.3,98.6,18.6,7.5,99.3,11.0,320.5,186.1,29.8,39.8,24.1,158.3,70.2,,163.5,403.0,2.3,5.7,1.6,2.0,95.0,7.5,220.3,228.5,0.9,282.4,169.4,4.2,328.4,39.7,153.1,5.8,61.0,3521.299999999999
2019-09-25,,153.9,2.1,25.7,89.0,5.3,86.6,18.5,6.6,102.4,12.2,312.7,185.6,30.7,39.8,22.4,159.2,68.8,,166.5,391.5,2.3,6.1,1.6,2.0,89.4,7.3,222.9,225.0,1.0,282.3,153.7,4.3,335.1,40.4,139.1,5.6,60.0,3457.6000000000004
2019-09-26,,147.7,1.4,28.8,69.5,5.2,84.2,18.5,7.4,102.6,11.9,306.6,184.2,29.4,41.3,21.8,154.8,68.1,,162.9,385.4,2.4,6.4,1.6,2.1,87.6,7.4,219.3,226.6,1.0,280.9,154.1,4.5,301.8,39.9,142.8,7.2,59.7,3377.0000000000005
2019-09-27,,149.7,1.9,29.6,70.4,4.7,81.3,18.4,7.5,100.9,11.9,289.4,179.5,28.7,39.5,22.1,164.7,70.2,,162.4,379.7,2.3,6.1,1.7,2.1,84.1,7.7,197.7,222.0,1.0,293.5,148.7,4.4,276.3,38.8,140.9,7.6,59.1,3306.4999999999995
2019-09-28,,154.2,2.3,29.4,53.0,4.3,80.8,18.4,7.4,94.6,11.9,279.2,169.3,27.3,30.1,20.1,163.0,71.3,,152.4,385.6,2.4,6.1,1.4,2.2,83.2,7.8,165.1,210.8,1.2,291.6,160.2,4.7,261.3,36.5,133.4,7.2,57.8,3187.5
2019-09-29,,160.0,2.2,26.5,43.5,3.4,76.2,18.1,6.8,84.7,11.3,257.9,143.0,24.5,34.5,19.0,156.0,65.1,,154.1,380.7,2.2,6.1,1.6,2.4,78.9,7.3,122.6,197.9,1.2,274.7,166.3,4.1,244.4,33.0,122.6,6.1,57.5,2996.3999999999996
2019-09-30,,163.0,2.1,25.8,56.4,3.9,77.2,18.0,7.0,89.2,12.1,260.0,148.2,25.3,37.9,19.2,173.6,67.9,,162.5,400.9,2.3,6.0,1.7,2.4,86.6,7.6,132.5,197.0,1.1,280.4,167.5,4.2,258.6,35.9,131.7,5.8,59.4,3130.8999999999996
2019-10-01,,168.8,2.1,25.8,69.9,3.9,79.0,17.8,7.0,92.8,12.1,268.3,157.0,26.5,31.7,21.8,176.0,68.9,,159.6,409.7,2.4,6.2,1.7,2.1,78.8,7.9,131.5,199.9,1.1,290.8,173.4,4.3,284.2,35.3,140.1,6.5,58.6,3223.4999999999995
2019-10-02,,167.7,2.1,27.9,76.2,3.4,80.7,16.9,6.3,79.5,12.1,275.0,145.3,23.9,37.3,23.3,157.0,67.4,,154.3,405.2,2.4,6.2,1.8,2.1,78.4,7.1,130.3,187.7,0.8,270.5,166.7,4.3,281.4,30.1,149.8,5.8,60.2,3147.1
2019-10-03,,168.1,2.1,30.1,82.3,4.0,85.2,17.6,6.2,92.6,12.2,294.1,151.9,26.4,34.6,24.3,163.5,69.9,,161.1,421.8,2.5,6.0,1.8,2.0,82.4,8.0,137.9,189.9,1.0,298.4,173.2,4.6,298.6,34.7,154.7,5.6,60.7,3310.0000000000005
2019-10-04,,164.9,2.1,30.1,87.7,4.0,87.6,17.6,7.6,89.4,12.4,301.2,141.4,26.4,32.7,24.8,162.4,72.4,,168.6,408.3,2.5,5.9,1.8,2.2,84.3,8.4,135.8,186.9,1.0,314.1,176.9,4.8,310.0,36.7,155.3,5.5,63.5,3337.2000000000003
2019-10-05,,163.3,2.1,31.7,88.2,3.5,89.6,18.5,7.5,82.2,12.4,305.6,143.8,26.9,37.6,24.8,156.7,69.6,,170.7,406.3,2.5,5.4,1.8,2.1,85.7,8.3,139.3,195.2,0.9,305.9,177.0,5.0,319.5,35.5,143.9,6.1,62.4,3337.5
2019-10-06,,160.7,2.2,29.2,93.7,3.2,88.0,17.3,7.3,77.8,12.4,290.5,142.9,25.6,39.5,24.8,138.7,64.2,,170.2,392.1,2.5,5.2,1.7,2.2,82.1,7.4,141.1,185.4,0.7,288.7,174.3,4.8,326.7,34.3,143.4,6.4,59.7,3246.8999999999996
2019-10-07,,158.5,2.3,25.1,94.4,4.1,82.8,16.7,7.0,82.5,12.0,299.3,147.8,26.7,38.8,23.2,136.3,66.3,,172.0,408.9,2.5,5.1,1.7,2.3,79.7,6.8,148.4,182.5,0.5,268.8,176.0,3.8,322.2,36.3,128.2,6.1,56.1,3231.7000000000003
2019-10-08,,154.8,2.0,22.0,86.3,3.5,79.6,14.6,4.6,73.1,11.2,281.6,135.6,22.4,35.2,20.5,137.1,68.7,,167.8,371.3,2.3,5.1,1.7,2.1,77.2,7.8,133.1,184.7,0.3,288.2,164.0,4.5,311.2,32.2,120.5,6.6,51.2,3084.5999999999995
2019-10-09,,158.4,2.0,23.5,81.3,4.0,83.7,16.6,6.4,82.8,11.2,307.2,148.9,25.9,39.9,20.9,145.7,72.1,,173.2,401.5,2.4,5.2,1.6,2.1,76.7,8.2,148.4,193.7,0.4,312.9,166.7,4.2,325.9,35.4,118.3,6.0,53.1,3266.3999999999996
2019-10-10,,159.6,2.2,26.1,91.3,4.1,87.5,17.7,7.6,83.2,11.2,327.4,155.6,27.2,39.9,23.2,153.5,71.7,,178.6,418.3,2.5,5.6,1.8,2.2,78.3,8.2,154.6,197.7,0.6,318.7,168.6,3.8,332.7,35.4,128.2,6.3,59.9,3391.0
2019-10-11,,159.1,2.6,29.1,93.0,4.1,88.3,17.7,7.8,84.9,12.7,329.8,158.2,27.8,40.6,23.8,156.5,70.2,,180.5,414.9,2.3,5.6,1.8,2.2,90.7,8.4,155.3,201.4,0.6,323.6,165.9,4.1,329.4,34.9,140.5,6.3,61.9,3436.5
2019-10-12,,160.6,2.4,28.5,93.6,4.0,86.9,17.7,7.7,82.5,12.8,333.3,157.5,27.6,40.0,22.2,155.1,68.6,,178.8,420.2,2.2,5.7,1.7,1.9,86.2,8.3,152.6,202.7,0.7,320.9,160.2,4.4,323.1,35.8,141.4,5.9,62.2,3415.8999999999996
2019-10-13,,162.2,2.2,28.0,92.0,3.2,87.7,17.6,7.1,80.2,12.8,320.9,146.0,25.6,38.6,24.3,147.2,62.8,,178.2,413.6,2.6,5.7,1.7,2.1,87.6,7.6,140.8,202.3,0.5,284.9,163.9,4.3,316.4,33.4,139.1,7.0,59.2,3309.2999999999997
2019-10-14,,165.1,2.1,29.5,92.9,3.8,87.8,18.1,7.4,85.8,12.8,341.8,155.4,27.4,40.8,24.2,160.2,68.7,,181.8,438.4,2.4,5.5,1.7,2.1,89.9,8.2,146.2,206.5,0.8,301.2,175.4,4.5,324.6,35.5,141.5,6.3,61.3,3457.5999999999995
2019-10-15,,164.4,2.1,29.4,92.2,4.3,87.1,18.2,7.6,86.0,12.8,348.0,157.7,26.8,40.3,24.1,160.7,69.6,,184.5,446.6,2.5,5.6,1.6,2.3,84.4,7.7,151.2,211.2,0.9,292.1,179.7,4.8,326.3,36.1,148.2,6.3,62.9,3486.2
2019-10-16,,156.5,2.3,30.0,93.3,3.9,86.8,18.3,7.7,88.3,12.8,357.3,157.5,28.1,38.9,24.0,158.1,67.7,,185.5,452.7,2.4,5.3,1.7,2.2,80.8,7.5,141.5,213.1,0.8,282.1,180.8,4.6,330.1,35.8,141.6,5.8,64.2,3469.9999999999995
2019-10-17,,152.3,2.0,31.0,95.0,4.2,89.5,18.6,7.6,87.9,12.8,360.1,156.1,28.1,41.3,24.7,161.8,67.4,,187.7,458.8,2.5,5.5,1.7,2.2,81.5,7.4,138.5,215.5,0.9,266.3,173.4,4.8,327.3,35.6,154.3,5.3,63.8,3473.3999999999996
2019-10-18,,154.9,2.1,30.1,95.5,4.1,83.1,18.3,7.6,86.4,12.8,364.7,145.9,28.1,30.5,25.5,162.5,67.9,,187.1,441.8,2.6,5.4,1.7,1.8,81.7,7.5,118.8,213.0,0.9,276.9,163.4,4.9,323.6,35.7,161.1,5.7,65.0,3418.6000000000004
2019-10-19,,155.4,1.9,30.2,88.1,3.9,78.2,18.2,7.7,80.7,10.3,362.1,142.9,27.8,39.9,24.4,154.6,67.0,,182.7,400.0,2.4,5.5,1.7,1.9,88.0,6.9,118.9,208.4,0.9,264.2,147.6,4.6,316.5,34.9,164.8,5.8,63.2,3312.2
2019-10-20,,149.7,2.1,29.1,83.8,3.3,75.7,18.1,7.2,75.3,10.8,343.1,137.5,23.7,40.0,22.3,138.3,61.8,,168.1,368.4,2.2,6.0,1.8,1.9,90.4,6.6,110.9,202.2,0.8,249.8,142.9,4.9,299.3,31.8,156.5,5.9,61.6,3133.8
2019-10-21,,152.5,2.0,26.2,84.4,3.7,74.1,18.2,7.4,78.4,10.8,351.2,125.5,26.6,41.8,22.4,146.0,63.3,,171.0,357.7,2.4,5.6,1.7,2.1,83.8,7.0,113.4,203.1,0.9,253.7,143.2,5.0,296.7,35.1,158.2,6.0,62.4,3143.499999999999
2019-10-23,,144.4,2.2,26.7,80.2,3.7,75.7,18.3,7.6,74.2,11.5,337.8,137.0,27.8,42.3,23.6,147.4,65.6,,164.3,387.9,2.7,5.9,1.7,2.1,79.8,7.3,124.5,200.6,1.1,262.0,146.2,3.8,286.8,34.8,149.6,6.2,61.7,3155.0
2019-10-24,,146.6,2.0,24.6,74.1,3.7,72.8,18.6,7.5,75.9,10.5,327.4,137.9,27.4,43.5,20.0,147.2,65.1,,164.9,383.7,2.5,6.1,1.7,2.1,70.8,7.1,125.7,202.3,1.2,259.4,145.2,4.1,286.7,35.9,124.8,6.0,58.6,3093.5999999999995
2019-10-25,,151.4,2.1,22.3,70.3,3.7,73.9,18.2,7.3,76.0,10.5,312.7,134.7,27.6,43.2,19.9,141.8,64.9,,171.3,363.2,2.5,5.7,1.7,2.1,70.5,7.7,122.0,204.3,1.2,266.0,149.4,3.9,302.9,36.0,110.6,5.8,57.3,3064.5999999999995
2019-10-26,,149.8,2.1,20.3,71.1,3.4,73.5,17.2,6.6,69.1,10.5,279.0,124.8,25.2,42.6,22.9,140.1,62.4,,170.3,347.4,2.5,5.5,1.8,2.1,73.9,7.0,117.0,197.0,1.0,241.5,149.4,3.7,287.8,32.7,116.3,6.8,59.7,2944.0
2019-10-27,,146.1,2.2,22.7,77.9,2.9,68.5,12.0,4.0,60.8,8.9,233.3,104.3,17.0,43.1,24.5,132.6,57.2,,162.8,313.9,2.5,5.6,1.7,2.4,76.1,5.3,90.7,185.3,0.8,195.7,141.9,4.1,290.0,26.1,113.9,6.8,58.8,2702.3999999999996
2019-10-28,,152.8,2.2,21.5,79.7,2.9,67.4,11.4,3.2,60.3,10.1,215.2,96.2,17.0,41.3,24.3,128.2,64.6,,154.6,305.6,2.5,5.5,1.7,2.4,76.6,5.5,92.0,175.3,0.7,201.2,144.5,4.2,260.1,24.6,115.4,5.9,59.1,2635.7
2019-10-29,,156.7,2.0,24.3,80.0,3.3,71.2,14.0,4.1,63.2,10.1,229.6,105.6,21.5,42.9,23.6,133.8,64.4,,156.5,320.1,2.4,5.7,1.7,2.0,77.4,6.3,105.8,188.1,0.7,218.6,145.3,4.2,262.8,27.7,115.1,5.7,60.3,2756.7
2019-10-30,,149.8,2.0,25.3,79.4,3.6,74.0,15.3,5.8,68.4,10.1,234.9,116.2,25.2,43.3,22.7,136.9,63.5,,166.0,350.4,2.5,5.8,1.8,2.0,80.1,6.0,110.1,201.3,0.9,221.8,145.8,4.0,268.2,30.9,117.4,5.5,61.5,2858.4000000000005
2019-10-31,,148.7,1.8,26.5,82.6,3.6,75.1,17.0,6.8,67.6,12.3,261.5,119.5,26.4,42.8,23.8,146.8,60.6,,175.0,360.6,2.4,6.0,1.7,2.0,78.3,6.1,112.4,209.7,1.1,230.7,148.6,3.8,273.2,31.9,123.7,5.6,61.3,2957.5
2019-11-01,,153.8,2.1,25.9,82.7,3.6,74.3,17.2,7.1,69.0,12.3,282.1,122.5,27.1,44.2,24.4,121.0,62.3,,180.7,362.2,2.4,5.8,1.6,2.3,83.3,6.4,111.3,210.8,1.2,245.8,150.8,4.1,276.9,33.3,124.9,6.5,61.2,3003.1
2019-11-02,,155.2,2.1,25.2,79.5,3.5,74.1,17.2,6.9,64.8,12.3,278.5,117.4,26.7,43.9,23.9,142.8,65.0,,184.0,360.6,2.5,5.8,1.9,2.1,84.1,6.8,108.5,205.0,1.2,253.6,150.5,4.1,281.4,33.2,123.3,6.2,60.7,3014.5000000000005
2019-11-03,,157.5,1.9,24.5,77.9,3.1,74.4,17.2,6.4,61.2,12.3,261.9,104.3,24.9,42.2,23.6,141.7,60.3,,181.7,357.5,2.6,5.9,1.7,2.3,84.0,6.3,98.8,202.4,1.1,243.0,147.6,4.1,268.8,30.3,116.8,5.7,60.4,2916.2999999999997
2019-11-04,,164.0,2.1,24.3,79.4,3.5,75.7,17.7,6.7,66.3,12.1,284.8,115.6,26.4,43.6,23.6,159.9,66.9,,189.7,388.4,2.5,5.8,1.6,2.3,78.9,6.9,106.4,212.7,1.0,264.6,156.4,4.1,274.4,32.6,125.0,6.0,60.7,3092.6
2019-11-05,,167.9,2.0,25.4,75.1,3.5,75.0,17.6,7.2,66.4,12.7,289.3,118.0,27.2,43.3,24.0,165.2,69.4,,196.9,395.1,2.6,5.8,1.6,2.3,75.9,7.1,106.4,215.9,1.2,283.1,159.5,4.0,270.5,34.4,128.1,6.7,61.1,3147.4000000000005
2019-11-06,,173.5,2.2,24.5,74.0,3.5,75.9,18.0,7.4,67.6,12.7,293.8,119.6,27.9,40.1,24.0,171.6,71.0,,203.4,400.2,2.5,6.0,1.7,2.1,74.4,7.0,106.7,218.6,1.3,295.3,162.4,4.1,272.9,34.2,125.3,6.3,61.4,3193.0999999999995
2019-11-07,,173.5,2.0,24.9,74.4,3.5,74.8,18.1,7.2,65.5,12.7,285.2,112.8,26.5,17.8,23.7,171.4,70.7,,199.3,397.7,2.5,5.7,1.7,2.0,71.2,7.2,95.3,207.9,1.1,295.0,159.2,4.2,265.5,34.8,118.6,7.0,60.7,3101.2999999999993
2019-11-08,,171.0,2.1,24.8,74.6,3.4,73.8,17.9,7.4,64.9,12.6,285.4,114.7,27.2,18.9,23.9,168.5,71.5,,196.2,387.1,2.4,6.0,2.0,2.2,66.3,7.6,99.0,210.7,1.3,289.9,161.8,3.8,265.7,34.0,117.2,7.5,62.1,3085.3999999999996
2019-11-09,,164.9,2.0,24.2,75.7,3.3,70.9,17.9,7.3,61.4,12.2,292.8,114.3,27.4,24.5,23.4,166.9,69.6,,202.3,389.0,2.3,6.4,2.1,2.2,60.4,7.6,101.7,215.6,1.3,281.2,157.3,3.4,270.7,34.5,99.6,5.7,62.3,3064.3
2019-11-10,,165.1,2.0,22.5,75.8,3.0,72.5,17.5,6.6,59.6,12.2,287.8,102.6,25.9,31.3,23.4,155.8,62.4,,204.4,378.3,2.3,6.3,1.6,2.0,72.0,7.0,94.2,211.3,1.0,262.4,155.8,2.8,260.4,31.5,91.1,5.2,62.7,2978.3000000000006
2019-11-11,,173.2,2.1,23.6,74.8,3.3,72.1,17.7,6.9,63.2,12.2,308.7,107.9,27.3,36.2,23.9,168.5,67.9,,209.1,402.5,2.3,5.9,1.8,2.2,73.3,6.5,99.0,212.4,1.2,286.3,160.5,4.3,269.0,32.9,109.0,5.3,62.8,3135.7999999999997
2019-11-12,,176.0,2.0,23.8,71.3,3.2,71.7,18.1,7.3,59.9,12.5,314.2,114.1,26.8,38.1,23.6,173.2,69.7,,214.7,408.4,2.4,5.9,1.7,2.1,78.4,7.6,98.0,214.4,1.3,293.5,174.7,3.6,267.4,33.0,115.2,5.2,63.5,3196.4999999999995
2019-11-13,,173.3,2.2,23.7,69.1,3.5,70.8,18.1,7.3,62.0,12.4,314.5,113.3,27.9,39.3,23.9,177.3,70.8,,218.5,414.3,2.4,6.0,1.8,2.1,70.4,7.6,102.6,215.3,1.5,295.1,176.6,4.0,268.7,33.7,115.8,5.8,62.4,3214.0000000000005
2019-11-14,,171.9,2.1,23.5,69.7,3.4,71.2,18.0,7.2,63.2,12.4,309.8,114.0,28.5,39.2,24.7,175.6,71.4,,221.1,409.9,2.4,5.7,1.7,2.2,65.0,7.6,104.0,196.9,1.4,297.1,183.5,4.1,276.1,34.0,112.3,6.0,61.4,3198.1999999999994
2019-11-15,,165.5,2.0,24.7,72.7,3.5,71.2,18.0,7.3,60.6,12.4,307.0,114.4,27.8,38.8,24.7,172.8,72.6,,222.6,410.3,2.4,5.6,1.7,2.1,65.2,7.4,101.8,194.3,1.3,288.3,194.0,4.0,277.4,34.3,117.8,5.6,61.2,3193.2999999999993
2019-11-16,,168.3,2.1,24.1,71.2,3.3,70.8,18.2,7.2,60.4,12.9,313.7,110.5,27.6,41.8,23.8,172.0,72.1,,224.7,416.2,2.5,5.8,1.9,2.2,66.7,7.4,101.3,200.5,1.4,273.6,192.5,3.8,272.1,33.3,115.7,5.5,59.8,3186.9
2019-11-17,,168.3,2.0,22.4,69.4,3.0,70.8,17.7,7.6,58.5,12.0,299.7,101.8,25.3,42.0,23.9,164.1,65.4,,227.0,406.7,2.5,5.7,1.7,2.1,64.2,6.7,93.0,203.7,1.1,260.2,189.2,3.5,257.1,30.9,106.1,5.6,61.3,3082.1999999999994
2019-11-18,,175.1,2.1,22.6,68.6,3.3,70.8,18.1,6.8,61.5,12.0,316.8,111.4,27.3,42.5,23.8,180.4,72.1,,232.0,421.9,2.5,5.9,1.7,2.3,66.7,7.2,100.8,208.2,1.3,282.8,191.5,3.5,264.6,33.2,110.8,5.7,61.8,3219.6
2019-11-19,,173.8,2.1,23.6,67.8,3.4,70.7,18.0,7.2,62.6,12.0,318.5,115.0,27.4,43.5,23.9,183.5,72.6,,235.2,429.8,2.6,5.9,1.8,2.1,73.6,7.4,100.0,211.8,1.5,291.4,190.6,3.5,268.3,34.1,111.2,5.5,62.9,3264.8
2019-11-20,,167.6,2.1,23.2,67.5,3.5,71.1,18.3,7.4,63.6,13.4,318.6,114.6,27.7,43.9,24.1,186.2,71.5,,238.4,431.3,2.5,6.0,1.9,2.1,74.9,7.4,105.3,214.7,1.4,290.2,194.8,3.5,266.3,34.1,114.1,5.7,63.1,3281.9999999999995
2019-11-21,,168.6,2.1,23.3,68.2,3.4,71.6,18.4,7.4,63.4,13.0,326.4,116.7,27.9,44.4,24.3,186.2,71.6,,240.6,433.4,2.5,6.0,2.2,2.3,74.8,7.2,104.4,215.5,1.8,279.1,197.2,4.0,266.6,34.6,112.6,4.8,63.7,3290.2
2019-11-22,,169.6,2.0,23.7,68.7,3.4,72.3,18.3,7.4,64.0,13.0,334.4,116.3,27.3,44.5,24.2,186.4,71.9,,244.0,429.8,2.4,6.0,1.7,2.1,74.1,7.2,106.3,218.7,1.9,273.6,190.4,3.6,265.9,34.5,114.2,5.4,62.7,3291.8999999999996
2019-11-23,,169.3,2.1,23.3,67.6,3.3,71.2,18.3,7.4,60.4,13.0,331.3,114.6,28.2,43.0,24.6,188.0,72.0,,245.0,431.0,2.5,6.2,1.8,2.1,73.8,6.9,102.7,220.6,1.9,267.5,177.5,3.6,260.0,34.7,113.9,5.8,61.4,3256.5
2019-11-24,,167.3,2.2,21.7,67.8,2.9,70.8,18.0,6.8,58.0,11.8,321.7,105.6,25.7,43.7,24.1,176.5,65.8,,246.0,417.1,2.6,6.1,1.8,2.1,72.1,6.3,98.9,215.0,1.2,244.6,174.0,3.3,255.2,31.5,102.9,6.0,61.4,3138.5
2019-11-25,,169.5,2.2,22.6,66.6,3.2,71.6,18.3,7.0,62.5,12.3,334.9,114.5,27.9,44.5,24.4,196.3,72.0,,248.2,438.0,2.5,5.9,1.7,2.1,72.1,6.8,101.7,216.7,1.5,269.1,178.7,3.5,260.8,33.1,107.5,6.3,61.4,3267.8999999999996
2019-11-26,,169.5,2.1,22.7,68.3,3.4,72.8,18.5,7.3,63.5,12.3,339.2,114.2,28.4,44.2,24.7,182.1,73.0,,250.9,442.3,2.4,5.7,1.7,2.1,74.4,7.0,100.3,214.5,1.6,280.8,180.8,3.4,258.2,34.1,110.8,6.5,59.8,3283.4999999999995
2019-11-27,,169.9,2.0,23.3,68.7,3.5,71.5,18.6,7.4,62.6,12.3,336.5,108.2,28.6,40.1,24.2,185.8,73.5,,253.4,441.0,2.6,5.8,1.8,2.2,73.8,7.2,98.0,218.6,1.6,280.3,170.8,3.6,258.4,34.6,113.4,5.6,61.3,3270.7000000000003
2019-11-28,,168.6,2.1,23.1,69.3,3.5,71.4,17.7,7.4,62.4,12.5,334.7,100.3,28.2,37.9,24.1,190.8,73.8,,252.8,443.7,2.6,5.5,1.8,2.2,74.5,7.1,99.4,213.0,1.6,265.8,169.0,3.6,238.2,30.2,113.0,5.7,61.3,3218.7999999999997
2019-11-29,,167.7,2.1,22.9,69.0,3.5,71.9,18.4,7.4,63.5,12.9,336.7,109.9,29.2,44.3,24.3,195.3,74.2,,250.3,443.7,2.4,5.5,1.8,2.2,74.9,7.3,102.8,212.3,1.5,264.7,168.6,3.9,236.2,34.2,114.1,5.9,60.2,3245.7000000000003
2019-11-30,,170.0,2.2,23.0,69.0,3.3,71.7,18.3,7.3,60.4,12.9,333.5,108.5,29.1,44.1,24.5,190.9,72.0,,250.7,445.0,2.5,6.0,1.8,2.2,77.5,6.9,101.4,213.3,1.4,250.0,167.3,3.4,240.5,34.2,115.6,5.4,60.9,3226.7000000000003
2019-12-01,,151.7,2.1,20.4,66.8,3.1,70.5,17.7,6.5,57.2,12.9,318.3,97.7,25.8,43.8,23.6,162.3,64.2,,246.0,424.4,2.6,5.9,1.8,2.1,83.8,5.8,92.9,210.3,1.2,211.8,159.2,3.4,232.6,30.9,102.1,5.3,58.0,3024.7000000000003
2019-12-02,,151.6,2.3,23.4,65.3,3.4,71.7,18.2,6.8,60.8,12.4,330.3,109.1,28.3,44.3,23.7,167.4,70.0,,248.2,437.4,2.4,6.0,1.6,2.2,85.4,6.4,100.2,210.4,1.5,230.6,157.3,2.6,240.5,33.0,108.5,5.8,58.0,3126.9999999999995
2019-12-03,,152.6,2.3,22.0,66.1,3.5,71.9,18.5,7.3,62.5,12.4,331.3,115.8,28.4,44.4,23.6,165.0,69.8,,250.3,439.8,2.3,6.0,1.7,2.2,86.0,6.5,102.1,217.5,1.7,242.5,156.0,3.4,239.9,35.0,110.9,5.6,60.0,3166.7999999999997
2019-12-04,,153.2,2.1,22.2,65.1,3.2,71.5,18.8,7.4,62.6,12.4,330.8,118.6,29.6,45.3,23.8,172.9,70.2,,251.9,445.8,2.5,6.0,1.7,2.2,79.4,6.5,107.9,220.4,1.7,251.7,165.9,3.3,245.0,35.4,110.1,6.2,59.3,3212.6000000000004
2019-12-05,,156.4,2.1,21.5,66.2,3.5,73.1,18.9,7.4,63.5,12.4,336.3,119.4,29.9,46.4,24.4,174.5,69.8,,253.1,449.6,2.3,5.9,1.8,2.2,75.1,6.7,112.0,222.7,1.6,254.2,172.5,3.4,250.4,35.3,110.4,5.9,60.9,3251.7
2019-12-06,,156.0,2.2,22.6,67.6,3.6,72.8,18.7,7.4,65.0,12.5,331.9,121.6,30.4,45.9,23.8,179.9,68.7,,253.3,441.9,2.4,6.0,1.8,2.2,75.8,6.6,114.0,225.4,1.7,257.7,181.5,3.9,249.4,36.1,110.8,6.4,61.6,3269.1
2019-12-07,,155.0,2.3,21.5,66.8,3.4,72.5,18.6,7.3,62.0,12.3,325.8,120.5,30.0,46.4,23.8,177.1,69.8,,255.1,434.6,2.2,6.0,1.8,2.2,74.0,6.7,113.8,223.2,1.7,250.4,181.7,3.7,248.3,35.0,114.1,6.2,59.9,3235.7
2019-12-08,,150.3,2.1,21.1,67.6,3.1,73.0,18.2,6.7,59.3,12.3,312.0,109.0,26.4,45.4,24.3,169.7,64.7,,252.3,421.6,2.5,6.1,1.7,2.2,73.8,6.2,108.5,219.8,1.4,229.0,175.6,3.5,242.3,32.1,107.6,5.7,60.3,3117.3999999999996
2019-12-09,,155.9,2.1,21.3,67.6,3.6,73.5,18.6,7.0,62.8,12.3,328.8,118.4,29.4,46.0,24.4,184.5,70.6,,253.5,442.9,2.5,6.2,1.8,2.1,75.1,6.9,110.7,222.6,1.7,258.0,182.7,3.4,244.7,34.7,110.4,6.0,61.0,3253.7
2019-12-10,,159.7,2.1,20.0,70.3,3.5,74.4,19.0,7.4,62.9,12.8,335.5,122.1,29.7,47.2,24.5,188.0,71.5,,256.0,454.0,2.5,6.0,1.7,2.1,76.7,7.2,114.1,228.8,1.8,274.8,187.2,3.4,249.2,36.1,114.3,5.9,62.6,3335.0
2019-12-11,,163.0,2.3,21.1,67.9,3.7,76.2,19.0,7.5,65.4,12.8,332.2,121.0,30.3,46.9,24.8,196.1,72.5,,257.5,455.5,2.6,6.3,1.7,2.2,76.5,7.1,110.8,229.9,1.8,278.4,192.7,3.4,253.4,36.4,113.5,5.6,62.3,3360.2999999999997
2019-12-12,,160.7,2.1,18.9,69.1,4.1,76.9,19.0,7.4,64.8,12.4,325.9,111.3,31.2,45.9,24.5,196.6,72.6,,243.8,451.3,2.7,6.0,1.7,2.2,76.4,6.5,97.8,211.8,1.8,287.5,197.3,3.2,239.8,36.5,114.3,5.5,62.1,3291.5999999999995
2019-12-13,,159.3,2.1,19.0,53.8,4.3,75.8,18.8,7.4,66.8,12.6,319.3,95.7,29.2,38.9,24.0,204.2,72.4,,211.0,438.7,2.6,6.0,1.7,2.1,76.2,7.3,94.7,202.2,1.8,283.2,199.6,3.3,186.8,29.5,113.2,6.1,62.6,3132.2
2019-12-14,,156.6,2.0,20.1,54.9,3.8,75.8,18.6,6.7,63.8,12.2,317.1,110.4,29.3,44.2,23.2,197.7,70.4,,228.5,435.7,2.6,5.8,2.0,2.1,79.8,6.8,103.7,211.4,1.7,256.1,200.1,3.4,229.9,33.4,112.0,6.0,61.4,3189.2000000000007
2019-12-15,,154.2,2.0,19.7,63.9,3.4,74.2,18.2,6.6,62.0,11.4,299.5,101.7,27.6,47.7,21.8,178.7,63.4,,220.9,422.9,2.5,6.0,1.7,2.1,75.8,6.1,97.2,212.7,1.6,223.8,199.6,3.4,234.2,32.7,108.3,6.2,61.6,3075.3
2019-12-16,,155.9,2.1,20.9,64.1,4.2,72.7,18.5,6.9,67.6,12.5,307.5,114.3,29.7,48.8,22.4,195.5,68.7,,221.8,434.9,2.5,6.0,1.8,2.1,68.4,6.8,103.0,217.9,1.7,255.2,204.5,3.4,243.5,37.1,109.9,5.2,62.7,3200.7000000000003
2019-12-17,,158.2,2.1,21.2,65.4,4.2,75.8,18.6,7.3,70.2,12.7,309.1,119.2,30.0,48.9,24.2,198.9,67.1,,223.8,445.4,2.6,5.9,1.8,2.1,68.9,7.0,105.0,222.5,1.8,266.2,208.6,3.5,253.5,38.5,112.9,6.3,63.8,3273.2000000000003
2019-12-18,,160.2,2.1,22.0,71.0,4.4,76.2,18.8,7.4,70.2,12.4,316.4,120.7,31.5,50.2,23.9,196.4,69.8,,224.1,444.6,2.6,6.0,1.8,2.2,69.3,7.1,109.4,223.2,1.8,270.6,211.7,3.5,263.3,39.3,111.2,5.8,63.7,3314.8
2019-12-19,,166.5,2.0,20.9,67.3,4.5,76.8,18.8,4.9,73.2,11.5,329.4,122.4,31.1,48.1,24.0,202.9,71.2,,230.9,444.1,2.5,6.0,1.6,2.0,66.7,7.1,107.5,227.8,1.9,274.3,215.6,3.6,266.5,39.4,112.4,6.0,64.8,3356.2
2019-12-20,,167.6,2.1,22.1,71.7,4.4,77.9,18.6,6.4,74.8,11.5,332.8,125.4,30.4,50.9,24.6,204.9,71.7,,236.3,443.7,2.8,6.1,1.9,2.2,67.0,7.1,114.0,234.8,1.9,281.8,214.2,3.4,271.7,38.8,109.4,5.4,64.1,3404.4
2019-12-21,,167.4,2.2,22.1,71.5,4.3,77.0,18.7,7.3,70.7,12.7,329.7,124.1,30.3,48.0,25.2,202.6,70.0,,239.5,443.6,2.6,6.2,1.9,2.2,65.8,6.9,114.7,233.4,1.9,268.8,216.1,3.5,267.8,38.5,112.6,7.2,63.5,3380.5
2019-12-22,,164.8,2.1,20.3,73.4,3.9,79.7,18.5,7.0,70.0,11.9,316.0,115.8,28.2,50.6,25.3,192.6,64.7,,240.9,431.0,2.5,5.9,1.9,2.1,66.4,6.3,111.3,227.9,1.7,254.8,216.4,3.5,266.1,36.0,104.1,7.5,63.6,3294.7000000000003
2019-12-23,,166.1,2.4,22.8,72.2,4.4,78.0,18.9,7.2,74.2,12.9,326.4,125.5,30.0,50.8,25.9,203.7,71.9,,246.6,447.6,2.5,6.0,1.9,2.1,65.7,6.8,112.8,232.5,1.9,277.7,218.6,3.3,280.7,38.8,106.8,7.4,66.9,3419.9
2019-12-24,,167.7,2.2,21.7,71.6,4.5,78.2,19.0,7.4,76.9,13.1,329.8,131.1,30.4,51.4,24.1,209.0,72.5,,239.7,456.7,2.7,6.0,1.8,2.2,66.9,6.7,118.6,232.8,2.0,285.9,223.4,3.5,276.6,39.1,111.8,5.6,63.5,3456.1
2019-12-25,,164.5,2.2,22.5,75.4,4.5,78.6,19.0,7.5,76.9,10.9,325.4,132.1,30.0,52.5,25.1,204.1,66.9,,237.4,447.8,2.7,6.4,1.8,2.2,65.6,6.4,121.2,235.6,2.0,261.1,225.7,3.7,277.3,40.0,110.3,5.7,65.7,3416.7000000000003
2019-12-26,,168.2,2.2,22.4,75.2,4.9,74.5,18.9,7.4,79.2,13.1,324.4,134.5,30.6,52.4,24.0,207.2,72.7,,242.8,427.8,2.6,6.3,1.9,2.3,65.3,6.8,123.3,232.7,2.2,272.4,222.7,3.8,293.2,42.2,109.6,6.1,63.1,3438.900000000001
2019-12-27,,172.6,2.3,22.8,77.7,4.9,75.3,18.7,7.4,82.0,13.5,320.9,133.6,30.4,52.5,25.1,211.6,74.4,,245.1,428.5,2.7,6.2,1.7,2.3,66.2,6.8,120.9,235.0,2.1,271.4,225.7,3.3,304.8,41.4,107.0,6.5,64.9,3468.2
2019-12-28,,170.1,2.2,22.4,76.1,4.7,75.8,18.7,7.2,80.4,13.4,317.6,133.0,30.0,53.4,24.5,208.1,73.6,,246.2,425.5,2.6,6.4,1.7,2.3,70.3,6.7,122.1,234.6,2.1,276.3,208.3,3.5,297.0,41.5,111.1,6.5,62.7,3438.6
2019-12-29,,163.0,2.1,21.4,80.2,4.4,77.2,18.4,6.7,78.0,13.3,306.7,124.6,27.5,52.7,25.2,193.3,66.5,,246.9,415.3,2.4,6.2,1.7,2.1,71.6,6.2,113.8,231.0,1.9,259.2,204.8,3.4,308.0,39.1,100.7,5.8,64.8,3346.0999999999995
2019-12-30,,164.6,2.1,21.7,82.3,5.0,78.7,18.6,7.0,85.8,12.8,319.5,130.3,30.0,52.5,24.8,206.3,72.7,,253.0,428.6,2.7,6.1,1.9,2.2,70.2,6.3,119.9,234.1,2.0,268.3,204.2,3.4,313.9,40.7,108.2,5.7,63.4,3449.5000000000005
2019-12-31,,170.1,2.2,23.4,82.0,4.9,78.8,18.2,6.9,85.5,13.7,316.7,133.5,30.1,54.1,25.6,212.2,73.6,,253.6,419.6,2.4,6.5,1.8,2.2,67.9,6.5,121.9,240.2,1.9,285.2,204.5,3.6,311.8,39.3,110.2,5.1,64.3,3480.0
2020-01-01,,165.2,2.2,21.7,82.9,4.8,74.8,16.7,5.8,83.5,12.6,301.9,128.2,30.1,53.2,26.3,205.3,73.4,,239.3,395.8,2.4,6.3,1.7,2.2,66.3,6.4,118.8,239.8,1.7,270.3,201.2,3.5,320.7,38.1,106.8,5.5,64.6,3380.0
2020-01-02,,167.4,2.2,22.5,77.0,4.3,69.0,17.6,6.4,79.2,13.0,313.2,127.5,30.2,51.5,23.0,212.4,75.4,,228.2,411.1,2.7,5.7,1.8,2.3,65.8,6.6,121.0,239.1,2.0,286.8,201.7,3.5,299.0,39.2,107.0,5.5,62.8,3383.6000000000004
2020-01-03,,171.2,2.2,21.7,76.4,4.3,68.1,18.6,7.2,76.6,12.9,320.7,132.6,31.0,53.2,22.6,217.5,75.4,,227.4,408.6,2.7,6.2,1.9,2.3,62.9,7.2,121.4,240.4,2.0,298.3,194.9,3.3,286.8,39.2,106.4,5.3,61.4,3390.8
2020-01-04,,166.4,2.2,21.4,75.3,4.0,73.1,18.3,7.2,71.1,12.7,319.4,132.1,30.1,53.3,23.9,217.4,74.9,,230.3,408.1,2.5,6.1,1.8,2.3,64.0,7.0,118.0,241.9,1.5,294.2,191.9,3.3,294.2,40.1,109.3,5.7,63.2,3388.2000000000003
2020-01-05,,160.8,2.3,20.7,76.2,3.8,74.2,18.1,6.5,69.0,10.9,307.9,121.4,29.2,51.2,23.3,201.0,68.2,,228.8,398.2,2.6,6.2,1.8,2.1,63.6,6.5,107.5,237.2,1.6,279.2,190.8,3.3,289.4,37.0,102.9,5.6,62.5,3271.4999999999995
2020-01-06,,161.9,2.1,22.6,80.1,4.6,75.2,18.6,6.9,73.8,12.7,318.9,125.7,30.8,52.0,24.6,213.2,73.7,,238.3,422.9,2.6,6.3,1.8,2.2,64.2,7.2,108.2,240.7,2.0,290.7,201.0,3.3,294.0,40.4,106.4,5.3,62.1,3397.0
2020-01-07,,161.3,2.2,22.4,79.7,4.7,75.8,18.9,7.3,74.5,11.0,324.5,124.7,31.3,49.9,24.2,215.4,74.4,,242.4,437.2,2.6,6.4,1.7,2.2,66.0,7.4,112.0,242.6,2.1,291.7,209.3,3.5,292.3,40.3,109.1,6.5,64.3,3441.7999999999997
2020-01-08,,166.8,2.1,22.0,79.5,4.7,74.2,18.9,7.3,74.7,10.4,320.9,120.2,27.9,51.9,25.6,216.7,66.7,,227.7,436.9,2.6,6.5,1.8,2.2,64.6,6.9,112.6,239.0,2.1,298.3,209.4,3.9,269.2,40.1,106.8,5.9,63.6,3390.6
2020-01-09,,168.6,2.2,23.0,70.5,4.7,69.7,19.0,7.2,77.5,13.5,317.8,126.5,28.8,53.8,23.9,225.6,73.0,,231.1,428.4,2.7,6.4,1.8,2.3,65.2,6.4,113.5,231.5,2.0,298.3,212.1,3.4,276.6,38.0,109.6,5.8,62.8,3403.2000000000007
2020-01-10,,171.5,2.2,22.4,80.2,4.6,67.7,17.6,6.3,79.7,13.4,313.9,129.7,30.2,53.2,24.4,226.8,73.4,,236.6,427.0,2.7,6.5,1.6,2.2,65.4,7.3,113.0,243.4,2.0,298.5,210.3,4.1,295.1,40.1,110.9,5.8,64.9,3454.5999999999995
2020-01-11,,171.3,2.4,23.1,79.9,4.4,72.9,18.6,7.3,72.7,13.6,327.6,128.5,30.3,52.5,24.6,222.3,70.9,,239.8,434.1,2.7,6.3,1.6,2.4,65.2,7.2,111.8,237.6,2.0,298.1,212.3,3.6,288.3,40.7,110.0,5.8,64.4,3456.7999999999997
2020-01-12,,170.8,2.3,21.6,82.1,4.0,74.7,18.8,6.9,69.3,12.2,326.9,114.1,28.4,47.6,24.0,207.3,63.2,,243.1,425.1,2.6,6.4,1.5,2.3,65.0,6.7,103.6,240.4,1.7,279.3,210.1,3.5,288.0,37.2,103.3,5.8,64.7,3364.5000000000005
2020-01-13,,170.4,2.2,23.1,83.8,4.6,77.0,18.9,7.2,74.9,9.4,324.1,120.7,28.4,33.6,24.6,222.7,69.3,,245.5,445.4,2.7,5.9,1.6,2.2,66.2,7.1,96.1,226.5,2.1,294.7,211.0,3.5,296.5,39.3,110.9,5.6,63.9,3421.5999999999995
2020-01-14,,166.7,2.3,22.3,82.5,4.7,78.4,18.1,6.5,74.9,10.5,257.6,123.2,28.7,38.1,24.8,230.7,70.4,,247.7,452.7,2.6,6.0,1.6,2.1,68.2,7.1,105.4,226.8,1.9,287.0,211.4,3.7,289.5,38.9,113.8,6.0,63.6,3376.3999999999996
2020-01-15,,156.0,2.2,20.5,80.7,4.6,77.8,17.9,6.8,75.4,10.1,273.3,127.7,30.7,43.8,24.9,220.5,70.2,,236.9,441.2,2.7,5.9,1.3,2.1,67.8,5.7,111.4,233.3,1.9,238.5,201.5,3.8,284.0,39.1,111.2,5.0,64.5,3300.9000000000005
2020-01-16,,153.7,2.3,20.9,77.1,4.7,78.8,18.2,7.2,76.4,10.0,309.7,125.3,31.1,42.2,25.4,227.3,70.1,,214.5,438.8,3.2,6.1,1.6,2.2,65.6,5.2,112.0,225.9,1.9,227.2,200.8,3.7,253.9,39.8,113.8,5.6,63.2,3265.399999999999
2020-01-17,,167.5,2.2,22.0,74.2,4.6,79.3,18.0,7.3,77.3,9.5,322.9,125.3,31.1,49.6,25.2,233.0,71.4,,225.0,431.4,2.8,6.0,1.6,2.3,67.9,5.4,111.6,228.1,2.0,246.6,209.8,3.6,260.9,39.1,115.0,5.8,63.4,3348.7
2020-01-18,,169.5,2.2,22.6,73.0,4.3,72.5,18.1,7.2,73.3,9.3,322.1,126.1,31.3,49.9,24.3,228.3,72.3,,230.2,431.8,2.6,6.1,1.6,2.3,68.4,6.1,110.4,230.2,1.2,262.1,209.8,3.5,279.8,39.6,116.0,6.1,63.5,3377.6
2020-01-19,,170.2,2.2,22.7,75.0,3.9,78.7,18.1,6.6,71.7,8.7,313.5,115.6,28.7,50.0,24.0,192.3,67.8,,229.3,426.8,2.6,6.1,1.6,2.2,68.4,6.0,104.6,228.2,1.6,246.7,208.6,3.4,271.3,36.7,107.4,6.0,63.2,3270.4
2020-01-20,,177.3,2.4,21.5,78.2,4.5,78.7,18.3,7.0,77.7,9.9,324.8,126.4,32.2,51.0,25.3,233.6,73.3,,235.9,445.9,2.8,6.5,1.9,2.3,69.0,6.9,105.1,234.2,1.8,283.0,211.8,3.5,281.2,40.0,112.2,7.8,64.6,3458.5000000000005
2020-01-21,,180.6,2.1,22.9,79.0,4.3,79.8,18.6,7.3,75.9,10.1,327.1,129.6,32.8,51.3,26.2,233.8,75.7,,243.1,457.6,2.4,6.5,1.6,2.1,68.4,6.9,106.5,240.4,1.9,294.0,216.6,3.5,283.7,41.0,122.3,7.3,64.7,3527.5999999999995
2020-01-22,,182.4,2.1,24.1,81.6,4.2,77.1,18.8,7.5,76.6,10.3,329.1,130.3,31.3,49.8,25.9,234.8,74.9,,242.1,460.2,2.3,6.6,1.6,2.1,70.3,7.0,111.2,238.7,1.9,297.4,216.3,4.5,283.2,39.6,118.8,5.2,63.9,3533.6999999999994
2020-01-23,,184.3,2.3,22.8,79.4,4.2,80.8,18.5,7.4,75.0,10.4,337.6,129.6,31.6,50.6,25.6,233.2,76.0,,242.8,464.3,2.7,6.5,1.9,2.5,71.0,7.1,111.0,238.6,2.1,302.3,218.9,3.4,270.6,39.3,118.3,5.7,65.2,3543.5000000000005
2020-01-24,,182.8,2.3,23.1,79.7,4.2,82.2,19.0,7.5,76.0,10.1,341.5,131.6,32.1,50.3,26.0,233.6,76.3,,250.7,466.0,2.7,6.6,1.9,2.5,69.5,7.5,112.9,237.6,2.7,300.3,217.2,3.5,283.9,39.9,121.4,6.9,64.4,3576.4
2020-01-25,,183.0,2.1,23.2,78.7,4.1,83.7,18.7,7.4,71.4,10.0,339.1,130.9,30.1,50.9,26.4,228.6,74.0,,255.7,464.7,2.7,6.7,2.0,2.3,70.4,7.3,114.3,245.5,2.8,299.5,213.6,3.4,284.6,39.9,119.1,5.2,64.7,3566.7
2020-01-26,,178.7,2.3,22.2,82.8,4.1,80.0,14.9,4.8,60.3,8.7,312.7,116.7,26.6,49.9,26.6,214.7,65.3,,254.5,424.1,2.8,6.5,1.9,2.3,70.1,6.3,99.3,231.0,2.1,270.3,208.0,3.3,282.3,33.5,107.5,5.4,64.3,3346.8000000000006
2020-01-27,,182.9,2.2,22.7,79.9,4.6,82.3,17.2,6.2,69.0,9.8,332.4,123.5,28.4,51.2,26.3,228.3,72.1,,255.7,454.7,2.9,6.7,1.5,2.3,70.1,7.0,107.5,238.4,2.1,296.7,215.0,3.4,281.2,38.9,113.9,5.3,64.8,3507.1
2020-01-28,,187.8,2.2,23.4,80.6,4.4,80.8,18.9,7.4,72.1,10.2,338.0,116.3,28.6,52.2,26.3,233.3,74.2,,258.5,467.0,2.9,6.6,1.7,2.4,71.0,7.4,102.9,240.6,2.2,307.0,218.5,3.6,270.4,38.7,119.5,4.6,66.3,3548.5
2020-01-29,,191.0,2.1,23.2,76.8,4.3,80.8,18.8,7.4,71.8,10.2,330.5,123.1,29.2,48.4,24.2,235.8,75.0,,259.6,461.9,2.6,6.6,1.7,2.2,71.5,7.9,104.2,240.9,2.2,302.4,219.7,4.2,271.8,38.5,114.1,5.7,64.1,3534.3999999999996
2020-01-30,,191.8,2.1,24.1,80.6,4.1,83.2,18.7,7.3,71.1,10.0,327.8,124.0,30.8,49.9,26.1,239.4,74.1,,258.0,454.7,2.6,6.5,1.6,2.1,71.2,7.4,106.9,240.9,2.0,308.0,219.4,3.9,271.2,39.3,120.5,5.5,66.3,3553.1000000000004
2020-01-31,,190.0,2.5,22.0,78.9,4.4,81.9,18.4,7.3,73.0,9.2,330.4,125.6,31.8,51.3,25.6,240.7,75.0,,262.8,448.3,2.6,6.4,1.8,2.1,70.1,7.4,111.2,243.6,2.0,314.3,224.4,3.9,282.1,39.6,118.9,5.4,65.5,3580.4
2020-02-01,,188.6,2.2,23.0,76.8,4.0,80.8,17.8,7.0,68.0,10.6,324.0,124.7,30.8,51.1,24.1,233.8,73.7,,264.8,443.4,2.6,6.6,1.7,2.1,70.1,7.6,111.6,243.7,2.1,306.3,210.8,4.0,276.9,39.2,119.8,5.8,63.3,3523.3999999999996
2020-02-02,,182.7,2.2,21.6,78.0,3.7,81.6,17.8,6.5,67.3,9.1,316.4,116.3,27.7,49.5,24.7,217.7,67.0,,265.1,435.6,2.6,6.7,1.7,2.2,75.1,6.7,106.1,242.5,1.9,282.7,204.6,3.6,276.8,36.3,111.4,5.5,64.5,3421.399999999999
2020-02-03,,184.4,2.2,22.4,77.3,4.1,80.9,18.4,7.0,70.7,9.5,332.1,123.6,30.2,50.2,25.8,233.6,73.3,,270.1,459.1,2.7,6.7,1.7,2.3,76.0,7.2,113.0,245.1,2.0,298.9,208.6,3.4,283.5,38.3,113.4,5.4,65.0,3548.1
2020-02-04,,180.6,2.2,22.3,77.8,4.2,77.7,18.0,7.3,69.8,10.0,333.9,128.5,30.7,53.6,25.2,233.9,74.3,,265.0,464.5,2.7,6.5,1.7,2.3,69.9,7.3,120.2,249.0,1.9,311.3,215.2,3.5,287.4,39.3,121.4,5.7,65.3,3590.1
2020-02-05,,184.6,2.3,22.7,77.4,4.1,74.1,18.1,7.4,71.7,10.0,332.6,131.6,30.1,50.2,25.2,239.1,75.6,,262.7,464.8,2.7,6.6,1.8,2.4,68.9,7.5,120.5,250.3,2.0,311.0,228.9,3.1,290.9,39.3,119.9,5.4,63.6,3609.1
2020-02-06,,189.5,2.3,22.8,77.0,4.1,75.6,18.2,7.1,70.7,9.8,337.0,131.6,30.5,49.7,25.1,239.5,75.4,,267.7,463.7,2.7,6.9,1.6,2.3,71.0,7.5,123.8,251.7,2.0,312.9,226.2,3.6,292.0,39.4,120.7,5.7,64.7,3632.0
2020-02-07,,188.1,2.2,23.9,79.6,4.2,71.8,17.9,7.3,73.4,9.6,337.3,133.0,31.1,51.1,25.7,238.3,75.4,,267.7,452.7,2.3,6.7,1.6,2.1,72.0,7.5,126.0,249.7,2.1,314.7,226.7,3.7,295.5,40.1,121.4,6.2,67.0,3635.5999999999995
2020-02-08,,187.4,2.0,23.0,76.4,3.9,72.8,18.0,7.3,62.0,9.6,333.9,131.6,30.3,50.7,25.4,230.7,73.4,,266.9,449.6,2.4,6.7,1.7,2.2,77.0,7.6,127.2,247.4,1.9,314.6,220.6,3.4,295.4,39.2,120.2,5.4,68.6,3596.3999999999996
2020-02-09,,180.5,2.7,20.9,75.9,3.5,69.3,17.7,6.6,72.1,8.3,318.9,122.9,27.5,49.9,25.4,214.3,67.0,,261.6,428.1,2.1,6.4,1.6,2.2,84.3,6.9,121.6,243.3,1.0,295.9,192.9,3.4,286.3,35.6,111.2,5.3,65.6,3438.7
2020-02-10,,180.7,2.2,22.1,77.5,3.9,73.7,17.1,7.0,68.5,9.5,329.0,131.9,28.0,50.4,25.9,231.5,73.8,,267.4,457.1,2.5,6.6,1.6,2.3,80.6,7.5,130.1,243.3,1.9,304.3,192.4,3.4,290.4,37.5,119.7,5.5,65.9,3552.7
2020-02-11,,184.5,2.2,22.6,77.6,4.0,73.7,18.5,7.4,69.5,11.2,343.5,136.6,29.2,53.0,25.2,233.9,75.1,,269.9,471.1,2.7,6.7,1.6,2.3,80.0,7.4,129.2,248.1,1.9,310.0,210.8,3.6,295.5,38.7,120.9,10.6,66.5,3645.1999999999994
2020-02-12,,186.4,2.2,22.7,77.1,3.9,78.7,18.7,7.3,68.8,11.9,341.0,137.8,28.8,51.8,24.9,237.7,76.0,,271.4,476.8,3.0,6.6,1.8,2.2,77.8,7.7,134.2,249.0,1.8,311.9,216.8,3.5,288.0,38.6,123.3,10.2,66.3,3666.5999999999995
2020-02-13,,187.8,2.3,23.1,76.1,3.8,80.9,18.7,7.4,66.8,12.0,348.6,136.9,27.1,46.4,24.6,240.9,78.2,,271.8,475.8,2.9,6.6,1.8,2.3,78.5,7.7,131.3,249.0,1.9,315.1,223.0,3.6,282.1,37.6,122.5,10.3,65.8,3671.2000000000007
2020-02-14,,189.0,2.2,23.6,75.6,3.7,82.6,18.5,7.4,66.8,11.3,348.7,136.8,27.2,48.3,23.0,244.6,77.6,,271.4,474.7,2.7,6.7,1.6,2.2,73.6,7.8,131.4,248.1,2.0,324.0,225.7,3.8,273.9,37.2,121.7,10.8,63.4,3669.6
2020-02-15,,189.7,2.3,22.8,74.8,3.5,83.8,18.4,7.3,62.6,9.9,347.0,136.2,26.6,48.1,23.5,242.0,78.5,,269.4,474.5,2.7,6.6,1.6,2.3,71.2,7.6,132.6,249.3,2.0,307.8,236.2,3.6,278.7,36.7,120.6,10.7,64.3,3655.4
2020-02-16,,189.7,2.2,21.4,77.4,3.2,83.8,18.0,6.8,61.1,9.3,335.0,129.1,25.2,48.8,23.5,225.3,71.9,,265.3,461.2,2.8,6.5,1.6,2.3,71.1,6.8,126.9,245.5,1.7,296.6,235.6,3.4,286.6,34.3,115.9,11.3,64.2,3571.3
2020-02-17,,193.5,2.5,22.6,75.3,3.5,85.3,18.3,6.8,62.6,10.2,352.8,138.4,27.0,49.1,24.0,240.0,77.3,,270.2,484.7,2.7,6.7,1.8,2.3,71.6,6.9,130.8,247.1,1.8,311.3,247.4,3.4,289.7,35.7,121.0,10.4,64.5,3699.2000000000003
2020-02-18,,197.3,2.2,22.5,74.8,3.5,86.9,18.7,7.4,64.0,10.3,353.0,142.3,26.9,48.8,23.9,244.1,77.4,,272.0,493.9,2.6,6.2,1.6,2.3,71.1,7.3,129.7,250.9,1.8,317.5,252.5,3.5,292.4,36.7,125.4,10.3,63.7,3745.3999999999996
2020-02-19,,198.1,2.2,22.4,76.1,3.7,86.5,18.7,7.6,65.1,10.7,356.3,138.8,28.0,51.6,23.6,247.8,76.5,,272.3,497.9,2.7,6.3,1.6,2.2,73.3,7.5,120.4,250.6,1.9,321.5,254.3,3.5,291.2,35.7,124.2,10.7,65.1,3756.6
2020-02-20,,197.4,2.3,23.1,76.5,3.6,88.6,18.5,7.6,63.6,10.9,363.5,127.1,26.9,47.0,23.7,246.6,75.3,,271.7,499.8,2.8,6.3,1.6,2.1,74.6,7.5,110.3,246.9,1.8,319.1,250.3,3.2,279.7,36.5,124.8,11.1,66.1,3718.3999999999996
2020-02-21,,194.6,2.1,22.9,76.2,3.4,88.7,18.4,5.9,64.3,10.6,334.7,107.8,26.2,50.2,24.5,243.4,74.7,,264.2,491.7,2.8,6.1,1.6,2.1,71.5,7.7,105.7,248.9,1.8,314.8,254.3,3.4,234.2,32.8,130.0,10.8,66.2,3599.2
2020-02-22,,194.6,2.0,22.8,64.0,3.3,88.1,18.5,6.8,60.7,10.6,349.9,115.6,26.8,49.5,24.3,236.8,76.9,,255.9,489.1,2.6,6.0,1.7,2.1,71.6,7.4,118.0,247.3,1.7,316.4,252.2,3.4,247.1,34.6,124.9,10.8,65.2,3609.2000000000003
2020-02-23,,191.3,2.1,20.0,70.2,3.1,86.0,18.4,7.1,59.4,9.4,341.7,112.1,25.8,47.6,23.6,230.0,71.1,,252.0,477.6,2.6,5.9,1.6,2.2,70.6,7.2,114.3,236.3,1.4,291.0,249.5,3.2,250.7,32.7,113.2,11.0,64.4,3506.2999999999997
2020-02-24,,195.0,2.3,20.7,64.5,3.4,75.8,18.7,7.3,63.9,10.5,356.3,120.5,27.5,48.4,22.2,242.7,77.6,,252.2,495.9,2.6,5.5,1.9,2.1,70.3,7.5,121.8,242.6,1.4,311.6,255.1,3.6,259.9,34.9,116.3,9.8,64.3,3616.6
2020-02-25,,197.6,2.0,22.7,61.2,3.4,72.2,18.7,7.4,75.0,10.9,354.7,124.7,28.9,46.6,21.0,250.1,79.3,,249.8,494.2,2.5,6.0,1.9,2.2,71.7,7.9,124.8,244.8,1.6,323.8,255.2,3.5,250.0,35.3,113.5,5.6,63.1,3633.8
2020-02-26,,201.2,2.2,19.2,63.8,3.5,77.2,18.9,7.3,63.8,10.8,347.2,124.8,29.2,48.3,22.1,249.6,79.7,,250.4,491.4,2.5,5.9,1.7,2.3,70.0,8.0,124.9,245.1,1.7,325.6,253.3,3.3,257.7,35.6,115.4,5.6,62.9,3632.1000000000004
2020-02-27,,199.0,2.1,21.0,69.0,3.5,79.2,19.1,7.2,62.5,10.9,344.5,123.0,29.1,48.8,22.3,252.0,80.6,,250.6,493.4,2.6,5.7,1.6,2.2,67.5,7.9,121.8,245.7,1.5,328.3,249.7,3.4,250.6,36.0,119.7,3.9,64.4,3630.3
2020-02-28,,200.7,2.1,22.7,69.8,3.5,81.9,18.5,7.4,63.8,11.1,362.0,123.0,28.8,49.0,23.8,253.3,80.5,,252.9,492.9,2.6,5.8,1.7,2.2,69.5,7.8,113.0,246.2,1.6,329.1,254.0,3.5,274.9,36.0,119.9,4.0,63.7,3683.2
2020-02-29,,200.8,2.1,23.1,68.2,3.5,83.7,19.4,7.4,60.3,11.6,361.6,108.0,27.9,42.7,24.1,248.0,79.2,,248.3,484.8,2.7,5.9,1.6,2.2,69.2,7.8,96.9,236.0,1.6,326.4,255.9,3.4,247.3,34.9,120.5,6.8,63.6,3587.4
2020-03-01,,194.0,2.1,21.1,70.8,3.4,85.1,17.0,7.0,57.9,11.6,346.4,94.5,25.0,46.3,23.9,224.3,71.9,,222.4,456.8,2.6,5.5,1.7,2.1,67.4,7.1,97.8,230.1,1.3,302.8,247.7,3.4,215.8,31.3,111.1,5.8,62.9,3377.9
2020-03-02,,195.3,2.1,22.5,72.1,3.1,91.3,18.6,7.1,61.5,10.9,360.1,110.4,27.5,46.8,24.2,237.2,78.9,,226.7,476.6,2.7,5.6,1.6,2.1,72.4,7.5,111.2,236.5,1.4,323.0,248.6,3.5,250.8,33.8,120.1,7.3,63.8,3564.7999999999997
2020-03-03,,195.9,2.2,20.3,73.1,3.4,86.2,19.0,7.6,62.8,11.0,363.1,119.5,28.4,46.9,22.9,245.1,79.9,,234.3,490.8,2.5,5.7,1.6,2.2,71.6,7.9,116.5,244.7,1.5,334.0,254.0,3.4,257.1,35.0,115.5,6.6,62.9,3635.0999999999995
2020-03-04,,201.2,2.1,21.3,73.5,3.4,84.3,19.2,7.7,63.9,11.0,356.5,114.0,28.2,45.4,21.7,244.5,80.0,,232.1,490.1,2.8,5.5,1.7,2.2,69.9,8.1,114.0,225.9,1.7,337.3,254.1,3.5,250.0,35.1,111.4,7.5,59.7,3590.5
2020-03-05,,199.5,2.1,22.5,73.5,3.3,85.1,19.5,7.5,62.9,10.4,354.3,97.2,29.4,45.7,20.3,251.9,79.2,,232.0,491.6,2.6,5.9,1.6,2.1,69.3,8.0,101.7,215.6,1.7,336.3,247.3,3.5,230.3,34.8,115.5,8.1,60.3,3532.5000000000005
2020-03-06,,194.7,2.2,22.5,67.3,3.5,83.5,19.1,7.6,64.4,10.4,345.3,87.6,29.6,46.8,21.0,248.5,79.4,,220.7,486.1,2.6,5.7,1.7,2.2,67.8,8.5,91.6,153.3,1.4,339.7,244.1,3.6,209.5,32.9,114.0,9.6,59.5,3387.899999999999
2020-03-07,,185.7,2.3,22.2,64.8,3.5,72.2,19.1,7.6,59.9,10.4,344.0,99.1,30.5,49.2,20.9,247.7,79.5,,221.5,486.1,2.7,5.9,1.6,2.2,68.6,8.2,97.3,193.9,1.5,332.2,237.6,3.6,218.8,34.6,109.7,5.4,59.5,3409.4999999999995
2020-03-08,,182.4,2.3,21.0,71.0,3.1,81.2,19.0,7.4,58.2,9.2,335.6,93.2,27.5,47.4,22.5,237.4,73.9,,221.0,471.5,2.7,5.7,1.7,2.2,71.4,7.4,93.8,201.1,1.3,309.7,226.7,3.4,232.1,33.8,104.9,5.4,60.8,3348.8999999999996
2020-03-09,,187.7,2.2,22.6,67.3,3.3,82.7,18.6,7.1,58.0,10.3,323.8,89.9,26.4,48.8,23.6,253.3,80.3,,223.3,487.6,2.6,5.7,1.6,2.1,73.1,7.7,92.2,198.2,1.3,328.5,220.8,3.9,230.7,31.1,100.0,5.3,61.8,3383.399999999999
2020-03-10,,189.2,2.1,20.7,66.1,2.8,69.6,12.5,3.9,45.6,8.8,253.8,69.1,19.7,47.9,23.9,248.6,81.1,,195.8,430.1,2.5,5.4,1.6,2.0,72.4,7.1,69.5,173.4,1.1,326.4,222.6,3.4,223.1,24.3,101.1,5.8,51.5,3084.5000000000005
2020-03-11,,192.3,2.0,21.4,65.6,3.3,72.7,14.1,5.4,53.3,10.1,286.4,77.1,23.4,46.2,22.8,255.2,82.6,,194.5,465.5,2.6,5.5,1.7,2.4,74.9,7.9,78.1,170.6,1.4,333.6,234.2,3.5,205.3,26.8,114.5,5.4,54.3,3216.6
2020-03-12,,197.4,2.0,23.3,69.3,3.3,81.3,17.9,7.1,58.8,10.4,323.3,92.6,24.3,41.4,22.2,257.9,82.9,,202.6,482.4,2.6,5.4,1.7,2.1,75.8,8.4,91.1,193.0,1.4,340.6,235.4,3.8,214.0,30.0,123.8,5.0,56.9,3391.3999999999996
2020-03-13,,200.0,2.1,23.6,66.9,3.3,77.5,18.6,7.4,61.1,10.3,331.2,100.7,23.8,44.4,23.3,259.2,82.5,,203.6,482.7,2.7,5.4,1.7,2.2,76.4,8.3,92.5,206.4,1.4,341.5,233.4,4.0,207.0,33.2,132.2,4.8,59.2,3434.5
2020-03-14,,198.5,2.2,22.8,52.5,3.4,77.6,18.6,7.4,58.3,9.9,333.1,103.4,25.5,48.8,18.1,253.5,81.6,,199.1,476.3,2.7,5.3,1.7,2.2,78.1,8.2,96.0,209.3,1.4,339.2,235.9,3.9,213.3,32.8,129.0,5.1,58.3,3413.0000000000005
2020-03-15,,196.1,2.2,22.3,66.8,3.0,80.5,18.4,6.8,54.9,9.6,321.0,95.8,22.7,46.2,21.0,239.0,75.6,,200.1,466.7,2.4,5.8,1.7,2.1,75.4,7.6,89.2,205.8,1.2,311.7,234.4,3.9,214.4,31.3,113.1,5.3,62.2,3316.2
2020-03-16,,201.2,2.1,23.4,71.7,3.3,85.1,18.7,7.1,59.2,10.4,338.0,105.7,24.6,42.6,23.7,255.6,83.0,,202.7,490.5,2.3,5.4,1.6,2.1,79.4,8.0,95.3,205.6,1.4,337.6,241.2,3.9,232.8,33.2,129.0,3.7,63.6,3494.7
2020-03-17,,205.1,2.0,23.9,72.0,3.2,89.7,18.9,7.4,60.2,11.1,349.9,111.5,24.1,43.1,24.5,256.9,84.5,,205.4,499.3,2.6,5.4,1.7,2.2,79.6,8.3,96.5,213.6,1.4,346.2,247.4,3.8,240.9,33.8,142.0,5.1,63.3,3586.5
2020-03-18,,204.3,2.2,23.7,73.4,3.2,89.1,19.0,7.4,60.7,10.9,355.9,115.1,24.7,46.0,24.4,256.0,84.7,,203.4,479.6,2.9,5.4,1.8,2.2,80.3,8.3,102.4,215.2,1.4,347.2,256.2,3.8,249.9,34.0,142.1,4.5,63.5,3604.8000000000006
2020-03-19,,201.3,2.2,24.2,74.1,3.1,83.7,19.1,7.4,60.6,10.6,364.5,116.2,24.7,44.8,23.9,258.6,85.3,,200.5,479.0,2.9,5.2,1.8,2.1,69.3,8.3,103.9,216.8,1.4,345.6,247.4,3.8,256.7,33.7,141.3,6.5,63.1,3593.6
2020-03-20,,198.5,2.3,24.2,75.2,3.1,83.6,18.9,7.5,63.4,10.5,362.3,117.4,21.5,47.3,22.9,251.1,84.5,,195.1,478.2,2.9,5.8,1.8,2.1,64.8,8.5,105.6,210.3,1.3,348.3,236.7,3.9,263.0,34.4,140.2,5.3,62.9,3565.3
2020-03-21,,192.9,2.2,24.0,68.6,2.8,84.4,18.9,7.4,59.1,9.9,357.9,115.1,21.1,47.7,23.3,244.8,81.7,,191.5,468.2,2.7,5.8,1.8,2.2,71.6,8.3,105.7,202.4,1.4,339.8,236.8,3.8,255.7,33.4,135.2,5.2,61.7,3495.0
2020-03-22,,176.7,2.1,19.0,68.2,2.4,81.6,13.5,3.6,46.1,7.4,282.4,93.0,18.0,45.6,21.5,226.4,69.9,,182.1,395.6,2.4,5.6,1.6,2.2,66.5,6.1,86.3,178.7,1.0,276.5,219.7,3.1,240.8,22.5,100.4,4.4,57.5,3030.399999999999
2020-03-23,,181.4,1.9,21.5,63.0,2.4,86.4,15.0,5.2,48.7,6.9,291.0,92.0,20.5,44.7,23.2,238.3,75.3,,183.4,403.6,2.7,5.8,1.8,2.1,69.1,7.0,74.7,171.9,1.4,302.6,224.9,3.5,247.4,21.7,114.7,4.3,53.3,3113.3000000000006
2020-03-24,,175.4,2.0,21.3,69.9,2.3,80.8,12.9,4.6,46.0,7.2,263.0,85.9,15.6,42.8,23.9,231.2,69.9,,178.9,394.4,2.6,5.3,1.7,2.0,74.7,5.0,69.6,171.4,1.5,290.7,210.7,3.6,241.6,19.5,106.4,2.1,38.1,2974.5
2020-03-25,,162.1,2.1,19.5,72.7,2.3,75.2,3.2,1.7,46.1,6.2,238.2,76.7,12.8,44.6,24.2,214.9,66.7,,160.0,357.9,2.3,5.0,1.5,2.1,79.1,4.2,63.1,161.2,1.4,256.3,207.4,3.5,239.9,18.2,107.8,1.8,34.9,2776.7999999999997
2020-03-26,,159.7,2.0,19.1,73.3,2.3,73.4,2.2,1.5,44.1,6.9,207.5,74.7,12.0,43.2,23.2,213.6,65.7,,150.3,328.0,2.5,4.7,1.6,2.1,82.7,4.1,66.9,127.9,1.3,245.9,202.5,3.2,238.9,18.0,111.8,1.4,34.3,2652.5
2020-03-27,,160.4,2.0,20.6,76.3,2.4,77.0,2.0,1.4,44.4,7.0,192.3,65.9,12.9,42.9,23.7,217.4,66.6,,131.8,348.2,2.5,4.3,1.8,2.1,80.7,4.1,57.6,105.8,1.3,244.7,202.7,3.1,217.3,17.0,117.0,1.3,33.6,2592.1000000000004
2020-03-28,,161.0,1.9,21.0,67.3,2.2,73.6,1.7,1.4,42.4,6.8,201.7,64.8,12.6,40.9,23.0,214.6,67.5,,142.8,351.0,2.4,3.7,1.5,2.0,82.8,4.1,56.1,123.5,1.3,244.5,208.6,3.6,219.4,16.9,125.2,1.9,32.9,2628.6
2020-03-29,,160.4,1.8,20.0,65.3,2.2,71.9,1.6,1.3,41.8,6.9,203.5,66.5,12.7,45.3,21.9,215.7,67.8,,150.4,348.4,2.4,3.4,1.6,1.9,80.1,4.0,60.0,131.8,1.1,242.7,206.5,3.4,220.4,16.8,125.7,1.1,30.9,2639.2
2020-03-30,,162.7,2.0,20.5,69.4,2.2,67.8,1.7,1.4,43.1,6.7,212.0,68.1,12.5,41.9,22.8,218.2,69.3,,155.6,345.2,2.5,3.4,1.6,2.1,76.1,4.2,62.7,141.4,1.2,244.1,203.2,3.9,220.8,17.3,126.1,0.8,30.5,2665.0
2020-03-31,,164.2,1.5,20.9,71.2,2.3,72.6,0.0,1.4,42.9,7.1,217.1,66.7,13.0,40.2,23.4,221.6,70.2,,158.9,344.3,2.4,3.4,1.6,2.0,77.3,4.2,63.6,141.3,1.3,245.2,204.8,3.9,234.8,17.8,128.0,0.8,32.4,2704.3
2020-04-01,,163.7,1.5,20.9,77.4,2.2,73.4,1.7,1.4,44.9,7.2,221.5,66.8,12.6,43.5,23.0,220.7,70.3,,162.7,353.3,2.4,3.4,1.6,2.0,73.2,4.2,63.5,145.1,1.1,243.9,200.5,3.8,241.2,18.2,127.6,0.7,30.3,2731.4000000000005
2020-04-02,,165.8,1.5,19.7,78.3,2.2,75.7,1.7,1.5,43.8,7.2,224.0,71.3,12.4,43.4,23.3,226.7,71.4,,165.5,369.8,2.4,3.4,1.5,2.0,72.8,4.3,68.0,147.7,1.0,246.5,202.4,3.6,246.2,18.3,131.6,0.6,30.3,2787.8
2020-04-03,,165.2,1.4,19.5,76.1,2.2,75.4,1.8,1.5,43.5,7.2,229.7,70.3,13.3,43.2,24.0,226.2,71.4,,165.4,376.0,2.3,3.6,1.5,2.1,70.7,4.3,72.1,149.0,1.3,250.2,194.0,2.6,241.2,18.9,136.8,0.6,29.3,2793.7999999999997
2020-04-04,,163.2,1.5,19.8,75.1,2.2,70.8,1.8,1.5,44.1,7.2,232.2,71.2,12.5,41.5,24.1,228.8,71.7,,165.8,378.0,2.3,3.8,1.6,2.0,70.3,4.3,70.5,148.9,1.2,250.6,189.8,3.1,241.3,18.5,138.9,0.6,30.0,2790.7
2020-04-05,,162.0,1.5,19.1,74.6,2.2,70.5,1.8,1.4,44.3,6.8,231.5,74.2,11.9,40.7,22.7,214.5,65.5,,164.3,376.5,2.3,3.5,1.5,2.1,69.1,4.4,73.9,146.2,1.0,245.5,188.2,3.4,236.8,18.4,140.1,0.6,29.2,2752.2
2020-04-06,,164.1,1.5,20.4,73.4,2.2,73.8,1.9,1.6,45.8,7.4,240.2,75.8,12.4,40.6,22.7,199.8,64.7,,166.2,377.2,2.4,3.6,1.5,2.1,71.4,4.5,75.8,149.5,1.3,247.0,179.5,4.0,241.4,18.5,134.7,0.7,27.8,2757.3999999999996
2020-04-07,,160.3,1.5,20.3,76.5,2.3,74.2,1.9,1.6,47.6,7.3,242.8,73.2,12.6,43.4,22.9,182.0,62.8,,169.0,381.2,2.3,3.5,1.5,2.0,69.4,4.6,69.6,148.6,1.4,235.1,164.2,4.0,249.0,19.1,139.9,0.6,28.8,2727.0
2020-04-08,,155.6,2.1,20.1,79.1,2.3,72.4,2.0,1.7,46.1,7.2,241.1,70.3,13.3,42.9,20.5,187.8,63.8,,168.2,378.2,2.2,3.6,1.6,2.1,63.8,4.7,72.4,150.1,1.2,237.5,165.4,4.5,248.0,19.5,136.4,0.7,28.2,2716.6
2020-04-09,,130.6,2.0,18.2,82.8,2.3,77.2,2.0,1.8,47.5,7.2,243.8,73.8,13.1,41.2,21.0,186.6,64.2,,171.8,383.2,2.8,3.3,1.6,2.2,63.0,4.6,74.0,150.6,1.0,224.4,167.8,3.4,252.4,19.7,124.2,0.6,29.1,2695.0
2020-04-10,,139.7,1.4,12.2,83.2,2.3,75.1,2.1,1.9,48.4,6.6,246.0,76.7,13.2,41.7,22.3,184.1,62.9,,174.0,383.1,2.1,3.7,1.5,2.1,69.4,4.6,75.9,155.5,1.1,207.8,165.5,3.8,260.3,20.3,137.3,0.7,29.2,2717.7
2020-04-11,,148.7,1.7,17.5,84.3,2.3,76.0,2.2,1.9,50.1,6.9,247.4,79.3,13.0,43.7,22.6,197.1,66.8,,176.4,387.1,2.1,3.7,1.5,2.1,70.5,4.7,77.7,158.3,1.2,222.7,168.9,3.9,265.9,20.1,142.5,0.7,29.4,2800.8999999999996
2020-04-12,,154.9,1.5,19.2,82.8,2.4,78.2,2.2,1.9,52.4,7.1,249.5,79.7,12.1,40.7,22.7,198.4,67.9,,177.2,392.2,2.1,3.9,1.5,2.3,72.8,4.5,78.2,159.5,0.9,228.2,167.8,3.1,271.0,20.1,130.3,0.7,28.9,2818.8
2020-04-13,,158.7,1.6,21.7,88.8,2.6,78.3,2.4,2.1,56.4,7.7,260.7,83.4,13.1,40.4,24.8,206.6,70.8,,179.9,391.7,2.0,4.2,1.6,2.3,74.8,4.7,82.0,162.7,1.2,239.1,164.6,4.0,282.3,21.3,143.3,0.8,30.8,2913.4
2020-04-14,,160.9,1.7,21.3,91.6,2.7,78.9,2.4,1.9,60.8,7.7,263.5,88.5,12.8,43.2,23.5,208.4,70.8,,180.8,392.2,2.4,4.2,1.7,2.2,78.5,4.8,88.1,168.6,1.2,243.8,167.4,4.3,290.0,21.1,151.4,0.8,32.6,2976.7
2020-04-15,,163.0,1.2,16.4,70.3,2.9,77.5,2.4,2.2,62.8,7.9,261.7,91.5,13.3,40.7,21.8,217.0,70.6,,180.7,395.0,1.9,3.6,1.3,1.7,77.8,4.9,84.5,170.4,1.3,248.2,159.7,3.4,289.0,22.1,137.6,1.3,31.0,2938.6
2020-04-16,,165.0,1.3,15.9,82.7,3.0,78.3,2.5,2.3,63.0,8.2,264.5,91.8,14.0,42.9,23.5,219.8,69.5,,182.2,402.2,1.8,3.7,1.6,1.9,76.2,5.1,85.4,169.7,1.2,252.5,157.8,3.2,293.3,22.5,127.2,1.6,31.0,2968.2999999999997
2020-04-17,,166.6,1.4,15.2,82.9,2.9,83.4,2.6,2.4,65.2,8.1,269.0,89.2,14.1,39.7,24.6,219.0,71.0,,188.7,401.9,1.9,3.6,1.6,2.0,77.9,5.2,83.3,169.2,1.2,254.9,157.7,3.2,290.0,22.9,130.9,1.0,30.8,2985.2
2020-04-18,,171.0,1.4,14.9,81.0,2.6,79.5,2.7,2.5,62.1,8.1,263.7,83.5,11.8,42.4,24.4,204.4,72.1,,182.1,400.2,2.0,3.8,1.3,2.0,69.4,5.5,67.8,170.4,1.1,259.0,152.7,2.4,280.4,21.6,125.8,1.3,31.0,2907.9
2020-04-19,,168.7,1.4,15.8,80.8,2.5,76.5,2.7,2.3,57.8,7.8,261.3,86.6,12.1,46.6,24.4,196.4,69.6,,179.6,380.5,2.5,4.0,1.4,2.0,69.7,5.4,77.9,171.8,1.0,253.7,143.8,3.3,280.3,21.6,118.8,0.8,30.5,2861.9
2020-04-20,,170.6,1.4,15.5,70.2,2.6,77.9,2.9,2.5,59.9,8.2,265.8,86.1,13.9,45.5,22.6,207.4,71.7,,182.2,388.6,2.3,3.7,1.5,2.1,78.2,5.7,75.3,154.1,1.3,255.6,145.1,3.4,268.3,22.1,118.4,0.9,30.7,2864.2
2020-04-21,,169.3,1.1,14.8,64.0,2.4,70.6,3.0,2.7,56.8,8.2,268.0,84.4,13.9,40.4,18.8,207.2,71.3,,185.8,399.1,2.1,3.8,1.4,1.4,64.6,5.6,68.5,163.0,1.3,255.0,142.9,3.5,260.2,22.6,82.4,1.2,27.7,2789.0000000000005
2020-04-22,,170.1,1.4,14.3,72.8,2.6,75.1,3.2,2.7,58.6,8.6,275.8,89.7,14.4,45.9,20.6,207.9,70.7,,189.3,405.7,2.3,4.0,1.4,2.0,63.6,5.8,81.2,171.0,1.4,260.5,142.4,3.3,283.0,23.1,95.1,1.1,29.2,2899.8000000000006
2020-04-23,,170.5,1.3,16.8,75.3,2.7,75.2,3.3,2.8,59.9,8.9,278.9,92.4,14.2,43.9,19.0,205.5,70.6,,186.2,410.2,2.1,4.1,1.4,1.8,67.3,5.7,83.7,167.2,1.5,261.7,144.9,2.9,284.4,23.3,99.8,1.2,28.9,2919.4999999999995
2020-04-24,,169.4,1.4,16.5,71.8,2.8,74.5,3.4,2.9,59.5,9.2,280.6,94.2,14.1,44.6,21.1,193.5,69.9,,187.9,412.7,2.2,4.1,1.4,1.8,56.5,5.8,91.0,170.6,1.5,260.8,146.0,2.9,293.6,22.8,93.3,1.5,31.8,2917.6000000000004
2020-04-25,,159.1,1.3,17.0,73.6,2.8,72.5,3.8,2.9,62.2,9.5,275.4,96.6,14.6,42.4,22.3,198.2,70.3,,183.3,404.4,2.1,4.3,1.4,1.8,55.0,5.6,91.6,168.0,1.4,259.0,140.9,2.9,296.3,23.9,97.8,1.5,30.3,2896.0000000000005
2020-04-27,,150.9,2.0,19.6,71.9,2.6,64.1,4.7,3.1,51.2,9.7,286.2,86.6,14.0,40.8,20.4,201.7,66.2,,168.3,405.7,2.3,4.1,1.6,2.0,63.0,5.2,81.5,165.4,1.4,230.9,137.0,3.4,222.1,20.1,97.7,2.1,30.4,2739.8999999999996
2020-04-28,,155.8,1.5,19.9,67.1,2.6,67.5,5.1,3.3,58.4,9.3,291.0,93.4,14.7,41.5,20.3,206.8,68.5,,182.2,408.1,2.1,4.2,1.4,2.1,66.1,5.4,89.6,180.1,1.3,236.3,131.8,3.4,249.0,21.6,91.6,1.6,30.1,2834.7
2020-04-29,,142.2,1.5,19.8,74.1,2.8,68.2,5.4,3.4,63.0,10.0,294.3,102.4,15.6,41.8,21.4,184.0,65.4,,186.1,408.8,2.1,4.0,1.4,1.9,65.5,5.4,96.5,188.8,1.3,221.8,130.5,3.4,276.4,22.6,97.1,1.5,30.8,2861.2000000000003
2020-04-30,,151.3,1.4,21.5,83.8,3.0,70.9,5.7,3.5,66.1,10.1,296.2,108.4,16.1,41.2,22.5,189.7,67.7,,189.2,405.1,2.2,4.4,1.4,1.8,67.5,5.7,103.4,190.9,1.3,228.8,140.2,3.1,287.7,22.4,106.8,1.6,32.2,2954.8
2020-05-01,,151.8,1.5,21.8,70.2,3.1,73.0,5.3,2.8,69.6,9.1,292.6,114.4,15.9,41.4,21.8,189.7,67.5,,186.9,400.2,2.2,4.2,1.4,1.9,67.4,5.4,109.0,198.4,1.0,234.4,133.8,3.7,268.6,21.7,101.9,2.4,32.2,2928.2
2020-05-02,,157.9,1.7,21.7,71.3,3.2,74.7,5.8,3.3,68.3,9.7,295.5,112.5,16.7,38.3,22.0,187.9,70.5,,193.3,409.9,2.0,4.0,1.4,1.8,70.2,6.2,109.0,206.6,1.3,245.3,137.0,4.5,287.1,23.3,95.5,3.7,34.4,2997.5000000000005
2020-05-03,,163.9,1.3,21.4,81.8,2.9,77.3,6.0,3.3,64.8,9.4,289.9,89.5,16.1,37.8,23.7,184.0,69.1,,191.0,414.1,2.3,4.0,1.5,2.1,78.2,5.8,88.2,187.7,1.0,250.0,141.8,3.9,282.8,21.2,103.2,3.5,37.0,2961.5
2020-05-04,,167.5,1.4,24.6,84.7,3.0,72.1,6.7,3.5,61.2,10.5,294.1,91.0,17.6,38.7,23.5,195.8,74.0,,178.5,416.5,2.5,4.3,1.5,2.1,76.2,6.4,91.2,171.6,1.3,263.3,144.6,3.6,280.0,22.3,120.1,4.1,40.4,3000.4
2020-05-05,,170.6,1.3,22.8,70.8,3.2,70.8,7.3,3.8,65.8,10.6,294.8,108.2,18.4,40.7,22.6,204.2,72.4,,174.6,421.3,2.4,4.3,1.3,2.0,80.6,6.6,100.5,185.3,1.4,271.8,146.9,3.4,260.8,25.3,127.0,4.1,42.1,3050.0000000000005
2020-05-06,,171.9,1.8,21.9,74.7,3.3,70.8,7.5,3.9,68.5,10.4,300.2,106.9,19.9,39.2,18.1,204.0,68.1,,181.1,431.5,2.3,4.4,1.6,2.1,69.7,6.9,105.4,178.8,1.3,279.6,146.1,3.3,269.3,25.3,107.4,3.5,38.7,3049.4
2020-05-07,,171.7,1.9,21.8,71.3,3.2,65.6,7.6,3.9,65.7,10.6,303.6,109.1,17.4,41.9,21.5,205.2,69.8,,186.8,427.2,2.2,4.6,1.7,2.0,72.6,7.3,112.9,192.5,1.2,281.7,141.8,1.4,257.6,22.7,116.0,1.3,43.1,3068.4
2020-05-08,,174.8,1.7,23.0,76.1,3.3,68.2,7.9,3.9,71.8,10.6,304.0,120.2,19.2,44.1,22.9,199.3,71.3,,197.2,428.6,2.2,4.8,1.5,2.1,73.6,7.4,121.1,208.7,1.3,288.1,145.4,3.3,300.3,26.5,112.9,1.1,44.6,3193.0000000000005
2020-05-09,,177.3,1.8,25.0,85.7,3.4,67.9,7.8,4.0,75.0,10.4,302.8,126.3,19.6,42.9,22.8,205.6,72.7,,197.3,432.1,2.3,4.9,1.7,2.2,74.7,7.3,129.2,214.8,1.4,292.4,147.8,4.6,316.6,28.0,130.7,1.9,46.4,3287.2999999999997
2020-05-10,,175.6,1.8,26.5,87.5,3.0,69.2,7.5,3.7,69.4,9.5,299.7,101.3,16.5,36.1,20.5,192.6,68.6,,180.1,407.7,2.3,4.7,1.7,2.2,74.9,7.1,110.1,205.2,1.1,289.3,139.9,4.7,251.6,21.4,131.3,3.6,43.7,3071.5999999999995
2020-05-11,,180.6,1.9,27.1,68.2,3.2,72.9,7.8,4.0,67.7,10.6,305.2,110.5,20.1,40.4,20.3,199.4,72.5,,173.9,392.5,2.4,4.7,1.7,2.3,76.9,7.7,116.2,204.7,1.3,303.8,142.8,4.2,217.0,23.5,120.0,12.8,44.5,3065.2999999999993
2020-05-13,,180.5,2.0,21.6,97.7,3.4,75.0,7.9,4.3,73.1,9.9,301.9,121.8,21.4,43.2,23.5,214.7,72.7,,196.0,421.3,2.5,4.7,1.5,2.1,80.4,7.2,123.5,203.5,1.4,296.1,150.8,4.6,312.5,28.6,140.3,13.2,48.7,3313.5
2020-05-14,,174.5,2.2,21.5,97.1,3.3,78.7,7.8,4.0,72.2,9.8,303.4,113.6,20.7,38.3,22.3,214.5,73.2,,202.0,411.2,2.4,4.7,1.7,2.2,81.9,7.3,115.0,215.1,1.3,302.7,154.9,4.1,322.0,28.9,143.5,13.4,48.7,3320.099999999999
2020-05-15,,181.9,2.0,22.2,100.6,3.4,79.3,7.5,4.2,72.0,10.0,306.3,120.4,21.9,43.2,23.2,209.5,71.9,,202.8,405.4,2.3,5.1,1.6,2.1,81.2,7.6,121.2,219.7,1.2,303.5,156.8,4.2,339.7,30.1,145.2,13.9,49.7,3372.7999999999997
2020-05-16,,185.5,1.9,22.1,101.9,3.5,76.5,7.6,4.3,73.3,8.9,306.5,128.5,22.4,43.8,25.9,204.1,71.2,,205.5,405.1,2.2,5.1,1.5,2.4,81.3,7.4,129.8,225.2,0.9,296.5,152.8,4.2,350.6,30.5,151.7,16.2,53.0,3409.7999999999993
2020-05-17,,177.6,1.9,21.5,101.6,3.4,75.7,7.3,3.8,75.7,9.1,299.7,128.2,20.6,43.0,26.3,192.5,63.7,,204.5,404.9,2.4,4.8,1.5,2.2,81.3,6.8,135.7,220.8,0.9,277.3,144.2,4.6,361.1,28.0,149.0,16.3,51.4,3349.3
2020-05-18,,174.1,1.9,27.6,105.9,3.8,76.3,7.4,4.2,78.7,10.3,303.5,135.5,22.4,43.3,26.9,169.2,63.3,,205.3,418.3,2.6,5.0,1.5,2.1,83.4,7.0,142.3,225.6,1.3,270.5,149.5,5.5,367.1,30.6,157.7,14.9,52.9,3397.4
2020-05-19,,164.7,1.9,30.9,102.2,3.9,76.2,7.9,4.4,81.3,10.5,307.0,134.0,23.6,44.2,26.5,174.0,65.6,,208.3,420.9,2.6,5.2,1.7,2.1,74.2,6.9,143.6,231.8,1.2,274.7,151.3,4.1,370.6,31.7,148.2,14.8,52.7,3405.3999999999996
2020-05-20,,175.5,2.0,28.4,93.3,4.0,74.8,8.1,4.4,82.3,10.6,308.6,139.8,23.8,45.3,19.3,188.0,70.1,,203.8,426.2,2.4,5.0,1.6,2.2,57.4,7.7,145.4,230.0,1.2,296.7,159.8,3.7,383.2,32.9,75.1,15.0,47.3,3374.8999999999996
2020-05-21,,186.9,2.1,20.2,81.6,4.2,78.0,8.2,4.5,84.8,10.6,316.6,142.4,24.3,43.4,17.3,196.5,71.2,,207.2,434.5,2.8,4.4,1.5,2.3,70.0,7.8,160.4,233.5,1.1,302.2,166.9,3.7,382.7,33.7,51.5,16.6,47.3,3422.9
2020-05-22,,192.3,2.0,21.7,92.5,4.5,79.2,8.6,4.5,91.7,10.3,317.1,154.5,24.8,44.9,23.4,201.3,72.4,,209.3,442.1,2.4,4.7,1.7,2.3,77.2,8.2,168.2,237.2,1.3,306.5,173.3,4.1,402.6,35.2,78.3,16.3,52.5,3569.1
2020-05-23,,195.9,1.5,23.6,98.6,4.6,79.4,8.1,4.6,95.2,10.6,315.2,158.0,24.1,41.2,27.3,201.2,74.0,,216.6,443.5,2.5,5.1,1.4,2.1,84.5,8.1,171.0,244.1,1.3,311.9,168.1,4.7,417.5,36.1,102.9,16.5,54.7,3655.6999999999994
2020-05-24,,194.0,1.6,22.9,109.2,4.5,83.8,8.7,4.1,98.0,10.0,312.2,154.3,22.4,46.2,27.7,192.6,69.7,,216.2,447.4,2.4,4.6,1.6,2.1,85.0,7.6,168.3,245.8,0.9,302.2,172.3,4.3,426.9,34.6,118.4,17.3,55.0,3674.7999999999997
2020-05-25,,191.6,1.5,20.0,105.8,5.0,85.8,9.0,4.4,101.5,10.6,319.8,162.7,24.5,47.4,28.3,200.9,75.9,,220.3,457.9,2.4,4.3,1.7,2.1,85.8,8.0,175.9,249.6,1.1,306.3,177.1,4.6,426.5,36.1,113.4,17.3,55.3,3740.4
2020-05-26,,193.5,1.3,15.7,108.9,5.4,87.1,9.3,4.7,106.9,10.9,323.1,167.8,25.4,44.4,27.8,187.3,77.4,,218.0,462.7,1.8,3.7,1.3,1.6,86.7,8.3,184.3,253.8,1.2,318.9,176.3,3.9,425.3,36.3,120.2,17.5,56.6,3775.3
2020-05-27,,194.8,1.4,17.8,79.3,5.5,86.7,9.2,4.8,110.4,10.8,321.1,168.2,25.6,41.3,24.4,187.0,77.7,,218.3,460.7,1.8,4.2,1.6,1.8,88.2,8.2,182.7,260.7,1.2,324.6,176.9,1.9,395.3,35.5,104.5,17.3,53.8,3705.2
2020-05-28,,195.4,1.6,23.4,79.0,5.0,90.0,9.4,4.6,105.6,10.7,321.5,139.3,24.2,43.3,22.2,192.1,74.3,,210.9,457.3,2.2,4.8,1.3,2.1,79.3,7.8,150.3,249.4,1.3,307.0,180.5,3.2,350.0,34.1,89.8,16.8,51.7,3541.4
2020-05-29,,193.3,1.9,24.0,95.5,4.3,82.5,8.9,4.8,88.4,10.9,323.9,109.0,24.7,44.1,23.4,192.8,69.8,,203.7,462.6,2.5,5.2,1.4,2.1,73.6,7.9,134.0,250.1,1.2,298.8,182.4,3.7,337.1,33.8,113.9,17.4,53.7,3487.2999999999997
2020-05-30,,186.4,1.9,25.6,91.0,4.0,74.6,9.3,4.8,81.8,10.6,326.6,119.6,23.4,42.2,24.9,183.5,70.5,,206.1,461.3,2.5,5.4,1.7,2.0,75.1,8.0,143.9,197.7,1.2,306.6,164.0,3.6,311.1,32.4,129.5,17.6,53.2,3403.6
2020-05-31,,184.1,2.0,25.1,78.0,3.4,73.9,9.1,4.4,73.3,9.1,319.2,96.1,19.6,41.8,21.2,168.5,63.5,,204.8,443.4,2.2,5.5,1.7,2.2,84.9,7.2,127.5,186.9,0.9,288.5,145.9,4.1,282.0,28.2,120.4,16.0,48.3,3192.8999999999996
2020-06-01,,178.2,1.5,24.2,94.1,3.9,72.7,9.2,4.5,74.6,9.1,325.4,109.4,22.7,41.3,20.3,164.5,68.3,,200.7,388.3,2.5,5.2,1.5,2.5,80.3,7.7,134.9,197.4,1.2,303.3,138.5,4.4,331.0,29.4,123.1,15.9,54.9,3246.6
2020-06-02,,172.0,2.0,24.8,99.6,4.0,73.7,9.2,4.6,81.1,8.2,314.4,119.1,24.3,42.7,23.6,155.9,65.6,,184.4,374.1,2.4,5.0,1.6,2.2,75.6,7.9,141.5,201.2,1.3,305.1,140.2,4.4,348.7,33.2,130.9,17.8,57.9,3260.1999999999994
2020-06-03,,175.3,2.0,23.2,106.7,4.1,76.8,7.1,2.8,85.7,7.7,301.9,127.1,24.6,43.3,26.6,144.6,65.6,,182.9,288.2,2.6,5.2,1.4,2.3,77.0,7.8,140.0,203.8,1.3,311.9,139.7,4.2,365.4,35.3,138.6,17.4,59.6,3209.6999999999994
2020-06-04,,174.3,2.0,23.9,100.7,4.1,76.4,8.9,4.1,85.1,8.4,298.3,126.0,24.9,44.4,25.0,166.4,66.3,,143.2,283.6,2.4,5.1,1.7,2.3,79.6,7.8,146.5,201.2,1.4,319.5,142.8,3.8,342.0,35.1,148.8,17.7,59.5,3183.2000000000003
2020-06-05,,181.6,1.9,26.0,74.0,3.9,74.9,10.0,4.9,81.0,8.8,288.9,121.4,25.3,42.8,24.7,177.3,66.4,,149.8,335.2,2.5,5.3,1.7,2.2,84.5,7.6,151.0,198.0,1.4,321.4,149.2,3.2,284.9,32.9,141.3,17.4,61.1,3164.3999999999996
2020-06-06,,186.6,1.7,24.2,85.3,3.9,76.5,10.0,5.1,80.2,8.4,279.5,129.4,24.7,35.0,26.5,175.2,64.2,,162.3,357.0,2.4,4.5,1.7,2.1,93.9,7.6,143.4,206.1,1.4,299.3,153.9,4.3,324.9,34.2,157.4,12.4,62.3,3247.4999999999995
2020-06-07,,182.6,2.0,27.2,99.8,3.5,78.5,10.4,5.1,79.8,7.6,261.7,116.8,21.5,38.2,26.9,170.2,57.1,,170.2,366.4,2.4,5.1,1.7,2.1,91.1,7.0,142.2,205.9,1.0,279.2,151.9,4.4,344.5,32.3,149.0,14.4,60.6,3220.2999999999997
2020-06-08,,184.3,1.8,28.6,108.3,4.5,78.8,10.9,5.2,88.0,8.5,271.0,134.9,25.1,39.9,27.3,187.7,64.1,,179.3,385.6,2.5,5.4,1.8,2.3,82.5,7.8,158.9,221.7,1.3,302.4,160.2,4.5,384.5,37.1,155.4,17.5,61.9,3441.5000000000005
2020-06-09,,178.8,1.7,32.2,110.9,5.0,80.5,11.5,5.3,97.5,9.4,279.5,151.9,26.3,38.0,27.7,196.2,67.9,,187.0,405.9,2.4,5.4,1.7,2.2,82.9,7.9,178.4,237.0,1.3,314.5,165.6,4.9,415.2,39.1,167.1,17.7,61.7,3618.2
2020-06-10,,167.0,1.9,33.5,115.8,5.3,80.2,11.7,5.3,103.8,9.4,289.1,160.1,26.0,40.1,28.8,194.6,66.8,,189.1,407.8,2.5,5.5,1.8,2.3,83.0,7.9,207.2,244.7,1.3,310.8,151.5,4.4,432.5,40.4,169.8,18.2,62.8,3682.9
2020-06-11,,144.6,2.2,33.1,115.5,5.6,76.9,11.7,5.4,107.4,9.1,281.9,164.4,27.2,41.7,28.3,170.8,65.3,,189.5,389.4,2.5,5.1,1.8,2.4,83.4,7.6,225.4,243.2,1.4,294.2,138.9,4.5,435.7,40.3,160.4,18.7,62.2,3597.7
2020-06-12,,140.7,2.1,31.7,113.0,6.1,73.8,11.7,5.4,113.1,8.6,288.0,173.9,28.5,43.9,24.8,165.3,64.3,,187.9,374.9,2.5,5.3,1.7,2.3,82.1,7.6,236.6,243.7,1.3,289.0,137.3,3.6,434.7,41.3,146.0,18.0,61.5,3572.2000000000003
2020-06-13,,150.4,2.1,32.0,105.6,5.6,74.3,11.8,5.4,103.9,8.0,273.4,165.6,27.7,42.9,25.1,169.9,62.7,,183.2,366.4,2.6,5.6,1.5,2.2,82.0,7.7,238.7,241.3,1.2,299.3,144.7,3.9,438.0,40.0,146.2,17.4,59.9,3548.2000000000003
2020-06-14,,161.6,2.1,30.4,104.5,5.2,78.0,11.3,4.8,101.8,8.0,263.5,163.9,25.1,42.8,24.3,162.4,56.9,,172.8,353.0,2.5,5.4,1.6,2.2,78.8,7.3,245.9,237.4,0.9,287.3,147.9,4.6,426.0,37.3,141.0,17.7,58.0,3474.1999999999994
2020-06-15,,173.0,2.1,31.6,97.2,6.3,75.7,11.9,5.2,111.7,9.7,274.0,183.7,26.4,44.6,23.6,175.8,65.2,,172.8,364.1,2.6,5.4,1.6,2.1,78.5,8.1,264.4,251.1,1.3,314.2,154.7,5.0,432.1,38.9,147.9,17.8,59.7,3639.9999999999995
2020-06-16,,169.8,2.1,33.2,91.8,6.4,73.7,12.2,5.4,116.7,9.7,295.2,191.6,27.4,44.6,24.4,178.9,66.1,,174.0,362.4,2.9,5.4,1.7,1.9,78.4,8.4,273.0,262.8,1.4,321.2,146.2,4.9,424.5,40.6,151.2,18.8,58.5,3687.4000000000005
2020-06-17,,165.0,2.1,32.7,99.0,6.7,72.6,12.1,5.3,120.2,8.3,293.0,199.2,27.9,45.6,24.2,174.3,65.7,,170.8,356.0,2.4,5.2,1.6,2.3,78.7,8.4,278.0,270.4,1.4,326.3,142.5,4.2,424.3,40.0,149.5,18.0,60.1,3693.9999999999995
2020-06-18,,166.1,2.0,29.2,98.3,6.9,76.1,12.3,5.0,120.5,8.5,304.4,207.5,28.4,45.5,23.8,176.4,64.5,,171.7,353.9,2.5,5.3,1.7,2.3,82.2,8.3,282.1,278.2,1.1,322.8,143.0,3.8,427.3,41.6,150.0,17.8,60.0,3731.000000000001
2020-06-19,,169.9,2.3,31.6,95.3,6.2,80.7,12.4,4.6,126.0,9.7,313.9,211.9,27.4,40.9,26.1,184.4,64.2,,169.1,356.7,2.8,5.6,1.7,2.4,93.1,8.4,262.3,280.3,1.3,318.6,149.3,4.5,429.2,40.9,156.4,17.2,60.0,3767.3
2020-06-20,,172.6,2.3,32.4,95.2,6.4,75.1,12.4,4.6,107.3,10.5,317.2,195.6,27.6,44.4,25.1,186.1,64.1,,169.6,370.5,2.8,5.6,1.7,2.4,90.8,8.2,269.0,264.6,1.3,313.0,156.9,4.8,401.3,41.4,160.1,17.2,59.5,3719.6
2020-06-20,,172.6,2.3,32.4,95.2,6.4,75.1,12.4,4.6,107.3,10.5,317.2,195.6,27.6,44.4,25.1,186.1,64.1,,169.6,370.5,2.8,5.6,1.7,2.4,90.8,8.2,269.0,264.6,1.3,313.0,156.9,4.8,401.3,41.4,160.1,17.2,59.5,3719.6
2020-06-21,,170.4,2.1,31.7,99.4,5.0,72.2,12.1,3.5,97.9,8.2,296.1,175.1,27.0,44.7,24.3,183.3,57.7,,172.8,367.4,2.6,5.6,1.5,2.2,85.5,7.3,264.4,248.1,0.9,293.1,149.4,4.8,373.7,34.0,148.9,17.0,59.2,3549.1
2020-06-22,,169.7,2.0,33.3,99.0,5.5,65.1,12.5,4.6,101.9,8.9,306.1,180.6,27.9,44.5,25.2,190.7,61.8,,176.5,388.6,2.5,5.7,1.6,2.2,83.5,7.8,249.1,253.9,1.2,293.4,157.6,4.8,390.1,40.0,153.4,17.3,56.8,3625.2999999999993
2020-06-24,,176.9,1.9,30.7,109.3,5.7,76.6,13.0,5.4,107.3,8.9,311.5,202.4,27.5,41.4,25.8,196.0,66.9,,171.6,412.3,2.6,5.6,1.7,2.2,89.1,7.4,259.3,241.5,1.3,291.2,168.6,5.2,388.8,39.9,168.0,15.5,61.5,3740.4999999999995
2020-06-25,,171.8,2.0,26.9,93.4,5.7,85.8,13.2,5.4,106.6,9.3,311.2,198.8,27.2,42.4,25.3,192.5,67.2,,179.2,420.1,2.5,5.6,1.7,2.3,91.7,7.4,241.8,229.5,1.5,281.5,174.9,5.2,389.6,40.6,167.2,17.9,58.4,3703.3
2020-06-26,,173.8,2.1,25.7,89.6,6.0,86.2,13.2,5.5,108.4,9.2,317.6,203.2,28.4,41.8,24.8,173.2,65.6,,174.5,389.8,2.6,5.5,1.7,2.3,87.9,7.7,256.1,233.6,1.3,283.4,179.0,5.0,391.6,41.3,157.3,16.0,59.0,3669.9
2020-06-27,,173.6,2.1,24.7,99.2,6.2,87.1,13.2,5.4,106.6,9.2,321.5,206.3,27.7,43.0,26.8,174.9,63.1,,166.2,387.0,2.6,5.3,1.7,2.4,84.9,7.9,273.1,242.7,1.3,288.1,175.3,4.3,401.7,42.9,150.5,17.1,61.7,3707.3000000000006
2020-06-28,,168.7,2.1,25.4,92.9,6.1,86.1,12.1,4.9,112.5,8.5,318.3,209.5,26.6,39.5,25.1,163.9,58.6,,173.9,371.0,2.6,5.5,1.7,2.4,79.6,7.2,278.9,256.6,0.9,265.1,162.6,4.2,405.7,40.1,137.4,18.8,61.4,3636.4
2020-06-29,,167.9,1.9,28.4,97.0,6.7,85.5,13.1,5.2,119.8,9.1,332.3,218.3,26.2,36.4,25.5,174.8,64.1,,175.9,376.5,2.4,5.9,1.7,2.4,80.8,7.7,232.1,273.6,1.3,276.6,166.5,4.5,382.4,39.8,150.4,19.4,61.5,3673.6
2020-07-02,,155.8,1.9,29.4,111.0,6.7,95.6,13.2,5.1,125.9,8.9,315.8,236.1,29.3,44.1,27.6,171.3,64.1,,191.2,374.5,2.8,5.4,1.6,2.2,92.7,7.1,301.8,272.0,1.1,280.4,168.7,5.1,454.9,40.9,175.8,16.8,62.8,3899.6
2020-07-03,,153.3,2.0,31.1,107.3,7.2,97.1,13.3,5.4,128.0,8.3,323.0,240.7,29.7,44.9,26.6,161.2,62.1,,191.9,372.9,2.6,5.2,1.7,2.4,94.5,7.3,301.6,273.0,1.3,270.0,170.7,5.0,452.1,42.5,174.2,17.4,62.2,3889.6999999999994
2020-07-04,,151.8,2.1,31.9,98.7,6.4,87.1,13.2,5.2,118.5,8.1,312.8,232.5,26.3,38.0,27.8,157.6,61.5,,193.4,365.3,2.7,5.5,1.7,2.5,88.7,7.3,271.9,267.1,1.2,256.4,161.8,4.9,434.8,40.2,171.3,17.5,62.0,3735.7
2020-07-05,,141.1,2.0,31.4,107.8,4.8,88.6,12.2,4.4,95.9,7.6,280.3,131.1,21.8,37.1,27.2,149.5,57.5,,183.4,343.1,2.4,5.7,1.5,2.2,83.4,6.8,185.4,239.3,1.0,234.8,154.3,4.3,387.5,33.6,155.1,17.6,62.5,3304.2
2020-07-06,,148.5,1.9,30.9,102.9,6.0,83.3,12.6,4.7,104.7,8.7,269.0,183.3,27.1,40.7,24.3,166.9,62.4,,182.3,353.3,2.4,5.6,1.6,2.2,80.7,7.6,252.3,234.2,1.3,268.8,154.9,4.6,391.3,40.8,156.4,16.9,62.8,3497.8999999999996
2020-07-07,,161.4,2.0,32.3,102.4,5.9,89.4,12.7,5.0,99.9,8.9,261.2,190.9,29.0,44.0,25.8,171.6,62.2,,189.3,359.8,2.5,5.8,1.6,2.4,82.8,7.5,270.0,240.5,1.3,283.8,167.8,4.9,360.0,37.9,163.5,17.1,61.5,3564.6000000000004
2020-07-08,,167.4,1.9,31.7,110.7,5.4,95.3,13.3,5.2,98.9,9.0,262.4,177.5,26.2,40.7,26.4,165.8,63.0,,198.8,365.6,2.6,5.9,1.6,2.4,84.3,7.2,232.4,242.0,1.3,289.6,174.5,5.1,396.2,37.9,166.8,17.6,63.8,3596.4
2020-07-09,,151.5,2.1,30.4,100.2,5.9,95.7,13.8,5.2,107.4,8.8,270.8,194.3,28.1,41.7,26.3,157.7,63.1,,205.0,366.3,3.1,5.4,1.7,2.7,83.7,7.3,248.9,239.6,1.3,285.4,172.2,4.6,415.7,42.3,166.4,17.5,62.6,3634.7
2020-07-10,,150.7,2.0,28.6,99.8,6.2,93.8,13.7,5.3,116.1,9.0,276.2,214.0,29.4,43.6,25.0,156.5,62.9,,202.6,363.2,3.2,5.0,1.6,2.3,85.2,7.1,258.5,254.2,1.2,265.6,167.5,4.5,413.6,41.9,163.1,17.5,61.3,3651.9
2020-07-11,,149.0,1.9,27.5,98.8,5.3,94.1,13.8,5.3,104.7,8.7,271.9,178.4,28.6,40.2,24.7,158.9,64.0,,209.2,370.0,2.5,4.9,1.7,2.3,84.9,7.0,233.2,263.4,1.1,261.0,173.5,4.2,380.2,40.6,155.8,16.6,62.4,3550.2999999999997
2020-07-12,,149.7,2.1,26.0,104.2,4.4,91.3,13.4,4.8,96.3,7.5,254.1,142.7,23.8,38.6,25.5,152.1,59.2,,205.5,364.4,2.5,5.2,1.7,2.3,87.7,6.9,125.6,252.0,0.8,232.4,174.6,4.2,393.9,34.8,149.2,16.7,62.4,3318.4999999999995
2020-07-13,,153.0,1.9,28.1,98.8,5.4,91.4,13.4,5.0,97.8,8.3,272.2,169.0,28.0,44.4,25.9,169.2,64.0,,215.9,375.9,2.5,5.4,1.8,2.3,92.7,7.8,188.7,242.2,1.2,261.3,182.1,4.4,433.7,40.7,158.6,15.2,60.9,3569.1000000000004
2020-07-14,,151.3,1.9,29.7,106.3,6.2,87.1,13.9,5.3,115.6,8.6,288.3,197.8,29.4,45.2,26.6,167.6,65.3,,219.7,373.3,2.6,5.4,1.7,2.5,81.9,7.5,238.3,254.9,1.4,272.3,180.6,4.7,443.1,43.3,162.2,15.4,61.3,3718.2
2020-07-15,,141.0,2.0,30.0,111.5,6.0,86.9,14.0,5.3,118.6,8.5,286.2,209.4,28.6,43.1,26.3,155.1,65.2,,214.7,365.1,2.6,5.3,1.5,2.2,82.2,7.5,237.9,262.4,1.4,271.3,167.3,4.9,448.9,42.8,162.6,17.1,62.7,3698.1
2020-07-16,,139.0,2.0,32.1,117.6,6.2,91.1,14.1,5.2,116.0,8.4,273.0,214.1,29.3,43.8,27.3,138.5,62.6,,213.8,352.3,2.6,5.1,1.6,2.4,83.0,7.4,250.8,260.6,1.4,268.2,164.8,5.0,455.7,43.5,163.8,16.5,65.1,3683.8999999999996
2020-07-17,,145.8,1.9,32.0,120.0,6.5,94.9,14.1,5.3,117.8,8.1,277.4,213.6,29.5,41.9,28.6,143.6,58.3,,222.5,355.7,3.0,5.3,1.5,2.3,87.0,7.5,237.6,265.6,1.3,265.5,186.8,5.1,463.1,43.9,170.1,18.6,66.3,3747.9999999999995
2020-07-18,,148.0,1.8,30.3,119.1,6.4,97.9,14.0,5.3,113.7,8.0,282.9,206.5,30.5,44.7,29.1,146.7,59.9,,229.2,366.6,2.2,5.6,1.6,2.1,91.8,7.5,252.5,268.5,1.3,267.6,194.8,4.9,453.3,41.6,172.9,17.8,66.4,3793.0
2020-07-19,,147.8,1.9,28.4,99.9,5.7,99.1,13.7,4.8,101.8,7.4,281.3,186.7,26.9,39.7,26.5,140.3,57.0,,223.8,367.5,2.5,5.2,1.6,2.4,96.7,7.0,239.2,260.4,1.0,246.3,193.2,4.5,417.7,38.8,159.0,17.6,63.9,3617.2
2020-07-20,,151.2,1.9,26.8,91.0,6.1,96.8,14.1,5.1,99.7,8.1,290.2,172.5,28.0,41.0,27.0,144.6,62.5,,211.0,382.3,2.6,5.0,1.7,2.5,96.4,7.2,197.8,248.6,1.2,264.1,186.1,4.0,402.0,40.1,156.6,17.4,64.0,3557.2
2020-07-21,,153.0,1.7,28.4,96.7,5.1,98.3,14.4,5.4,88.6,8.9,307.4,132.7,27.4,36.8,25.5,146.2,64.1,,208.4,386.1,2.7,5.2,1.7,2.4,96.0,7.8,160.9,244.6,1.1,277.6,187.6,3.7,356.7,36.8,152.8,17.6,63.3,3453.5999999999995
2020-07-22,,159.6,1.7,30.4,103.0,4.8,93.4,13.8,5.4,84.8,8.7,313.5,134.2,27.4,42.1,24.7,158.7,66.7,,217.9,389.2,2.8,5.3,1.7,2.3,91.9,7.5,188.3,228.7,1.0,291.8,200.7,4.1,362.2,37.8,148.6,17.5,63.2,3535.4
2020-07-23,,154.4,1.3,31.6,98.8,5.2,88.2,14.4,5.4,88.2,9.1,321.1,155.3,28.5,44.0,24.9,162.1,66.8,,217.3,381.7,2.5,5.4,1.6,2.2,86.6,7.9,214.8,244.1,1.0,296.8,173.0,4.5,400.1,39.0,136.5,17.5,63.4,3595.2
2020-07-24,,150.9,1.2,31.5,102.3,5.7,89.9,14.4,5.5,96.4,9.0,327.0,175.3,29.7,44.1,25.7,158.3,64.3,,217.8,363.7,2.5,5.5,1.6,2.2,89.7,7.7,230.7,228.0,1.0,289.2,180.1,4.5,421.0,39.3,147.1,18.0,62.4,3643.2
2020-07-25,,151.5,1.4,32.3,109.9,5.6,92.0,14.3,4.2,96.3,8.7,305.4,184.1,29.0,42.4,26.7,149.3,63.2,,218.7,362.2,2.7,5.4,1.5,2.3,84.4,7.6,250.2,224.4,1.0,278.6,181.0,4.7,424.8,39.0,151.3,17.3,63.9,3637.3
2020-07-26,,151.2,1.8,30.8,116.4,5.4,99.0,14.0,4.8,99.2,8.3,288.4,185.7,23.8,43.0,27.3,139.3,59.2,,218.2,357.6,2.8,5.3,1.6,2.1,87.9,6.9,263.5,230.2,0.9,231.3,188.4,5.0,436.5,37.5,164.6,18.1,64.1,3620.1000000000004
2020-07-27,,160.6,1.9,30.4,115.1,6.5,104.6,14.3,5.0,112.7,8.6,308.3,202.1,23.3,44.2,26.6,156.9,65.4,,231.4,376.6,2.7,5.2,1.5,2.4,88.4,7.7,278.4,250.7,1.1,272.2,209.4,4.8,469.1,41.1,174.1,17.5,62.8,3883.6
2020-07-28,,167.2,2.1,32.1,99.4,6.6,102.4,14.3,5.4,117.5,8.8,320.8,216.7,25.3,41.2,27.1,165.1,66.0,,231.9,385.9,2.6,5.2,1.7,2.4,87.6,7.6,292.2,266.5,0.9,279.2,211.9,4.6,443.9,39.8,167.1,19.4,63.0,3931.3999999999996
2020-07-29,,163.5,3.0,31.9,105.4,6.2,101.9,14.6,5.4,111.9,8.9,323.9,211.4,28.8,40.5,27.7,163.9,60.3,,215.5,384.8,2.6,5.2,1.7,2.4,88.3,7.2,291.2,273.8,1.0,268.2,197.2,4.5,388.7,37.8,152.5,17.3,61.6,3810.7
2020-07-30,,167.1,1.7,30.2,103.2,5.5,108.1,14.7,5.5,101.7,8.7,322.8,170.0,30.1,39.0,27.6,161.2,59.7,,219.0,386.9,2.7,5.2,1.7,2.5,89.7,7.3,230.1,260.7,1.0,266.1,208.3,4.8,399.3,37.7,164.9,16.8,63.4,3724.9
2020-07-31,,170.5,1.5,31.9,105.6,5.7,109.7,14.4,5.5,105.7,8.4,316.8,182.8,30.7,43.6,27.3,164.8,58.7,,226.8,383.9,2.6,5.2,1.6,2.2,91.0,7.7,244.8,244.7,1.0,274.3,215.3,4.8,403.8,38.7,172.3,17.6,63.1,3785.0
2020-08-01,,161.1,1.4,32.6,109.6,5.0,105.9,14.1,5.3,98.5,8.7,311.9,187.1,30.0,40.5,27.5,156.6,59.4,,226.5,378.9,2.6,5.0,1.6,2.2,90.4,7.6,239.6,242.9,0.9,258.2,200.6,4.9,406.7,37.6,168.6,17.2,62.3,3709.499999999999
2020-08-06,,155.7,1.9,37.2,88.0,6.5,90.1,14.3,5.5,111.7,8.8,277.8,208.8,31.3,46.0,25.1,140.5,57.1,,193.0,350.3,2.6,5.2,1.6,2.3,83.1,8.3,276.9,235.2,0.8,265.9,223.6,5.1,361.8,41.6,148.8,18.3,62.2,3592.8999999999996
2020-08-07,,167.7,1.9,36.1,107.8,6.7,95.4,14.1,5.6,113.3,9.2,276.2,208.3,32.1,45.6,26.6,149.4,55.2,,203.1,359.1,2.6,5.2,1.5,2.3,83.4,8.4,285.9,226.3,0.9,283.6,247.6,5.2,420.6,42.7,160.6,17.3,63.9,3771.3999999999996
2020-08-08,,170.7,1.8,35.0,114.9,6.7,95.2,14.4,5.6,113.7,8.5,274.9,215.1,32.7,44.2,26.6,149.9,56.4,,198.7,369.4,2.6,5.3,1.5,2.3,83.5,8.0,291.0,223.0,0.9,284.3,250.3,5.1,458.6,44.1,163.1,17.8,64.3,3840.1000000000004
2020-08-09,,168.7,1.9,33.6,113.9,6.0,90.4,14.3,5.0,107.3,7.8,259.2,210.7,28.3,43.1,26.6,137.9,51.1,,196.4,364.2,2.2,5.2,1.5,2.1,83.0,6.8,276.9,221.6,0.7,222.7,250.3,5.1,439.4,37.6,162.6,18.3,65.2,3667.5999999999995
2020-08-10,,158.7,1.9,32.8,115.9,6.3,94.7,14.8,5.3,112.0,8.2,261.0,203.1,30.6,44.8,27.8,145.3,55.8,,199.1,373.3,2.7,5.0,1.5,2.3,87.2,7.3,260.7,222.8,0.9,256.1,198.3,5.2,444.7,40.0,170.0,17.8,64.6,3678.5000000000005
2020-08-13,,160.2,2.1,36.0,106.3,5.4,93.5,15.2,5.7,99.0,8.8,231.2,168.6,28.7,40.9,27.5,156.9,63.5,,185.9,350.5,2.6,5.3,1.6,2.2,86.6,8.0,257.7,231.9,1.0,287.3,185.3,5.5,349.7,38.9,176.1,17.6,62.8,3506.0
2020-08-14,,157.8,2.0,34.9,113.6,5.6,90.5,15.2,5.7,97.5,8.7,241.6,177.0,31.2,43.5,29.0,160.6,64.3,,184.0,339.2,2.7,5.5,1.6,2.3,83.1,8.1,249.2,221.6,1.0,291.7,176.1,5.0,374.9,39.3,173.5,16.7,65.9,3520.1
2020-08-15,,144.6,1.9,30.6,115.8,5.4,90.3,12.8,3.9,89.4,7.2,229.2,177.4,26.5,44.5,28.2,150.2,61.2,,183.1,303.7,2.6,5.5,1.5,2.3,75.4,6.9,255.2,207.8,0.9,275.3,146.4,4.4,408.0,34.3,152.9,17.8,64.0,3367.1
2020-08-16,,142.6,1.8,30.3,108.1,5.3,81.8,13.8,4.7,99.2,7.2,241.7,182.6,27.8,42.9,26.3,136.3,58.9,,186.4,322.1,2.5,5.2,1.5,2.3,76.4,7.0,261.6,216.0,0.9,260.4,118.7,3.9,396.3,37.3,153.7,17.2,62.3,3343.0000000000005
2020-08-17,,150.8,1.8,32.4,111.4,6.1,81.0,15.2,5.8,108.5,8.3,252.3,198.1,30.8,41.8,27.8,149.5,64.5,,191.7,341.4,2.5,5.5,1.5,2.3,88.0,7.9,274.4,227.1,1.0,290.8,122.6,4.1,422.5,41.0,163.1,17.9,64.1,3555.5
2020-08-18,,160.7,1.7,33.6,116.1,6.3,81.9,15.4,6.0,108.0,8.7,257.9,195.7,29.8,41.5,28.5,147.6,65.4,,186.8,350.6,3.0,5.5,1.6,2.3,93.1,7.0,269.6,234.4,1.0,305.6,140.4,4.5,425.1,41.6,166.0,17.4,64.7,3625.0000000000005
2020-08-19,,164.2,1.9,34.7,117.2,5.4,83.6,15.1,6.1,95.5,8.9,251.3,164.7,30.1,42.5,28.7,154.2,65.8,,183.7,348.1,2.8,5.4,1.7,2.4,89.7,7.9,238.6,216.7,0.7,310.3,152.2,4.7,369.5,38.1,155.4,17.5,64.5,3479.8
2020-08-21,,162.8,1.8,34.2,93.8,4.6,75.9,15.8,6.2,90.0,8.4,266.0,149.7,29.3,38.8,24.3,160.2,67.1,,173.6,348.2,2.6,5.5,1.6,2.3,82.0,8.2,183.5,208.6,0.9,319.2,148.0,4.7,351.9,38.0,136.5,16.9,61.4,3322.5
2020-08-22,,162.9,1.8,34.2,102.2,4.4,78.6,15.2,5.6,91.6,7.3,261.0,160.1,29.3,40.6,26.0,151.6,67.4,,157.4,332.5,2.7,5.7,1.6,2.3,83.5,7.7,191.1,215.5,0.9,311.1,157.6,4.5,359.2,39.5,150.2,17.4,63.5,3343.7000000000003
2020-08-23,,160.2,1.9,32.6,109.1,4.1,79.5,14.5,5.6,91.4,7.1,241.4,157.8,25.6,43.5,26.9,149.9,62.2,,161.8,341.2,2.7,5.6,1.6,2.2,81.7,7.7,208.5,207.3,0.8,274.6,176.2,4.8,352.0,36.4,147.9,17.7,62.5,3306.5
2020-08-30,,185.5,1.8,32.2,118.8,4.8,56.4,16.3,6.1,90.6,8.1,250.6,175.4,28.8,43.7,29.2,184.2,66.2,,157.5,358.9,2.6,5.5,1.6,2.1,86.3,7.8,207.0,195.3,0.9,279.6,178.3,4.9,383.2,36.3,167.4,16.7,62.9,3453.4999999999995
2020-08-31,,183.4,2.0,32.3,121.6,5.4,82.9,16.4,6.3,93.3,9.5,256.8,173.3,30.4,46.6,29.1,183.5,64.1,,178.2,378.1,2.8,5.2,1.7,2.3,90.1,7.8,211.5,174.7,1.0,296.1,197.5,4.8,413.8,39.7,172.1,16.7,64.9,3595.9000000000005
2020-09-01,,178.5,2.2,32.5,120.1,5.5,87.6,16.3,6.3,97.5,10.2,261.4,185.2,30.8,43.2,28.8,179.2,65.6,,188.6,382.3,2.5,5.2,1.7,2.3,86.4,7.7,226.3,180.8,1.1,289.0,209.2,4.7,439.9,41.6,159.6,14.8,64.1,3658.7
2020-09-05,,182.6,2.1,34.5,124.7,5.6,89.9,17.2,6.9,104.4,9.5,305.3,185.7,31.3,43.5,29.0,167.5,68.9,,208.5,425.1,2.5,5.5,1.6,2.3,87.8,8.0,194.7,185.8,1.1,278.4,217.4,5.7,455.9,42.3,178.5,16.7,64.4,3790.7999999999997
2020-09-06,,184.7,2.2,30.1,122.0,4.9,90.5,16.9,6.3,96.3,8.8,293.6,162.4,27.9,41.9,28.8,158.7,58.5,,210.0,415.0,2.5,5.4,1.5,2.3,87.1,7.6,190.5,173.1,1.0,255.4,217.2,5.3,438.6,37.7,165.6,17.1,64.1,3631.500000000001
2020-09-07,,191.5,2.1,30.8,117.9,5.6,94.0,17.3,6.7,104.2,9.3,309.0,182.4,29.9,39.8,27.6,165.6,62.5,,218.1,400.6,2.6,5.3,1.7,2.6,88.8,8.1,213.7,193.0,1.2,266.5,221.3,5.1,457.2,41.3,162.6,16.8,62.0,3764.7
2020-09-08,,189.0,2.2,32.2,115.8,5.8,96.3,17.6,7.0,105.9,9.4,321.2,192.4,32.2,45.1,27.5,164.5,66.1,,224.7,412.8,2.8,5.5,1.7,2.4,86.8,8.2,224.7,198.2,1.2,279.1,226.8,5.4,468.7,43.5,168.4,16.4,62.8,3870.3
2020-09-09,,190.0,2.1,35.1,118.5,5.9,95.1,17.7,6.9,113.1,9.7,331.0,202.5,33.1,46.4,27.5,159.5,65.6,,229.4,420.9,2.4,5.7,1.7,2.4,86.4,7.8,240.9,217.3,1.2,281.1,223.6,5.2,473.2,43.6,175.1,17.3,62.3,3957.2
2020-09-10,,189.2,2.3,35.7,119.7,6.0,92.5,17.8,7.0,114.3,9.6,342.6,207.8,32.7,43.7,29.2,155.3,63.2,,222.5,411.9,2.5,5.7,1.7,2.4,85.8,7.5,253.4,226.8,1.0,272.2,217.0,5.0,471.9,43.4,174.8,17.8,64.4,3956.2999999999997
2020-09-15,,150.5,2.2,30.4,109.3,6.2,102.7,17.7,7.2,120.5,9.3,306.4,219.3,32.8,43.9,30.6,146.6,63.8,,225.7,401.8,2.6,5.4,1.7,2.5,95.0,7.5,266.3,264.3,1.1,272.4,140.4,4.7,472.3,43.4,174.2,17.2,67.6,3865.4999999999995
2020-09-16,,152.9,2.2,30.4,111.4,6.4,103.5,17.9,7.3,123.9,9.1,305.7,220.8,33.2,47.7,29.8,150.6,64.5,,226.5,404.8,2.5,5.9,1.7,2.5,95.5,7.5,268.0,270.5,1.1,283.1,142.0,5.0,472.7,42.8,168.6,17.2,66.8,3902.0
2020-09-24,,174.4,2.2,30.6,82.4,5.5,82.8,18.8,7.1,119.3,9.4,314.5,198.1,32.4,48.9,28.0,163.3,65.7,,194.4,385.7,2.7,5.8,1.6,2.3,98.0,8.4,254.1,266.3,1.0,321.9,171.8,4.6,349.7,39.8,163.0,17.5,64.5,3736.5
2020-09-25,,175.3,2.2,30.8,80.8,5.5,87.5,17.9,7.3,116.6,9.4,332.4,199.1,32.4,46.4,26.0,166.5,66.7,,203.2,385.0,2.6,5.2,1.6,2.3,94.5,8.2,240.1,267.3,1.2,315.3,175.3,4.3,376.2,40.9,162.6,16.7,64.8,3770.1000000000004
2020-09-26,,146.9,2.3,30.1,88.5,5.0,88.5,18.0,7.3,106.0,9.3,325.9,190.1,30.4,46.3,26.8,148.8,66.3,,204.6,379.8,2.6,4.8,1.6,2.3,93.4,7.8,232.0,254.7,1.2,306.8,132.7,4.4,397.5,40.7,157.4,17.2,65.0,3643.0000000000005
2020-09-29,,164.1,2.1,34.8,109.6,4.8,93.3,18.2,7.3,105.4,9.9,340.0,187.3,30.6,48.1,30.0,160.3,69.1,,213.1,409.2,2.7,5.9,1.7,2.4,97.2,7.3,216.8,247.7,1.2,283.3,159.2,5.1,408.4,39.8,175.8,16.1,64.7,3772.5
2020-09-30,,150.5,2.0,36.4,113.0,4.6,94.7,18.2,7.3,102.4,9.7,339.8,185.7,30.6,47.6,29.7,152.1,67.5,,216.2,413.0,2.5,5.9,1.5,2.3,88.6,7.2,208.6,245.7,1.2,272.7,156.4,5.0,403.0,39.7,168.8,17.6,66.8,3714.5000000000005
2020-10-01,,147.9,2.0,35.6,115.9,4.5,92.8,17.7,7.0,100.6,10.0,346.4,183.4,30.4,47.4,27.7,154.9,67.9,,215.7,409.1,2.7,5.8,1.6,2.6,86.1,6.5,195.4,247.9,1.2,282.0,159.5,4.8,403.9,38.9,166.9,17.3,63.3,3703.3
2020-10-03,,155.2,2.0,33.5,109.1,4.2,88.7,17.4,6.7,91.9,9.4,355.1,172.3,29.3,46.3,27.2,156.9,66.9,,217.3,420.0,2.6,6.1,1.7,2.6,88.4,6.2,194.1,245.5,1.1,284.3,181.0,4.9,405.5,37.1,158.3,17.1,63.0,3708.899999999999
2020-10-04,,155.3,2.0,31.8,107.6,3.8,83.4,17.8,6.8,85.3,8.9,344.7,162.5,27.5,46.9,26.9,146.9,62.4,,215.2,411.2,2.7,5.7,1.5,2.6,91.9,6.8,185.6,239.1,1.0,281.9,183.7,4.7,394.9,36.2,151.5,17.8,62.3,3616.7999999999997
2020-10-05,,164.6,1.9,32.0,107.0,4.2,80.9,18.1,7.1,90.3,9.6,361.1,167.2,29.5,46.2,27.9,165.7,68.2,,218.2,428.6,2.7,5.9,1.5,2.4,91.4,7.3,189.9,240.2,1.2,302.5,195.8,4.8,368.1,38.3,158.1,17.4,63.3,3719.1000000000004
2020-10-06,,173.4,2.0,31.5,109.2,4.1,81.7,18.4,7.4,89.1,9.7,364.6,169.4,29.9,47.0,29.1,176.3,69.9,,219.0,438.1,2.9,6.0,1.6,2.5,89.4,8.0,185.0,245.4,1.2,327.2,199.5,4.7,335.4,38.1,159.5,18.1,64.0,3758.2999999999997
2020-10-07,,172.9,2.2,33.0,112.8,4.2,80.1,18.5,7.6,90.8,9.7,364.3,172.1,30.8,47.5,28.6,180.5,71.0,,218.3,446.3,2.8,6.1,1.7,2.6,90.7,7.8,179.5,246.6,1.3,327.0,179.1,5.1,394.1,39.0,160.3,18.3,63.3,3816.4999999999995
2020-10-09,,179.0,2.1,35.8,113.5,4.2,84.3,18.4,7.5,89.4,10.2,372.2,169.1,30.2,48.6,28.7,185.9,68.0,,224.9,448.6,2.8,5.9,1.5,2.5,92.1,8.1,157.1,249.1,1.3,307.1,178.0,5.4,385.0,37.9,171.6,18.1,65.7,3809.8
2020-10-10,,166.3,2.2,36.0,113.8,4.0,85.3,18.1,7.6,86.7,9.8,370.6,167.9,29.8,47.0,28.3,159.4,68.1,,227.4,438.2,2.7,5.8,1.6,2.5,92.5,7.9,169.1,243.1,1.3,297.1,169.8,5.3,378.7,38.0,172.3,18.2,65.1,3737.5000000000005
2020-10-11,,145.7,2.3,34.2,112.9,3.5,84.5,18.3,6.9,81.6,8.4,361.2,157.1,27.5,45.3,29.6,133.2,60.7,,226.0,396.7,2.8,5.7,1.5,2.5,91.6,7.3,179.0,229.6,1.0,267.0,143.2,4.9,365.3,34.3,162.6,18.1,66.5,3518.5
2020-10-12,,145.4,2.4,35.6,114.7,4.1,83.9,18.8,7.4,86.7,9.0,375.7,163.6,29.3,47.5,30.2,149.8,63.7,,233.0,387.8,2.7,5.7,1.5,2.5,92.9,7.7,167.0,241.8,1.3,280.0,142.6,5.4,376.4,37.3,174.0,16.8,67.1,3611.2999999999997
2020-10-15,,150.9,2.2,36.5,117.4,3.9,81.6,18.7,7.8,88.9,8.7,379.3,166.7,29.8,45.8,30.5,147.0,65.5,,241.1,384.9,2.7,5.3,1.4,2.5,90.9,8.2,172.8,249.3,1.3,311.4,118.9,5.4,388.0,38.4,176.7,16.8,62.9,3660.1
2020-10-16,,157.1,2.3,37.0,119.5,3.8,83.0,18.2,7.6,84.1,8.9,379.5,163.3,30.0,48.4,30.5,155.0,65.8,,245.8,397.3,2.8,5.4,1.7,2.4,90.3,8.5,162.8,242.7,1.2,321.3,131.9,5.4,376.2,37.6,178.0,19.7,65.5,3690.5
2020-10-17,,158.3,2.1,36.1,117.5,3.6,82.8,18.2,7.3,76.5,9.2,375.1,162.0,29.7,47.5,31.3,156.7,66.0,,251.2,406.8,2.8,5.6,1.6,2.4,95.3,8.3,152.1,246.9,1.0,308.0,134.4,5.6,363.2,37.6,178.3,18.1,66.6,3665.7
2020-10-18,,158.8,2.0,34.2,113.1,3.1,85.0,18.0,7.1,69.7,8.0,343.8,147.6,26.8,49.1,29.9,148.1,62.7,,249.8,395.7,2.7,5.6,1.5,2.3,97.4,6.7,144.6,238.6,1.1,265.5,127.5,4.4,338.5,33.8,170.0,18.1,65.2,3476.0
2020-10-21,,151.7,2.2,33.9,110.8,3.4,84.6,16.5,7.8,76.0,11.3,357.1,150.4,29.3,44.8,29.3,142.0,69.8,,245.6,424.7,2.5,5.8,1.7,2.4,95.1,7.6,137.6,240.6,1.3,286.4,134.3,4.9,322.6,36.8,170.3,17.6,65.8,3524.5
2020-10-23,,155.2,2.2,23.7,108.0,3.3,83.1,18.3,7.9,74.4,9.6,354.2,146.2,29.7,45.4,29.9,146.6,67.5,,249.9,414.8,2.8,5.9,1.6,2.5,92.4,7.7,131.8,241.3,1.4,293.7,143.8,3.9,321.2,36.3,124.4,18.0,65.3,3463.9
2020-10-24,,162.2,1.9,20.2,102.9,3.2,80.5,17.3,7.4,70.8,9.6,344.3,143.1,29.5,46.9,28.4,143.3,65.8,,252.2,415.6,2.4,5.7,1.3,2.4,93.5,7.4,120.5,239.5,1.2,287.3,144.9,3.9,308.3,35.6,121.1,19.3,65.9,3405.3
2020-10-25,,158.4,1.9,21.8,91.5,2.9,78.9,16.0,4.1,62.6,8.4,324.4,126.0,25.2,45.0,27.1,135.1,62.0,,247.7,376.1,2.5,5.5,1.4,2.2,89.1,6.2,112.1,233.1,1.0,263.4,137.0,4.4,292.1,31.6,118.4,18.9,60.3,3194.3
2020-10-26,,165.1,2.1,23.6,81.8,3.1,77.8,16.5,6.4,70.1,9.2,347.0,130.7,28.0,44.7,24.3,136.0,67.9,,247.7,407.3,2.6,5.9,1.5,2.3,85.2,7.2,113.5,238.1,0.7,285.5,143.8,4.6,290.6,33.8,120.3,17.2,57.9,3300.0000000000005
2020-10-27,,171.3,2.2,26.9,80.4,3.1,77.0,17.9,7.5,68.2,9.4,351.2,136.5,29.1,47.6,25.5,152.8,70.5,,252.5,424.0,2.6,5.8,1.6,2.3,79.8,7.6,118.8,241.4,0.9,311.0,153.4,4.7,289.2,35.2,120.8,16.8,61.1,3406.6
2020-10-28,,172.2,2.2,29.6,83.2,3.1,78.5,18.0,7.7,66.6,9.7,350.8,133.7,29.4,47.3,24.8,163.2,71.5,,255.8,428.7,2.9,5.8,1.6,2.4,76.9,7.6,116.9,242.4,1.1,315.4,157.3,4.7,285.1,35.4,126.5,16.7,62.3,3437.0
2020-10-31,,178.9,2.2,29.6,82.2,3.0,73.7,18.3,7.6,63.2,10.4,353.6,128.0,29.3,54.4,27.5,179.3,72.6,,262.5,421.2,2.5,5.8,1.5,2.4,85.3,7.8,114.7,242.6,1.3,318.2,156.3,3.8,279.1,36.1,142.0,17.2,63.2,3477.3000000000006
2020-11-02,,185.3,2.0,28.7,82.4,3.0,75.5,18.1,7.2,63.4,10.1,349.4,123.0,29.1,46.8,27.0,184.1,73.2,,266.3,428.0,2.7,6.1,1.5,2.5,90.3,7.8,107.4,241.3,1.4,317.3,153.0,4.5,271.5,34.9,146.1,17.0,63.1,3470.9999999999995
2020-11-03,,190.9,2.0,29.4,74.2,3.0,75.1,18.3,7.6,64.7,10.3,352.4,124.6,29.3,42.9,25.6,187.2,73.1,,268.4,436.6,2.8,6.1,1.7,2.5,89.1,7.8,107.4,246.6,1.4,328.4,153.1,4.6,270.0,35.9,142.9,16.2,64.1,3496.2
2020-11-04,,183.8,1.9,27.5,69.8,3.0,73.4,18.1,7.7,64.7,10.6,350.3,122.7,29.8,48.3,24.9,191.5,72.6,,270.8,435.1,2.8,5.8,1.7,2.5,90.5,7.9,107.3,244.8,1.4,326.7,149.5,4.5,269.6,35.6,126.2,16.8,63.5,3463.6000000000004
2020-11-05,,185.8,1.9,26.3,70.6,3.0,71.9,18.1,9.0,62.8,10.0,356.6,121.9,28.9,42.7,24.0,192.4,71.4,,271.3,431.7,2.5,6.0,1.7,2.3,83.6,7.9,109.2,245.2,1.4,301.7,149.2,4.1,264.8,34.0,119.0,17.3,61.5,3411.6999999999994
2020-11-06,,179.0,2.1,26.0,68.8,3.0,72.7,18.0,8.9,65.0,10.1,360.7,123.4,29.2,43.7,24.2,185.9,71.4,,276.1,431.1,2.7,6.0,1.7,2.5,88.0,8.0,112.1,248.4,1.5,294.6,150.1,3.5,283.9,35.9,116.9,17.1,63.4,3435.5999999999995
2020-11-07,,174.2,2.1,25.7,68.7,3.0,71.7,18.0,7.6,61.6,10.1,357.0,122.4,28.6,47.2,24.1,186.4,73.1,,276.6,435.8,2.9,5.9,1.7,2.4,96.5,8.0,111.7,248.5,1.5,296.2,147.3,3.6,279.2,35.0,111.7,18.0,63.3,3427.2999999999997
2020-11-09,,170.4,2.1,23.4,71.3,3.1,71.3,18.1,7.2,63.2,10.1,355.2,120.4,29.5,47.0,24.4,188.7,73.5,,279.8,439.1,2.7,5.5,1.5,2.4,80.0,7.3,111.4,251.9,1.5,290.0,138.9,3.9,280.3,35.8,114.8,17.8,62.8,3406.3
2020-11-10,,170.9,2.1,24.9,73.9,3.1,70.8,18.3,7.4,63.0,9.6,352.1,122.8,29.4,47.6,24.6,190.1,74.3,,284.4,437.8,2.7,5.8,1.5,2.4,69.9,7.9,112.0,250.8,1.5,300.6,137.8,4.1,279.4,35.1,118.9,17.5,63.6,3418.6000000000004
2020-11-11,,173.2,2.1,25.3,71.9,3.2,71.3,18.2,7.4,64.4,8.9,343.7,121.6,28.8,47.5,25.4,193.0,72.5,,283.7,429.4,2.6,5.6,1.6,2.3,69.8,7.5,111.3,248.4,1.5,301.4,138.9,3.8,280.1,36.8,123.0,17.6,63.9,3407.6000000000004
2020-11-12,,163.7,2.1,24.9,74.1,3.1,73.7,18.1,7.4,62.8,9.8,337.8,119.3,29.5,52.0,25.1,197.2,72.8,,286.5,436.2,2.6,5.7,1.5,2.1,72.9,7.7,113.9,248.2,1.5,299.1,139.9,3.9,294.9,36.4,120.9,16.4,63.6,3427.2999999999993
2020-11-13,,157.4,2.2,25.6,76.0,3.1,73.9,17.7,6.9,61.6,9.9,317.4,113.0,27.4,45.3,25.4,194.6,72.3,,286.1,436.1,2.5,5.6,1.5,2.1,71.2,7.1,110.1,244.2,1.5,259.9,142.4,4.1,296.8,33.9,121.8,17.8,65.4,3339.7999999999997
2020-11-14,,157.4,2.2,23.5,78.5,2.7,67.7,12.6,4.2,54.4,8.2,265.9,91.0,21.4,42.0,26.2,171.9,69.3,,275.8,396.8,2.9,5.7,1.7,2.2,69.5,5.0,88.7,224.2,1.3,197.1,132.5,4.0,280.7,27.0,113.5,17.5,64.4,3009.599999999999
2020-11-15,,152.0,2.1,22.0,77.7,2.5,63.1,12.1,3.3,49.5,8.3,247.5,76.3,18.4,42.9,26.2,160.6,66.0,,259.6,387.7,3.0,5.3,1.7,2.1,69.4,5.4,64.8,205.9,1.2,194.6,130.0,3.9,237.0,24.5,106.1,17.5,62.2,2812.3999999999996
2020-11-16,,153.5,1.9,23.2,75.5,2.9,68.6,14.6,4.3,54.0,10.1,244.5,84.6,21.9,40.2,26.1,154.8,71.5,,257.0,397.7,2.7,5.4,1.7,2.0,71.4,6.6,83.9,208.0,1.1,219.6,140.6,3.7,205.0,26.1,108.0,18.2,63.0,2873.8999999999996
2020-11-17,,158.1,1.8,23.2,74.5,3.0,71.7,16.7,6.1,58.2,10.8,273.5,101.2,27.3,49.5,25.3,164.3,69.0,,274.9,436.1,2.6,5.5,1.7,2.0,73.5,6.9,95.9,224.9,1.3,232.6,143.2,3.8,237.1,31.8,110.2,17.6,63.7,3099.5
2020-11-18,,162.8,2.0,22.9,76.4,3.1,72.8,17.9,7.0,59.7,10.8,292.1,109.2,29.5,50.3,25.2,177.6,70.3,,274.8,457.6,2.6,5.7,1.7,2.2,74.8,7.1,100.3,228.2,1.3,243.9,145.9,3.6,243.0,34.0,114.4,17.8,64.8,3213.2999999999993
2020-11-19,,167.5,1.9,24.0,76.4,3.1,74.5,18.0,7.2,61.4,10.9,306.1,110.7,30.2,49.4,24.9,181.5,72.1,,270.0,467.0,2.7,5.9,1.6,2.1,74.2,7.1,101.4,230.4,1.5,255.3,148.3,3.6,238.5,35.0,118.5,18.4,64.6,3265.8999999999996
2020-11-20,,171.3,2.1,24.6,73.3,3.1,73.1,18.1,7.3,61.8,11.2,314.0,111.5,30.5,50.3,23.8,189.6,72.5,,271.4,451.5,1.8,6.2,1.7,2.1,74.6,7.2,100.4,231.8,1.6,264.7,149.6,3.6,244.9,35.6,121.7,20.0,62.2,3290.6999999999994
2020-11-22,,167.8,2.0,22.7,72.1,2.9,71.9,17.9,6.8,58.7,10.1,312.2,106.3,27.8,46.9,24.3,181.5,64.2,,270.8,442.3,2.8,6.0,1.4,2.1,73.3,6.7,97.4,230.0,1.3,249.4,144.2,3.3,237.7,33.4,100.7,18.8,63.7,3181.4000000000005
2020-11-24,,166.8,2.1,23.8,72.5,3.2,74.6,18.3,7.4,62.6,10.3,335.4,120.5,30.6,51.2,24.6,200.9,71.2,,275.9,462.6,2.8,6.3,1.6,2.2,69.6,5.9,102.7,236.2,1.5,266.4,146.3,3.5,245.5,36.4,110.1,17.4,63.6,3332.5
2020-11-25,,155.1,2.2,24.4,75.3,3.4,74.5,18.4,7.6,64.3,10.1,333.0,121.1,30.8,52.1,25.0,198.6,72.5,,279.1,458.3,2.9,6.2,1.6,2.3,67.5,3.1,105.4,236.1,1.5,236.6,146.6,3.4,247.5,37.6,109.0,16.9,65.0,3295.0
2020-11-26,,122.4,2.1,23.6,74.0,3.0,73.0,18.5,7.5,61.8,10.0,334.6,117.1,30.6,51.4,25.4,186.1,67.3,,275.3,458.0,3.0,6.4,1.6,2.1,67.5,2.3,110.1,224.5,1.6,208.4,138.4,3.4,243.6,37.1,106.5,17.7,62.7,3178.6
2020-11-27,,116.6,2.0,24.3,75.1,3.3,70.0,17.2,7.5,63.4,10.2,333.4,122.7,29.6,51.6,25.8,186.4,72.2,,276.2,443.7,3.0,6.3,1.7,2.1,67.6,6.2,113.6,231.9,1.6,243.9,128.8,3.5,250.8,37.1,109.0,18.1,64.8,3221.2
2020-11-28,,127.9,2.0,24.6,72.0,3.1,72.8,18.1,6.1,59.8,11.0,334.7,123.8,29.6,52.0,24.8,177.9,71.7,,276.4,433.6,2.6,6.1,1.6,2.1,68.9,6.8,117.7,233.3,1.7,255.4,130.7,3.5,250.4,36.7,110.7,17.3,63.7,3231.1
2020-11-29,,130.8,2.0,24.1,75.2,3.0,73.9,18.1,6.9,58.1,9.1,327.9,118.1,27.9,51.1,24.8,174.9,66.1,,275.7,447.9,2.7,6.0,1.7,2.1,67.9,6.8,108.6,232.7,1.4,241.3,135.5,3.4,246.0,34.9,104.5,17.4,62.6,3191.0999999999995
2020-11-30,,135.6,2.1,22.9,73.9,3.0,74.1,18.4,7.3,60.0,10.0,343.9,123.5,28.6,52.2,25.3,187.6,73.4,,278.2,465.6,2.7,5.7,1.6,2.1,68.3,6.8,117.5,235.9,1.6,255.1,143.4,3.5,246.2,35.6,109.5,17.5,65.8,3304.399999999999
2020-12-01,,139.5,2.1,23.3,71.9,3.2,74.3,18.1,7.2,61.2,10.4,346.8,126.9,29.5,50.6,24.8,193.6,73.7,,279.5,471.3,3.0,5.9,1.6,2.1,71.2,6.7,117.0,240.0,1.6,264.0,139.9,3.7,259.1,34.6,111.3,16.6,62.7,3348.9
2020-12-02,,147.2,2.2,24.2,72.4,3.3,75.0,18.2,7.4,63.3,10.0,345.7,133.3,30.1,51.8,24.0,197.1,72.6,,282.6,473.0,2.9,6.2,1.6,2.1,71.5,6.6,127.4,242.6,1.6,263.3,148.7,3.7,259.7,36.8,111.8,17.2,61.8,3398.8999999999996
2020-12-03,,145.0,2.2,24.4,73.3,3.2,71.8,18.4,6.1,59.9,9.5,350.4,133.7,30.6,52.6,23.7,196.2,70.7,,283.7,467.4,3.0,6.0,1.6,2.3,81.7,6.4,127.6,245.2,1.7,243.0,151.7,3.5,260.6,37.0,113.1,17.3,65.8,3390.3
2020-12-04,,147.0,2.2,24.0,74.6,3.3,77.1,18.3,7.3,63.7,10.0,354.9,132.4,31.2,53.5,23.8,194.4,69.4,,286.1,459.2,3.0,6.4,1.6,2.3,79.9,6.3,130.8,251.6,1.6,242.1,157.0,3.5,263.6,37.4,112.7,17.5,63.6,3413.3
2020-12-05,,148.5,2.3,24.0,73.6,3.2,77.7,18.2,7.5,61.1,10.2,353.5,132.6,31.2,52.5,24.1,191.1,69.8,,287.7,455.7,3.1,6.0,1.7,2.2,67.6,6.6,131.1,250.1,1.6,240.9,157.8,3.5,264.5,37.2,114.1,17.3,63.7,3393.4999999999995
2020-12-06,,145.9,2.1,22.5,73.1,3.0,78.4,18.0,7.0,58.6,8.9,340.3,119.5,27.5,51.7,23.7,176.8,64.3,,284.0,439.1,3.0,6.3,1.7,2.2,66.7,6.2,126.2,245.3,1.5,221.1,157.3,3.4,255.6,33.9,102.7,17.9,65.1,3260.5000000000005
2020-12-07,,147.4,2.1,23.3,73.2,3.2,78.7,18.0,7.2,61.9,10.0,349.4,127.1,29.8,52.3,23.9,185.2,69.4,,284.8,454.8,3.0,6.2,1.6,2.1,67.4,6.5,127.4,248.2,1.7,233.5,163.9,3.5,259.4,36.2,113.2,17.5,62.9,3355.8999999999996
2020-12-11,,152.6,2.3,24.3,75.5,3.3,80.2,18.1,7.4,60.3,9.8,325.3,126.8,31.0,52.9,25.6,188.8,73.0,,246.4,467.6,3.0,6.4,1.6,2.5,68.5,6.9,123.0,241.8,1.7,259.1,172.2,3.5,261.7,37.7,114.0,17.0,62.1,3353.9
2020-12-12,,151.6,2.1,23.9,74.9,3.1,79.1,18.5,7.6,58.4,9.5,325.1,118.9,28.6,42.4,25.3,192.9,72.5,,219.5,456.2,3.2,6.5,1.7,2.4,70.1,6.9,106.7,242.5,2.0,262.8,171.9,3.4,258.2,35.3,114.1,17.3,62.2,3277.3
2020-12-13,,152.6,2.0,22.8,74.5,3.2,79.5,18.0,7.0,59.0,9.1,313.3,114.5,28.7,52.3,25.5,183.7,65.8,,225.0,438.7,3.0,6.5,1.6,2.2,70.2,6.3,111.8,239.3,1.9,241.5,172.5,3.3,256.4,35.3,106.8,17.0,62.2,3212.9999999999995
2020-12-14,,156.2,2.0,23.6,75.1,3.6,80.3,18.4,7.1,63.3,10.0,326.9,122.0,31.5,53.9,25.1,199.3,69.9,,234.3,436.5,3.0,6.8,1.6,2.1,71.0,6.9,113.5,237.6,2.1,258.4,177.1,3.5,271.4,37.2,113.0,17.8,63.2,3325.2
2020-12-15,,157.7,2.1,23.9,76.8,3.5,80.7,18.4,7.4,64.8,10.9,329.6,126.9,30.6,56.0,24.6,202.8,71.4,,243.8,452.3,3.1,6.8,1.6,2.0,73.4,6.7,116.7,245.0,2.2,270.2,180.5,3.5,276.9,38.3,115.4,17.7,64.2,3408.4000000000005
2020-12-16,,159.8,2.2,24.2,75.6,3.8,81.4,18.3,7.5,69.6,10.5,324.7,130.1,32.8,57.6,25.6,200.4,72.9,,247.4,456.1,3.2,6.8,1.7,2.3,76.0,6.9,117.7,246.7,2.2,268.0,183.6,3.5,287.8,39.4,114.2,17.5,63.3,3441.3
2020-12-17,,159.6,2.2,24.5,75.9,3.9,83.1,18.4,7.5,71.6,10.5,328.5,132.7,32.4,56.6,24.8,207.1,72.0,,258.3,457.0,3.4,6.6,1.6,2.3,85.4,6.9,123.1,246.8,2.2,258.3,183.8,3.2,288.4,40.6,116.2,18.1,64.0,3477.5
2020-12-18,,163.3,2.2,24.1,79.6,4.0,83.7,18.3,7.5,75.0,10.6,334.3,136.4,32.5,57.4,25.3,212.3,72.2,,267.5,454.7,3.1,6.8,1.6,2.3,80.3,7.2,123.3,251.5,2.3,262.3,188.4,3.5,298.9,41.7,115.7,17.1,64.5,3531.4
2020-12-19,,162.2,2.3,24.0,80.7,3.9,83.0,18.4,5.5,68.1,9.6,334.1,136.8,32.9,56.5,25.8,208.0,69.4,,273.2,455.0,3.1,6.4,1.6,2.2,67.4,6.8,128.6,250.9,2.3,256.4,188.3,5.4,305.7,39.7,114.2,18.0,66.0,3512.4
2020-12-20,,154.8,2.2,22.0,81.7,3.6,83.1,18.1,6.2,64.2,9.3,323.2,124.9,30.9,54.3,26.0,192.5,62.6,,277.0,435.3,2.7,6.8,1.7,2.2,66.5,6.1,126.4,252.0,2.0,236.4,184.2,3.3,309.6,38.5,105.3,18.5,64.9,3399.0000000000005
2020-12-21,,158.6,2.1,22.8,84.6,4.0,84.2,16.4,7.2,68.9,9.7,337.2,134.1,32.7,55.0,26.7,205.3,67.9,,284.4,444.4,2.8,6.3,1.7,2.2,66.9,6.6,125.5,255.9,2.0,257.1,188.1,3.4,315.3,41.6,112.0,17.4,66.3,3517.3
2020-12-22,,161.6,2.2,22.9,85.6,4.0,85.4,18.1,7.5,70.1,9.9,340.1,137.1,32.7,54.7,26.2,206.1,70.2,,290.2,450.8,3.1,6.9,1.7,2.3,69.2,6.6,128.4,256.5,2.4,270.2,192.5,3.4,317.6,42.1,114.1,18.7,64.8,3575.9000000000005
2020-12-23,,163.8,2.2,23.8,85.5,4.0,85.6,18.6,7.5,71.1,9.8,337.2,137.6,33.5,55.3,25.9,213.0,71.9,,293.4,451.7,3.1,6.9,1.7,2.3,71.0,6.8,125.2,262.4,2.5,276.0,195.2,3.4,317.7,40.8,116.3,18.7,67.4,3608.7999999999997
2020-12-24,,164.8,2.3,23.5,86.8,3.9,87.1,18.8,7.5,69.7,10.2,342.1,137.3,33.4,56.6,26.1,214.6,72.9,,293.9,452.7,3.4,7.2,1.9,2.3,70.3,6.8,127.4,261.8,2.3,278.6,196.5,3.7,318.3,41.5,116.3,19.4,66.1,3628.0
2020-12-25,,164.1,2.3,23.7,86.6,3.7,88.1,18.6,7.5,70.6,9.6,344.9,136.1,33.5,56.5,27.1,210.0,67.3,,299.1,449.6,3.1,6.9,1.8,2.3,69.6,6.9,126.5,266.6,2.2,275.8,196.9,3.6,315.9,41.6,111.7,19.2,65.2,3614.7000000000003
2020-12-26,,164.0,2.3,23.5,85.6,3.7,87.0,18.4,7.5,67.4,9.9,345.0,135.7,33.9,56.4,27.4,212.0,69.5,,298.3,459.3,3.1,7.1,1.6,2.2,69.1,6.8,125.6,263.4,2.2,281.7,194.9,3.5,314.9,41.3,112.3,18.3,65.1,3619.8999999999996
2020-12-27,,162.3,2.2,24.1,86.0,3.6,86.3,18.6,7.0,65.1,9.3,333.7,120.4,31.2,53.5,27.3,199.5,63.8,,297.1,450.3,3.0,6.9,1.7,2.8,67.3,6.1,110.4,255.7,2.1,260.8,192.1,3.4,304.8,38.8,110.0,19.2,64.3,3490.7000000000003
2020-12-28,,167.1,2.2,24.2,86.7,4.2,85.4,18.7,7.1,69.2,13.2,338.4,129.2,32.0,54.4,27.6,212.2,70.5,,297.9,456.0,3.1,6.8,2.0,2.5,70.8,6.6,118.2,258.8,2.3,280.0,199.6,3.6,306.8,41.0,111.1,19.6,65.1,3594.1
2020-12-29,,166.0,2.3,24.0,86.7,4.2,87.3,19.0,7.3,70.6,10.2,335.1,135.6,35.0,55.0,27.9,216.3,72.2,,298.0,459.0,3.0,6.6,1.6,2.3,72.8,6.5,124.0,264.2,2.4,284.9,204.0,3.4,312.1,41.8,116.1,18.4,65.7,3641.5
2020-12-30,,165.9,2.3,24.0,86.4,4.6,86.2,19.1,6.8,76.0,10.3,330.7,135.9,34.9,57.2,27.6,216.7,74.5,,300.2,458.1,3.1,6.8,1.6,2.4,81.6,7.0,124.7,265.9,2.3,285.1,206.9,3.5,316.6,42.3,115.9,18.2,65.0,3666.3
2020-12-31,,162.6,2.2,24.3,87.2,4.4,87.7,18.8,7.1,76.0,10.4,337.0,133.0,34.2,56.4,27.2,212.3,72.9,,300.8,453.7,3.1,6.8,1.6,2.3,81.1,6.7,120.2,263.9,2.1,264.8,208.6,3.7,308.7,41.8,116.9,19.2,66.7,3626.4
2021-01-01,,156.4,2.2,24.0,87.7,4.5,85.3,17.3,6.1,77.0,10.3,334.5,127.8,33.2,57.6,26.9,207.0,68.7,,295.4,442.4,3.0,6.7,1.6,2.3,68.4,6.5,124.3,264.4,1.8,246.3,204.8,3.6,313.6,40.2,113.8,17.8,65.5,3548.9
2021-01-02,,163.0,2.2,23.0,82.7,4.5,85.1,18.2,6.7,70.5,10.4,339.7,123.9,33.8,54.3,26.3,208.5,68.8,,293.1,454.0,3.0,6.8,1.7,2.2,70.4,6.7,116.3,258.3,2.0,251.7,206.4,3.6,304.6,41.5,113.2,15.2,63.5,3535.7999999999993
2021-01-03,,157.6,2.2,22.9,85.1,3.8,86.6,18.6,6.7,67.9,10.5,330.9,110.0,31.1,48.8,25.8,198.9,64.5,,286.9,448.4,3.3,6.6,1.7,2.3,70.7,6.2,108.6,245.4,2.0,233.6,202.1,3.8,264.2,36.7,103.9,17.5,64.6,3380.4
2021-01-04,,163.6,2.3,23.7,84.4,4.0,86.6,19.0,7.1,73.2,10.4,339.5,112.3,32.6,44.2,25.6,208.1,70.9,,281.4,452.6,3.2,7.0,1.7,2.2,70.6,6.9,112.6,227.2,2.3,251.7,207.1,3.5,276.8,39.8,109.6,17.8,63.5,3444.9999999999995
2021-01-05,,166.1,2.3,24.4,82.0,4.0,87.0,18.8,7.4,70.5,10.8,341.8,104.0,33.5,40.2,25.7,208.8,72.4,,274.7,444.8,3.0,6.7,1.6,2.3,74.8,7.1,109.5,215.3,2.3,259.4,211.7,2.8,278.3,40.8,118.6,18.1,65.2,3436.7
2021-01-06,,164.3,2.3,24.2,82.3,3.8,85.0,19.3,7.5,71.6,10.9,334.6,114.6,32.0,27.2,25.7,203.8,70.9,,283.8,455.9,3.0,6.7,1.7,2.2,84.2,7.0,113.1,223.1,2.0,258.7,209.2,3.5,274.2,37.9,121.4,18.1,65.9,3451.5999999999995
2021-01-07,,156.2,2.2,24.1,82.2,3.8,88.8,19.2,7.4,70.6,10.8,344.9,118.0,32.8,48.2,26.2,174.5,69.9,,284.5,451.1,2.9,6.8,1.7,2.2,83.7,6.9,116.1,230.6,2.0,255.1,197.1,3.6,280.7,40.0,123.3,18.7,66.7,3453.4999999999995
2021-01-08,,162.6,1.9,24.3,84.2,3.8,88.0,19.5,7.4,73.8,11.5,344.3,120.3,32.9,54.0,26.7,180.6,70.1,,282.6,433.5,2.8,6.8,1.6,2.0,72.8,7.3,117.7,235.0,1.9,259.9,208.0,3.5,281.1,40.8,124.0,18.6,65.8,3471.6
2021-01-09,,159.6,2.1,24.0,81.7,3.6,88.9,19.5,7.5,68.3,12.6,341.9,119.8,32.8,55.1,26.3,172.7,69.2,,256.1,440.8,2.9,6.6,1.7,2.1,72.3,7.0,120.0,231.5,1.9,258.0,211.0,3.6,273.3,40.1,121.1,18.0,66.7,3420.2999999999997
2021-01-10,,163.0,2.2,23.2,83.6,3.8,89.6,19.2,6.9,67.9,11.3,338.5,109.6,30.8,54.3,26.0,165.3,63.7,,259.7,435.5,2.9,6.9,1.7,2.2,70.0,6.5,114.1,230.2,1.8,238.7,211.1,3.4,274.3,38.0,117.4,18.6,64.2,3356.1
2021-01-11,,169.2,2.4,24.0,83.5,4.2,84.6,19.6,7.2,74.6,10.6,350.8,120.8,32.8,54.5,24.7,179.4,69.7,,269.9,458.8,2.8,6.9,1.6,2.5,84.6,7.1,120.6,241.7,2.2,251.9,216.0,3.9,286.4,41.2,123.7,16.5,64.2,3515.1
2021-01-12,,170.8,2.3,24.7,83.2,4.5,90.4,19.7,7.6,76.0,10.8,352.6,126.8,33.9,55.6,25.6,185.1,68.9,,270.2,469.1,2.9,6.9,1.6,2.5,81.1,7.0,122.7,247.8,2.4,250.3,218.6,3.9,294.5,41.9,125.9,17.3,68.6,3573.7000000000003
2021-01-13,,167.3,2.4,24.5,87.8,4.5,90.2,19.6,7.7,76.6,11.3,344.5,128.9,34.1,54.6,25.3,193.1,68.0,,273.9,472.0,2.9,7.1,1.6,2.4,75.4,7.1,121.4,246.6,2.4,242.4,220.7,3.7,300.3,42.3,126.4,18.3,68.6,3575.899999999999
2021-01-14,,157.6,2.3,23.1,89.2,4.3,91.6,18.5,6.7,77.5,11.3,275.2,129.3,33.4,54.5,25.8,188.2,68.5,,273.8,471.4,2.9,6.8,1.6,2.3,74.8,6.2,123.2,244.1,2.3,201.1,208.8,3.8,302.2,41.9,123.1,18.7,68.7,3434.7000000000003
2021-01-15,,158.0,2.3,21.9,86.9,4.3,92.0,18.1,7.3,77.2,10.4,303.1,128.8,32.7,56.0,25.2,202.6,71.2,,274.0,464.8,2.9,6.8,1.6,2.3,73.7,5.7,124.3,251.2,1.4,188.5,213.5,3.8,300.6,41.6,119.8,18.7,68.2,3461.4000000000005
2021-01-16,,163.6,2.3,22.9,90.8,4.3,92.6,19.1,7.6,72.5,10.7,338.4,130.8,33.0,57.3,25.5,208.5,71.8,,277.6,473.0,3.2,7.0,1.9,2.2,72.9,5.7,121.9,256.4,2.1,200.0,217.0,4.0,295.1,41.3,127.9,18.6,67.5,3546.9999999999995
2021-01-17,,168.0,2.3,23.7,88.4,3.9,91.7,19.0,8.3,74.0,9.9,345.6,119.2,33.5,56.7,25.1,199.0,66.5,,283.0,462.5,2.7,6.8,1.5,2.2,73.9,6.0,118.6,254.0,1.5,203.9,216.2,3.5,295.5,39.3,117.8,18.5,68.7,3510.8999999999996
2021-01-18,,173.5,2.2,24.1,89.0,4.1,93.2,19.4,7.3,76.2,10.3,352.2,129.1,31.7,55.9,26.0,214.0,70.7,,287.9,475.5,2.7,6.7,1.5,2.2,86.5,6.6,122.3,249.4,1.9,235.4,224.3,3.7,299.2,40.8,124.6,17.6,67.6,3635.2999999999993
2021-01-19,,179.7,2.3,24.0,86.1,3.9,92.9,19.6,7.6,75.6,10.9,353.0,134.8,32.5,56.2,25.9,220.3,71.5,,289.2,485.9,3.0,7.0,1.7,2.6,86.1,7.1,128.4,257.3,1.7,254.1,226.5,3.6,300.7,40.7,127.9,17.1,68.7,3706.0999999999995
2021-01-20,,181.3,2.3,23.4,91.9,3.9,93.1,19.6,7.7,76.7,11.8,348.8,135.4,33.3,56.8,26.7,223.2,73.1,,290.8,491.7,2.5,6.9,1.7,2.2,77.3,7.2,133.1,266.1,1.5,269.5,234.1,3.6,301.0,41.8,130.1,16.3,68.3,3754.7
2021-01-21,,185.6,2.3,23.3,89.0,4.0,93.9,19.6,7.6,73.3,10.6,352.5,134.2,32.6,55.6,26.2,224.4,75.3,,290.7,486.3,2.7,6.9,1.6,2.2,74.5,7.3,131.2,263.8,1.7,277.5,244.3,3.5,301.2,42.0,131.9,16.0,66.6,3761.8999999999996
2021-01-22,,184.6,2.3,24.5,91.2,4.1,94.2,19.4,7.8,77.1,10.3,353.5,136.7,33.5,56.1,26.4,228.0,76.1,,294.2,486.7,2.7,6.7,1.7,2.2,75.3,7.5,128.0,265.6,1.9,287.5,251.0,4.6,310.3,42.8,130.3,16.9,69.2,3810.899999999999
2021-01-23,,183.9,2.3,23.9,89.3,3.8,94.1,19.6,7.8,72.4,10.3,353.5,135.0,33.0,53.4,25.6,228.5,75.5,,293.0,489.4,2.8,6.6,1.7,2.2,74.2,7.6,130.2,266.2,1.6,288.7,252.7,3.9,306.5,41.6,128.8,17.1,68.1,3794.8
2021-01-24,,182.2,2.2,23.4,89.4,3.8,94.1,19.3,7.4,72.9,9.9,338.5,127.3,31.0,53.0,26.0,219.2,68.5,,292.5,478.6,2.9,6.7,2.0,2.1,74.4,6.9,124.2,262.7,1.5,268.7,239.0,3.4,303.3,39.6,122.7,16.0,66.0,3681.3
2021-01-25,,183.7,2.2,24.0,91.0,4.0,95.4,19.2,7.3,75.1,10.4,344.4,132.3,32.6,56.4,26.2,229.8,72.4,,289.7,483.0,2.8,6.7,1.5,2.1,74.5,7.2,127.5,263.0,1.9,275.5,236.9,3.6,303.8,40.9,116.2,16.1,69.4,3728.6999999999994
2021-01-26,,183.0,2.3,23.2,89.5,3.4,92.9,16.3,5.0,62.6,9.0,328.3,118.7,28.6,56.7,26.5,219.3,68.2,,287.8,441.0,3.0,6.7,1.6,2.2,75.8,6.7,119.0,261.9,1.6,259.8,234.2,3.5,312.5,36.1,118.4,17.4,67.7,3590.3999999999996
2021-01-27,,187.1,2.5,24.2,90.8,3.9,95.3,18.1,6.5,72.3,9.8,334.5,133.8,32.2,54.8,25.6,230.0,70.4,,284.2,470.6,2.8,6.9,1.8,2.2,76.4,7.7,130.8,264.2,1.9,275.3,239.5,3.7,307.4,40.6,125.9,16.7,72.6,3723.0
2021-01-28,,185.1,2.5,24.5,95.6,4.2,94.1,19.7,7.6,74.6,10.2,334.5,140.9,33.4,53.7,25.8,234.1,70.3,,288.4,485.2,3.2,6.9,1.6,2.3,77.2,7.9,135.6,267.1,1.9,286.0,243.1,4.0,317.2,42.6,131.0,16.0,66.9,3794.8999999999996
2021-01-29,,185.9,2.6,24.2,94.3,4.1,81.5,19.7,7.7,74.2,10.0,344.7,143.3,33.9,56.0,25.2,237.0,71.4,,286.4,480.6,3.1,6.8,1.6,2.0,76.2,7.6,134.2,269.2,1.8,292.6,251.6,4.0,319.0,42.9,133.9,16.3,69.4,3814.9
2021-01-30,,188.1,2.3,24.0,92.6,3.9,84.2,19.6,7.6,71.6,10.2,346.5,142.7,33.3,55.5,26.1,235.7,72.7,,288.7,475.4,3.0,6.4,1.7,2.0,75.2,7.6,140.6,268.4,1.8,292.9,251.9,3.6,318.9,42.8,130.1,16.6,68.6,3812.7999999999993
2021-01-31,,182.1,2.5,23.7,96.5,3.5,87.9,19.2,7.0,68.3,9.3,337.2,130.4,30.9,55.4,26.3,223.6,67.8,,285.2,466.6,3.0,6.9,1.8,2.1,74.1,7.1,142.4,262.7,1.6,272.4,245.7,3.6,311.3,39.7,123.3,16.6,68.6,3706.2999999999997
2021-02-01,,184.1,2.3,24.2,93.3,3.8,89.6,19.1,7.1,69.7,10.3,348.7,139.3,32.0,55.6,26.3,232.0,74.0,,285.0,476.5,2.7,6.6,1.6,2.0,74.4,7.5,140.6,266.1,1.7,286.0,245.0,3.8,312.5,41.9,126.8,19.8,67.7,3779.5999999999995
2021-02-03,,183.4,2.3,24.6,92.0,3.8,93.5,19.7,7.8,68.4,10.1,350.7,141.0,33.1,53.5,26.2,236.6,75.7,,288.4,486.5,2.8,6.8,1.7,2.5,73.7,7.8,135.1,269.7,1.9,296.9,243.5,3.6,306.2,41.0,130.2,18.6,69.5,3808.7999999999997
2021-02-04,,184.7,2.3,25.0,89.1,4.1,94.4,19.9,7.7,68.6,9.8,352.9,125.7,32.2,55.6,26.1,236.6,74.9,,286.0,485.8,3.1,6.7,1.7,2.5,72.3,7.7,120.8,267.9,1.7,294.0,242.0,3.2,279.5,39.9,129.3,18.4,68.2,3740.2999999999993
2021-02-05,,187.8,2.4,23.8,89.7,3.9,95.4,18.1,7.7,70.4,10.0,352.2,130.0,32.1,55.1,28.7,239.5,74.1,,282.8,484.4,3.0,7.1,1.7,2.5,71.6,7.7,129.2,267.9,1.6,299.1,244.1,3.7,276.4,38.4,129.2,18.0,67.7,3756.9999999999995
2021-02-06,,187.1,2.3,24.2,83.4,3.6,95.5,19.4,7.6,64.1,9.9,348.3,132.8,36.9,55.7,26.5,239.1,74.1,,278.1,484.6,2.9,6.7,1.7,2.2,74.0,7.8,134.5,266.5,1.9,293.0,241.7,3.6,280.5,40.4,129.4,18.2,66.6,3744.7999999999997
2021-02-07,,181.7,2.3,22.7,84.7,3.3,93.9,19.1,6.8,63.0,8.7,336.3,120.8,27.5,54.4,25.5,221.3,66.7,,279.2,467.6,2.7,6.4,1.7,2.1,89.8,7.2,125.7,264.5,1.4,271.1,231.8,3.5,284.5,37.9,117.6,18.1,68.3,3619.8
2021-02-08,,187.6,2.4,23.4,84.7,3.6,95.3,19.5,7.2,66.0,9.5,351.4,131.0,30.4,54.9,26.4,233.4,71.5,,279.0,478.3,2.5,6.6,1.8,1.9,101.2,7.6,130.5,266.3,1.5,280.7,236.2,3.5,290.4,40.1,126.6,18.2,68.4,3739.500000000001
2021-02-09,,187.8,2.1,24.5,86.5,3.6,97.0,19.6,7.7,65.7,9.8,355.5,135.2,31.3,56.0,26.1,239.2,73.5,,279.9,485.5,2.7,6.7,1.8,2.2,100.4,7.7,132.2,269.0,1.8,294.9,238.0,3.6,291.9,40.7,129.0,18.3,67.5,3794.899999999999
2021-02-10,,190.5,2.1,24.4,86.8,3.6,95.7,19.5,7.8,65.5,9.9,352.7,136.5,31.4,53.5,25.6,243.3,72.4,,278.0,484.4,2.9,6.6,1.7,2.2,92.6,7.7,133.3,271.5,1.7,298.2,237.9,3.6,290.9,40.2,129.8,17.9,68.1,3790.3999999999996
2021-02-11,,188.7,2.2,24.7,85.6,3.5,97.3,19.8,7.7,65.0,10.3,357.0,135.2,32.0,53.6,27.0,240.9,71.8,,276.6,482.6,2.8,6.6,1.7,2.3,87.0,7.2,133.7,262.7,1.7,297.4,240.1,3.5,289.3,40.1,131.1,18.0,67.0,3773.7000000000003
2021-02-12,,191.1,2.3,25.3,84.1,3.5,98.3,19.6,6.9,66.4,9.5,359.1,135.7,32.7,54.4,25.1,244.6,72.9,,277.1,482.6,2.7,6.6,1.8,2.2,78.1,7.4,134.1,268.8,1.5,301.2,242.3,2.9,291.7,40.3,129.3,16.4,67.2,3785.7000000000003
2021-02-13,,187.4,2.3,24.4,84.2,3.4,99.3,19.8,7.6,61.4,9.6,358.4,132.2,32.1,53.7,26.8,243.0,72.7,,277.3,480.9,2.7,6.5,1.8,2.2,78.2,7.6,129.3,268.2,1.5,303.8,239.5,3.5,283.6,39.4,129.9,17.6,66.5,3758.3
2021-02-14,,186.7,2.3,23.3,84.7,3.1,98.1,19.4,6.9,59.0,8.8,344.2,121.5,29.8,53.8,26.1,232.8,67.3,,275.2,472.8,2.8,4.8,1.6,2.1,85.8,6.7,118.8,262.5,1.3,278.9,240.4,3.9,280.2,36.6,123.5,18.0,64.5,3648.2
2021-02-15,,192.6,2.3,24.3,84.7,3.4,99.3,19.8,7.2,61.6,10.8,355.4,129.2,31.7,54.4,26.0,244.2,75.3,,273.3,481.5,2.9,4.8,1.7,2.2,87.7,7.4,123.1,264.9,1.5,297.7,246.2,3.5,283.1,38.5,129.8,18.3,65.9,3756.2
2021-02-16,,194.6,2.3,24.0,88.1,3.4,91.9,19.9,7.6,62.7,10.6,354.6,132.8,32.0,52.8,24.9,247.3,77.7,,249.6,488.0,2.5,4.9,1.8,2.1,82.2,7.2,126.8,263.5,1.5,309.6,246.4,4.0,279.1,38.8,129.6,18.1,66.2,3749.1000000000004
2021-02-17,,193.4,2.2,24.8,85.6,3.3,85.0,20.0,7.7,62.1,10.6,352.8,132.7,32.8,51.4,25.3,249.1,77.8,,237.1,480.2,2.4,6.7,1.7,2.0,73.6,7.0,125.5,264.0,1.4,312.9,249.3,3.7,282.8,39.6,125.8,18.5,66.3,3717.0999999999995
2021-02-18,,193.8,2.3,24.7,83.0,3.2,87.1,20.0,7.7,62.5,10.3,356.1,133.8,32.6,53.3,24.5,245.5,78.4,,245.2,450.4,2.3,6.4,1.5,2.2,76.4,7.1,124.9,259.7,1.4,313.6,247.2,3.6,283.1,39.3,130.3,19.1,66.2,3698.7
2021-02-19,,191.4,2.4,24.4,81.6,3.3,88.1,19.7,7.8,64.7,9.5,359.5,133.8,32.9,53.5,23.7,219.9,77.9,,245.9,410.1,2.4,6.5,1.9,2.1,77.6,7.7,126.0,262.3,1.5,319.9,235.1,3.6,290.0,40.0,134.5,18.2,66.6,3645.9999999999995
2021-02-20,,177.0,2.4,24.3,80.2,3.2,91.6,19.5,7.6,59.5,9.5,358.9,131.2,32.2,52.6,25.2,208.3,77.2,,249.5,443.0,2.6,6.5,1.6,2.2,76.9,7.7,126.0,261.1,1.5,296.3,234.4,3.7,285.7,39.2,132.7,18.7,67.3,3616.9999999999995
2021-02-21,,166.1,2.3,23.5,84.4,2.9,93.9,19.5,7.0,58.4,8.6,343.2,120.2,28.9,52.2,23.8,189.4,69.2,,251.1,442.2,2.5,6.5,1.5,2.2,76.0,6.1,121.5,257.1,1.3,261.3,234.8,3.4,281.9,35.5,122.8,18.2,65.1,3484.5
2021-02-22,,176.1,2.2,24.4,84.5,3.2,94.9,19.8,7.4,60.8,10.0,359.9,129.0,30.6,53.0,25.4,197.7,76.3,,254.5,471.2,2.5,6.3,1.6,2.0,77.5,6.8,124.7,258.9,1.4,287.4,242.4,3.9,284.5,37.8,127.0,18.2,66.4,3630.2
2021-02-23,,185.9,2.1,24.7,84.3,3.2,97.1,19.7,7.6,62.1,10.1,359.8,134.8,31.5,48.9,24.5,207.1,79.4,,258.0,489.9,2.5,6.4,1.6,2.1,79.3,7.3,127.6,260.6,1.4,304.0,248.6,3.7,289.8,38.6,134.2,18.0,65.9,3722.2999999999997
2021-02-24,,191.8,2.2,23.8,83.3,3.2,97.5,20.1,7.7,62.8,10.9,364.3,137.0,31.8,51.4,24.2,215.9,80.2,,260.0,498.9,2.6,6.1,1.6,2.0,91.7,7.3,126.0,261.4,1.3,310.2,252.0,3.6,293.9,38.4,136.9,18.6,70.2,3790.7999999999997
2021-02-25,,196.8,2.3,24.4,83.2,2.8,99.3,20.2,7.4,62.3,11.3,368.7,137.0,31.6,50.5,23.7,226.0,81.1,,260.4,504.6,2.7,6.5,1.6,2.0,100.2,7.4,131.1,259.1,1.4,316.7,256.0,3.7,295.9,38.1,139.7,18.1,66.0,3839.7999999999997
2021-02-26,,201.9,2.5,23.6,86.6,3.2,99.7,20.0,7.6,65.4,12.2,371.7,141.9,31.9,50.0,23.5,236.0,81.7,,261.9,504.4,2.9,6.3,1.7,2.3,88.5,7.3,135.6,262.6,1.3,325.4,261.0,3.8,299.4,38.1,143.4,18.1,67.1,3890.5000000000005
2021-02-27,,205.9,2.4,24.2,85.9,3.1,102.9,20.1,7.5,61.3,10.2,370.7,137.0,31.2,45.2,23.5,236.0,82.4,,262.8,502.2,2.5,6.3,1.7,2.3,88.0,7.5,129.1,265.0,1.1,323.8,262.9,3.9,302.0,37.3,145.3,18.7,64.8,3876.7000000000003
2021-02-28,,201.9,2.4,22.9,87.4,2.8,103.1,19.7,7.0,59.2,9.1,357.2,126.0,27.8,50.7,25.4,229.9,76.3,,259.8,499.2,2.5,6.1,1.7,2.2,86.7,6.7,123.0,255.8,1.0,295.7,257.4,3.8,303.0,34.9,140.2,18.8,65.8,3773.1
2021-03-01,,205.1,2.3,24.5,85.7,3.1,104.9,19.7,7.0,62.1,10.2,371.6,134.7,31.1,50.9,25.7,244.6,81.7,,259.4,514.9,2.6,6.2,1.7,2.3,86.6,7.3,131.5,264.4,1.2,315.0,259.4,4.0,307.8,36.1,152.3,15.3,65.2,3898.1000000000004
2021-03-02,,207.8,2.4,24.9,87.4,3.1,106.7,20.0,7.6,61.8,11.1,371.3,134.8,31.3,51.7,26.8,253.5,81.5,,261.4,527.4,2.6,5.2,1.7,2.0,87.1,7.6,141.5,264.6,1.2,325.2,262.5,4.0,295.9,37.9,155.4,15.3,66.5,3948.7
2021-03-03,,204.7,2.1,24.9,84.5,3.2,105.7,20.3,7.8,62.8,11.6,369.1,137.9,31.9,50.2,26.9,247.3,81.6,,260.0,526.5,2.5,5.4,1.6,2.0,85.4,7.6,142.9,264.8,1.2,322.6,264.0,3.9,304.3,38.4,153.2,14.6,68.3,3941.7000000000003
2021-03-04,,204.6,2.1,25.5,86.6,3.2,102.3,20.3,7.8,62.6,11.4,376.1,143.3,31.5,50.3,27.9,249.5,80.1,,257.6,526.1,2.7,5.3,1.6,2.0,87.3,7.8,143.8,263.6,1.4,324.9,265.6,4.2,313.4,38.0,149.3,13.9,67.0,3960.6
2021-03-05,,210.1,2.2,24.1,89.5,3.2,105.9,20.2,7.8,65.4,11.1,386.4,141.1,32.8,51.4,26.7,259.9,80.7,,252.9,526.8,1.5,5.4,1.7,1.9,85.2,7.8,144.2,263.4,1.7,333.8,268.1,4.2,311.9,38.4,155.5,16.1,69.7,4008.7
2021-03-06,,209.8,2.1,21.1,86.3,3.1,105.5,20.2,7.8,61.1,11.7,387.1,138.7,31.4,51.7,26.6,257.0,81.9,,253.3,533.1,2.3,4.8,1.6,2.2,88.9,7.9,141.5,262.0,1.8,335.0,265.2,3.4,311.5,38.4,156.4,16.3,68.1,3996.8
2021-03-07,,208.4,2.2,22.1,88.3,2.9,105.3,19.8,7.2,59.9,10.1,365.8,121.8,28.4,50.3,26.7,245.1,76.8,,248.6,515.5,2.4,5.1,1.6,2.2,100.0,7.3,118.4,256.6,1.5,311.7,261.2,3.4,310.3,35.3,144.8,16.6,66.1,3849.7
2021-03-08,,210.3,2.3,24.3,88.9,3.3,106.9,20.0,7.5,65.4,11.5,383.6,131.1,29.2,50.2,26.9,259.8,84.3,,250.6,530.9,2.5,5.3,1.3,2.3,101.8,7.8,117.3,257.7,1.2,333.1,267.0,3.3,310.6,36.3,156.3,18.6,66.9,3976.300000000001
2021-03-09,,213.0,2.4,24.4,92.0,3.3,108.4,20.3,7.8,68.1,12.0,388.2,135.5,31.2,51.3,27.5,265.0,84.8,,251.6,537.6,2.4,5.4,1.4,2.3,94.2,8.3,131.5,259.1,1.3,343.3,270.3,4.5,327.1,38.3,163.5,18.7,66.1,4062.1000000000004
2021-03-10,,212.2,2.2,24.2,94.0,3.4,106.8,20.6,8.0,67.9,12.2,378.6,138.5,31.6,52.4,27.5,265.8,83.0,,252.7,538.3,2.5,6.2,1.6,2.2,100.5,8.4,137.2,256.2,1.2,342.7,271.6,4.2,331.9,38.0,158.0,18.5,63.8,4064.6
2021-03-11,,211.4,2.3,23.9,95.1,3.1,106.1,20.4,6.8,69.2,11.7,382.4,142.0,30.2,50.9,26.9,265.8,76.8,,242.5,534.2,2.7,6.0,1.6,2.2,100.5,8.3,141.2,255.5,1.0,337.7,273.3,4.2,338.8,37.8,154.6,18.5,66.2,4051.7999999999997
2021-03-12,,206.7,2.1,26.1,97.4,3.3,107.3,19.0,7.4,69.0,11.6,387.6,124.4,31.3,47.0,26.5,262.2,80.2,,205.0,529.5,2.5,6.1,1.6,1.9,91.5,8.3,121.8,242.0,1.2,336.0,269.6,4.3,301.6,38.1,162.3,18.2,66.8,3917.4
2021-03-13,,198.7,2.2,24.7,84.0,3.2,90.6,20.3,7.7,63.9,12.0,385.6,127.1,31.0,51.4,22.5,260.4,80.9,,194.6,523.2,2.8,6.2,1.7,2.1,84.9,8.2,124.9,238.1,1.2,335.8,266.2,4.0,301.7,38.2,142.8,17.7,65.9,3826.3999999999996
2021-03-14,,209.3,2.2,24.3,86.6,2.9,102.9,20.1,7.3,63.0,10.6,372.8,123.5,28.1,49.7,25.3,247.4,76.1,,224.6,511.7,2.7,6.1,1.6,2.1,87.0,7.6,135.3,239.2,0.9,311.2,263.8,3.7,309.1,35.3,134.4,17.0,66.8,3812.1999999999994
2021-03-16,,217.5,2.4,27.2,91.4,3.3,107.0,20.3,7.4,69.1,11.8,390.6,137.8,31.1,50.6,25.4,264.6,85.4,,230.2,549.6,2.6,6.1,1.7,2.2,95.5,8.3,138.9,245.6,1.2,346.6,274.0,4.4,325.4,38.1,160.4,18.3,67.2,4059.2
2021-03-17,,216.2,2.4,27.6,94.4,3.4,109.0,20.4,7.8,70.4,12.0,387.3,137.0,31.5,49.7,26.6,266.0,87.1,,232.9,554.4,2.8,6.2,1.7,2.3,108.3,8.3,139.9,245.1,1.2,347.1,275.6,4.0,330.1,38.9,163.6,18.2,70.3,4099.7
2021-03-18,,215.3,2.3,28.4,94.8,3.3,110.2,20.5,7.8,70.0,12.6,393.5,140.7,31.2,49.3,26.8,265.6,87.5,,227.8,553.5,2.7,5.7,1.6,2.2,100.4,8.2,133.1,236.8,1.2,348.9,273.9,4.1,339.7,37.9,165.0,18.0,69.6,4090.0999999999995
2021-03-19,,211.1,2.1,28.9,95.3,3.4,107.7,18.9,7.9,73.5,12.7,392.6,142.2,31.8,50.7,26.7,264.1,87.7,,211.0,532.6,2.3,5.3,1.5,2.0,101.1,8.5,129.5,232.7,1.2,351.0,272.9,4.2,340.2,38.5,167.1,18.2,68.0,4045.1000000000004
2021-03-20,,210.7,2.2,29.0,95.4,3.3,101.7,20.1,7.9,69.9,12.1,389.8,140.8,31.1,49.1,26.9,260.6,85.5,,208.5,516.3,2.8,4.3,1.6,2.4,107.6,8.5,148.7,236.2,1.1,350.0,270.4,4.1,338.8,38.6,168.1,18.4,70.6,4033.1
2021-03-21,,209.7,2.2,27.0,98.5,3.0,105.0,20.1,7.2,67.0,11.2,378.9,126.0,28.4,48.4,27.0,249.2,76.7,,215.4,487.7,2.7,4.7,1.6,2.2,103.6,7.8,147.2,227.2,1.0,322.9,264.1,4.2,333.6,35.5,170.6,18.7,69.4,3905.599999999999
2021-03-22,,216.1,2.3,28.2,100.3,3.4,108.1,17.5,7.5,72.8,12.1,392.2,119.3,29.4,49.5,27.4,262.0,83.2,,217.0,507.2,2.4,4.3,1.6,2.3,108.4,8.4,111.3,216.2,1.1,345.8,273.7,4.6,323.9,37.1,176.7,18.4,70.2,3961.9
2021-03-23,,217.2,2.3,29.6,104.6,3.3,107.3,19.5,7.8,71.2,12.0,397.3,114.7,30.6,45.9,28.3,267.6,86.4,,211.4,499.1,2.4,5.3,1.6,2.3,109.4,8.3,99.7,196.3,1.2,355.0,275.0,4.4,298.5,37.8,183.0,18.2,70.9,3925.4000000000005
2021-03-24,,216.8,2.3,29.9,103.0,3.2,104.6,20.0,7.9,70.2,11.9,392.1,122.5,31.5,50.1,27.8,269.4,87.5,,214.1,522.8,2.7,5.9,1.6,2.2,109.0,8.6,119.1,203.9,1.0,355.6,278.2,4.7,303.5,38.7,187.8,17.8,72.1,3999.9999999999995
2021-03-25,,218.3,2.3,27.7,98.1,3.2,108.6,20.1,7.7,70.0,12.1,392.1,125.7,31.0,51.3,29.3,272.0,85.9,,222.4,534.0,2.3,5.8,1.5,2.2,110.4,8.5,123.3,212.0,1.1,359.1,277.9,4.6,326.3,38.4,185.7,17.4,71.4,4059.7
2021-03-26,,219.1,2.1,29.3,100.8,3.2,111.3,19.9,7.7,69.2,12.7,395.2,123.9,31.6,49.3,29.5,272.0,87.1,,222.6,539.8,2.3,5.8,1.5,2.0,100.7,8.8,125.2,210.1,1.1,360.6,281.4,4.4,320.2,38.1,185.3,18.2,70.8,4062.8
2021-03-27,,220.7,2.0,28.3,96.1,3.1,112.1,20.0,7.7,68.2,12.6,395.1,125.7,30.5,48.9,28.4,276.0,87.2,,225.6,547.6,2.4,6.1,1.6,2.0,92.2,8.6,130.5,208.1,1.1,362.0,281.5,4.4,324.5,37.8,180.9,17.8,71.8,4069.1
2021-03-28,,218.7,2.2,27.1,98.7,3.0,109.3,19.3,7.0,65.0,11.7,373.0,112.7,27.2,47.7,29.4,259.2,77.5,,223.6,543.5,2.6,5.9,1.5,2.2,92.5,8.1,133.2,199.7,0.9,334.2,277.1,4.0,321.3,33.8,169.3,17.6,71.4,3931.1
2021-03-29,,219.6,2.2,23.7,93.2,2.8,98.4,13.7,4.1,56.3,11.0,306.2,91.9,21.3,45.7,28.2,261.0,80.0,,208.7,504.2,2.7,5.7,1.6,2.1,92.6,7.6,109.7,178.2,0.8,341.7,270.9,4.5,318.7,26.4,166.8,18.2,62.8,3683.1999999999994
2021-03-30,,219.5,2.2,19.9,97.5,3.5,100.2,15.8,5.4,70.2,12.2,355.5,102.2,25.5,49.9,26.4,265.1,82.7,,208.6,531.9,1.9,4.8,1.3,2.3,97.6,8.2,116.4,175.9,1.1,352.5,275.0,3.8,299.6,32.2,183.0,18.8,64.0,3832.600000000001
2021-03-31,,225.0,2.2,21.2,95.5,3.4,108.1,18.7,7.2,73.6,12.2,392.0,112.8,29.1,47.8,28.1,272.2,87.2,,219.0,546.1,2.2,5.5,1.0,1.7,99.0,8.9,126.4,203.4,1.2,359.7,278.8,3.5,295.3,32.9,190.0,17.4,69.2,3997.5
2021-04-01,,226.1,2.1,23.0,94.6,3.3,110.8,18.8,7.1,72.2,11.6,394.0,112.0,28.4,49.4,28.3,273.0,85.1,,225.3,547.6,2.3,5.7,1.7,2.0,98.8,8.8,120.2,204.8,1.0,366.4,280.0,3.9,283.2,33.1,186.0,18.1,69.4,3998.1
2021-04-02,,234.1,2.2,24.9,97.5,3.3,112.7,19.2,7.3,71.0,11.2,395.8,117.3,28.9,49.8,28.4,277.1,77.6,,225.5,546.4,2.5,5.6,1.9,2.2,102.7,9.1,118.0,205.2,1.0,367.2,282.7,4.7,308.8,35.9,184.4,18.9,69.3,4050.2999999999997
2021-04-03,,231.5,2.1,28.2,99.1,3.3,113.5,19.5,7.5,68.3,11.4,396.3,116.8,28.7,49.7,27.3,277.5,83.1,,228.6,554.5,2.4,6.0,1.6,2.0,104.9,9.1,121.0,203.5,1.0,367.8,286.1,3.9,312.5,36.3,191.8,18.4,72.1,4087.3
2021-04-04,,221.4,2.2,25.7,97.5,2.9,113.3,19.2,7.0,68.0,11.0,387.9,107.8,26.3,49.3,28.9,266.0,77.2,,227.0,540.6,2.3,5.1,1.6,1.9,107.7,8.8,118.4,200.7,0.9,351.3,276.9,4.5,301.9,34.6,168.9,18.9,70.3,3953.9
2021-04-05,,222.6,2.0,26.4,97.6,3.4,114.2,19.5,7.4,76.8,12.1,400.8,119.7,28.5,48.9,28.5,276.0,87.8,,231.3,556.1,2.5,5.4,1.7,1.9,112.6,9.0,118.4,208.6,1.1,363.1,272.3,3.7,321.9,36.6,163.8,18.3,69.8,4070.3
2021-04-06,,219.4,1.9,27.8,102.7,3.5,115.6,19.5,7.7,80.7,12.5,402.3,126.1,29.6,50.0,29.3,280.5,84.4,,238.0,557.2,2.5,5.2,1.7,1.9,112.0,7.0,110.8,211.3,1.1,310.2,269.1,4.1,331.0,38.8,178.4,19.5,71.0,4064.2999999999993
2021-04-07,,221.5,2.2,29.3,106.8,3.2,115.7,19.5,7.8,81.7,11.8,403.1,119.6,25.0,48.1,28.9,277.7,87.3,,240.2,559.6,2.5,4.6,1.7,1.9,113.4,8.7,107.8,214.8,1.1,353.3,268.9,4.6,336.1,36.4,182.5,19.5,72.5,4119.3
2021-04-08,,217.5,2.0,26.4,111.2,3.4,114.1,19.7,7.7,79.9,12.4,407.9,129.5,29.2,50.5,28.8,275.1,86.5,,241.4,566.4,2.5,5.7,1.7,2.0,105.4,8.9,120.7,214.9,1.0,364.0,263.4,4.7,339.8,38.5,187.5,17.9,72.5,4160.7
2021-04-09,,217.8,2.1,27.6,109.3,3.4,108.5,19.4,7.7,79.5,12.5,409.5,130.0,29.1,51.9,28.1,271.9,87.9,,238.1,556.0,2.5,5.4,1.6,2.0,93.8,9.5,122.4,214.5,0.9,372.7,258.4,4.3,331.8,38.7,183.2,18.2,71.6,4121.8
2021-04-10,,213.1,1.9,26.6,111.0,3.3,106.2,18.6,7.6,76.9,12.3,405.2,129.4,29.1,51.3,29.9,273.0,87.7,,233.1,538.3,2.5,5.0,1.5,2.0,96.0,9.1,129.0,214.2,0.8,372.8,252.3,5.1,332.7,39.1,180.4,18.2,70.6,4085.7999999999997
2021-04-11,,213.9,1.8,24.6,109.1,3.2,106.6,18.7,6.8,75.5,10.3,391.8,117.6,24.5,49.4,29.8,259.9,79.5,,225.5,516.6,2.4,4.7,1.5,1.9,96.2,8.5,121.1,208.6,0.8,351.5,245.0,5.0,327.5,35.7,179.0,18.9,71.3,3944.7000000000003
2021-04-12,,216.3,2.2,29.1,110.5,3.8,109.1,19.0,7.2,83.6,11.9,407.7,131.4,29.1,51.1,30.4,261.2,79.2,,221.5,532.9,2.5,4.8,1.7,1.9,98.2,9.0,126.4,212.6,1.0,355.0,236.3,5.2,341.6,37.5,186.5,18.4,69.9,4045.7000000000003
2021-04-13,,210.9,2.0,29.5,111.7,3.8,111.2,19.1,7.5,85.8,11.3,402.9,137.6,29.9,52.7,30.9,242.6,78.4,,238.7,519.4,2.3,4.7,1.7,1.9,99.2,9.3,125.6,222.8,0.9,355.9,219.9,5.1,354.5,36.1,195.4,15.9,69.9,4047.0
2021-04-14,,205.1,2.2,25.7,114.4,3.9,111.1,19.2,6.8,85.9,10.7,399.5,137.5,29.7,52.7,30.6,230.7,73.2,,227.8,511.4,2.6,5.6,1.6,2.2,99.2,8.7,132.7,223.0,0.8,330.7,190.6,5.3,358.6,38.7,191.9,17.7,70.3,3958.2999999999997
2021-04-17,,201.0,2.4,22.6,105.6,3.3,109.2,18.5,7.3,66.4,12.5,397.7,122.6,26.5,48.6,29.3,241.3,80.0,,236.6,535.2,2.4,4.6,1.4,2.1,99.1,9.1,123.1,209.2,0.6,334.6,214.5,3.6,325.1,39.1,160.0,17.0,68.1,3880.2
2021-04-18,,206.0,2.3,24.4,113.0,3.1,109.5,18.1,6.6,67.6,10.2,383.3,121.7,24.9,50.7,29.9,230.5,74.6,,239.6,529.7,2.4,5.4,1.4,2.1,94.2,8.7,114.9,213.5,0.6,319.9,208.0,3.6,340.0,36.4,152.8,17.0,68.4,3835.0
2021-04-19,,209.8,2.1,22.5,103.0,3.9,116.9,18.5,6.9,79.9,12.0,397.5,136.6,29.3,50.4,29.5,240.6,81.4,,239.2,546.7,2.3,5.1,1.6,2.2,96.8,9.1,127.4,216.4,0.8,340.4,213.8,5.0,347.0,38.6,172.6,17.1,67.1,3990.0
2021-04-20,,207.8,2.2,26.6,114.5,3.6,99.1,18.4,7.2,69.5,12.2,396.0,128.5,30.2,52.3,29.9,237.5,78.7,,239.3,546.5,2.5,5.5,1.6,2.3,101.1,9.5,125.0,208.8,0.8,348.5,210.5,5.2,352.7,39.1,192.0,17.1,69.8,3992.0
2021-04-21,,208.3,2.1,29.5,115.8,2.8,99.2,18.2,7.2,64.2,12.2,390.6,124.3,27.2,51.3,28.7,238.8,79.1,,229.5,542.6,2.6,5.8,1.6,2.2,106.1,9.4,117.1,205.6,0.8,353.2,202.7,5.4,328.3,34.6,178.4,16.5,68.4,3910.3
2021-04-23,,193.0,2.0,30.3,101.7,3.2,104.2,17.8,7.0,64.0,13.0,385.8,123.8,27.2,51.6,26.4,210.6,81.4,,229.9,534.1,2.4,4.8,1.6,2.1,113.0,9.5,103.6,214.8,1.0,357.1,181.8,5.1,322.1,35.0,161.6,17.0,70.4,3809.9
2021-04-24,,193.5,2.1,31.6,110.7,3.0,103.7,17.7,6.9,59.7,11.8,384.0,125.3,28.0,51.8,29.4,201.4,77.9,,231.3,534.1,2.5,4.4,1.7,2.2,114.4,9.2,114.6,214.3,1.0,356.7,185.4,4.8,329.1,35.4,173.1,17.2,68.8,3838.7
2021-04-25,,195.8,2.2,31.4,116.8,2.9,103.1,16.4,6.0,61.1,10.6,362.9,119.5,26.0,51.2,29.8,200.2,72.3,,226.9,525.0,2.5,4.4,1.6,2.2,113.8,8.5,109.5,209.3,0.9,321.1,183.7,4.8,334.3,33.6,175.7,16.9,66.8,3749.7
2021-04-26,,204.3,2.1,31.8,116.4,3.5,101.4,17.0,6.5,66.3,12.2,378.9,135.3,27.9,51.4,30.3,214.8,80.4,,228.5,529.2,2.6,3.7,1.6,2.4,106.4,8.9,129.6,216.3,0.9,349.7,187.6,5.0,358.0,36.1,186.5,17.6,67.2,3918.2999999999997
2021-04-27,,204.9,2.0,34.0,116.4,3.8,101.4,17.3,6.8,70.8,12.1,384.4,145.0,28.8,50.8,30.1,223.1,81.9,,229.7,517.7,2.6,4.5,1.7,2.4,108.0,9.2,130.7,221.6,1.0,360.9,182.7,5.6,364.1,37.7,190.9,18.0,67.6,3970.2
2021-04-28,,206.2,2.2,27.7,117.7,4.3,101.7,17.2,6.8,76.1,10.4,377.8,138.2,30.3,50.0,31.1,223.3,82.8,,231.8,522.3,2.7,4.2,1.7,2.4,118.7,9.3,138.5,227.4,0.9,366.3,182.2,5.8,381.9,38.9,188.9,17.7,68.0,4013.4
2021-04-29,,206.0,2.1,31.4,116.8,4.3,101.1,16.7,6.8,79.1,11.6,383.1,150.5,29.3,47.7,27.7,221.0,84.6,,229.5,519.7,2.7,4.4,1.8,2.3,118.0,9.1,150.8,228.3,0.9,371.2,180.9,5.5,377.5,36.8,178.5,17.5,65.9,4021.100000000001
2021-04-30,,202.9,2.4,33.2,111.7,4.5,98.5,16.4,6.7,80.1,11.1,382.1,146.9,29.2,50.9,23.1,210.1,83.0,,228.7,515.3,2.3,4.4,1.4,2.2,112.3,9.2,154.9,223.6,1.0,369.0,175.7,6.0,369.6,37.6,172.2,17.7,60.9,3956.7999999999997
2021-05-01,,195.1,2.1,27.7,104.5,4.8,96.6,15.2,4.9,79.7,9.9,371.6,145.1,27.8,52.1,25.6,202.5,73.6,,219.9,470.8,2.3,5.3,1.5,2.1,103.4,7.9,155.9,217.5,0.8,335.4,166.5,4.4,384.8,36.4,148.7,16.3,60.1,3778.8
2021-05-02,,196.7,2.1,28.3,103.9,4.8,92.2,15.1,5.0,80.0,9.4,353.6,137.3,26.1,51.5,26.0,198.3,74.2,,211.2,472.3,2.4,5.3,1.4,2.1,104.3,8.2,150.3,213.2,0.8,319.1,166.0,4.3,365.7,33.7,144.7,15.9,60.2,3685.6000000000004
2021-05-03,,201.3,2.2,25.8,100.5,5.1,90.6,15.9,6.1,81.9,11.2,367.0,144.4,27.5,51.6,24.2,211.6,77.9,,209.3,490.6,2.5,4.8,1.4,2.1,103.8,8.7,151.9,221.2,0.9,343.1,163.9,4.7,352.4,36.1,131.2,15.9,57.5,3746.8
2021-05-04,,202.9,2.0,25.0,88.7,4.7,88.0,16.1,6.5,83.9,11.3,368.0,149.8,27.1,47.2,23.3,213.7,75.7,,209.3,516.7,2.3,5.2,1.4,2.1,88.2,8.8,148.0,226.1,0.9,353.6,165.6,4.1,369.3,36.3,123.6,15.2,58.8,3769.4
2021-05-05,,200.7,2.3,25.0,86.7,4.1,89.5,16.0,6.7,84.6,11.4,370.5,149.0,27.2,47.5,23.5,208.6,75.7,,227.6,522.7,2.4,5.8,1.6,2.1,89.2,9.4,146.9,227.7,1.1,352.5,162.8,4.3,365.3,35.7,128.6,15.4,58.3,3788.4
2021-05-06,,200.4,2.2,24.7,94.5,3.7,87.1,16.4,6.6,80.5,11.7,376.5,134.4,26.9,48.9,21.9,208.9,78.6,,223.6,520.8,2.5,5.5,1.6,2.2,93.3,9.4,146.2,220.9,0.8,353.5,162.0,4.8,357.3,33.7,131.1,15.5,56.8,3765.4
2021-05-07,,201.8,2.2,24.8,92.5,3.6,83.5,16.1,6.6,72.8,11.4,378.8,125.3,26.9,49.4,23.7,207.7,75.8,,219.5,512.9,2.5,5.4,1.5,2.2,89.2,9.5,140.1,220.4,1.0,347.1,166.3,4.4,331.5,34.7,136.9,18.3,61.1,3707.3999999999996
2021-05-08,,201.6,2.3,25.2,95.8,3.6,81.0,15.9,6.4,74.3,11.3,380.4,139.5,27.4,49.2,24.7,203.1,72.3,,221.6,510.7,2.6,5.5,1.6,2.2,89.5,9.2,147.1,228.2,1.0,339.3,166.3,4.5,366.3,34.8,148.9,18.3,62.1,3773.6999999999994
2021-05-09,,201.3,2.2,27.5,92.5,3.5,76.7,15.6,5.6,75.6,10.1,363.7,132.3,25.1,43.8,23.8,198.9,71.0,,213.4,496.1,2.4,5.7,1.4,2.2,90.4,8.6,136.0,222.4,0.8,316.2,164.1,4.0,351.0,32.7,141.7,17.7,59.3,3635.2999999999993
2021-05-10,,207.4,2.2,26.4,88.5,3.9,72.3,15.8,6.1,74.6,10.8,373.0,134.5,26.8,49.0,25.3,196.8,73.1,,210.2,508.9,2.3,5.7,1.4,2.2,93.3,8.8,145.5,223.2,1.0,319.2,166.5,4.2,344.8,34.8,142.5,17.8,62.6,3681.3999999999996
2021-05-11,,195.2,2.6,26.4,95.7,3.9,69.2,16.0,6.5,77.9,11.1,373.2,134.1,26.6,44.1,24.8,190.8,72.1,,206.2,515.4,2.6,5.7,1.5,2.2,81.4,9.0,146.8,218.1,1.0,329.3,165.3,4.0,363.9,35.2,135.5,16.8,64.4,3674.5
2021-05-12,,178.9,2.3,24.8,74.9,3.7,76.5,16.1,6.3,77.7,10.9,365.4,132.8,27.1,48.1,23.3,188.3,69.4,,213.2,515.3,2.4,5.6,1.5,2.2,86.3,9.2,140.9,211.1,0.9,330.5,153.9,4.7,340.1,33.6,128.3,18.7,62.5,3587.3999999999996
2021-05-13,,188.3,2.4,23.9,77.7,3.4,75.7,15.9,6.3,71.6,10.6,368.1,125.3,25.6,49.1,21.6,183.5,65.2,,215.0,512.0,2.4,5.4,1.5,2.1,80.3,8.9,127.3,207.7,0.9,315.8,154.4,4.1,310.5,32.3,129.9,18.5,62.7,3505.9
2021-05-14,,187.8,2.2,24.0,97.5,3.2,78.2,15.6,6.3,73.0,9.7,360.2,132.2,26.6,39.7,26.3,180.9,54.2,,218.8,503.2,2.2,5.7,1.6,2.2,87.2,8.4,137.2,216.6,1.0,306.6,156.2,4.0,343.6,33.8,141.7,18.1,64.9,3570.5999999999995
2021-05-15,,186.4,2.3,22.6,110.0,3.6,81.0,15.9,6.3,72.8,10.5,365.7,131.8,26.9,46.8,27.5,159.6,48.7,,221.7,479.0,2.5,5.6,1.5,2.2,94.1,7.7,137.2,217.7,1.0,288.2,147.8,4.4,355.4,35.0,161.7,18.2,65.8,3565.0999999999995
2021-05-16,,182.8,2.1,23.3,115.6,3.5,85.8,14.9,5.1,73.6,3.8,332.8,129.2,24.2,50.1,28.1,144.3,52.7,,206.8,401.8,2.4,5.6,1.6,2.2,97.1,7.3,138.3,222.4,0.8,270.4,137.2,4.0,372.9,33.1,160.8,18.8,64.8,3420.2
2021-05-17,,189.3,1.8,23.2,121.8,4.3,88.7,11.9,5.1,79.3,4.0,284.9,145.1,26.3,52.4,29.7,169.7,58.3,,185.8,372.3,2.4,5.4,1.6,2.2,100.8,7.7,151.6,221.1,0.9,287.4,147.5,4.9,380.8,36.2,167.2,18.2,65.5,3455.2999999999997
2021-05-18,,193.3,2.0,23.7,107.4,4.4,88.8,10.2,4.3,74.1,6.1,179.3,142.4,26.8,49.6,28.4,176.7,61.3,,177.6,414.2,2.5,5.7,1.6,2.2,111.7,8.1,154.2,174.5,1.0,303.8,151.5,5.1,330.1,37.0,164.7,14.1,62.2,3300.5999999999995
2021-05-19,,196.4,2.1,26.1,105.6,3.9,88.0,14.1,5.6,60.6,9.3,209.5,103.7,27.0,48.2,27.0,179.2,61.7,,159.8,428.0,2.5,5.6,1.7,2.2,124.6,8.0,151.2,130.0,1.1,298.2,155.0,5.5,236.2,32.3,159.2,17.0,64.5,3150.6
2021-05-20,,184.8,1.7,24.4,77.1,3.8,83.3,14.6,6.2,55.2,10.3,276.3,102.3,26.1,45.8,24.3,180.3,62.5,,173.3,446.5,2.3,5.3,1.6,2.2,122.6,7.4,156.5,158.1,1.5,288.9,149.0,5.4,211.0,25.7,166.1,19.4,63.6,3185.4
2021-05-21,,170.7,1.7,27.2,86.7,3.8,86.1,15.9,6.2,58.9,9.6,301.1,104.1,26.0,42.6,25.3,177.8,62.0,,188.0,463.2,2.5,5.2,1.7,2.1,115.1,6.6,137.9,183.7,1.5,266.3,154.0,5.5,265.3,29.9,163.7,19.5,62.7,3280.1
2021-05-22,,160.4,1.7,30.8,110.2,3.8,86.8,15.7,6.3,58.4,10.7,311.3,108.3,27.2,51.4,27.2,172.6,61.3,,197.5,466.1,2.6,5.1,1.7,2.2,112.8,6.7,155.2,176.2,1.5,262.8,151.7,5.9,289.4,32.6,167.0,19.7,64.7,3365.4999999999995
2021-05-23,,161.1,1.8,33.3,117.7,3.6,86.4,16.0,5.7,60.4,10.9,305.3,110.5,24.6,48.6,29.0,168.4,61.7,,200.0,463.8,2.5,5.1,1.7,2.3,109.7,6.6,137.9,181.2,1.4,253.7,149.9,5.6,323.5,31.8,173.1,17.9,66.3,3379.0
2021-05-24,,168.3,1.8,32.6,117.7,4.0,86.9,16.4,6.1,62.9,11.1,327.8,119.8,26.4,47.3,29.5,177.1,67.0,,205.1,488.3,2.6,5.0,1.7,2.3,107.7,7.2,141.0,212.9,1.6,256.6,151.7,4.5,330.7,34.8,160.1,18.3,66.0,3500.8
2021-05-25,,172.5,2.1,31.4,102.8,4.3,84.0,16.7,5.3,69.2,11.2,337.4,135.9,27.5,48.1,26.1,178.2,66.7,,207.1,492.7,2.6,4.7,1.5,2.5,85.7,7.2,154.1,223.8,1.6,250.3,153.7,3.7,340.6,36.0,129.8,18.8,65.3,3501.0999999999995
2021-05-26,,171.2,2.0,32.8,96.6,4.5,83.3,17.0,6.5,70.4,12.1,337.3,147.7,27.4,49.2,16.4,171.3,61.5,,213.2,486.5,2.5,5.0,1.6,2.4,65.5,7.3,163.1,230.5,1.5,240.0,155.2,4.5,372.9,37.1,101.5,19.7,57.2,3474.3999999999996
2021-05-27,,178.5,2.0,32.8,49.3,4.9,84.5,17.0,6.5,81.6,12.0,335.2,156.1,27.9,49.2,13.6,180.7,61.8,,214.5,488.0,2.5,4.8,1.4,2.3,86.0,7.3,172.1,235.2,1.4,257.2,155.3,4.6,361.5,39.2,106.8,18.8,53.3,3505.8000000000006
2021-05-28,,196.4,2.1,34.0,41.7,5.6,88.9,16.4,6.6,88.7,11.9,347.8,163.7,28.8,51.7,20.6,194.0,65.3,,214.8,486.8,2.5,5.1,1.4,2.3,104.5,7.4,176.3,238.4,1.3,270.2,157.7,5.3,337.0,40.0,135.5,19.7,62.0,3632.4000000000005
2021-05-29,,203.5,2.1,35.0,73.1,4.8,90.5,16.9,6.6,86.1,11.8,352.4,163.1,28.9,47.2,25.3,198.6,65.1,,214.3,484.5,2.6,5.4,1.5,2.4,110.4,7.7,177.3,242.1,1.2,273.9,162.6,5.4,348.0,38.2,159.3,18.8,62.9,3729.5000000000005
2021-05-30,,201.6,2.0,33.1,95.4,3.6,88.6,17.1,6.0,83.7,11.1,339.6,127.6,24.7,46.7,25.7,192.6,63.4,,208.2,451.9,2.6,5.3,1.7,2.3,108.8,7.2,167.8,230.8,1.2,278.6,155.2,5.2,353.5,30.5,159.8,14.8,62.3,3610.2
2021-06-04,,174.9,1.7,31.8,120.9,4.4,82.7,16.1,6.8,91.3,12.3,357.7,145.8,28.8,48.0,29.8,160.3,68.4,,207.1,444.7,2.6,5.2,1.6,2.4,101.9,8.0,144.4,230.8,1.3,288.9,146.7,5.0,405.5,39.5,178.2,15.6,66.1,3677.2
2021-06-05,,175.6,1.8,26.0,119.9,4.0,87.1,17.2,6.9,82.1,11.7,344.8,141.4,28.5,49.6,29.0,151.5,63.2,,202.5,431.5,2.6,5.4,1.5,2.4,101.6,7.6,156.0,218.1,1.3,273.7,146.7,3.9,404.5,40.1,170.1,17.0,67.8,3594.6000000000004
2021-06-06,,174.1,2.0,24.9,118.7,4.1,88.5,17.2,6.1,85.7,10.5,335.8,141.0,26.3,48.2,28.9,142.9,60.9,,203.7,418.1,2.5,5.2,1.6,2.2,100.3,6.6,161.2,217.6,1.1,252.2,141.8,3.2,410.4,37.8,150.0,16.8,68.1,3516.1999999999994
2021-06-07,,181.3,2.1,24.6,121.0,5.2,91.1,18.5,6.6,104.2,11.9,350.0,168.1,29.4,49.9,29.2,160.5,68.7,,208.4,438.3,2.7,5.2,1.6,2.4,101.0,7.7,176.0,243.8,1.3,288.9,155.7,4.3,442.2,42.1,155.6,16.6,67.1,3783.2000000000003
2021-06-08,,186.8,2.1,29.5,124.2,6.1,88.2,17.2,7.0,113.7,11.7,359.5,183.3,31.6,49.0,27.8,173.9,70.6,,206.2,450.4,2.6,5.6,1.8,2.4,95.8,8.0,195.6,255.2,1.3,299.4,158.8,4.2,448.0,45.0,154.1,18.5,69.2,3904.2999999999997
2021-06-09,,187.5,2.3,32.0,103.9,6.8,84.5,17.7,7.1,122.8,11.0,364.8,197.4,32.8,47.2,26.9,177.2,69.7,,200.0,431.9,2.6,5.5,1.7,2.5,104.3,7.6,219.5,267.6,1.3,303.3,153.3,4.9,456.0,46.5,150.8,17.3,66.5,3934.7
2021-06-10,,182.7,2.2,35.3,117.2,6.5,76.7,17.9,7.0,128.6,11.4,367.3,194.0,31.8,47.2,25.8,180.3,68.7,,195.7,419.8,2.4,5.8,1.6,2.4,107.2,8.1,229.1,267.7,1.3,313.3,148.5,4.8,416.4,36.0,160.9,17.7,66.8,3906.1000000000004
2021-06-11,,173.3,2.2,32.5,106.5,6.2,78.6,17.9,7.0,114.2,11.9,370.9,171.0,31.3,43.7,26.7,182.7,69.9,,192.7,420.2,2.6,5.5,1.5,2.4,103.7,8.3,222.1,273.4,1.2,319.6,137.7,4.7,391.3,43.2,154.3,18.7,65.1,3814.6999999999994
2021-06-12,,171.1,2.2,34.8,98.7,5.2,77.7,17.2,7.0,110.2,11.5,371.8,178.5,28.7,44.3,25.6,179.5,63.6,,193.2,422.1,2.7,5.2,1.5,2.5,96.3,8.2,237.3,271.0,1.3,311.6,140.7,4.6,369.0,36.2,154.0,19.1,66.9,3770.9999999999995
2021-06-13,,170.5,2.5,34.3,101.9,4.3,79.2,17.6,6.0,97.3,10.6,362.1,143.5,28.0,39.2,25.7,162.3,58.1,,186.2,419.1,2.6,5.3,1.5,2.4,106.0,7.4,206.3,247.6,1.1,282.8,139.2,4.8,360.3,36.8,149.3,18.8,66.8,3587.4000000000005
2021-06-14,,175.2,2.4,34.2,101.8,5.2,78.1,18.1,6.6,110.2,11.2,382.8,180.8,30.8,46.3,26.0,168.3,59.5,,192.5,454.7,2.6,5.6,1.7,2.5,102.5,7.9,239.1,253.7,1.3,289.3,137.3,5.0,373.6,40.9,154.8,20.0,66.0,3788.4999999999995
2021-06-15,,179.8,2.2,35.8,96.4,5.7,78.1,18.3,7.1,113.2,11.1,381.5,175.8,30.1,45.7,25.8,167.9,62.2,,193.5,460.0,2.7,5.3,1.7,2.4,91.2,8.4,243.2,238.4,1.2,316.4,141.8,5.2,369.9,41.9,154.1,19.8,65.8,3799.6000000000004
2021-06-16,,185.7,2.1,35.8,103.0,5.1,78.9,18.3,7.1,107.7,10.2,375.0,177.9,27.4,44.8,25.0,159.2,63.7,,194.5,448.6,2.6,5.5,1.7,2.7,90.6,8.3,242.7,229.1,1.3,323.9,144.8,4.7,373.7,42.3,144.0,18.6,66.0,3772.4999999999995
2021-06-17,,182.5,2.1,37.0,93.9,5.2,79.5,18.5,6.8,108.5,10.9,352.8,189.1,27.9,45.9,24.4,153.7,64.5,,196.7,430.7,2.6,5.4,1.7,2.6,94.7,8.3,255.4,239.2,1.4,330.9,161.6,4.6,374.8,42.1,135.2,19.7,65.6,3776.4
2021-06-18,,184.9,2.1,34.4,92.1,5.5,79.8,18.1,7.0,109.0,11.1,326.7,195.3,30.0,49.3,23.9,162.1,68.0,,191.2,425.8,2.7,5.5,1.7,2.6,100.9,8.5,261.8,243.3,1.5,336.9,170.9,4.2,353.4,40.0,132.0,19.9,64.3,3766.3999999999996
2021-06-19,,186.7,2.1,34.8,88.4,5.3,77.1,18.3,6.6,102.8,10.9,299.1,196.0,30.5,48.1,23.0,161.7,64.2,,186.4,415.7,2.6,6.0,1.7,2.5,100.4,8.5,268.6,237.2,1.4,327.4,182.0,4.1,328.5,36.1,135.5,18.8,63.9,3682.9
2021-06-20,,187.7,2.4,32.8,88.5,4.9,80.3,17.8,6.3,97.3,10.1,273.6,185.5,27.4,44.2,24.0,156.5,62.0,,181.1,406.1,2.6,5.8,1.6,2.5,106.5,7.8,263.3,223.9,1.2,318.2,187.4,4.7,326.5,31.7,128.6,19.7,64.6,3585.1
2021-06-21,,198.3,2.4,34.1,99.0,5.9,87.8,18.3,6.6,110.9,11.1,292.9,206.4,30.9,46.4,25.5,176.4,68.8,,191.0,443.0,2.7,5.6,1.7,2.5,103.2,8.6,274.0,221.4,1.2,334.9,205.9,4.6,378.0,38.7,145.3,18.8,63.9,3866.6999999999994
2021-06-22,,203.4,2.4,37.3,109.7,6.2,87.4,18.7,7.3,117.3,12.0,307.3,221.1,32.0,48.3,26.4,187.0,69.7,,195.8,464.0,2.6,5.7,1.8,2.5,94.0,8.3,289.5,238.1,1.3,332.6,213.1,5.0,419.8,42.3,153.6,18.6,65.8,4047.8999999999996
2021-06-23,,197.3,2.4,35.8,113.5,6.6,80.3,18.4,7.4,123.7,12.4,320.2,232.0,33.1,48.0,27.9,195.5,71.2,,189.7,467.0,2.6,6.0,1.7,2.4,91.8,8.4,285.7,253.8,1.4,330.0,222.9,5.1,433.3,44.1,157.6,19.9,67.6,4116.7
2021-06-24,,189.0,2.1,36.5,119.0,6.1,81.4,18.9,7.3,125.6,12.3,330.0,223.8,30.9,43.4,28.5,197.4,69.6,,180.3,452.5,2.5,6.0,1.8,2.4,98.1,8.3,283.1,251.7,1.3,316.2,217.2,5.0,410.4,42.4,159.8,19.5,66.2,4046.5
2021-06-25,,192.3,2.3,36.5,112.9,6.5,82.6,18.7,7.3,117.3,11.5,338.9,224.7,31.3,46.1,28.1,195.4,72.5,,181.5,444.2,2.5,5.7,1.8,2.5,100.7,8.5,302.4,244.7,1.2,328.3,223.9,4.9,402.1,44.4,166.5,18.1,67.8,4076.6
2021-06-26,,195.4,2.2,36.0,102.8,5.7,82.9,18.6,7.2,112.2,11.1,346.5,217.4,28.9,43.5,27.9,196.3,66.6,,192.4,447.7,2.7,6.0,1.6,2.6,98.0,8.6,275.9,244.1,1.3,329.6,228.2,4.9,411.5,43.4,164.4,17.7,67.2,4048.9999999999995
2021-06-27,,177.2,2.1,33.8,109.7,5.6,84.8,18.3,6.6,114.3,10.4,338.3,218.9,28.4,44.8,28.3,164.9,62.1,,191.7,421.7,2.7,5.7,1.6,2.6,101.0,7.6,285.7,240.6,1.1,301.2,197.7,5.1,425.8,41.4,157.4,19.7,67.0,3925.7999999999997
2021-06-28,,179.7,2.2,32.6,118.1,6.8,91.1,18.6,7.0,128.9,11.5,356.7,238.5,32.5,47.5,29.2,184.2,69.7,,200.1,424.0,2.7,5.5,1.6,2.6,104.7,8.3,293.0,257.3,1.3,314.3,203.0,4.8,458.5,45.7,165.8,18.3,68.0,4134.300000000001
2021-06-29,,195.3,2.3,33.0,114.1,7.2,96.0,18.7,7.3,132.4,11.9,347.3,248.6,33.4,48.4,27.4,199.4,71.7,,207.4,442.6,2.6,5.5,1.6,2.5,110.7,8.5,296.3,274.6,1.3,344.9,225.8,4.4,476.8,48.1,168.3,18.1,67.3,4301.700000000001
2021-06-30,,199.3,2.2,31.9,115.1,7.5,99.8,19.0,7.3,135.9,12.5,352.9,251.7,35.2,47.4,27.5,211.0,75.2,,210.7,457.1,2.6,5.4,1.6,2.5,107.7,8.6,297.9,281.4,1.3,349.8,234.3,4.1,485.6,47.6,170.5,18.7,65.8,4384.6
2021-07-01,,189.8,2.3,32.1,108.3,7.6,92.8,18.5,7.1,141.8,11.9,359.3,257.7,30.2,43.5,28.0,215.9,73.2,,209.1,435.3,2.6,5.7,1.6,2.4,104.4,8.4,306.1,286.1,1.3,336.8,230.8,3.0,486.5,48.1,151.6,18.1,63.4,4321.3
2021-07-02,,179.6,2.2,30.8,100.1,7.6,90.4,18.7,7.3,141.0,12.0,362.4,258.0,28.5,41.7,28.7,212.6,72.3,,216.0,462.3,2.5,5.9,1.7,2.4,102.9,8.1,304.6,289.6,1.6,316.7,214.9,4.0,480.5,47.3,150.8,19.9,62.2,4287.799999999998
2021-07-03,,176.0,2.2,31.6,106.6,6.6,89.4,18.9,7.2,119.1,12.2,371.7,221.4,29.4,42.5,27.7,210.5,69.2,,220.3,480.3,2.6,5.7,1.7,2.4,117.6,7.9,267.9,281.9,1.8,319.9,226.9,4.4,451.7,46.0,159.5,17.0,62.8,4220.499999999999
2021-07-04,,172.6,2.2,32.3,119.0,6.3,90.4,18.7,6.4,114.1,10.4,358.6,221.9,27.1,46.9,27.6,199.5,66.1,,220.7,488.0,2.7,6.1,1.5,2.5,115.9,7.2,297.6,269.7,1.6,290.5,223.6,4.7,462.5,42.4,155.0,16.5,63.5,4192.3
2021-07-05,,171.9,2.2,34.3,124.5,7.3,85.4,19.1,7.2,127.5,11.2,382.8,243.4,29.0,44.4,27.5,196.4,72.1,,229.7,514.0,2.7,6.2,1.6,2.4,105.9,7.6,301.7,275.7,2.0,300.4,219.9,4.7,482.5,46.6,167.1,17.1,63.0,4337.0
2021-07-06,,179.8,2.3,36.5,126.3,7.7,93.8,18.9,7.6,134.7,12.5,392.9,255.4,29.5,46.9,28.8,200.2,73.1,,233.1,521.5,2.6,5.8,1.6,2.4,107.4,8.3,300.7,283.4,2.0,322.1,216.0,5.0,505.3,48.4,176.9,17.9,63.1,4470.4
2021-07-07,,182.5,2.4,35.8,122.9,8.3,96.4,19.2,7.5,142.3,12.1,406.5,266.2,31.8,42.6,30.2,194.8,75.6,,238.6,520.5,2.7,5.8,1.4,2.5,104.5,8.5,292.9,294.7,2.0,323.1,211.4,4.5,514.5,48.9,172.1,18.6,64.0,4508.3
2021-07-08,,174.3,2.4,36.4,116.8,8.4,79.5,19.6,7.6,141.9,11.8,408.2,265.0,30.3,47.7,28.5,191.6,74.9,,227.3,487.2,2.5,5.4,1.6,2.5,98.7,9.1,293.0,298.9,1.7,322.8,173.1,5.0,490.2,48.0,165.5,20.2,62.5,4360.1
2021-07-09,,170.3,2.5,38.3,120.2,7.7,91.7,19.4,7.5,135.9,11.8,410.4,257.5,30.2,46.4,28.8,185.9,73.0,,223.7,453.6,2.7,5.5,1.7,2.5,102.2,8.2,289.4,298.5,1.8,307.8,183.9,5.3,480.2,48.5,173.5,18.2,65.3,4310.0
2021-07-11,,161.3,2.4,35.7,121.5,6.6,98.7,18.9,6.9,131.8,10.1,352.7,245.3,26.1,44.5,28.9,152.5,56.5,,218.6,423.5,2.5,5.4,1.6,2.5,104.7,7.3,287.5,276.1,1.4,264.1,165.4,4.7,472.6,43.0,170.1,19.4,64.5,4035.3
2021-07-12,,163.7,2.4,37.3,132.6,6.3,100.3,19.4,7.4,129.8,10.9,330.2,241.2,26.7,37.2,29.4,165.7,63.3,,221.8,428.7,2.5,5.2,1.6,2.5,104.3,8.1,246.6,262.1,1.9,296.2,168.6,5.0,475.3,46.6,173.1,18.4,65.5,4037.7999999999997
2021-07-13,,164.4,2.5,35.0,132.4,6.1,101.3,19.5,6.6,119.9,11.0,331.4,212.8,27.3,41.5,28.9,166.3,64.3,,235.5,429.4,2.7,5.4,1.6,2.6,106.4,8.2,243.7,258.2,1.7,310.7,166.7,5.0,482.5,45.5,174.8,17.3,65.4,4034.4999999999995
2021-07-14,,159.7,2.3,35.0,132.0,6.1,104.3,19.4,7.6,108.3,10.9,333.3,185.4,28.7,42.6,29.1,160.3,63.4,,238.6,424.1,2.5,5.7,1.6,2.4,114.7,8.4,258.7,247.8,1.7,309.0,159.1,5.2,466.6,44.3,173.0,19.2,65.4,3976.3999999999996
2021-07-15,,154.1,2.3,35.1,132.2,6.2,109.0,19.2,7.7,111.9,11.3,345.2,182.5,29.6,46.7,29.6,153.1,65.1,,240.7,428.3,2.7,5.9,1.7,2.5,114.1,8.2,276.0,249.7,1.5,297.4,155.1,5.3,485.8,44.7,177.9,18.5,67.7,4024.5000000000005
2021-07-16,,160.2,2.3,36.0,132.9,6.8,113.2,18.7,7.7,125.9,12.4,346.0,208.3,47.1,43.8,29.9,159.2,66.1,,248.8,421.5,2.5,5.7,1.6,2.4,119.6,8.7,291.6,269.2,1.4,302.9,173.3,4.9,504.7,46.9,190.0,18.0,68.0,4198.2
2021-07-17,,163.0,2.3,35.4,121.9,7.1,115.7,19.3,7.8,129.3,11.5,353.3,233.4,32.2,46.7,28.9,158.9,62.5,,253.8,429.4,2.3,5.6,1.6,2.5,121.9,8.4,296.6,285.8,1.3,295.7,184.7,4.8,489.7,47.0,190.4,19.3,67.7,4237.700000000001
2021-07-18,,157.8,2.3,34.9,117.6,6.4,113.0,18.6,6.0,120.6,10.3,328.9,209.3,28.3,46.4,28.2,136.2,58.2,,231.8,414.9,2.6,5.6,1.6,2.5,118.5,7.3,299.4,260.3,1.1,258.0,188.4,4.7,417.2,37.7,173.8,19.6,64.7,3932.7
2021-07-19,,161.7,2.3,35.4,125.4,5.6,114.5,19.0,6.9,100.8,11.2,338.3,150.2,27.3,38.3,29.8,146.9,65.8,,225.8,418.2,2.5,5.9,1.6,2.7,119.4,8.0,286.5,244.0,1.4,289.8,187.8,5.0,373.9,36.4,179.8,16.9,66.2,3851.1999999999994
2021-07-20,,164.0,2.4,39.0,117.4,5.2,109.5,18.8,7.4,98.2,11.1,335.8,152.8,26.7,43.6,28.7,147.5,68.5,,217.3,415.8,2.5,5.7,1.6,2.5,114.0,8.4,206.7,250.9,1.4,304.9,193.6,5.1,382.1,38.4,170.6,18.0,66.1,3782.2
2021-07-21,,156.7,2.2,39.2,126.9,5.2,96.8,19.4,7.4,100.2,11.1,329.5,165.8,28.5,46.9,29.8,140.8,64.6,,215.9,398.3,2.6,5.8,1.5,2.6,111.1,8.4,202.5,258.6,1.4,309.9,155.3,5.1,396.2,40.1,170.7,19.8,65.0,3741.8
2021-07-22,,142.0,2.4,39.1,127.6,5.8,94.6,19.6,7.3,110.7,11.2,354.2,179.2,27.2,47.0,30.6,145.6,65.9,,215.8,388.2,2.7,5.4,1.7,2.6,111.1,8.3,241.3,263.5,1.3,306.9,134.4,4.8,406.6,40.5,175.6,18.7,65.5,3804.9
2021-07-23,,149.1,2.2,37.4,126.5,6.1,93.5,19.3,7.4,113.5,11.3,364.9,188.7,29.5,48.3,30.3,144.8,67.8,,209.6,396.8,2.6,5.4,1.6,2.6,107.3,8.6,260.0,257.9,1.3,313.0,144.2,4.6,437.7,43.2,169.5,17.8,63.5,3887.7999999999997
2021-07-24,,160.1,2.2,39.8,114.2,6.4,85.1,19.3,7.4,113.4,11.4,344.8,202.5,30.3,48.4,29.4,145.6,64.2,,196.6,397.0,2.5,5.3,1.6,2.5,110.7,9.1,272.2,258.8,1.3,318.7,160.4,4.7,440.5,45.4,162.4,18.0,64.6,3896.7999999999997
2021-07-25,,169.1,2.3,37.8,129.7,6.0,90.4,18.9,6.5,116.3,10.9,304.5,201.0,27.5,45.9,30.4,131.5,60.1,,189.1,387.9,2.5,5.6,1.6,2.6,113.9,8.8,286.0,255.2,1.1,296.6,177.0,4.7,457.6,42.6,165.1,18.6,64.5,3869.7999999999997
2021-07-26,,175.8,2.2,38.7,133.4,6.3,95.8,19.0,6.8,123.7,11.9,299.6,211.3,28.9,43.0,31.1,149.1,67.6,,198.9,408.2,2.6,5.7,1.6,2.5,115.4,8.6,276.6,253.7,1.4,315.2,194.4,5.2,475.8,42.9,174.6,19.4,65.1,4011.9999999999995
2021-07-27,,186.7,2.2,39.2,128.8,6.2,87.6,19.5,7.2,113.7,12.0,308.3,198.7,28.3,43.7,30.8,161.3,68.4,,185.6,421.1,2.6,5.4,1.5,2.5,112.8,8.7,264.2,241.3,1.3,326.2,214.8,5.2,437.9,30.6,170.4,18.0,66.1,3958.7999999999997
2021-07-28,,192.4,2.1,38.9,125.7,5.2,79.3,19.6,7.4,102.4,11.2,307.8,151.9,28.6,40.7,30.8,170.0,69.8,,182.9,425.7,2.6,5.4,1.7,2.7,107.2,9.0,186.9,227.5,1.4,333.1,219.9,5.8,363.2,39.8,162.8,17.5,67.4,3746.2999999999997
2021-07-29,,194.6,2.2,35.1,120.3,5.5,77.6,19.7,7.4,101.4,12.2,311.6,152.4,29.0,43.4,27.9,175.5,69.6,,187.2,426.9,2.8,5.7,1.6,2.8,106.2,8.9,169.0,221.1,1.3,337.7,218.0,4.4,376.3,43.0,143.9,18.0,65.3,3725.5
2021-07-30,,196.3,2.2,36.8,104.2,5.6,78.5,19.5,7.4,101.9,12.3,316.7,151.4,30.0,44.2,19.8,182.1,70.6,,188.5,421.2,2.7,5.5,1.5,2.7,103.1,9.1,197.0,219.4,1.2,345.4,218.6,4.4,375.8,43.5,134.5,19.0,55.8,3728.4
2021-07-31,,196.6,2.3,35.0,84.4,5.7,78.3,18.9,7.3,100.3,12.2,319.8,163.2,30.0,44.3,23.9,182.2,67.4,,183.1,415.8,2.6,5.8,1.6,2.5,106.4,9.0,221.3,204.8,1.3,339.4,217.0,4.4,379.0,44.5,156.6,19.1,55.1,3741.0999999999995
2021-08-01,,194.4,2.3,34.3,111.2,5.6,81.7,18.9,6.3,96.4,11.0,301.0,154.9,26.4,43.6,26.7,170.1,63.9,,167.5,407.8,2.5,5.5,1.6,2.4,99.9,8.3,231.6,201.1,1.1,316.8,214.0,4.6,329.0,40.0,158.2,18.3,62.4,3621.3
2021-08-02,,205.9,2.3,36.3,115.5,6.0,87.4,18.4,6.8,104.8,12.1,315.0,172.7,28.5,44.8,28.1,190.1,70.0,,159.9,434.6,2.5,5.6,1.6,2.4,102.4,8.9,244.4,206.7,1.3,337.3,225.4,4.9,377.7,42.6,168.8,16.8,63.6,3852.1
2021-08-03,,209.6,2.4,39.8,124.5,5.8,91.8,19.0,7.3,107.4,12.0,319.7,181.4,28.0,45.1,27.4,195.6,69.6,,166.7,450.8,2.5,5.7,1.5,2.4,103.7,9.1,236.7,207.9,1.3,342.3,233.7,5.0,404.0,43.7,171.4,19.3,64.8,3958.899999999999
2021-08-04,,213.8,2.4,38.7,114.6,5.6,95.9,19.4,7.4,109.2,11.6,333.4,190.7,28.7,46.6,27.6,192.8,70.1,,177.4,462.8,2.5,5.7,1.5,2.4,102.9,9.3,240.0,213.5,1.3,349.1,237.4,5.0,426.6,45.7,163.9,19.1,65.0,4039.6
2021-08-05,,219.5,2.1,39.7,126.0,5.8,102.1,19.5,7.4,115.0,11.5,357.1,196.5,28.5,45.4,29.2,194.8,70.3,,182.7,472.2,2.8,6.2,1.5,2.5,107.1,8.9,245.4,224.8,1.4,352.4,240.5,5.1,437.7,44.6,165.7,18.3,65.9,4156.1
2021-08-06,,216.6,2.2,37.5,130.6,6.2,106.9,19.1,7.4,118.9,11.5,372.2,201.1,28.6,42.3,28.9,195.6,69.4,,187.2,480.2,2.6,5.7,1.6,2.7,109.3,9.2,241.2,234.6,1.4,350.2,237.5,4.8,453.7,45.2,169.7,15.9,65.7,4213.400000000001
2021-08-07,,219.2,2.4,36.1,123.0,6.0,109.9,19.7,7.3,112.1,11.6,385.6,203.1,30.9,46.7,27.9,194.4,67.6,,194.6,497.3,2.6,5.6,1.6,2.4,108.6,9.1,252.1,236.0,1.3,334.7,242.5,4.7,445.5,44.9,169.1,17.6,65.6,4239.3
2021-08-08,,214.7,2.3,36.2,118.3,5.3,111.5,19.1,6.5,101.1,11.0,379.7,180.5,24.3,44.9,27.3,186.1,61.3,,192.3,494.1,2.6,5.5,1.5,2.4,106.6,8.7,259.8,231.5,1.0,315.8,235.3,4.6,422.6,42.1,154.8,19.1,65.0,4095.4000000000005
2021-08-09,,216.9,2.3,36.6,118.2,6.1,112.5,19.6,7.0,105.3,12.2,406.5,194.0,29.6,47.0,30.4,201.6,69.2,,193.8,518.2,2.5,5.7,1.6,2.4,109.6,9.1,253.4,244.3,1.4,337.7,242.3,4.9,403.0,42.2,173.7,18.3,66.6,4245.7
2021-08-10,,201.5,2.3,37.4,119.3,6.4,110.8,19.8,7.5,111.7,12.6,410.9,207.4,31.1,46.5,29.2,204.6,70.7,,193.0,531.5,2.6,5.6,1.5,2.5,110.1,9.1,274.9,255.2,1.4,343.9,249.0,4.9,404.5,44.9,181.6,18.0,61.9,4325.799999999999
2021-08-11,,206.1,2.5,37.3,119.7,6.5,112.1,19.6,7.5,116.6,13.3,405.2,220.2,33.9,45.3,29.0,203.6,70.9,,200.8,522.1,2.7,5.8,1.6,2.5,108.0,8.8,283.6,265.3,1.4,343.5,249.2,5.2,416.8,44.5,184.3,17.6,64.4,4377.400000000001
2021-08-12,,212.3,2.3,38.9,111.1,6.5,113.6,20.0,7.5,119.9,12.5,414.2,226.3,34.2,46.6,28.6,202.3,69.3,,213.5,529.2,2.5,6.0,1.5,2.6,109.9,8.6,288.5,270.5,1.4,331.5,251.0,5.4,425.6,45.6,182.8,17.6,67.8,4427.6
2021-08-13,,204.7,2.2,36.7,115.8,6.5,115.8,19.8,7.5,122.0,11.7,414.1,232.0,33.9,48.0,30.6,198.4,69.2,,223.9,521.4,2.9,6.4,1.6,2.7,109.7,8.7,294.0,278.4,1.5,335.5,238.2,4.5,447.6,45.1,179.1,17.8,67.8,4455.7
2021-08-14,,194.2,2.3,36.0,119.5,6.0,112.9,19.7,7.5,117.6,12.5,407.3,231.8,33.5,45.2,29.3,198.1,67.1,,230.6,515.0,2.8,5.9,1.7,2.7,110.1,8.5,303.6,283.6,1.4,329.4,236.6,4.8,453.2,44.6,179.9,17.4,68.8,4441.099999999999
2021-08-15,,187.3,2.2,34.1,122.5,5.3,110.3,16.0,5.2,107.2,11.5,388.5,214.7,26.9,44.3,29.8,181.8,61.4,,232.9,475.6,2.8,5.9,1.6,2.4,108.2,6.9,291.3,283.3,1.1,287.3,230.8,5.0,483.3,39.3,166.6,18.9,67.9,4260.1
2021-08-16,,185.2,2.5,35.5,122.4,5.9,107.9,18.3,6.2,124.5,12.3,409.9,231.7,31.5,45.0,28.7,195.7,69.1,,240.1,493.3,2.8,5.8,1.6,2.6,107.3,6.8,298.7,285.3,1.4,321.6,184.3,5.0,474.9,43.5,178.6,17.8,68.1,4371.800000000001
2021-08-17,,179.8,2.4,35.6,119.9,6.4,106.5,19.9,7.5,133.9,12.8,432.0,245.1,33.8,49.1,27.8,191.7,71.2,,234.2,474.8,2.6,6.0,1.5,2.6,108.1,7.9,300.4,298.6,1.4,329.1,173.5,4.9,494.8,45.6,176.9,17.9,68.8,4425.0
2021-08-18,,188.7,2.4,36.6,123.7,6.8,99.5,19.3,7.3,134.6,12.7,415.1,251.1,35.4,49.5,28.3,188.3,70.7,,218.9,448.6,2.6,5.9,1.6,2.5,110.3,8.5,303.0,308.0,1.5,322.8,174.1,4.6,500.8,46.1,169.3,17.8,67.3,4384.200000000001
2021-08-19,,195.5,2.3,36.9,121.0,6.9,99.2,19.8,7.1,135.0,12.4,408.5,252.4,33.7,50.6,29.4,191.9,69.7,,211.5,438.1,2.7,5.9,1.6,2.5,110.9,8.7,300.9,310.8,1.4,328.0,186.9,4.5,481.4,45.8,163.9,19.5,67.6,4364.9
2021-08-20,,195.9,2.2,36.1,120.7,6.0,98.1,19.7,7.3,116.3,12.5,398.6,229.2,33.7,49.2,28.5,195.2,67.9,,205.3,438.7,2.7,5.9,1.6,2.4,103.7,8.3,298.3,300.4,1.4,330.2,199.7,4.9,395.9,42.1,159.9,18.4,67.9,4204.799999999999
2021-08-21,,187.9,2.3,37.6,123.0,5.1,99.5,19.8,6.5,101.4,12.3,383.5,173.6,32.6,47.2,28.8,192.5,63.1,,205.2,433.0,2.7,5.8,1.7,2.5,106.1,7.6,284.2,280.7,1.2,310.9,200.4,4.9,360.3,41.2,164.1,17.5,67.6,4014.3000000000006
2021-08-22,,182.4,2.3,35.0,123.7,4.6,94.3,18.2,6.1,95.0,11.5,321.1,152.5,26.1,44.6,29.0,169.6,63.3,,206.7,411.8,2.8,5.8,1.6,2.5,108.9,6.9,207.3,245.4,1.2,283.9,192.5,5.0,385.6,37.2,165.5,18.1,65.1,3733.1000000000004
2021-08-23,,189.3,2.3,35.1,114.0,5.6,102.4,18.7,6.9,110.5,12.4,369.9,174.2,31.8,46.1,28.4,180.4,68.4,,211.3,452.1,2.8,5.7,1.5,2.5,111.6,7.5,213.1,254.8,1.4,301.2,210.5,5.2,406.4,42.7,176.7,19.4,65.5,3988.3
2021-08-24,,196.4,2.4,36.1,114.1,6.2,107.4,19.7,7.2,119.9,11.9,401.7,198.0,34.2,48.8,32.3,185.7,71.8,,218.5,471.8,2.8,6.0,1.6,2.6,112.5,7.6,244.3,280.3,1.5,312.5,228.9,4.9,407.2,43.3,183.9,18.8,65.4,4208.2
2021-08-25,,194.0,2.4,36.6,111.5,6.7,112.1,19.9,7.5,118.8,13.0,404.9,206.7,35.0,48.9,31.5,188.8,73.5,,225.5,489.7,2.6,6.1,1.7,2.6,120.2,8.0,257.9,289.8,1.4,324.4,232.4,4.6,405.9,41.1,182.1,18.2,65.8,4291.8
2021-08-26,,190.8,2.5,35.5,109.1,6.9,114.1,20.0,7.6,117.1,12.9,414.2,219.4,34.6,49.1,28.7,195.8,72.9,,231.8,482.0,2.7,5.9,1.6,2.5,122.1,8.2,270.9,289.1,1.3,326.3,204.7,5.1,414.3,40.7,169.6,19.6,64.5,4294.1
2021-08-27,,187.6,2.3,34.3,109.7,6.9,113.9,19.8,7.6,117.9,12.5,421.6,225.3,34.9,48.5,28.4,191.0,70.5,,233.0,491.6,2.6,6.1,1.6,2.3,118.0,7.7,270.3,276.4,1.4,317.6,203.8,5.3,417.0,37.4,163.6,17.8,65.5,4271.700000000001
2021-08-28,,172.6,2.3,34.6,107.8,6.2,111.9,19.8,7.6,114.7,12.8,423.7,227.2,34.0,44.1,29.2,180.0,68.4,,217.4,498.9,2.6,5.9,1.6,2.3,112.4,8.0,269.5,287.6,1.5,306.5,190.3,5.1,424.3,36.0,166.2,18.0,66.5,4217.5
2021-08-29,,172.0,2.1,34.6,104.5,5.3,107.8,19.5,7.1,109.2,11.2,396.3,214.1,30.7,46.7,28.3,154.7,59.2,,216.5,477.7,2.6,5.8,1.6,2.6,107.2,7.3,270.4,299.5,1.2,269.4,164.6,5.0,418.3,37.4,157.3,19.8,65.3,4032.8
2021-08-30,,173.4,2.0,34.7,111.2,5.4,109.6,19.7,7.2,105.9,12.0,355.7,210.4,31.1,49.0,29.0,167.7,66.2,,219.8,465.8,2.8,5.9,1.6,2.5,101.6,7.9,275.5,286.4,1.4,298.5,154.1,4.8,422.9,39.1,161.3,19.8,65.1,4027.0
2021-08-31,,178.1,2.4,37.5,116.1,6.1,109.6,19.6,7.4,104.6,12.2,325.4,204.1,32.5,48.1,29.7,176.6,71.2,,219.3,435.9,2.7,5.9,1.5,2.6,102.1,8.2,280.5,270.0,1.3,317.8,152.7,5.5,398.7,42.2,168.2,19.3,65.5,3981.1
2021-09-01,,181.5,2.4,36.5,123.1,6.1,110.1,18.6,7.3,92.2,12.0,304.7,179.8,32.7,48.4,30.6,185.4,72.5,,223.1,443.2,2.7,5.8,1.6,2.5,105.8,8.3,277.8,245.3,1.4,320.5,161.0,5.1,401.3,42.4,173.8,17.5,65.7,3948.7
2021-09-02,,179.8,2.2,34.2,121.3,5.9,115.1,19.5,7.3,95.9,12.3,307.3,181.8,32.6,50.0,30.1,185.6,72.2,,227.3,450.5,2.6,6.0,1.5,2.4,106.7,8.1,273.2,235.6,1.3,308.8,178.0,5.3,419.6,42.7,178.3,16.2,67.5,3984.7000000000003
2021-09-03,,176.9,2.3,37.2,119.1,5.9,115.1,19.3,7.5,102.7,12.5,316.7,172.8,30.6,48.0,29.1,178.9,71.8,,231.5,456.1,2.7,5.8,1.6,2.3,118.5,8.0,246.3,222.2,1.4,296.6,171.7,5.6,422.1,43.1,182.8,16.4,67.0,3948.1000000000004
2021-09-04,,178.6,2.5,40.0,125.9,5.6,107.8,19.6,7.6,97.9,12.1,324.4,160.8,32.8,47.4,30.3,169.3,69.3,,220.3,455.0,2.7,5.8,1.5,2.6,119.2,7.8,235.9,234.8,1.4,289.0,165.6,5.6,408.8,42.5,184.4,18.0,67.8,3900.6000000000004
2021-09-06,,165.7,2.1,36.5,126.6,6.7,99.5,19.3,7.4,111.9,11.3,335.2,185.8,33.8,49.5,29.5,159.7,67.7,,227.7,445.8,2.8,5.7,1.6,2.8,115.5,8.1,256.3,251.3,1.4,280.1,147.0,4.6,451.9,43.9,174.9,17.6,67.4,3954.5999999999995
2021-09-07,,168.6,2.5,34.1,111.6,6.5,93.3,19.7,7.6,114.1,11.7,333.7,188.4,33.2,45.9,27.7,160.3,69.9,,226.1,421.8,2.8,5.6,1.6,2.8,113.5,8.5,255.7,261.0,1.4,297.2,136.3,5.2,430.5,43.8,160.4,17.0,65.9,3885.8999999999996
2021-09-08,,176.9,2.2,37.1,118.1,6.4,97.1,19.9,7.6,109.1,11.7,319.1,183.4,32.5,43.3,29.0,163.7,71.5,,223.0,418.9,2.7,5.6,1.5,2.4,117.6,8.5,255.8,264.5,1.5,312.0,150.1,5.3,423.4,43.7,163.2,19.2,66.2,3913.7000000000003
2021-09-09,,186.6,2.3,39.2,124.7,6.2,101.7,19.8,7.6,109.5,11.4,305.6,191.2,31.4,46.0,30.7,177.5,73.1,,215.1,410.4,2.6,5.7,1.5,2.4,116.6,8.8,254.1,259.4,1.5,322.0,168.2,4.9,433.3,44.6,173.2,19.3,68.3,3976.4
2021-09-10,,186.6,2.4,39.6,128.6,6.0,96.6,18.4,6.8,107.7,9.9,298.0,179.5,32.4,43.8,32.7,168.6,73.1,,206.8,398.8,2.3,5.8,1.3,2.6,117.4,8.3,222.1,235.2,1.6,315.1,182.0,5.4,422.5,42.6,177.8,18.4,69.5,3866.2000000000007
2021-09-11,,183.6,2.4,39.8,119.6,5.4,92.6,19.0,7.1,89.3,10.1,297.5,143.4,30.6,40.3,28.8,176.9,72.7,,207.7,416.9,2.5,5.5,1.6,2.6,109.9,8.7,173.6,198.9,1.4,326.7,186.0,5.1,383.8,42.1,168.7,17.8,68.2,3686.7999999999997
2021-09-12,,187.6,2.4,40.6,122.0,4.5,91.2,19.3,7.0,85.2,10.0,285.8,128.0,27.5,39.9,28.0,166.4,65.1,,210.2,414.5,2.7,5.4,1.5,2.5,94.8,8.4,147.4,185.4,1.1,302.7,192.8,5.4,397.4,38.6,162.7,16.3,65.7,3566.0
2021-09-13,,194.0,2.6,40.7,117.3,5.3,86.0,19.6,7.4,95.2,11.0,294.7,142.3,30.9,43.2,25.8,178.8,69.4,,216.3,427.3,2.8,5.5,1.9,2.7,84.7,8.6,167.2,201.4,1.4,326.2,198.0,4.7,412.1,42.1,160.8,18.9,64.8,3711.6
2021-09-14,,198.7,2.4,41.1,95.7,5.3,79.6,19.5,7.6,97.1,11.6,295.8,151.0,31.2,46.5,21.9,187.0,72.7,,208.9,428.4,2.8,5.3,1.7,2.7,90.0,8.9,186.0,200.0,1.5,339.4,191.6,5.4,365.1,42.1,148.8,16.2,63.8,3673.2999999999997
2021-09-15,,205.1,2.4,41.1,91.4,5.7,76.7,19.7,7.7,101.3,11.8,297.4,161.7,33.5,48.5,23.2,195.0,74.0,,197.7,436.3,2.7,5.3,1.6,2.6,100.1,9.2,207.2,207.5,1.4,350.1,209.1,5.1,326.4,43.4,149.0,17.8,63.4,3732.0999999999995
2021-09-16,,211.8,2.4,36.7,107.3,5.8,78.0,19.6,7.7,97.5,12.3,309.1,163.1,32.4,47.1,27.5,203.6,73.3,,184.1,443.6,2.7,5.5,1.6,2.5,104.0,8.8,214.2,218.0,1.4,341.6,225.1,4.9,270.4,42.4,156.3,17.4,64.7,3744.3999999999996
2021-09-17,,212.3,2.3,33.9,107.5,5.4,74.0,19.0,7.5,92.3,11.8,306.8,151.0,30.8,47.3,28.5,211.3,73.8,,182.3,448.8,2.6,5.2,1.5,2.6,109.2,8.6,232.8,215.4,1.6,342.5,242.9,4.9,274.7,39.9,147.7,16.0,63.1,3757.8
2021-09-18,,209.3,2.3,32.7,107.4,5.5,81.8,17.4,7.7,91.2,12.4,312.2,162.2,32.3,47.0,29.1,216.2,74.5,,191.2,459.2,2.5,5.5,1.2,2.5,114.2,8.7,235.8,220.5,1.5,321.7,240.1,4.7,334.3,42.8,151.2,15.8,63.7,3858.2999999999997
2021-09-19,,205.0,2.3,34.4,118.6,5.3,84.0,19.3,7.2,93.0,11.6,286.6,163.9,29.5,46.5,27.4,209.8,69.6,,202.0,444.0,2.4,5.6,1.3,2.5,111.5,8.3,253.6,215.2,1.1,307.2,231.0,4.4,373.4,41.2,151.1,17.3,66.4,3853.5
2021-09-20,,202.1,2.4,37.6,118.6,6.1,85.2,19.7,7.3,106.5,12.6,307.8,186.4,31.6,44.4,28.4,219.4,76.7,,210.3,463.6,2.5,5.5,1.5,2.5,105.2,8.7,257.4,224.7,1.4,313.2,216.5,4.8,407.9,43.5,148.3,17.9,67.3,3995.5
2021-09-21,,205.8,2.4,35.8,118.6,5.3,88.3,19.9,7.7,108.4,12.8,314.3,189.0,30.4,43.6,27.9,205.7,77.7,,212.0,452.3,2.6,5.3,1.6,2.6,101.1,8.7,228.4,219.7,1.5,314.9,190.4,4.8,413.5,44.5,147.4,18.0,67.9,3930.8
2021-09-22,,197.2,2.3,36.4,112.8,5.2,89.4,18.5,7.8,100.3,12.6,314.9,156.7,32.0,44.3,26.5,205.0,77.8,,215.7,443.0,2.6,5.6,1.6,2.5,103.9,8.8,206.7,193.0,1.4,326.3,182.9,5.1,380.6,41.8,148.3,18.2,67.6,3795.2999999999997
2021-09-24,,192.0,2.4,40.6,113.8,4.5,88.5,19.7,7.5,97.6,12.4,319.5,140.3,30.0,46.5,27.4,207.9,77.1,,215.7,440.0,2.7,5.7,1.6,2.5,109.6,8.9,160.2,189.2,1.4,318.5,191.5,5.7,346.4,40.9,170.9,17.4,69.5,3725.9999999999995
2021-09-25,,194.7,2.2,41.6,119.7,4.8,90.9,19.8,7.5,94.5,12.4,323.2,149.0,31.3,47.2,30.3,206.7,77.7,,207.7,445.0,2.7,5.5,1.5,2.4,111.0,9.1,173.7,201.0,1.5,319.1,201.9,4.9,349.5,41.4,172.8,18.0,70.0,3792.2000000000007
2021-09-26,,182.9,2.3,38.9,122.6,4.6,89.8,19.4,7.4,90.2,11.8,305.6,140.5,29.2,48.3,30.4,192.6,70.7,,203.5,429.0,2.6,5.4,1.5,2.5,106.9,7.4,180.9,199.9,1.3,288.9,183.4,4.7,357.4,38.8,162.0,18.1,67.5,3648.9
2021-09-27,,164.5,2.3,37.9,118.3,5.4,87.5,19.7,7.4,102.6,12.0,314.0,159.7,30.7,47.1,30.0,196.8,63.1,,209.8,437.3,2.6,5.4,1.5,2.4,107.0,8.1,195.8,200.4,1.5,301.0,163.3,5.5,388.3,42.9,163.5,17.6,66.1,3719.0
2021-09-28,,182.1,2.3,37.1,113.5,5.8,90.9,19.9,7.7,107.5,13.0,310.5,173.7,31.9,48.1,28.5,193.4,69.1,,211.6,422.4,2.6,5.2,1.5,2.4,108.0,8.3,209.5,201.2,1.5,315.7,152.9,4.9,398.0,42.9,148.0,17.3,65.8,3754.7
2021-09-29,,187.6,2.3,36.1,110.7,5.7,88.4,19.7,7.7,109.7,12.5,293.5,180.8,32.0,49.0,26.9,199.7,72.2,,214.8,424.3,2.6,5.6,1.5,2.4,109.0,8.5,217.5,208.0,1.6,326.8,169.9,4.7,405.4,43.5,132.5,18.6,59.8,3791.4999999999995
2021-09-30,,188.7,2.4,38.5,91.9,5.4,89.2,19.7,7.5,110.6,12.6,297.1,187.4,31.3,49.0,24.0,208.7,74.2,,219.9,437.2,2.6,5.7,1.5,2.5,110.1,8.9,218.7,211.0,1.4,328.8,190.6,5.2,407.6,42.6,146.2,18.6,55.4,3852.7
2021-10-01,,189.6,2.3,39.4,86.2,5.5,90.7,19.1,7.6,111.5,12.8,312.0,188.2,31.7,46.9,24.5,201.4,74.4,,221.1,435.5,2.7,5.6,1.5,2.6,105.3,8.8,199.6,215.3,1.6,306.3,201.5,5.2,392.7,41.9,162.5,17.8,49.4,3820.6999999999994
2021-10-02,,188.3,2.3,37.0,79.1,4.8,90.0,18.4,6.7,97.9,11.9,317.6,172.0,29.0,41.3,25.6,170.4,68.7,,219.3,415.0,2.7,5.6,1.4,2.6,109.9,7.5,192.1,209.1,1.1,279.1,195.0,5.0,366.1,36.3,162.1,17.6,61.6,3650.1
2021-10-03,,191.1,2.1,32.5,78.6,4.7,93.1,18.6,6.9,101.6,12.0,312.2,169.7,27.7,39.5,27.6,165.8,65.3,,218.1,424.3,2.6,5.3,1.3,2.4,110.1,7.2,198.1,217.2,1.2,261.4,193.8,4.8,367.7,36.4,155.5,18.4,61.2,3636.000000000001
2021-10-04,,198.0,2.3,30.6,88.5,5.4,96.8,19.6,7.5,111.0,13.3,330.1,181.1,29.6,44.3,27.0,182.2,73.2,,224.2,448.0,2.6,5.8,1.7,2.3,110.3,8.0,193.2,231.7,1.4,294.7,202.0,5.0,371.3,41.1,161.0,18.3,61.2,3824.3
2021-10-05,,195.7,2.4,33.1,94.4,5.5,94.4,14.5,7.6,112.4,13.7,333.2,177.1,29.6,46.2,25.3,183.6,74.0,,226.2,449.3,2.6,5.7,1.7,2.3,114.5,8.0,183.5,223.0,1.6,295.6,197.4,4.6,382.0,41.5,166.9,18.3,62.8,3830.2
2021-10-06,,182.8,2.5,36.3,98.1,5.3,94.3,19.6,7.7,111.0,12.9,342.0,177.7,32.4,45.6,25.7,169.1,74.4,,228.1,451.1,2.6,6.0,1.7,2.4,119.9,7.8,185.6,223.2,1.6,290.1,201.0,5.1,386.8,40.8,168.2,19.7,65.8,3844.8999999999996
2021-10-07,,181.3,2.5,38.3,101.3,5.2,98.4,18.9,7.4,107.0,12.7,359.7,170.8,31.8,47.2,27.6,168.5,75.7,,233.6,451.9,2.6,6.0,2.0,2.5,123.0,8.3,193.3,216.2,1.6,303.2,209.8,5.9,381.6,39.0,169.8,18.2,64.3,3887.1000000000004
2021-10-08,,180.2,2.3,39.6,100.5,5.2,98.3,19.1,7.5,103.8,13.4,359.6,184.0,32.9,47.6,27.7,170.6,75.2,,235.9,450.3,2.7,5.8,1.8,2.5,117.0,8.2,190.6,221.8,1.6,308.1,210.1,5.6,371.9,39.2,176.3,17.5,65.6,3900.0000000000005
2021-10-09,,175.2,2.3,39.5,110.1,4.9,97.8,19.6,7.4,96.9,13.8,358.7,171.8,32.7,48.8,27.2,165.7,71.7,,236.4,439.4,2.7,5.3,1.6,2.5,113.6,8.0,170.8,236.0,1.5,290.3,187.3,5.2,385.7,39.7,176.7,17.7,63.8,3828.2999999999997
2021-10-10,,176.7,2.3,38.2,114.2,4.4,100.0,19.5,7.3,94.2,13.1,345.4,160.0,30.2,45.6,29.1,152.2,66.6,,235.8,422.7,2.7,5.6,1.6,2.5,110.5,7.1,179.6,247.9,1.4,270.8,185.2,5.5,400.6,39.6,170.8,18.2,65.1,3772.2
2021-10-11,,182.6,2.3,40.0,111.1,4.9,100.9,19.8,7.4,101.9,13.8,359.0,171.5,31.9,41.9,30.6,164.7,71.1,,239.1,441.7,2.6,5.8,1.5,2.3,119.0,7.6,179.1,239.6,1.5,288.1,198.3,6.0,407.2,39.1,173.6,17.5,65.6,3890.6000000000004
2021-10-12,,185.4,2.4,41.5,108.2,4.8,101.4,19.7,7.5,101.5,13.5,358.7,175.2,30.5,47.6,29.7,166.4,69.0,,238.9,457.8,2.8,5.6,1.7,2.4,111.3,7.7,186.5,240.8,1.5,287.2,204.9,6.3,413.4,39.1,167.2,17.7,62.5,3918.2999999999997
2021-10-13,,184.5,2.3,40.8,115.0,4.6,101.6,20.0,6.9,95.4,13.9,360.4,167.1,33.0,47.0,28.6,164.3,70.7,,238.5,465.3,2.6,5.5,1.7,2.4,111.4,7.7,195.3,240.5,1.4,291.2,206.2,5.0,392.6,40.0,159.4,18.1,64.2,3905.1
2021-10-14,,191.0,2.3,37.3,117.7,4.3,101.4,20.1,7.4,89.0,13.7,363.9,156.8,32.5,48.4,29.1,162.8,69.7,,234.7,470.9,2.6,5.3,1.7,2.3,105.3,6.8,179.0,241.6,1.2,265.3,204.9,5.8,393.1,40.6,144.8,18.6,66.8,3838.7000000000007
2021-10-16,,182.0,2.3,37.5,111.3,4.1,97.3,18.3,6.5,84.5,13.5,355.0,145.4,31.2,47.6,27.4,159.2,69.4,,227.6,450.3,2.8,5.7,1.7,2.5,110.6,8.5,161.2,230.5,1.1,290.1,169.3,5.3,389.7,39.6,141.5,18.8,62.7,3712.0
2021-10-17,,182.9,2.3,37.1,107.2,3.6,95.3,19.4,7.6,80.1,13.2,359.8,132.7,30.2,44.4,26.2,155.8,63.3,,213.0,448.0,2.5,5.5,1.6,2.2,110.6,8.1,151.5,236.4,1.1,267.9,157.4,5.0,335.9,35.0,137.7,17.7,63.5,3561.7
2021-10-18,,191.8,2.4,36.9,95.4,3.7,94.8,19.8,7.6,75.4,13.7,368.6,124.7,30.2,47.5,25.2,171.9,70.5,,190.5,464.2,2.5,5.9,1.5,2.3,112.6,8.4,145.4,216.1,1.4,296.8,176.9,4.6,283.8,33.5,129.5,17.3,63.4,3536.7000000000003
2021-10-19,,202.0,2.4,33.9,82.9,3.5,93.4,19.9,7.8,72.5,13.6,363.7,133.6,31.2,48.8,25.7,180.2,72.3,,191.4,467.9,2.6,6.0,1.6,2.2,110.5,8.8,147.8,222.4,1.0,317.1,187.2,4.6,279.9,31.3,130.3,15.1,66.0,3581.0999999999995
2021-10-20,,201.6,2.3,31.5,84.7,3.5,93.0,19.8,8.0,75.0,14.2,360.1,142.7,31.4,47.4,26.8,188.7,73.0,,195.7,475.1,2.5,6.0,1.6,2.4,110.1,8.7,149.0,223.2,1.0,313.9,191.8,4.4,298.4,34.4,134.8,16.3,67.4,3640.4
2021-10-21,,198.6,2.2,31.8,90.3,3.6,91.7,19.9,7.8,72.7,14.3,360.3,141.9,31.8,47.3,25.9,185.9,73.1,,194.5,477.1,2.5,6.1,1.6,2.5,117.1,8.1,144.9,223.6,1.3,304.1,195.6,4.6,298.1,35.9,138.5,18.1,66.9,3640.2
2021-10-22,,199.3,2.2,30.8,90.5,3.6,90.4,19.8,7.8,74.2,14.2,406.9,141.5,32.6,47.0,26.2,183.9,74.8,,196.4,475.5,2.5,6.1,1.6,2.3,115.1,8.9,140.4,227.2,1.4,313.7,197.5,4.4,288.7,36.7,139.9,17.5,66.4,3687.9
2021-10-23,,197.8,2.2,31.0,89.5,3.4,88.6,19.9,7.8,73.3,13.8,379.1,138.9,32.5,33.1,25.7,182.8,72.7,,199.6,476.0,2.5,6.0,1.5,2.3,113.8,8.6,132.8,229.4,1.4,308.5,197.8,4.6,287.9,35.7,137.2,17.8,66.9,3622.4
2021-10-24,,182.6,2.3,29.8,92.7,2.9,89.3,19.5,7.6,68.5,12.5,367.7,116.7,27.6,45.4,25.7,163.4,66.7,,200.1,468.8,2.5,5.6,1.5,2.4,112.8,7.7,97.2,209.9,1.3,273.7,190.1,4.5,276.6,30.7,135.1,18.2,66.6,3426.2
2021-10-25,,187.4,2.3,30.4,93.1,3.1,89.6,19.6,7.6,68.9,12.4,376.8,118.8,30.1,47.6,26.4,177.7,72.9,,201.5,482.8,2.6,5.9,1.5,2.4,107.1,8.1,110.9,214.9,1.5,294.7,192.7,4.5,274.9,32.7,139.9,17.6,67.7,3528.6000000000004
2021-10-26,,190.2,2.3,31.0,92.2,3.1,88.4,19.8,7.9,68.2,13.3,382.1,127.3,36.3,49.6,26.3,180.4,73.9,,205.7,492.3,2.6,6.1,1.6,2.4,116.5,8.3,117.1,219.6,1.5,304.4,192.7,4.6,274.7,33.8,143.7,17.9,67.4,3605.2000000000003
2021-10-27,,194.0,2.3,31.2,88.3,3.1,87.4,19.9,7.9,66.6,13.8,379.0,125.1,32.6,49.6,28.5,180.8,72.7,,207.4,491.9,2.7,6.3,1.9,2.5,118.7,8.5,116.5,222.2,1.5,311.1,190.2,4.5,266.3,34.2,143.1,18.1,68.8,3599.2000000000003
2021-10-28,,196.1,2.1,31.1,83.9,3.1,86.6,19.9,7.9,65.0,13.3,379.1,123.9,32.3,50.2,28.0,188.1,73.4,,206.2,491.8,2.6,6.6,1.7,2.1,114.7,8.2,115.5,224.9,1.5,303.6,189.4,4.7,261.9,34.9,140.6,17.8,68.0,3580.6999999999994
2021-10-29,,184.7,2.1,30.6,80.5,3.1,85.6,19.6,7.8,66.3,13.8,374.6,124.5,32.7,50.5,26.0,187.7,74.0,,209.8,484.5,2.6,6.1,1.6,2.2,115.0,7.8,116.3,227.3,1.5,296.6,188.7,4.9,263.1,34.7,142.4,17.8,67.7,3554.7
2021-10-30,,176.1,2.0,30.1,78.0,3.0,85.4,18.5,7.4,61.3,14.2,365.6,122.0,32.1,48.2,25.7,183.2,73.1,,214.0,488.4,2.5,6.7,1.7,2.1,118.5,7.7,115.6,226.9,1.6,283.8,177.7,4.8,260.4,35.0,134.0,17.9,67.7,3492.8999999999996
2021-10-31,,172.1,1.9,29.1,75.9,2.8,84.5,19.0,7.3,60.9,12.9,351.0,111.0,31.0,47.2,25.1,172.2,66.9,,216.1,484.0,2.4,6.3,1.5,2.0,113.4,7.3,111.1,226.6,1.5,264.9,171.3,4.2,254.8,34.1,123.4,17.4,68.4,3381.5
2021-11-01,,167.1,2.1,26.6,76.9,3.1,81.3,19.2,7.4,65.4,13.8,355.9,119.5,31.5,49.9,25.4,164.5,71.3,,221.0,496.8,2.5,6.6,1.5,2.3,113.0,7.4,114.8,230.2,1.6,270.7,167.9,4.2,259.5,34.3,126.7,17.5,65.3,3424.7
2021-11-02,,163.6,2.3,28.2,76.0,3.1,81.6,19.3,7.5,65.3,13.9,347.7,121.3,31.4,47.3,25.7,174.7,71.5,,229.5,507.0,2.6,6.6,1.6,2.3,110.5,7.3,115.8,231.9,1.5,266.9,167.2,3.8,274.5,35.0,131.1,17.1,65.3,3457.9
2021-11-03,,160.9,2.3,27.8,78.2,3.1,81.3,18.8,7.0,63.0,13.8,321.3,115.5,30.4,46.7,26.7,178.5,71.9,,231.8,492.2,2.6,6.6,1.6,2.5,113.2,7.2,117.6,229.8,1.5,243.9,164.1,3.9,276.5,32.3,132.4,19.1,66.9,3392.9
2021-11-04,,150.1,2.3,26.0,80.6,2.6,75.3,13.6,4.0,55.7,10.6,266.5,91.2,23.5,48.3,28.8,173.4,67.5,,229.1,440.5,2.7,5.9,1.7,2.5,117.0,5.1,92.6,212.1,1.1,185.2,151.3,3.9,267.0,26.7,121.6,18.1,66.7,3070.8
2021-11-05,,155.7,2.3,24.8,79.1,2.5,69.5,12.9,3.4,51.8,10.8,235.0,84.5,21.2,51.9,27.6,160.1,71.2,,218.7,426.8,2.6,6.1,1.7,2.3,115.3,6.1,79.2,198.9,1.1,195.9,156.6,3.9,241.2,25.2,117.7,18.1,65.2,2946.8999999999996
2021-11-06,,162.7,2.3,25.1,78.7,2.8,72.3,15.7,4.6,52.0,11.6,254.1,95.8,25.5,51.1,26.4,165.6,73.3,,224.9,433.0,2.5,6.3,1.7,2.4,106.8,7.1,101.6,211.6,1.1,222.5,161.4,3.8,241.5,27.3,112.9,17.6,65.0,3070.6
2021-11-07,,160.0,2.2,24.4,75.4,2.6,73.0,17.4,5.9,54.8,11.6,269.0,99.5,27.4,47.1,26.3,160.1,67.7,,231.6,443.1,2.5,6.2,1.7,2.2,102.2,6.7,105.2,223.5,1.2,219.7,155.3,3.6,242.4,29.1,107.7,18.5,64.4,3091.1999999999994
2021-11-08,,162.9,2.2,24.9,78.5,3.0,73.2,18.5,6.9,60.0,12.1,292.6,111.3,30.3,48.6,26.2,172.4,71.5,,242.5,474.5,2.4,6.4,1.7,2.2,101.1,6.6,110.5,230.7,1.5,234.6,159.4,4.0,256.8,32.1,116.2,17.3,65.4,3260.9999999999995
2021-11-09,,166.3,2.2,26.8,78.5,3.1,75.4,19.0,7.4,62.7,12.7,315.6,116.1,30.8,53.0,26.8,174.1,70.8,,252.7,485.1,2.5,6.6,1.6,2.5,100.4,6.8,113.7,242.7,1.5,245.2,158.9,4.1,266.1,34.4,120.7,17.3,67.0,3371.1
2021-11-10,,168.0,2.3,27.2,74.7,3.1,75.2,19.1,7.4,60.8,12.0,325.5,116.0,31.9,53.3,27.2,178.6,72.0,,259.9,489.2,2.6,6.3,1.6,2.2,101.1,6.2,113.5,249.3,1.5,243.5,159.2,4.0,267.8,35.3,121.2,17.5,66.0,3402.2
2021-11-11,,153.5,2.2,27.4,70.3,3.0,75.5,19.1,7.2,61.4,12.4,334.0,116.4,32.7,45.6,28.1,172.1,73.6,,263.8,489.2,2.5,6.4,1.6,2.4,101.0,6.2,114.0,252.4,1.6,215.5,156.8,4.1,268.1,34.5,122.3,17.6,65.1,3359.6
2021-11-12,,150.9,2.3,26.2,74.4,3.1,76.3,18.9,7.5,62.7,12.8,340.1,117.0,30.3,54.3,28.3,169.4,72.5,,268.3,490.7,2.7,6.6,1.7,2.5,104.4,6.5,116.5,254.5,1.5,233.8,155.0,4.2,270.4,35.4,123.0,19.1,63.5,3407.2999999999997
2021-11-13,,151.7,2.2,26.0,72.8,3.0,73.9,18.8,7.5,58.8,13.1,344.0,116.0,30.1,48.6,26.1,169.3,70.3,,271.5,503.0,2.5,6.4,1.7,2.3,105.5,6.8,115.4,252.9,1.5,249.9,150.9,3.9,265.6,35.6,120.0,18.4,62.8,3408.8
2021-11-14,,151.9,2.2,24.7,73.1,2.7,75.9,18.9,7.1,57.7,12.6,336.7,104.9,28.2,47.9,25.2,155.4,63.3,,274.7,499.9,2.5,6.4,1.7,2.3,109.1,6.5,109.4,248.0,1.3,231.1,147.0,3.5,272.4,32.9,107.9,17.3,62.4,3324.7000000000003
2021-11-15,,156.8,2.3,24.7,72.9,3.0,76.8,19.4,7.2,60.9,12.7,347.7,113.2,30.2,53.8,25.8,164.3,68.7,,279.1,520.8,2.6,6.5,1.7,2.3,104.4,6.7,109.7,253.4,1.6,253.0,152.9,3.4,266.0,34.7,112.8,17.4,63.2,3432.6
2021-11-16,,156.8,2.2,26.0,74.5,3.1,75.9,19.5,7.5,60.6,12.8,351.4,116.7,30.9,54.8,26.2,161.7,70.2,,276.2,521.4,2.7,6.5,1.7,2.1,102.0,7.0,113.7,251.6,1.6,262.6,151.0,3.8,280.0,35.1,116.2,18.6,62.7,3467.3
2021-11-17,,155.0,2.1,26.6,73.8,3.1,77.0,19.6,7.7,63.5,12.7,352.5,117.3,30.9,53.2,26.6,158.1,72.0,,283.6,504.7,2.6,6.5,1.6,2.3,99.0,7.3,114.1,253.3,1.6,265.0,150.1,3.5,277.8,35.5,115.2,18.3,64.1,3457.8000000000006
2021-11-18,,148.8,2.3,25.6,71.0,3.1,77.7,19.3,7.5,62.2,12.8,343.8,117.9,30.6,54.6,27.3,155.6,72.3,,275.6,508.9,2.6,6.5,1.6,2.4,98.3,6.8,113.5,241.9,1.6,252.7,150.5,3.6,276.6,35.5,116.2,19.1,64.1,3410.4
2021-11-19,,141.1,2.2,25.8,73.1,3.0,79.0,19.4,7.7,61.8,13.1,323.8,118.3,31.5,54.8,27.3,146.6,71.9,,261.4,489.5,2.6,6.5,1.6,2.4,99.4,6.7,110.5,229.5,1.6,254.8,147.3,3.6,276.4,35.5,114.9,19.5,64.2,3328.2999999999997
2021-11-20,,141.8,2.3,25.5,72.0,3.0,79.2,19.5,7.7,58.1,12.6,325.8,140.8,31.2,52.9,27.6,143.4,71.5,,267.4,494.8,2.7,6.6,1.7,2.4,96.5,6.8,113.3,229.4,1.6,253.2,141.5,3.7,270.2,35.6,116.4,17.9,64.1,3340.7
2021-11-21,,139.7,2.3,23.8,73.4,2.7,79.1,19.1,7.1,59.0,11.1,318.9,107.3,28.4,53.8,27.8,130.5,64.9,,266.2,471.7,2.9,6.7,1.7,2.2,94.5,6.5,105.6,230.6,1.4,238.6,135.5,3.5,266.7,32.5,109.5,18.1,64.2,3207.499999999999
2021-11-22,,147.7,2.2,24.1,71.6,3.0,75.1,19.5,7.5,60.9,12.5,346.3,115.0,30.1,54.7,27.0,147.9,71.7,,269.7,481.0,2.9,6.9,1.7,2.2,94.9,7.3,112.5,235.6,1.8,264.5,142.4,3.6,274.1,34.4,119.2,18.0,65.8,3355.2999999999997
2021-11-23,,154.2,2.4,24.9,73.5,3.1,78.0,19.8,7.8,61.9,12.7,354.4,121.0,31.4,55.9,26.3,150.1,72.8,,276.3,496.7,2.8,6.9,1.7,2.3,94.5,7.4,116.2,231.9,1.8,271.7,147.7,3.7,281.6,35.3,120.7,19.3,65.5,3434.1999999999994
2021-11-24,,154.9,2.1,26.4,72.3,3.1,77.6,19.9,7.8,62.2,12.8,347.8,123.7,31.5,55.7,27.1,147.3,72.8,,280.7,504.8,3.0,7.1,1.6,2.1,94.4,7.5,118.6,245.1,1.9,275.6,151.2,3.9,282.8,36.3,120.0,20.2,62.8,3464.5999999999995
2021-11-25,,155.6,2.4,24.9,72.5,3.1,78.1,19.7,7.7,62.3,12.7,352.8,123.5,31.8,56.7,25.8,147.1,72.0,,283.8,501.5,2.9,7.0,1.7,2.6,102.9,7.1,118.4,243.6,1.9,268.9,151.4,3.7,287.3,36.5,119.4,18.2,65.6,3473.099999999999
2021-11-26,,155.9,2.4,25.0,71.7,3.2,77.7,19.5,7.6,64.0,12.7,355.9,126.1,32.4,57.7,26.8,151.0,71.3,,286.5,498.5,3.0,7.0,1.6,2.6,105.4,6.9,119.5,249.8,1.9,259.1,153.7,3.6,287.4,37.1,118.3,18.1,65.6,3486.4999999999995
2021-11-27,,153.1,2.3,24.7,71.4,3.1,72.9,19.5,7.7,60.4,12.4,362.3,125.7,31.3,56.7,26.7,148.9,71.5,,286.3,493.3,3.0,6.9,1.6,2.1,104.6,6.9,119.8,251.7,1.8,252.6,151.6,3.6,285.9,36.7,116.1,18.4,64.9,3458.3999999999996
2021-11-28,,143.3,2.4,23.2,72.4,2.9,73.9,18.9,7.0,58.8,10.9,347.0,114.7,27.6,54.6,27.7,132.9,65.4,,287.7,473.0,2.7,6.5,1.7,2.1,98.1,6.3,117.5,250.3,1.5,229.4,144.5,3.4,277.0,34.2,107.3,18.1,65.1,3310.0
2021-11-29,,142.3,2.3,23.8,73.5,3.1,74.3,19.0,7.2,61.7,12.0,355.5,123.5,30.9,56.0,27.9,142.9,70.7,,286.7,480.1,2.9,6.7,1.8,2.1,89.8,6.3,120.7,251.9,1.8,244.5,148.1,3.6,280.0,36.1,117.1,19.9,64.1,3390.7999999999993
2021-11-30,,143.2,2.4,24.0,75.5,3.2,75.0,18.6,7.5,62.5,12.8,352.5,126.1,31.4,58.0,26.7,141.1,71.8,,287.1,481.3,2.9,6.7,1.8,2.0,89.7,6.6,123.6,254.1,1.8,255.9,149.6,3.6,282.6,36.6,117.3,20.0,63.2,3418.7000000000003
2021-12-01,,145.0,2.3,24.4,73.4,3.3,72.1,18.7,7.2,63.1,11.9,323.7,125.5,32.9,56.2,26.2,153.5,72.8,,273.4,459.2,3.1,6.8,1.8,2.2,88.2,6.5,126.1,247.1,1.8,258.1,153.0,3.5,280.4,36.4,116.8,16.2,61.0,3353.8
2021-12-02,,147.8,2.3,24.6,75.0,3.4,73.0,18.5,7.0,63.3,11.9,313.6,125.8,32.6,55.9,27.3,155.3,73.8,,241.7,421.3,3.0,6.9,1.8,2.3,85.4,6.7,122.1,244.8,1.7,265.8,158.4,3.6,274.5,36.6,114.9,16.0,62.0,3280.6000000000004
2021-12-03,,148.5,2.2,24.4,73.3,3.3,75.0,18.8,7.2,64.2,11.9,325.8,124.1,33.1,56.5,26.8,159.3,74.6,,255.2,427.9,3.1,6.9,1.7,2.6,88.0,7.1,116.5,249.8,1.7,274.7,162.9,3.7,272.7,36.8,117.5,17.2,63.4,3338.3999999999996
2021-12-04,,150.2,2.3,24.7,71.6,3.2,74.3,19.1,7.4,60.8,12.4,340.0,124.9,31.8,57.0,27.2,155.6,74.4,,266.1,438.6,3.0,7.0,1.8,2.5,85.6,7.3,123.0,248.5,1.7,263.3,161.9,3.8,270.5,35.6,116.2,18.9,64.5,3356.7000000000007
2021-12-05,,152.3,2.2,23.8,72.3,2.9,75.0,18.7,6.8,58.9,11.0,331.9,113.1,30.4,52.4,26.7,137.6,67.7,,273.5,430.6,3.1,6.9,1.7,2.4,85.5,6.8,133.4,255.4,1.4,249.1,158.7,3.4,276.3,33.8,101.4,19.2,63.4,3289.7000000000003
2021-12-06,,153.2,2.4,23.9,74.1,3.2,76.3,19.0,7.1,62.2,11.5,346.1,120.6,32.2,55.6,25.9,155.2,74.7,,275.7,449.5,2.9,7.2,1.7,2.3,92.2,7.5,136.8,257.5,1.4,266.8,166.3,2.6,284.3,36.0,106.5,18.4,64.3,3423.1
2021-12-07,,154.6,2.3,24.7,75.6,3.2,78.5,18.9,7.4,63.8,11.3,351.5,127.9,33.2,57.2,27.1,156.7,75.5,,278.5,460.0,2.9,7.3,1.6,2.3,94.2,7.4,145.1,261.8,1.5,277.8,171.1,3.1,293.1,37.4,109.4,18.5,63.0,3505.4000000000005
2021-12-08,,165.6,2.3,24.8,75.2,3.2,78.5,19.0,7.5,64.3,11.7,349.2,130.0,33.1,55.8,26.0,160.7,76.0,,281.3,468.9,3.0,6.9,1.8,2.3,99.0,7.5,147.5,262.4,1.8,283.3,172.4,3.4,292.7,37.9,109.4,18.7,63.7,3546.8
2021-12-09,,160.5,2.3,25.1,74.2,3.2,79.8,19.1,7.3,64.4,12.3,353.4,129.2,33.8,57.7,27.4,165.5,76.4,,287.2,470.3,2.9,7.0,1.7,2.3,100.9,7.4,145.1,265.6,1.6,281.8,174.2,3.6,294.9,37.9,112.6,17.0,64.5,3570.1
2021-12-10,,159.0,2.2,25.1,75.3,3.3,80.5,19.2,7.5,66.0,12.4,355.9,129.6,34.0,57.0,27.0,163.7,76.0,,290.6,469.0,2.9,7.1,1.7,2.3,103.4,7.3,141.8,267.9,1.6,282.2,171.3,3.7,293.6,38.4,113.1,17.2,64.7,3573.4999999999995
2021-12-11,,158.3,2.2,23.7,73.8,3.2,79.1,19.2,7.4,63.3,12.4,356.0,126.2,33.7,58.2,26.3,164.5,74.9,,287.7,472.4,3.2,6.9,1.7,2.5,105.9,7.5,138.0,267.6,1.4,280.3,171.9,3.6,288.6,38.1,112.9,17.1,65.1,3554.7999999999997
2021-12-12,,158.3,2.3,23.3,72.4,3.0,78.7,18.8,6.7,60.1,12.4,343.0,115.6,31.1,57.6,26.1,149.0,69.1,,285.9,462.5,3.2,6.9,1.7,2.5,110.1,6.8,128.7,265.5,1.2,245.3,170.5,3.1,273.4,35.5,103.5,17.4,63.9,3415.1000000000004
2021-12-13,,162.2,2.5,23.7,72.2,3.3,78.8,19.1,7.0,64.9,12.3,355.0,126.7,33.5,59.2,26.2,165.7,75.9,,287.1,477.4,3.2,7.2,1.6,2.5,95.9,7.4,135.0,264.8,1.5,268.1,173.8,3.6,285.1,37.9,108.5,17.0,66.6,3532.3999999999996
2021-12-14,,164.8,2.4,24.2,74.2,3.4,79.4,19.1,7.3,64.0,12.4,353.2,133.5,34.1,59.9,25.6,170.9,76.2,,292.0,486.0,3.2,6.7,1.8,2.5,96.2,7.2,135.4,269.9,1.8,275.2,176.9,3.6,295.1,39.0,111.4,17.7,65.2,3591.4
2021-12-15,,166.4,2.1,24.7,75.8,3.5,79.6,19.2,7.4,66.3,12.8,349.7,134.3,34.9,57.1,24.5,174.2,76.7,,293.3,485.6,3.2,6.9,1.7,2.5,96.3,7.1,131.9,270.6,2.2,277.7,175.0,3.5,301.0,38.9,112.3,19.2,64.2,3602.2999999999997
2021-12-16,,166.7,2.2,24.7,75.6,3.6,80.9,19.4,7.3,67.0,12.6,351.4,133.8,34.9,60.4,25.9,177.9,76.5,,295.4,485.6,3.2,7.3,1.9,2.5,96.4,6.9,133.4,271.2,2.1,282.7,176.0,3.5,300.6,39.9,114.1,19.5,66.4,3629.4
2021-12-17,,166.3,2.2,23.7,76.0,3.8,81.2,19.0,7.3,69.3,12.5,354.0,134.4,36.2,60.1,28.5,181.7,77.0,,297.6,484.8,3.3,7.4,1.9,2.4,95.8,7.1,135.7,271.6,2.0,289.7,179.1,3.5,299.2,40.6,110.9,19.0,63.3,3648.1
2021-12-18,,163.4,2.2,24.4,76.2,3.8,82.1,19.2,7.3,66.8,11.9,354.4,134.9,35.3,55.3,29.7,180.6,76.4,,292.5,481.3,3.3,7.1,1.9,2.4,96.4,7.0,140.1,271.9,1.7,276.4,178.4,3.0,306.7,41.6,111.3,16.9,65.6,3629.4
2021-12-19,,160.4,2.2,23.4,78.0,3.6,81.1,18.9,5.5,63.9,10.1,329.4,125.4,32.9,48.7,31.1,168.6,69.4,,287.0,463.6,3.2,7.2,1.7,2.5,88.7,6.2,129.5,268.0,1.5,258.6,174.6,3.3,306.6,38.5,103.0,18.9,66.0,3481.2
2021-12-20,,165.8,2.3,24.2,77.9,4.1,79.8,19.2,6.1,72.1,11.1,349.2,134.2,34.6,45.9,28.7,182.4,74.1,,292.8,477.5,3.3,7.3,1.8,2.6,105.1,6.8,135.3,274.9,1.5,276.6,181.1,3.6,319.6,41.4,108.9,17.3,65.6,3634.7000000000007
2021-12-21,,167.3,2.4,24.6,81.0,4.0,81.9,19.2,7.2,72.4,11.6,355.9,137.9,34.6,58.2,26.6,190.9,74.3,,298.7,488.6,3.2,7.3,1.8,2.4,102.5,7.0,136.3,280.0,1.8,286.8,183.1,4.0,323.2,42.3,112.4,17.1,65.6,3714.100000000001
2021-12-22,,168.8,2.3,24.4,82.7,4.0,82.7,19.4,7.4,71.9,11.8,353.2,139.0,34.9,61.9,27.3,193.9,74.4,,300.5,489.5,3.2,7.3,1.9,2.6,106.2,7.0,136.0,277.4,2.0,288.5,185.5,3.5,324.6,42.2,113.6,17.3,66.9,3735.7
2021-12-23,,170.3,2.3,24.8,81.7,4.0,83.8,19.6,7.3,72.0,12.0,360.2,136.2,34.5,58.6,29.9,200.5,74.8,,302.0,492.4,3.1,7.5,1.8,2.3,113.0,7.0,130.2,281.2,2.0,293.0,186.7,3.5,323.1,42.9,112.8,16.2,68.6,3761.8
2021-12-24,,172.6,2.3,25.2,82.3,3.5,84.5,19.3,7.5,73.3,11.9,372.2,135.8,35.1,57.1,32.0,203.2,73.7,,305.1,486.5,3.5,7.6,1.8,2.5,110.1,7.0,129.9,287.5,1.9,295.8,191.3,3.5,321.5,42.6,115.2,16.5,67.0,3788.2999999999997
2021-12-25,,171.3,2.3,24.7,81.8,3.6,84.4,19.3,6.0,68.0,10.9,368.1,133.2,35.2,60.1,31.3,199.0,66.3,,303.9,485.8,3.0,7.3,1.8,2.5,100.6,6.8,127.4,285.2,2.0,287.3,189.5,3.5,313.7,41.4,109.7,17.0,67.4,3721.3
2021-12-26,,167.8,2.3,23.2,81.7,3.7,83.1,18.9,7.0,64.7,10.6,351.4,117.0,33.8,58.8,29.1,187.1,64.7,,300.6,473.8,3.4,7.3,2.1,2.1,105.0,6.2,118.1,267.3,2.0,263.1,185.5,3.3,308.0,40.4,102.2,17.9,65.7,3578.9000000000005
2021-12-27,,175.3,2.3,24.3,80.5,3.9,84.1,19.3,6.8,67.5,11.6,360.5,115.8,34.7,60.8,30.4,199.9,72.2,,300.2,481.0,3.6,7.2,1.8,2.6,108.0,6.8,121.0,257.4,1.9,287.4,191.4,3.4,305.5,41.4,110.5,17.6,66.7,3665.2999999999997
2021-12-28,,178.4,2.3,24.8,77.2,3.9,76.2,19.4,7.0,70.7,11.9,341.7,128.2,34.9,60.0,28.6,204.3,72.6,,242.0,483.7,3.2,7.4,1.9,2.5,98.8,7.2,125.8,247.9,1.9,289.4,196.0,3.6,297.3,43.1,113.4,17.7,66.6,3591.5
2021-12-29,,179.3,2.3,25.1,66.2,3.9,63.7,19.2,7.0,70.1,12.0,338.1,130.0,35.7,60.6,25.4,206.6,72.8,,241.3,472.5,3.1,7.8,2.0,2.6,101.5,7.3,127.4,256.4,1.8,297.1,196.9,3.5,278.2,41.6,113.4,17.0,63.9,3553.3
2021-12-30,,174.9,2.3,24.8,74.4,3.9,72.3,19.4,6.9,69.5,12.5,341.9,129.1,35.5,62.0,29.7,207.5,72.8,,253.1,472.7,3.2,7.6,2.1,2.6,104.0,7.2,129.0,257.9,1.8,295.2,200.1,3.6,302.7,42.6,112.7,17.1,68.8,3623.3999999999996
2021-12-31,,175.6,2.4,25.1,81.5,4.0,76.4,19.0,6.9,74.0,12.4,348.9,129.4,36.1,58.4,30.2,208.1,74.9,,260.8,464.6,3.5,7.6,1.9,2.4,106.9,6.9,132.1,265.1,1.8,273.4,203.6,3.5,315.8,42.0,113.9,17.5,68.7,3655.2999999999997
2022-01-01,,170.7,2.4,23.7,82.8,3.8,76.1,17.6,6.0,70.5,11.9,346.5,127.4,35.3,60.4,27.4,201.0,74.9,,266.4,458.7,3.3,7.1,1.9,2.3,99.7,6.5,131.6,267.5,1.5,253.9,197.8,3.4,318.2,40.2,108.1,15.5,66.3,3588.3
2022-01-02,,169.7,2.5,22.8,81.9,3.4,76.0,18.2,6.0,66.3,11.5,339.3,117.1,32.3,60.3,28.3,191.2,69.1,,264.1,467.6,3.4,6.8,1.9,2.4,106.9,6.2,119.2,258.1,1.4,228.5,194.1,3.4,297.8,38.2,102.3,17.6,66.6,3482.400000000001
2022-01-03,,177.0,2.4,24.6,82.9,4.0,78.5,19.2,7.0,71.8,12.4,358.1,128.0,35.0,61.4,27.4,209.3,76.3,,271.4,490.0,3.5,7.3,1.9,2.4,103.2,6.8,123.4,262.5,1.8,264.7,201.0,3.6,310.9,40.9,110.4,18.0,66.2,3665.2000000000003
2022-01-04,,177.5,2.3,24.8,85.4,4.2,80.4,19.6,7.1,70.0,11.9,375.8,129.8,36.4,59.0,27.3,214.9,77.1,,273.7,500.1,3.6,7.4,1.9,2.4,99.8,7.3,120.7,267.2,1.8,275.8,202.5,3.5,312.2,42.9,113.5,19.4,67.0,3726.2000000000003
2022-01-05,,179.3,2.3,25.0,86.2,4.2,79.8,19.9,7.3,73.4,13.0,354.4,118.2,36.6,59.2,27.2,216.6,76.6,,272.4,505.5,3.6,7.3,1.9,2.4,98.4,7.0,114.3,215.9,2.0,286.7,202.9,3.5,313.9,41.6,114.2,17.5,65.8,3656.0
2022-01-06,,182.9,2.3,25.3,86.1,3.9,83.6,19.7,7.2,71.2,12.4,337.6,113.7,34.2,58.7,29.9,219.8,76.8,,243.7,508.3,3.5,7.5,1.9,2.4,99.6,7.0,113.9,207.0,1.8,291.7,205.8,3.6,280.9,38.9,112.8,17.3,67.0,3579.9
2022-01-07,,183.5,2.5,24.4,87.4,4.1,83.5,19.7,7.3,72.0,12.3,336.6,119.3,36.2,54.1,30.4,221.3,77.9,,218.8,501.1,3.5,7.2,2.0,2.3,100.9,7.2,117.1,208.8,1.8,297.0,211.9,3.7,294.5,41.1,115.5,18.5,67.3,3592.7
2022-01-08,,180.8,2.4,24.6,83.7,3.7,83.7,19.7,7.2,58.0,12.1,339.8,97.3,33.6,38.8,30.5,225.5,77.0,,208.3,493.9,3.5,7.0,1.9,2.3,88.5,7.4,103.0,192.0,1.8,298.4,210.1,3.6,274.2,40.1,115.2,18.0,66.2,3453.8
2022-01-09,,182.1,2.4,24.1,84.0,3.6,82.2,18.9,7.1,59.9,10.8,328.6,98.4,31.2,53.7,32.0,209.7,70.4,,187.5,461.7,3.2,6.9,1.9,2.2,92.8,6.9,109.6,203.9,1.5,269.6,206.8,3.5,273.7,36.2,108.0,17.5,66.4,3358.8999999999996
2022-01-10,,185.9,2.4,25.2,82.7,3.9,77.7,19.0,6.9,72.4,11.7,342.8,111.3,32.1,58.4,28.7,220.4,76.5,,199.1,471.8,3.4,7.1,1.9,2.3,86.7,7.4,119.2,219.3,1.6,295.6,205.2,3.6,292.3,39.6,114.7,16.9,67.0,3512.7
2022-01-11,,188.9,2.4,25.5,82.2,4.0,74.9,19.3,7.1,73.6,11.5,346.0,117.8,34.6,60.2,29.2,223.9,77.5,,205.8,478.8,3.4,7.2,2.0,2.3,87.7,7.8,122.2,230.6,1.8,306.7,190.7,3.8,298.6,41.6,112.7,16.5,66.4,3565.2000000000003
2022-01-12,,187.3,2.4,23.9,77.7,4.0,76.1,19.4,7.1,73.1,11.3,345.1,119.4,34.8,58.4,29.0,222.6,76.8,,209.6,482.0,3.2,6.9,1.9,2.4,88.1,7.8,122.7,240.6,1.8,310.9,177.7,3.8,297.8,41.3,114.5,16.7,66.5,3564.6
2022-01-13,,175.9,2.2,21.9,78.7,4.0,78.9,19.5,7.2,75.3,11.4,348.0,119.3,35.3,62.2,29.3,224.2,75.8,,215.1,484.1,3.4,6.6,1.8,2.5,91.3,7.7,121.9,244.5,1.7,302.3,172.4,3.6,304.4,43.6,114.4,15.8,67.3,3573.5
2022-01-14,,166.7,2.3,23.0,83.7,4.2,78.0,18.4,6.4,79.5,11.6,269.8,121.0,35.7,65.9,30.7,227.1,75.0,,219.0,477.7,3.2,7.2,1.8,2.2,92.1,6.6,124.4,243.7,1.8,260.0,175.1,3.7,315.6,44.1,116.1,15.1,66.4,3474.7999999999997
2022-01-15,,157.7,2.4,22.6,83.5,4.0,76.5,18.8,6.9,66.9,11.3,297.2,122.1,34.3,62.9,30.4,216.6,74.8,,222.1,473.0,3.5,7.2,2.1,2.3,91.7,6.1,124.6,247.4,1.6,243.5,173.6,2.8,313.4,42.9,112.1,16.1,68.4,3443.2999999999997
2022-01-16,,152.8,2.3,22.7,83.3,3.9,77.6,18.9,7.2,66.4,10.6,327.6,111.1,32.0,62.9,30.9,213.3,69.0,,220.1,463.6,3.3,7.0,1.9,2.2,95.6,6.0,117.2,247.9,1.5,235.2,168.5,3.5,310.9,40.9,105.2,16.8,67.4,3407.2
2022-01-17,,164.1,2.3,24.2,85.7,4.4,77.7,19.2,7.2,78.0,11.4,358.9,123.0,35.0,64.2,29.6,234.7,76.3,,225.1,481.5,3.5,6.9,1.9,2.3,97.2,6.8,124.0,257.8,1.8,272.1,182.6,3.7,322.4,43.0,114.8,14.5,66.5,3624.2999999999997
2022-01-18,,171.7,2.3,23.9,89.8,4.5,80.2,18.4,7.3,79.8,11.7,363.9,127.1,34.4,63.9,29.2,225.9,77.2,,235.1,493.2,3.4,7.2,1.9,2.3,100.3,7.1,122.5,260.9,1.8,287.7,193.4,3.7,335.7,43.1,119.0,14.2,69.0,3712.7
2022-01-19,,174.9,2.3,25.2,92.5,4.5,81.5,18.0,7.5,79.6,11.9,358.2,128.6,35.9,63.7,30.4,229.0,77.1,,243.0,495.3,3.4,7.1,1.8,2.3,100.6,7.2,118.8,267.1,1.9,294.1,199.1,3.6,340.5,43.9,121.5,15.4,66.9,3754.3
2022-01-20,,176.5,2.4,25.0,95.7,4.5,82.9,18.4,7.3,77.7,11.9,363.1,125.8,35.0,62.0,30.9,233.1,77.2,,249.7,496.2,3.4,7.4,1.8,2.3,101.3,7.4,129.3,269.2,1.9,297.9,203.1,3.8,334.0,43.8,122.0,16.6,69.2,3789.7000000000003
2022-01-21,,183.6,2.4,25.0,91.2,4.2,83.9,19.4,7.4,79.1,12.0,357.0,127.1,35.8,63.2,31.9,232.1,77.5,,260.1,498.8,3.3,7.5,1.9,2.6,98.3,7.6,128.8,267.5,1.6,306.0,205.4,3.7,333.1,43.1,123.3,17.5,68.9,3811.7999999999997
2022-01-22,,188.0,2.4,25.1,86.8,4.1,84.7,19.5,7.5,67.6,11.9,347.0,115.3,35.3,58.1,31.5,231.9,76.5,,238.3,492.0,3.4,7.5,1.9,2.6,99.4,7.5,122.2,231.7,1.9,307.9,204.8,3.6,318.5,43.5,118.3,18.3,70.1,3686.6
2022-01-23,,186.9,2.7,24.7,80.9,4.0,81.6,19.2,7.2,67.0,10.4,337.0,104.7,31.5,61.7,29.2,213.8,67.4,,237.7,475.3,3.4,7.6,2.0,2.3,98.0,6.9,110.9,243.4,1.6,281.1,201.5,3.6,292.2,40.5,112.2,19.3,68.0,3537.3999999999996
2022-01-24,,188.7,2.7,25.5,83.4,4.5,84.5,19.3,7.2,78.1,11.4,353.1,117.9,34.3,61.4,30.5,244.6,72.9,,254.9,487.6,3.6,7.5,1.9,2.3,94.5,7.4,126.1,254.2,1.8,301.9,206.4,3.4,309.6,43.8,118.3,19.3,69.2,3733.7000000000003
2022-01-25,,190.1,2.5,25.7,85.5,4.4,86.9,19.3,7.5,80.7,11.4,356.5,123.3,34.9,65.4,28.8,245.2,73.0,,263.2,489.1,3.6,7.4,1.8,2.3,92.5,7.5,128.5,259.0,1.9,308.3,207.0,3.6,324.2,45.6,120.7,17.2,69.1,3793.6000000000004
2022-01-26,,185.4,2.6,24.0,85.9,3.8,85.5,16.3,5.2,69.2,9.8,333.4,105.8,31.1,63.2,29.8,224.3,69.4,,268.7,448.5,3.5,7.4,1.9,2.5,92.4,7.0,114.7,260.5,1.5,290.4,201.6,3.5,332.5,38.0,112.4,17.8,69.0,3618.5000000000005
2022-01-27,,184.7,2.6,24.6,86.8,4.1,87.0,18.2,6.4,75.8,11.0,349.6,116.5,33.4,57.8,29.1,229.4,73.3,,276.1,481.6,3.5,7.3,1.9,2.5,92.6,7.5,121.4,268.1,1.9,301.0,204.9,4.0,325.1,42.7,118.3,18.9,69.0,3738.6000000000004
2022-01-28,,186.8,2.3,25.0,90.4,4.1,88.9,19.4,7.6,78.4,11.6,359.1,122.9,35.0,63.1,30.3,234.4,74.6,,284.6,492.9,3.6,7.7,1.9,2.6,94.2,7.7,122.7,275.9,1.9,305.5,208.9,3.6,328.3,44.9,125.4,18.2,70.3,3834.7000000000003
2022-01-29,,186.9,2.3,25.5,86.9,3.8,89.8,19.3,7.6,71.8,11.9,358.4,124.6,33.9,59.7,30.2,234.6,76.0,,287.2,489.5,3.6,7.3,1.8,2.6,96.6,7.7,121.0,278.1,1.9,306.4,207.1,3.6,322.7,44.0,124.1,17.7,71.3,3817.4
2022-01-30,,184.2,2.3,24.9,87.7,3.6,89.8,19.2,7.3,68.6,10.8,347.5,113.6,31.9,63.7,30.8,228.8,70.1,,289.6,489.3,3.5,7.5,1.9,2.6,95.4,7.0,111.5,276.8,1.7,283.9,203.5,3.5,312.9,41.3,117.1,18.8,70.4,3723.0
2022-01-31,,188.1,2.8,25.7,90.0,4.0,84.7,19.3,7.2,71.6,11.7,357.8,120.9,33.0,63.0,31.2,240.7,79.6,,294.4,504.4,3.7,7.8,1.9,2.4,96.7,7.2,118.1,276.6,1.9,308.7,210.0,3.7,329.3,42.2,124.9,18.4,71.8,3855.400000000001
2022-02-01,,190.9,2.8,25.1,89.8,3.8,90.6,19.0,7.4,73.5,11.7,359.6,125.9,33.0,56.3,30.9,241.4,81.0,,295.7,507.9,3.6,7.7,2.0,2.3,96.0,7.7,123.8,275.8,2.1,316.9,212.7,3.7,325.1,40.5,125.4,16.8,68.3,3876.7000000000003
2022-02-02,,193.6,2.7,25.0,89.2,4.3,92.1,19.5,7.6,73.4,12.3,351.9,125.6,35.3,60.1,30.4,244.1,80.8,,300.6,516.5,3.6,7.4,2.0,2.2,95.8,7.7,126.1,280.0,1.9,319.3,212.2,3.2,327.6,43.4,121.7,16.5,68.8,3904.399999999999
2022-02-03,,171.0,2.8,26.1,84.9,4.4,93.1,19.7,7.6,76.1,12.0,358.3,119.0,35.5,63.2,32.8,242.2,80.8,,296.4,510.8,3.6,7.6,2.0,2.3,96.0,7.6,119.8,278.3,2.0,320.6,212.6,3.5,289.1,43.3,123.8,17.9,70.6,3837.3000000000006
2022-02-04,,171.9,2.6,23.8,62.3,4.5,87.5,19.7,7.6,77.4,11.9,366.7,125.9,35.4,63.7,23.2,241.3,78.3,,299.1,514.9,3.2,7.5,1.7,2.2,96.2,7.6,124.8,282.1,1.9,323.7,211.6,3.4,304.0,43.8,109.9,19.1,66.6,3826.9999999999995
2022-02-05,,193.9,2.3,21.2,80.2,4.0,91.8,19.7,7.5,72.7,11.8,354.1,128.8,34.5,60.7,29.4,243.9,75.2,,300.9,510.7,3.2,7.0,1.8,2.5,96.5,7.8,121.5,277.0,2.2,327.8,211.7,3.1,317.1,43.1,108.1,16.7,69.9,3860.3
2022-02-06,,199.7,2.4,22.8,85.7,3.7,92.1,19.2,7.1,67.5,10.8,340.7,114.9,32.8,59.1,29.7,229.9,67.9,,300.0,502.3,3.2,7.5,1.8,2.4,100.9,7.2,112.2,276.4,1.4,296.3,204.5,3.5,311.3,39.5,104.5,17.8,69.5,3748.2000000000003
2022-02-07,,200.1,2.5,25.0,85.0,4.0,93.1,19.7,7.3,69.2,11.9,354.8,123.4,33.8,59.8,29.9,246.1,76.7,,300.5,518.7,3.6,7.7,1.9,2.8,102.7,7.5,116.8,278.9,1.9,316.5,212.5,3.6,315.7,41.2,113.1,17.6,69.1,3874.6000000000004
2022-02-08,,199.6,2.5,25.7,84.4,4.1,94.2,19.9,7.6,69.6,12.0,363.7,125.4,33.8,61.3,29.6,249.8,79.0,,303.1,528.2,3.6,7.7,2.1,2.8,104.7,7.9,116.9,282.8,2.0,328.1,217.4,3.6,315.9,42.0,117.2,17.9,70.2,3936.3
2022-02-09,,202.9,2.5,25.9,84.0,3.9,94.3,19.9,7.8,69.0,12.0,357.8,120.3,34.8,61.3,29.9,250.6,79.5,,299.6,517.5,3.6,7.7,2.0,2.4,108.5,7.9,118.2,266.6,1.9,327.2,217.9,3.7,308.6,44.4,117.8,18.8,69.0,3899.7000000000003
2022-02-10,,201.0,2.6,25.8,80.3,3.7,86.8,19.9,7.7,67.8,12.0,354.9,124.8,33.9,60.1,28.6,249.2,79.2,,292.5,527.7,3.7,7.5,2.0,2.5,109.3,7.7,118.5,272.8,1.9,330.0,218.3,3.7,305.8,42.1,117.3,19.4,68.5,3889.5
2022-02-11,,199.4,2.5,25.3,82.1,3.7,91.0,19.8,7.5,69.3,12.4,359.7,125.9,33.8,61.7,29.6,248.2,78.3,,293.3,521.8,3.5,7.4,1.8,2.4,108.4,7.5,120.5,278.7,1.9,319.0,219.3,3.7,306.0,42.4,116.7,17.5,70.5,3892.5
2022-02-12,,190.9,2.4,24.9,81.6,3.5,90.3,19.7,7.5,64.1,12.1,357.6,125.9,33.0,59.4,29.6,250.1,77.8,,294.8,528.2,3.3,7.4,1.8,2.4,107.9,7.8,120.3,276.8,1.8,312.0,215.2,3.6,308.3,40.7,115.9,17.0,70.2,3865.8000000000006
2022-02-13,,197.5,2.4,23.6,82.9,3.1,92.6,19.3,7.1,61.5,11.4,350.5,114.5,29.7,57.5,29.8,237.2,71.9,,293.8,516.2,3.4,7.0,1.9,2.5,107.1,7.5,110.6,274.3,1.5,284.9,213.5,3.7,308.2,38.9,109.8,17.2,70.3,3764.7999999999997
2022-02-14,,194.1,2.5,25.1,82.4,3.5,92.3,19.6,7.3,65.1,10.7,362.3,126.2,32.4,60.1,29.3,250.6,79.7,,293.4,525.4,3.4,7.2,2.0,2.6,107.7,7.3,124.5,277.1,1.8,307.5,218.0,3.6,315.1,32.3,117.3,17.4,68.4,3875.1999999999994
2022-02-15,,189.7,2.6,25.5,80.9,3.4,95.4,19.7,7.5,65.4,12.1,363.1,130.4,33.2,59.8,28.7,255.8,81.0,,293.1,535.5,3.5,7.1,2.1,2.6,108.2,7.4,126.3,280.0,1.7,317.7,220.7,3.6,312.3,37.9,120.6,19.5,68.1,3922.0999999999995
2022-02-16,,203.0,2.5,25.5,82.9,3.3,96.2,19.9,7.8,65.6,12.4,359.1,131.8,34.4,60.6,27.3,256.2,80.7,,293.5,536.0,3.5,7.2,2.2,2.6,107.7,7.4,130.0,281.7,1.8,323.2,220.7,3.5,311.8,40.3,121.5,19.6,70.3,3953.6999999999994
2022-02-17,,202.9,2.6,25.3,83.8,3.3,95.5,20.0,7.8,64.3,12.4,362.3,131.4,33.9,59.0,28.6,256.3,80.6,,294.3,530.4,3.4,7.0,2.0,2.5,110.9,7.3,131.2,279.3,1.8,326.2,216.0,3.7,307.3,40.0,122.4,17.8,71.5,3945.0
2022-02-18,,204.0,2.6,25.8,80.6,3.4,95.7,19.7,7.8,65.6,12.4,367.5,131.8,34.2,62.0,28.3,256.4,81.0,,293.4,530.7,3.4,7.1,2.0,2.5,109.4,7.6,137.4,280.3,1.9,331.9,222.4,3.5,309.6,40.5,122.5,19.5,70.3,3974.7
2022-02-19,,201.5,2.6,25.6,81.4,3.2,96.1,19.9,7.8,61.0,12.0,368.7,130.2,33.8,59.7,31.2,257.5,80.5,,287.5,533.8,3.3,7.1,2.0,2.3,112.0,7.6,138.2,278.5,1.8,311.9,221.8,3.6,315.2,39.4,121.3,19.5,68.9,3948.3999999999996
2022-02-20,,200.2,2.5,22.8,82.4,3.0,94.7,19.5,7.3,59.4,11.1,354.4,118.2,28.7,56.1,28.0,245.0,75.4,,284.4,519.5,3.3,7.2,1.8,2.3,109.3,7.1,124.7,273.1,1.5,304.5,217.2,3.5,298.1,36.5,112.4,18.4,68.9,3802.3999999999996
2022-02-21,,205.7,2.2,22.9,84.4,3.3,97.5,19.5,7.5,61.4,11.8,364.6,129.2,32.6,56.2,29.7,257.4,82.9,,288.3,529.6,3.0,7.2,1.8,2.3,109.2,7.8,134.1,277.0,1.8,332.9,225.1,3.8,306.0,39.3,109.5,18.3,70.3,3936.1000000000004
2022-02-22,,207.3,2.3,25.7,84.2,1.6,99.1,19.9,7.8,63.2,12.1,374.0,127.4,33.9,58.6,29.2,265.1,83.7,,292.8,539.8,3.3,7.2,1.7,2.4,115.3,8.0,126.2,269.9,1.6,345.4,229.5,4.2,307.5,39.0,124.1,19.4,70.5,4002.9
2022-02-23,,212.4,2.6,25.7,84.5,2.4,100.0,20.0,7.8,65.1,12.4,367.6,126.1,33.0,35.4,27.6,265.3,82.6,,295.8,542.7,3.4,7.4,1.8,2.6,115.0,8.0,126.8,282.6,2.0,339.6,239.4,3.8,303.6,38.5,125.4,17.4,70.7,3997.000000000001
2022-02-24,,212.6,2.6,25.9,81.8,3.3,102.5,20.0,7.9,64.4,12.4,369.6,129.6,33.3,47.5,25.0,266.5,82.6,,295.4,550.1,3.5,7.4,1.8,2.6,111.4,8.1,139.2,281.3,2.2,340.6,248.4,3.8,309.7,38.5,121.2,17.0,70.9,4040.6000000000004
2022-02-25,,210.4,2.5,23.4,79.3,3.2,103.9,19.9,7.8,65.5,12.6,376.7,129.4,33.9,54.4,23.6,267.4,83.1,,295.9,547.2,3.2,6.6,1.8,2.3,109.8,8.1,138.8,281.4,1.9,337.5,252.9,3.7,312.4,39.5,115.7,17.4,69.6,4042.7000000000003
2022-02-26,,210.5,2.5,22.7,79.6,3.3,104.1,20.0,7.9,61.8,12.2,376.2,110.7,35.0,50.7,28.1,265.0,82.8,,292.1,548.1,3.1,6.8,1.8,2.3,108.7,7.9,117.5,275.0,1.9,339.4,249.3,3.8,283.5,39.3,119.5,17.1,71.0,3961.2000000000007
2022-02-27,,206.2,2.1,24.0,80.6,3.0,102.4,19.7,7.5,59.0,11.4,361.8,106.3,30.9,58.0,28.2,253.1,77.2,,285.9,537.3,2.9,6.8,1.7,1.9,108.7,7.3,123.4,273.2,1.6,314.2,243.7,3.5,290.9,36.5,111.0,17.0,70.6,3869.5000000000005
2022-02-28,,209.1,2.3,24.8,81.0,3.2,104.4,19.7,7.6,63.1,12.2,376.3,121.0,33.3,57.6,28.5,265.1,82.7,,287.4,552.0,3.1,6.8,1.9,2.2,110.1,7.8,133.9,274.1,1.8,333.1,253.6,3.9,294.1,38.4,118.5,16.5,71.5,4002.6000000000004
2022-03-01,,208.3,2.4,25.0,79.2,3.0,104.2,19.1,6.2,61.0,12.7,363.5,126.9,32.1,59.3,28.4,267.7,82.0,,285.0,545.4,3.0,7.0,1.8,2.4,111.4,8.1,134.3,277.5,1.9,338.8,259.4,3.6,299.2,38.0,123.4,16.6,70.8,4008.6000000000004
2022-03-02,,208.4,2.4,25.5,81.0,3.1,107.1,19.7,7.0,63.2,12.6,368.1,130.7,32.6,56.4,29.3,266.9,81.1,,283.4,553.6,3.0,6.9,1.9,2.5,109.2,7.9,135.6,265.1,1.9,328.6,254.5,3.9,309.4,37.4,126.2,16.8,71.8,4014.7000000000003
2022-03-03,,211.5,2.3,25.7,79.9,3.2,107.1,20.1,7.9,64.9,12.4,377.9,127.8,33.0,60.4,29.5,259.4,80.4,,285.2,557.3,3.2,6.7,1.7,2.4,106.9,7.9,135.3,270.7,1.9,335.8,261.2,3.9,312.4,38.6,129.6,16.0,71.3,4051.3999999999996
2022-03-04,,212.4,2.3,26.0,81.6,3.2,107.1,20.0,7.0,65.3,12.7,378.3,131.3,32.7,58.6,28.1,268.2,81.2,,284.9,556.1,3.2,6.9,1.7,2.4,107.8,7.9,138.3,272.8,1.9,336.8,268.7,3.8,312.1,38.6,131.4,17.0,71.5,4079.8
2022-03-05,,213.4,2.4,26.1,82.6,3.1,106.5,20.1,7.8,60.4,12.8,381.5,133.1,32.6,57.5,28.2,272.8,82.9,,282.1,557.9,3.4,6.7,1.6,2.4,107.1,8.0,140.6,270.2,1.8,333.7,261.6,3.8,307.4,38.2,133.7,15.6,72.7,4072.3
2022-03-06,,211.5,2.3,25.3,82.4,2.9,105.8,19.8,7.4,59.9,11.7,369.5,122.2,28.6,57.8,28.6,255.7,77.1,,278.5,547.6,2.8,6.4,1.3,2.2,114.7,7.0,131.8,266.5,1.5,308.1,256.7,3.5,309.5,35.9,125.7,16.2,71.1,3955.5000000000005
2022-03-07,,215.5,2.3,26.3,85.0,3.2,106.8,20.1,7.7,63.9,12.9,386.8,130.5,32.4,55.5,25.4,268.1,84.2,,277.2,563.9,2.8,6.6,1.6,2.3,110.4,7.3,129.9,269.3,1.7,315.9,263.0,3.8,315.1,36.5,133.4,16.7,72.4,4056.4
2022-03-08,,220.2,2.3,26.5,87.9,3.1,107.3,20.2,8.0,65.6,13.7,394.0,139.2,31.8,56.2,26.6,269.5,85.2,,265.3,566.2,2.9,6.7,1.5,2.4,103.0,8.0,144.7,269.2,1.7,323.1,263.2,4.1,317.5,37.9,137.3,16.8,76.4,4105.2
2022-03-09,,222.8,2.3,28.0,88.5,3.1,107.4,20.5,8.1,63.3,13.5,390.1,141.8,31.3,54.1,27.6,276.4,86.6,,261.0,559.2,3.0,6.7,1.8,2.4,102.9,8.1,153.4,260.1,1.7,329.4,266.7,4.1,324.5,38.1,139.4,17.0,72.7,4117.6
2022-03-10,,224.6,2.4,28.4,89.2,3.1,109.8,20.3,7.8,65.8,14.6,389.0,138.9,30.7,56.0,27.0,280.0,86.7,,247.5,560.9,2.9,6.6,1.8,2.6,110.2,8.4,152.4,260.7,1.7,335.0,269.2,4.1,326.8,38.5,139.7,16.7,72.8,4132.800000000002
2022-03-11,,222.3,2.3,28.3,89.0,3.1,110.4,20.7,8.0,67.0,14.6,402.2,141.3,31.0,55.2,29.0,284.6,87.3,,264.7,556.7,2.8,6.6,1.9,2.6,111.1,8.5,152.6,261.3,1.7,343.2,260.0,3.9,331.2,37.5,142.6,16.6,72.5,4174.3
2022-03-12,,216.2,2.4,28.1,90.7,3.1,106.9,20.4,8.1,63.8,14.1,398.7,138.0,30.4,54.5,30.1,279.7,87.5,,268.2,549.4,2.7,6.5,1.9,2.2,112.6,8.3,150.1,266.6,1.5,343.9,254.0,4.0,334.7,36.6,143.8,17.4,73.2,4150.299999999999
2022-03-13,,218.1,2.4,27.3,93.0,2.9,109.4,20.0,7.5,62.4,12.7,385.3,130.4,25.7,52.2,30.2,261.7,80.5,,266.2,550.1,2.6,6.7,1.8,2.3,114.3,7.7,147.1,263.4,1.4,311.6,256.2,4.0,333.5,36.2,135.6,17.1,73.8,4053.3
2022-03-14,,222.8,2.4,30.0,95.3,3.2,111.0,20.1,7.7,69.0,13.0,398.5,140.2,29.0,52.5,31.1,282.0,87.5,,268.7,571.4,2.7,6.5,1.8,2.3,114.7,8.3,151.2,272.1,1.6,337.1,257.8,4.3,347.9,37.7,147.4,17.0,73.5,4219.3
2022-03-15,,224.8,2.3,30.1,98.2,3.3,109.8,20.2,8.0,73.1,14.3,419.8,146.2,29.7,50.0,30.8,280.3,89.9,,269.8,586.0,2.3,6.5,1.7,2.6,103.3,8.4,159.5,273.0,1.6,345.5,260.4,4.4,360.9,38.5,153.7,16.8,74.1,4299.8
2022-03-16,,226.0,2.3,30.6,102.1,3.6,112.5,20.6,8.2,74.9,13.5,421.8,139.6,29.9,50.1,30.3,280.5,89.3,,270.2,596.4,2.4,6.7,1.7,2.6,109.5,8.2,163.3,275.5,1.6,353.6,264.2,4.4,369.2,38.0,161.7,14.6,74.0,4353.599999999999
2022-03-17,,228.3,2.5,30.8,106.1,3.7,113.2,20.3,8.0,73.6,14.7,402.7,138.3,29.1,48.9,30.2,288.0,89.3,,271.8,601.2,2.7,6.7,1.7,2.6,113.0,8.2,167.1,270.7,1.6,352.8,267.0,4.6,369.3,36.2,163.1,15.4,75.2,4358.6
2022-03-18,,224.9,2.3,28.9,104.7,3.1,100.7,13.4,4.5,61.3,12.6,321.2,117.6,20.2,52.3,32.1,277.5,87.1,,252.6,547.3,2.6,6.3,1.6,2.6,110.1,7.9,155.5,242.5,1.2,347.1,265.9,4.5,373.5,28.0,147.1,15.5,69.6,4045.8
2022-03-19,,226.2,2.3,28.8,105.7,3.7,104.9,16.0,5.8,70.0,13.6,363.4,122.6,23.3,45.6,32.5,263.9,84.8,,257.6,574.6,2.6,6.3,1.6,2.5,107.4,8.1,148.8,250.6,1.4,344.5,257.3,4.7,358.8,32.0,144.1,17.1,67.7,4100.8
2022-03-20,,222.3,2.3,28.8,112.3,3.5,109.7,19.3,7.4,74.2,13.1,392.9,128.9,26.3,53.7,32.3,241.5,76.3,,260.4,581.3,2.6,6.4,1.6,2.5,109.7,8.1,150.6,261.0,1.3,324.3,250.7,4.6,369.3,35.8,149.9,16.7,71.1,4152.7
2022-03-21,,224.8,2.5,32.0,115.2,3.9,112.4,20.2,7.9,83.8,14.7,401.5,137.3,29.5,55.1,32.4,262.0,84.5,,260.7,600.5,2.7,6.5,1.7,2.4,111.8,9.0,151.7,262.5,1.6,343.9,261.7,4.5,386.3,35.9,165.2,16.3,75.6,4320.2
2022-03-22,,217.6,2.5,32.5,117.2,3.9,114.5,20.4,7.8,83.8,13.1,400.5,140.3,30.2,51.6,31.9,255.3,87.7,,258.4,605.0,2.6,6.6,1.7,2.5,114.2,8.8,147.6,265.6,1.7,355.3,265.5,4.7,383.6,36.6,175.5,16.2,75.1,4338.0
2022-03-23,,220.7,2.4,33.2,113.2,3.9,115.0,20.4,8.0,83.6,13.7,402.9,142.0,32.0,51.8,32.1,261.6,88.1,,261.1,601.0,2.6,6.6,1.7,2.4,113.6,9.3,153.9,254.3,1.7,357.6,265.7,5.0,377.1,35.6,178.4,17.0,75.4,4344.599999999999
2022-03-24,,226.9,2.3,29.4,113.2,4.0,116.8,20.3,7.6,83.9,13.2,399.1,136.5,32.3,50.3,30.3,254.4,85.0,,258.8,606.2,2.3,6.2,1.8,2.3,114.5,9.1,149.6,245.1,1.7,357.5,262.0,4.5,393.1,38.4,178.4,15.7,76.5,4329.200000000001
2022-03-25,,223.1,2.4,25.9,114.5,3.9,116.6,18.6,7.9,85.0,14.1,409.6,132.4,32.4,53.5,28.6,255.7,84.7,,259.1,601.7,2.2,5.9,1.5,2.6,115.4,9.1,158.3,231.5,1.7,358.6,254.9,3.2,389.8,38.5,176.4,16.1,76.3,4311.7
2022-03-26,,227.8,2.2,24.9,106.5,3.8,114.9,18.1,7.9,84.9,13.4,416.0,139.7,30.6,52.0,29.6,257.3,86.3,,255.1,601.6,2.3,5.5,1.8,2.3,113.1,9.2,126.0,250.8,1.6,362.8,248.4,4.6,359.8,37.2,177.4,17.0,77.5,4269.9000000000015
2022-03-27,,230.7,2.2,26.6,110.7,3.5,117.2,18.0,7.5,77.4,11.4,392.1,130.7,28.0,46.1,31.7,245.2,80.1,,253.0,583.0,2.1,6.1,1.5,2.2,112.9,8.4,151.5,249.6,1.3,341.2,243.4,4.4,366.8,38.2,174.0,17.0,75.6,4191.3
2022-03-28,,234.6,2.1,27.8,111.8,4.0,116.3,17.7,7.6,84.7,14.5,412.5,140.8,29.3,45.2,31.9,257.9,77.9,,254.4,594.6,2.6,6.3,1.5,2.3,115.9,8.9,155.6,251.3,1.7,364.5,251.3,3.8,388.7,40.9,178.3,16.0,74.3,4329.500000000001
2022-03-29,,221.0,2.3,27.8,113.5,4.2,118.3,17.7,7.7,89.1,13.3,427.8,144.2,30.7,52.1,32.4,268.5,79.7,,257.9,601.7,2.7,6.5,1.7,2.3,115.2,9.4,152.1,255.8,1.7,375.4,280.0,3.9,394.9,41.3,184.6,17.4,75.7,4430.5
2022-03-30,,215.0,2.3,27.9,113.5,4.2,117.9,17.9,7.6,92.6,14.5,423.9,146.0,31.5,44.1,33.7,272.6,87.1,,259.1,610.5,2.7,6.5,1.7,2.3,110.3,9.8,152.7,255.4,1.8,370.2,276.9,3.8,402.4,41.5,185.4,16.0,76.8,4438.1
2022-03-31,,221.5,2.2,27.3,114.5,4.3,117.3,17.5,7.3,94.9,14.9,426.2,145.4,31.0,48.8,31.5,274.6,89.2,,261.6,603.3,2.5,6.5,1.6,2.2,109.1,9.4,152.9,254.4,1.7,372.5,277.6,4.5,409.3,41.1,186.3,16.3,78.5,4459.7
2022-04-01,,234.5,2.2,27.7,115.3,4.3,120.4,18.2,7.0,93.2,14.8,417.2,143.5,31.3,47.8,31.2,276.2,89.0,,259.8,590.6,2.7,6.4,1.9,2.4,111.2,9.3,156.2,243.4,1.7,368.9,274.0,4.7,416.6,39.3,184.4,15.6,76.2,4439.099999999999
2022-04-02,,228.8,2.3,26.2,115.2,4.3,120.8,19.1,7.3,89.7,14.3,417.9,138.1,31.4,49.6,34.8,252.7,85.8,,260.6,586.1,2.7,6.3,1.9,2.4,122.1,9.0,148.8,246.8,1.6,368.6,264.5,5.0,396.4,40.2,183.9,15.8,75.8,4376.799999999999
2022-04-03,,214.5,2.1,25.2,111.0,4.0,121.2,19.4,7.0,87.3,13.2,405.8,125.3,28.9,45.0,35.0,245.1,78.2,,255.0,583.3,2.6,6.0,1.6,2.3,123.8,8.6,143.9,245.2,1.4,342.7,256.4,4.4,390.5,37.1,171.4,16.9,77.3,4238.6
2022-04-04,,220.8,2.2,23.8,114.4,4.5,123.3,18.4,7.5,94.5,14.6,424.5,139.2,31.7,46.5,33.9,271.5,85.0,,257.8,611.1,2.6,5.1,1.7,2.2,108.5,9.1,149.5,249.4,1.7,363.1,265.7,4.3,397.5,39.8,178.1,17.1,77.4,4398.0
2022-04-05,,218.7,2.3,26.3,110.1,4.6,125.8,19.6,7.9,95.7,14.4,430.6,141.7,31.2,46.8,34.7,270.9,86.0,,262.7,623.3,2.7,5.8,1.7,2.4,109.3,9.2,142.2,253.7,1.8,367.1,266.0,5.1,395.7,40.6,185.0,15.5,79.5,4436.6
2022-04-06,,205.9,2.4,26.8,112.7,4.6,123.4,20.2,8.0,97.9,14.1,428.3,138.7,32.0,46.8,34.1,271.3,80.4,,263.8,615.4,2.6,6.2,1.8,2.2,113.5,9.3,147.1,254.3,1.8,367.6,265.7,5.2,405.1,37.5,185.3,16.2,80.3,4428.5
2022-04-07,,213.1,2.4,27.8,119.2,4.6,122.7,19.2,8.0,99.4,14.5,436.2,145.0,32.7,46.3,33.2,277.4,81.2,,257.9,611.3,2.6,6.5,1.7,2.2,112.7,9.3,161.3,249.6,1.6,372.7,267.1,5.4,407.8,38.8,188.2,15.6,76.7,4471.899999999999
2022-04-08,,217.1,2.4,27.9,118.9,4.7,124.8,20.3,8.2,101.9,14.4,445.0,149.0,32.7,50.9,34.0,282.9,79.0,,256.2,612.0,2.5,6.4,1.8,2.2,115.0,9.4,160.0,260.1,1.3,372.7,265.0,5.3,412.5,40.9,186.6,15.4,80.3,4519.7
2022-04-09,,211.8,2.3,26.1,116.7,4.6,122.2,20.5,8.2,100.7,14.9,443.3,146.6,32.8,48.6,33.8,271.5,73.5,,263.7,611.9,2.8,6.3,1.8,2.2,120.3,9.3,158.9,262.9,1.0,360.1,253.0,5.2,416.9,41.6,186.9,16.8,76.8,4476.5
2022-04-10,,207.4,2.3,22.9,110.0,4.3,120.2,20.1,7.4,98.5,13.2,419.0,138.2,29.4,51.8,29.8,250.1,69.8,,269.9,590.0,2.5,5.5,1.8,2.3,125.5,8.1,147.2,256.4,1.0,320.3,254.4,5.1,407.2,39.0,178.2,17.1,75.4,4301.300000000001
2022-04-11,,209.4,2.4,23.2,114.1,5.0,120.6,20.5,7.7,108.8,13.5,426.2,150.1,31.9,50.5,33.4,270.5,78.9,,268.8,591.6,2.6,5.5,1.7,2.4,125.4,8.6,158.5,263.2,1.6,339.2,252.3,4.0,424.4,41.7,186.4,17.2,74.9,4436.7
2022-04-12,,208.8,2.4,27.8,117.3,5.3,122.6,20.5,8.0,110.0,14.5,433.3,155.5,33.4,49.5,32.7,269.3,78.0,,257.0,598.2,2.6,6.2,1.8,2.5,120.3,9.0,159.3,258.5,1.8,345.0,254.6,4.9,431.7,40.7,194.6,17.1,75.0,4469.7
2022-04-13,,209.2,2.2,28.6,121.0,5.5,120.5,20.1,8.1,108.8,14.7,431.7,160.0,33.6,46.1,32.5,262.1,76.7,,261.5,594.2,2.4,5.8,1.7,1.9,117.3,8.7,165.8,248.6,1.7,336.8,250.5,5.5,433.2,41.9,195.6,16.7,78.8,4450.0
2022-04-14,,213.0,2.2,22.1,122.4,4.7,123.9,20.4,8.0,105.5,14.1,438.8,153.4,32.7,46.3,35.7,236.1,73.0,,275.4,601.0,2.3,4.9,1.7,2.3,120.6,8.0,151.5,258.7,1.7,313.2,223.3,5.0,421.5,41.2,193.2,16.9,79.7,4374.4
2022-04-15,,211.6,1.5,19.8,118.8,4.6,123.7,20.2,8.1,104.7,14.1,428.6,156.7,30.7,50.1,36.6,213.2,69.6,,278.1,609.8,1.9,4.7,1.5,1.7,116.9,8.8,152.5,263.0,1.7,324.1,239.6,4.8,406.6,40.7,187.1,16.2,78.5,4350.8
2022-04-16,,210.5,2.0,20.7,123.6,4.6,125.0,20.1,8.0,103.3,14.3,433.8,157.9,33.0,47.6,37.0,212.7,80.3,,278.0,609.7,2.3,5.1,1.7,2.1,121.6,9.3,161.1,265.8,1.4,335.8,243.7,5.0,421.7,38.2,197.2,16.9,79.4,4430.400000000001
2022-04-17,,200.7,2.1,21.2,125.2,4.3,123.4,19.9,7.3,101.7,13.8,418.1,147.1,30.7,50.1,36.0,190.5,76.2,,275.9,590.6,2.4,4.7,1.7,2.1,121.1,8.6,151.4,264.7,1.2,296.9,235.7,5.2,422.4,39.9,186.4,16.9,78.5,4274.599999999999
2022-04-18,,203.2,2.4,21.8,125.0,5.1,124.4,20.2,7.6,112.6,14.4,434.5,157.3,34.3,46.4,36.5,209.3,82.5,,279.2,613.4,2.5,5.3,1.8,2.1,116.7,8.8,164.4,272.4,1.5,317.1,242.3,4.4,425.4,39.6,195.1,16.3,78.6,4424.400000000001
2022-04-19,,205.4,2.2,27.7,120.2,5.3,122.4,19.9,7.9,115.6,14.7,434.8,159.0,35.9,44.8,35.6,207.2,84.1,,282.0,619.8,2.4,5.5,1.9,2.3,118.0,9.5,169.0,273.6,1.8,343.7,240.8,5.6,417.2,40.5,196.8,16.2,80.0,4469.3
2022-04-20,,201.7,2.0,26.2,100.5,5.4,122.1,20.5,7.9,116.0,14.9,433.1,154.3,33.9,44.1,33.7,209.7,87.4,,271.8,618.7,2.4,5.5,1.7,2.1,114.0,9.5,181.2,270.2,1.7,347.8,239.7,2.4,428.6,38.5,183.5,17.3,80.2,4430.2
2022-04-21,,208.4,2.3,30.1,116.2,5.0,121.8,20.5,7.9,112.2,15.6,435.1,155.3,32.6,41.3,31.9,230.5,89.6,,261.3,599.0,2.6,5.9,1.6,2.3,112.6,9.8,170.7,264.3,1.8,363.5,233.1,3.7,438.8,40.4,181.3,17.0,80.2,4446.2
2022-04-23,,208.1,2.2,27.2,112.3,4.7,114.4,20.2,6.9,104.9,15.6,433.0,156.5,31.9,39.6,31.2,238.1,80.9,,273.4,615.3,2.5,5.7,1.6,2.2,114.3,9.5,171.5,257.0,1.5,361.0,219.3,4.4,424.2,41.2,189.8,19.5,79.1,4420.7
2022-04-24,,206.1,2.2,27.8,109.6,4.3,115.3,20.0,7.5,101.7,13.3,428.6,156.7,28.9,43.4,30.5,225.8,75.3,,275.3,583.4,2.5,5.7,1.6,2.1,112.4,8.9,164.6,268.5,1.5,331.1,220.0,5.0,396.7,41.3,189.2,19.0,76.5,4302.3
2022-04-25,,210.9,2.3,30.8,115.7,5.1,116.9,20.3,7.6,111.3,14.4,440.7,156.5,31.7,40.9,29.6,246.2,86.4,,278.5,607.3,2.5,5.7,1.8,2.2,115.2,9.6,173.1,257.0,1.8,363.4,218.6,5.6,418.1,44.7,204.6,17.5,77.4,4471.900000000001
2022-04-26,,209.5,2.2,30.0,123.5,5.4,118.1,20.4,7.6,113.9,13.5,440.0,157.4,31.6,39.4,28.2,246.4,90.6,,279.1,615.2,2.6,5.5,1.8,2.4,116.1,9.8,165.5,254.4,1.4,376.7,214.8,5.5,419.2,43.9,209.8,17.9,77.1,4496.4
2022-04-27,,214.3,2.3,25.4,121.3,5.6,111.6,20.4,7.6,116.6,15.1,442.8,157.8,31.5,39.0,30.5,260.3,92.2,,276.9,625.0,2.3,4.9,1.9,2.3,117.5,9.7,168.4,261.8,1.2,378.4,212.9,5.4,421.7,45.5,207.0,19.5,78.5,4535.099999999999
2022-04-28,,215.6,2.3,28.8,119.1,5.9,114.3,20.6,7.8,121.2,14.4,445.9,156.4,32.3,41.5,31.6,257.4,92.9,,275.2,627.8,2.6,5.1,1.8,2.2,113.6,9.7,174.1,261.4,1.7,386.6,205.6,6.0,437.5,47.4,201.5,19.6,79.4,4566.8
2022-04-29,,215.2,2.2,29.8,119.9,6.0,115.3,20.3,7.8,123.7,14.0,453.8,156.0,32.9,43.9,33.2,239.7,90.7,,274.0,626.2,2.6,5.4,1.7,2.2,116.9,9.8,183.7,259.8,1.7,387.8,204.6,6.1,450.4,47.0,195.6,19.6,78.6,4578.1
2022-04-30,,219.0,2.2,23.2,95.9,5.8,118.8,20.2,7.9,121.5,15.4,452.2,179.7,34.6,44.8,32.2,244.6,87.3,,262.2,618.5,2.1,4.7,1.6,2.0,116.4,9.8,205.8,271.2,1.6,385.6,214.8,5.0,460.3,47.3,152.4,18.2,77.1,4561.900000000001
2022-05-01,,207.1,2.2,25.8,104.2,5.2,118.0,18.7,5.8,117.7,13.8,429.3,182.7,30.7,49.7,30.8,215.9,78.8,,267.8,570.5,2.2,4.8,1.7,2.1,111.7,8.7,206.6,292.0,1.2,346.1,209.4,5.3,451.1,42.0,130.1,18.8,68.8,4377.3
2022-05-02,,208.3,2.2,25.2,104.6,6.0,113.4,19.6,7.0,125.4,14.7,443.8,195.8,32.6,51.3,27.7,234.4,83.1,,265.9,604.4,2.3,5.4,1.8,2.1,115.1,9.3,206.6,274.6,1.3,349.3,218.1,5.1,457.4,45.2,142.8,18.6,69.3,4489.700000000001
2022-05-03,,202.7,2.2,25.4,95.8,5.7,111.5,20.0,7.7,123.5,14.8,435.2,195.0,32.4,44.0,29.1,241.1,84.1,,266.4,607.7,2.1,5.8,1.7,2.2,108.1,9.8,211.7,270.7,1.8,364.3,206.9,4.0,471.3,46.7,137.3,18.2,75.4,4482.3
2022-05-04,,200.7,2.2,27.0,109.2,5.0,110.1,20.1,7.8,118.5,15.4,436.2,175.6,31.7,47.7,29.6,234.2,84.4,,265.8,607.6,2.2,5.5,1.8,2.1,109.3,9.8,190.5,279.3,1.8,359.6,176.3,4.0,432.7,40.0,151.5,19.7,74.6,4389.5
2022-05-05,,200.4,2.2,30.9,101.3,4.8,111.6,20.4,7.9,103.8,15.5,439.9,167.4,34.1,51.5,29.5,218.9,83.3,,268.6,607.0,2.2,5.6,1.8,2.3,110.6,10.0,186.5,271.2,1.6,351.9,187.6,4.7,372.2,41.2,158.1,18.4,74.3,4299.2
2022-05-06,,195.1,2.2,33.4,107.8,5.2,110.7,20.3,8.0,113.3,15.3,440.4,180.6,35.1,50.8,30.5,219.3,85.0,,267.7,605.1,2.4,5.5,1.8,2.3,103.3,10.3,196.3,268.9,1.7,370.4,190.8,5.1,436.6,45.9,160.4,19.6,75.9,4423.000000000001
2022-05-07,,194.2,2.3,35.0,115.2,5.2,110.7,20.4,7.9,110.7,14.9,437.4,187.4,35.3,50.4,31.8,219.2,84.6,,262.1,607.1,2.5,5.5,1.9,2.2,114.4,8.9,200.3,279.7,1.6,352.3,197.0,5.7,452.8,45.7,172.8,19.0,77.1,4471.199999999999
2022-05-08,,190.0,2.3,34.2,116.5,5.0,110.2,19.8,7.5,110.0,13.5,420.5,173.9,31.8,54.4,32.4,199.6,77.9,,263.2,593.3,2.4,4.9,1.8,2.2,126.4,9.0,197.2,279.0,1.2,327.9,193.7,5.5,446.0,42.0,167.4,18.8,77.5,4358.9
2022-05-09,,187.0,2.3,35.2,113.3,6.0,112.1,20.2,7.1,122.4,15.2,438.8,185.7,33.3,47.0,32.3,212.2,84.5,,269.1,608.9,2.5,5.0,1.8,2.3,127.4,9.3,201.5,290.3,1.6,339.8,193.9,5.0,472.8,45.6,161.3,18.4,78.2,4489.3
2022-05-10,,166.5,2.2,33.4,117.6,6.2,110.9,20.5,5.7,125.9,15.4,442.5,191.8,32.4,49.7,33.0,210.3,80.9,,273.8,606.3,2.5,5.1,1.9,2.3,125.4,8.8,225.2,288.7,1.6,310.7,190.7,4.5,482.8,44.1,161.7,18.7,76.8,4476.500000000001
2022-05-11,,151.7,2.2,32.5,121.6,6.4,109.9,20.3,7.3,129.8,15.2,443.0,200.4,33.4,53.7,33.7,197.6,75.1,,274.5,609.9,2.5,6.0,1.8,2.3,118.3,8.7,223.6,307.3,1.7,324.9,184.1,4.1,486.9,47.1,162.6,18.8,77.6,4496.500000000001
2022-05-12,,161.4,2.3,32.1,117.4,6.8,111.4,19.0,7.6,136.2,14.7,444.4,207.7,32.7,53.1,34.0,188.5,73.7,,278.5,601.7,2.4,5.9,1.8,2.4,121.6,8.7,232.0,302.8,1.7,323.6,183.2,3.9,500.2,46.1,169.8,18.8,77.0,4525.099999999999
2022-05-13,,172.9,2.3,28.6,121.9,6.8,108.5,19.7,7.6,135.8,14.8,436.4,205.2,32.8,53.2,33.1,189.6,73.5,,278.5,585.8,2.5,5.4,1.9,2.5,127.4,8.3,231.6,300.4,1.8,314.3,187.8,3.7,498.9,45.9,165.7,18.9,77.7,4501.699999999999
2022-05-14,,180.6,2.3,28.4,114.5,6.4,105.8,19.5,7.6,130.7,13.8,433.5,203.9,33.1,52.6,32.0,199.5,72.0,,279.6,588.3,2.5,5.7,1.8,2.3,129.0,8.9,229.5,307.1,1.4,328.5,189.0,4.4,514.2,49.0,161.5,19.1,76.2,4534.2
2022-05-15,,187.5,2.5,25.4,121.5,6.2,102.8,19.6,7.0,125.6,13.2,415.3,192.2,30.6,52.1,32.2,186.0,63.5,,274.9,577.8,2.5,4.6,1.7,2.3,129.1,7.9,223.5,298.4,1.3,281.4,174.7,5.1,510.5,47.7,160.9,19.9,74.6,4382.000000000001
2022-05-16,,192.7,2.4,24.5,125.0,6.9,100.3,19.4,7.2,130.8,14.9,429.4,204.3,31.6,46.7,32.2,202.2,71.1,,271.6,597.2,2.5,5.2,1.8,2.4,127.4,8.3,230.8,298.6,1.2,301.9,181.8,5.5,509.0,45.1,173.1,20.8,74.8,4500.599999999999
2022-05-17,,195.3,2.4,24.4,117.2,6.8,106.2,20.0,7.3,132.8,14.5,430.3,203.8,32.9,49.7,32.0,188.7,72.2,,276.9,604.6,2.5,5.8,1.8,2.4,120.9,9.1,221.8,304.3,1.6,319.6,189.4,4.8,489.2,41.9,177.4,20.8,77.7,4509.0
2022-05-18,,196.4,2.3,24.9,125.3,6.5,102.2,20.0,7.4,136.0,14.5,425.6,202.7,32.6,52.4,31.2,175.8,70.2,,278.5,600.0,2.4,5.6,1.6,2.4,123.3,9.0,216.2,295.0,1.3,321.9,183.8,5.1,495.8,42.2,172.3,19.2,76.7,4478.3
2022-05-19,,192.2,2.3,23.4,107.3,6.6,100.9,20.4,7.4,138.1,14.1,434.5,208.4,33.3,52.2,30.5,166.5,67.6,,280.2,582.6,2.4,5.0,1.8,2.4,125.6,8.7,226.0,308.3,0.9,321.5,180.6,4.0,497.4,45.8,179.9,18.5,75.5,4472.799999999999
2022-05-20,,190.4,2.3,25.8,101.5,7.0,107.1,19.1,7.6,133.7,12.4,429.8,208.1,32.2,48.0,32.4,152.8,69.8,,279.9,543.9,2.4,5.4,1.5,2.3,135.8,9.3,235.6,311.1,1.3,330.1,178.8,3.3,506.1,48.7,181.5,19.1,76.9,4453.0
2022-05-21,,193.3,2.3,25.7,104.8,6.4,104.5,20.1,7.5,129.1,12.3,417.8,184.1,34.2,50.4,28.3,154.4,71.0,,261.0,537.6,2.4,5.8,1.6,2.4,137.1,9.3,223.2,299.1,1.4,330.4,164.9,3.3,449.1,48.1,159.2,19.7,74.6,4276.400000000001
2022-05-22,,190.3,2.4,28.5,93.0,5.6,95.5,20.0,7.4,115.1,10.8,397.2,172.6,30.9,52.7,27.6,150.1,65.5,,244.4,521.9,2.4,6.0,1.7,2.3,122.1,8.6,215.9,293.3,1.1,304.2,156.4,4.3,422.1,45.2,144.2,19.3,72.4,4053.0
2022-05-23,,207.2,2.7,32.0,103.5,4.8,98.9,19.2,6.0,99.2,13.7,418.2,102.8,27.3,48.3,29.9,176.4,73.6,,229.3,562.3,2.5,6.0,1.7,2.4,125.7,9.3,137.9,262.0,1.4,344.8,175.2,4.9,315.6,34.7,172.4,19.8,74.3,3945.8999999999996
2022-05-24,,215.4,2.6,36.0,105.0,4.3,97.5,20.0,7.1,91.1,14.4,426.6,123.0,29.2,46.8,26.8,188.2,76.1,,217.9,577.1,2.6,6.1,1.8,2.5,125.6,9.9,153.7,231.1,1.6,366.9,184.3,5.4,311.6,39.7,180.7,19.4,74.6,4022.6
2022-05-25,,192.2,2.5,35.2,104.0,4.6,99.0,19.9,7.7,100.3,14.7,425.4,149.9,31.5,48.8,25.6,201.9,79.4,,217.9,579.1,2.5,5.8,1.7,2.4,128.3,9.4,167.5,272.9,1.6,368.5,185.8,4.6,385.5,42.5,182.4,18.5,75.9,4195.4
2022-05-26,,210.1,2.6,34.5,109.9,5.2,93.8,20.6,7.8,105.6,15.1,429.8,160.4,32.6,49.9,30.4,207.9,77.5,,244.5,581.6,2.6,5.5,1.9,2.6,128.7,8.6,186.5,286.6,1.5,356.2,179.2,4.2,426.3,44.4,176.1,18.6,76.0,4325.3
2022-05-27,,205.3,2.4,34.2,118.1,5.8,93.4,20.4,7.9,113.9,15.0,425.1,173.5,33.4,52.2,31.1,209.5,77.3,,241.3,574.4,2.5,5.5,1.8,2.6,121.6,8.6,201.0,295.6,1.6,353.9,178.1,4.4,442.0,46.6,182.8,20.4,76.5,4379.7
2022-05-28,,212.7,2.2,36.1,118.5,6.3,96.2,20.0,7.8,118.4,14.7,426.1,175.6,33.1,48.2,33.0,215.8,76.2,,247.4,568.9,2.6,5.5,1.7,2.6,123.2,9.0,191.0,298.0,1.5,351.9,179.5,4.2,450.4,48.6,187.4,19.3,77.0,4410.6
2022-05-29,,216.9,2.2,36.7,109.0,6.0,98.4,20.1,7.4,118.4,13.3,412.7,166.9,29.3,44.4,33.0,206.6,70.4,,243.8,561.6,2.6,5.8,1.5,2.5,131.7,8.3,178.3,298.8,1.2,331.4,178.5,4.4,441.7,45.4,169.9,18.1,76.3,4293.5
2022-05-30,,222.3,2.3,37.0,116.8,7.0,99.2,20.4,7.6,120.6,14.6,412.7,173.2,32.6,47.2,32.4,230.8,77.9,,251.8,587.4,2.6,5.5,1.7,2.5,123.6,9.2,186.5,298.5,1.6,355.7,185.4,5.0,465.8,49.7,186.1,18.8,77.7,4469.7
2022-05-31,,222.9,2.8,38.4,126.1,6.7,101.6,20.3,7.9,120.0,14.7,432.0,186.5,33.6,50.6,32.6,225.2,78.7,,258.7,585.3,2.6,5.7,1.9,2.6,124.7,9.3,197.0,305.0,1.5,362.4,183.0,5.1,490.1,50.4,190.1,21.0,77.5,4574.5
2022-06-01,,223.9,2.6,37.8,125.8,6.5,102.8,,,123.5,14.9,428.5,189.0,33.7,50.9,31.9,217.8,77.4,,258.9,561.8,2.6,4.7,1.7,2.6,124.5,9.4,203.1,305.0,1.6,360.5,181.1,5.5,495.7,49.5,187.8,18.9,74.9,4544.1
2022-06-02,,229.1,2.6,38.4,129.1,6.6,106.1,,,128.9,14.5,437.7,195.8,34.2,48.8,30.3,212.7,76.9,,260.6,570.6,2.6,5.7,1.7,2.5,134.7,9.4,205.0,307.5,1.6,370.7,187.7,5.2,503.2,50.4,185.2,16.4,76.4,4616.799999999999
2022-06-03,,226.2,2.5,36.2,131.3,6.9,108.1,,,130.5,14.4,439.1,200.6,35.0,48.9,29.4,204.5,78.9,,262.3,573.2,2.6,6.1,2.0,2.5,136.1,9.7,212.5,312.6,1.5,372.8,184.5,4.8,508.5,49.5,185.3,15.3,76.4,4638.6
2022-06-04,,224.2,2.6,36.2,126.6,6.7,108.4,,,129.4,14.5,440.3,204.3,35.0,49.4,29.8,205.8,80.1,,263.9,579.5,2.6,5.6,2.0,2.5,123.0,9.5,214.5,303.6,1.3,366.8,191.4,3.8,506.5,50.5,186.8,14.8,76.5,4626.400000000001
2022-06-05,,225.0,2.4,32.7,123.3,6.0,106.0,,,125.8,14.0,424.6,191.3,39.6,44.4,31.3,193.0,74.5,,259.0,564.5,2.5,5.2,1.8,2.5,126.0,9.0,208.7,300.0,1.1,336.2,180.3,3.9,509.6,47.0,177.2,14.4,76.2,4486.1
2022-06-06,,184.4,2.4,33.7,124.6,7.0,107.4,,,135.0,14.1,443.6,207.4,34.1,47.0,33.2,185.4,79.6,,263.6,577.7,2.7,5.1,1.8,2.6,125.8,9.1,220.6,310.3,1.6,338.4,180.6,5.4,518.0,50.1,189.8,16.3,76.2,4562.500000000001
2022-06-07,,201.8,2.5,37.8,127.4,7.6,109.3,,,138.3,14.4,446.8,215.8,35.6,51.9,33.2,195.6,78.8,,263.9,591.5,2.7,5.6,1.8,2.4,126.5,8.8,226.2,318.8,1.6,337.3,188.5,5.2,532.9,51.9,194.2,16.6,74.6,4676.2
2022-06-08,,214.3,2.6,38.2,131.9,7.4,106.0,,,139.5,14.2,443.9,218.3,36.1,52.4,31.4,195.1,78.4,,264.6,589.4,2.7,5.4,1.7,2.5,128.5,9.2,232.6,315.9,1.6,348.2,192.2,5.2,533.3,52.9,194.6,16.5,76.8,4711.799999999999
2022-06-09,,223.5,2.6,35.8,120.9,7.5,111.5,,,142.4,14.2,452.1,219.7,36.2,51.5,32.5,202.8,79.5,,264.1,543.4,2.7,5.4,1.7,2.5,140.0,10.1,234.0,323.8,1.5,359.8,188.1,4.9,537.0,52.2,185.8,17.7,76.4,4712.4
2022-06-10,,225.1,2.3,36.1,128.5,7.6,108.0,,,145.4,12.8,450.8,221.0,36.2,49.3,32.5,210.6,79.3,,261.6,546.7,2.7,5.6,1.7,2.4,136.2,10.3,237.6,322.1,1.5,365.2,196.9,5.0,532.6,51.9,174.4,19.4,74.5,4722.299999999999
2022-06-11,,221.2,2.3,36.3,127.1,7.2,106.0,,,139.6,12.3,445.3,220.4,35.5,54.0,33.4,208.5,76.7,,249.9,520.2,2.6,5.2,1.9,2.8,129.6,10.3,241.3,322.3,1.6,365.5,190.1,5.2,530.7,51.1,177.9,17.5,74.6,4654.599999999999
2022-06-12,,219.8,2.6,32.1,121.1,6.6,102.2,,,135.6,11.2,403.3,210.2,32.4,55.1,33.8,194.3,68.7,,229.2,489.0,2.7,4.9,1.8,2.8,124.8,9.8,233.2,310.3,1.1,337.0,179.4,4.5,531.9,49.5,178.2,19.2,75.2,4440.0
2022-06-13,,215.3,2.3,28.3,123.3,7.6,107.0,,,150.3,12.2,400.1,225.3,34.1,49.4,31.5,212.4,75.0,,239.1,527.5,2.6,3.7,1.9,2.7,136.2,10.0,242.0,296.4,1.4,354.5,183.7,4.0,509.8,50.9,192.4,17.8,75.2,4553.899999999999
2022-06-15,,205.9,2.6,25.7,119.6,7.8,99.9,,,145.3,12.9,406.6,239.9,35.9,55.0,28.0,209.5,76.4,,242.0,557.1,2.6,4.9,1.8,2.3,125.3,9.9,264.6,308.4,1.4,355.1,171.2,4.1,526.5,54.3,177.7,17.1,72.8,4598.700000000001
2022-06-16,,205.3,2.4,24.2,122.5,7.1,97.6,,,140.2,12.7,415.0,224.3,33.6,49.7,30.6,211.8,74.9,,222.5,556.6,2.7,4.9,1.7,2.5,127.8,9.7,263.8,304.6,1.4,337.8,164.9,4.0,493.8,50.8,189.9,17.9,77.1,4514.500000000001
2022-06-17,,200.8,2.2,24.2,121.6,5.9,96.7,,,125.5,13.0,421.7,193.0,33.5,41.5,28.9,206.3,75.7,,218.7,552.9,2.5,4.7,1.7,2.6,128.0,9.9,216.0,295.8,1.5,340.7,172.0,3.3,463.2,48.2,172.5,17.9,75.2,4345.8
2022-06-18,,197.3,2.3,24.8,110.5,5.1,87.3,,,108.6,12.7,422.2,180.8,31.3,41.9,29.4,202.5,75.2,,210.6,550.7,2.3,5.1,1.6,2.6,124.0,9.8,235.9,269.1,1.5,326.3,173.9,3.3,438.8,45.8,163.5,18.4,75.5,4219.1
2022-06-19,,191.4,2.2,25.1,104.1,4.6,85.1,,,98.6,11.7,401.3,170.2,30.0,43.3,27.9,180.4,68.6,,192.1,516.6,2.5,5.4,1.5,2.4,129.4,9.3,255.1,228.3,1.2,303.4,162.2,3.5,430.1,42.0,151.7,20.1,73.4,4002.1000000000004
2022-06-20,,190.3,2.3,28.3,109.6,5.0,86.4,,,105.0,12.1,410.5,181.9,32.2,52.6,28.6,195.2,76.0,,192.4,517.7,2.6,5.2,1.6,2.4,126.7,9.6,257.8,224.2,1.5,314.4,168.0,3.6,442.0,43.4,162.8,20.2,73.7,4113.5
2022-06-21,,188.1,2.4,32.0,111.6,4.8,90.4,,,107.7,12.1,414.8,185.7,32.6,49.9,30.0,191.1,75.1,,200.6,516.5,2.5,5.6,1.9,2.6,133.7,9.6,215.7,222.0,1.5,317.3,160.3,4.2,453.2,45.3,174.2,17.5,73.2,4113.599999999999
2022-06-22,,186.7,2.4,34.6,120.0,5.3,93.3,,,112.3,11.9,409.4,184.9,31.1,43.5,30.7,192.4,74.8,,211.1,516.9,2.5,5.3,1.9,2.7,131.7,9.6,234.9,226.9,1.5,325.3,163.5,6.8,474.3,47.1,180.7,11.6,75.3,4191.4
2022-06-23,,189.7,2.5,35.4,125.7,5.8,95.7,,,115.5,12.2,404.8,206.0,35.0,50.3,31.1,197.2,75.0,,212.8,509.2,2.4,5.2,1.7,2.8,132.4,9.8,270.2,251.3,1.6,337.1,174.6,6.1,490.9,48.8,181.2,15.9,77.0,4341.400000000001
2022-06-24,,193.9,2.6,36.8,127.4,6.0,97.6,,,116.3,11.8,406.1,217.0,35.6,51.7,31.8,193.3,74.2,,215.6,501.5,2.6,5.6,1.7,2.7,125.3,9.8,283.3,267.5,1.5,342.6,177.2,5.1,496.6,50.0,178.7,19.4,77.6,4394.9
2022-06-25,,189.4,2.5,36.2,125.4,6.2,90.0,,,116.8,11.9,412.2,225.1,36.4,53.6,32.4,187.8,71.0,,218.0,488.0,2.5,5.7,1.7,2.7,121.6,9.0,292.6,281.5,1.3,342.1,170.5,5.0,508.0,51.2,172.2,18.2,77.9,4394.799999999999
2022-06-26,,189.1,2.5,35.0,126.9,6.6,98.0,,,127.7,10.9,395.3,225.8,33.2,53.6,33.4,178.3,67.4,,221.0,474.0,2.4,5.7,1.5,2.6,124.1,9.2,310.2,297.5,1.1,323.1,159.8,5.1,511.5,48.7,164.6,18.7,76.5,4367.9
2022-06-27,,191.4,2.5,34.9,128.9,7.9,100.6,,,145.4,11.6,391.7,243.5,36.0,54.4,35.1,204.3,75.0,,227.2,483.9,2.5,5.3,1.7,2.6,130.5,9.7,321.8,300.5,1.5,343.9,162.6,5.4,522.8,52.0,181.4,19.5,74.8,4540.4
2022-06-28,,188.0,2.3,33.2,117.5,8.1,112.9,,,153.5,12.3,402.8,264.1,36.9,53.9,36.5,210.9,72.2,,230.5,487.6,2.6,5.5,1.7,2.6,129.9,9.9,326.4,322.6,1.5,361.1,167.1,4.5,520.4,51.2,187.2,19.9,74.3,4639.7
2022-06-29,,194.8,2.3,33.0,90.3,7.4,106.9,,,152.8,11.7,410.8,261.9,33.9,54.0,36.1,213.2,70.8,,217.4,499.8,2.7,5.6,1.9,2.8,121.9,10.1,334.5,309.1,1.5,367.8,175.9,4.3,470.5,47.9,187.0,20.2,73.1,4562.0
2022-06-30,,196.1,2.4,35.1,100.6,5.6,105.1,,,123.5,11.8,413.0,193.2,32.7,49.9,35.2,206.9,68.5,,205.3,491.7,2.7,5.3,1.8,2.7,125.4,10.0,273.2,281.6,1.5,362.0,183.1,4.2,357.3,41.8,185.4,18.3,73.5,4234.3
2022-07-01,,192.7,2.6,36.7,115.0,5.8,107.8,,,112.8,11.9,383.0,184.9,32.4,47.2,33.1,202.9,67.9,,212.8,476.5,2.6,5.4,1.8,2.7,120.4,9.8,231.3,246.0,1.6,349.9,181.3,5.1,419.3,44.8,182.1,18.1,72.5,4147.4
2022-07-02,,195.0,2.6,40.3,116.3,6.2,102.9,,,109.1,11.9,357.5,206.0,34.1,52.0,31.0,195.5,69.1,,209.2,476.1,2.6,5.4,1.8,2.4,115.2,9.7,277.7,235.1,1.4,342.7,174.1,5.5,437.6,47.8,182.3,18.3,73.0,4174.099999999999
2022-07-03,,188.8,2.3,36.8,123.1,5.9,102.4,,,112.4,11.5,341.5,197.9,29.5,49.4,32.9,183.0,61.0,,203.0,474.3,2.5,5.4,1.6,2.6,115.1,9.2,261.2,222.8,1.0,325.8,164.1,5.2,447.3,43.7,168.3,19.1,72.7,4049.3999999999996
2022-07-04,,192.8,2.4,39.9,126.8,7.4,97.0,,,130.2,11.9,355.6,227.2,32.9,51.2,32.8,194.6,64.5,,209.3,488.3,2.6,5.4,1.5,2.6,114.3,9.5,293.5,238.0,1.4,340.7,164.7,5.6,481.9,49.0,188.2,19.3,75.0,4285.4000000000015
2022-07-05,,191.1,2.4,43.5,130.6,7.8,103.3,,,140.6,11.8,352.5,249.7,35.5,50.7,34.1,183.3,65.9,,205.5,471.5,2.6,5.4,1.6,2.7,115.5,9.4,312.5,254.7,1.5,351.1,170.6,5.5,506.6,48.6,194.5,19.9,76.9,4386.8
2022-07-06,,178.0,2.7,41.4,124.5,6.8,101.5,,,145.8,12.3,347.1,244.4,34.6,51.6,32.1,177.3,66.1,,212.4,467.9,2.7,5.5,1.8,2.8,113.7,9.5,309.0,255.8,1.6,344.1,162.9,3.5,515.3,48.4,188.3,17.0,75.7,4331.200000000001
2022-07-07,,180.6,2.7,42.7,127.8,7.3,105.5,,,149.1,12.3,344.7,253.3,32.4,51.9,33.0,174.6,66.2,,214.8,461.6,2.8,5.4,1.7,2.8,113.4,9.4,312.0,251.8,1.6,341.9,170.1,5.5,527.4,49.1,193.0,18.9,77.2,4371.9
2022-07-08,,172.3,2.5,41.1,133.6,7.6,106.0,,,149.3,12.0,333.9,261.2,34.3,52.8,32.9,168.8,66.1,,219.2,457.1,2.7,5.6,1.8,2.7,112.7,9.6,316.0,258.2,1.5,338.9,158.3,5.7,541.8,49.3,197.3,18.6,78.2,4376.099999999999
2022-07-09,,162.8,2.5,41.7,130.9,6.2,96.1,,,137.1,12.0,327.0,240.2,33.0,53.2,34.0,155.2,64.9,,209.4,432.9,2.7,5.6,1.6,2.7,109.9,9.8,286.2,262.1,1.5,340.5,135.5,5.6,511.6,45.1,191.8,16.3,78.6,4173.3
2022-07-10,,156.8,2.6,40.5,138.6,5.0,98.6,,,122.1,10.8,306.7,195.9,26.5,53.1,33.7,135.9,59.5,,200.6,405.9,2.6,5.6,1.4,2.8,126.9,9.1,253.9,231.9,1.2,303.1,124.0,5.7,513.5,43.5,176.6,18.5,75.1,3913.9
2022-07-11,,163.3,2.5,39.4,137.3,6.6,101.2,,,130.4,11.6,310.6,224.5,32.4,53.9,33.9,154.5,65.3,,205.5,418.1,2.7,5.5,1.6,2.8,123.8,9.2,290.0,238.5,1.6,316.2,136.5,5.6,535.7,47.6,184.1,19.5,76.9,4114.800000000001
2022-07-12,,158.8,2.6,40.9,134.6,6.9,101.6,,,126.2,11.7,311.9,236.1,32.2,54.1,34.1,159.0,69.0,,210.1,424.0,2.8,6.1,1.6,2.7,118.3,8.9,313.9,248.4,1.6,327.1,135.3,5.7,527.6,48.1,185.9,19.8,76.7,4171.0
2022-07-13,,166.4,2.7,44.2,137.1,6.9,96.5,,,128.4,11.7,311.1,234.5,32.7,52.9,33.9,156.1,67.6,,212.8,416.4,2.8,6.0,1.7,2.7,117.4,9.5,311.4,250.0,1.5,336.5,125.0,5.6,533.4,48.0,188.4,17.9,76.6,4173.200000000001
2022-07-14,,172.2,2.6,42.7,131.2,6.5,91.9,,,133.0,11.5,323.3,218.0,30.4,48.7,32.1,155.4,66.9,,211.4,414.9,2.7,5.8,1.9,2.7,116.2,9.8,269.9,243.0,1.4,335.4,134.0,5.3,506.0,49.0,192.9,17.4,77.2,4089.7999999999993
2022-07-15,,183.2,2.9,45.5,131.6,6.8,91.1,,,129.4,11.6,321.9,203.6,30.8,47.0,32.0,160.3,67.0,,210.0,420.2,2.9,6.0,1.7,3.1,117.0,8.8,229.4,217.7,1.5,348.9,162.3,5.4,508.8,49.4,191.6,17.4,76.5,4068.6000000000004
2022-07-16,,191.3,2.8,44.2,136.4,6.7,95.2,,,124.5,11.1,322.1,208.6,33.9,50.2,33.0,159.3,68.3,,218.2,430.4,2.9,5.9,1.8,3.0,129.1,10.0,256.0,219.8,1.5,341.1,174.6,5.7,506.2,51.0,192.9,14.7,77.6,4155.299999999999
2022-07-17,,183.6,2.6,39.1,138.6,5.5,90.4,,,113.9,11.0,312.9,173.5,29.6,50.6,31.4,148.9,62.8,,216.8,420.5,2.8,6.0,1.7,2.9,125.8,9.0,208.5,219.1,1.1,308.0,170.0,5.7,488.1,47.0,181.7,19.5,76.2,3929.3999999999996
2022-07-18,,178.8,2.6,40.5,140.6,7.1,91.4,,,134.3,11.7,325.2,208.7,33.5,53.0,28.8,162.1,66.5,,218.2,433.2,2.7,6.2,1.6,2.9,125.7,9.5,265.5,233.1,1.5,329.1,162.9,5.6,526.5,49.9,190.3,16.7,74.9,4166.6
2022-07-19,,187.9,2.6,40.2,141.9,7.7,93.3,,,140.9,12.0,328.3,233.4,35.3,54.1,30.3,171.7,68.5,,226.2,438.5,2.7,6.2,1.6,2.7,129.5,9.7,298.5,246.9,1.5,338.2,181.4,5.5,539.9,47.8,196.6,17.8,77.1,4342.7
2022-07-20,,199.0,2.6,40.7,131.6,6.9,98.4,,,129.6,11.9,320.2,212.9,32.0,48.6,32.3,179.0,70.6,,219.9,443.5,2.8,6.1,1.6,2.8,130.1,9.9,267.0,245.7,1.6,347.4,196.4,5.5,465.4,45.5,199.2,17.5,78.2,4228.700000000001
2022-07-21,,198.5,2.6,40.2,120.1,6.1,97.5,,,118.7,12.1,334.0,171.8,33.4,45.1,32.9,182.1,71.0,,211.4,449.4,2.5,5.8,1.6,2.7,131.4,9.9,183.5,239.2,1.6,335.0,196.0,5.7,428.1,45.6,199.4,17.7,76.6,4035.7
2022-07-22,,190.7,2.2,41.5,122.9,6.2,101.4,,,121.3,12.2,332.0,183.2,34.0,49.9,32.4,188.2,72.4,,214.0,455.0,2.7,5.8,1.6,2.7,126.6,9.5,202.2,243.5,1.5,321.0,184.3,5.5,446.6,44.9,195.0,17.6,77.4,4073.9999999999995
2022-07-23,,186.8,2.3,41.5,128.6,6.2,95.9,,,110.2,12.1,332.2,187.7,32.4,47.3,32.6,181.0,70.8,,206.1,452.0,2.7,5.8,1.7,2.7,137.7,9.4,230.8,222.3,1.4,315.4,163.5,5.6,449.9,45.1,187.6,17.7,76.3,4027.4999999999995
2022-07-24,,184.4,2.5,36.7,128.1,6.0,94.1,,,113.8,10.9,303.6,180.4,29.0,47.0,33.8,166.8,64.8,,203.6,427.9,2.6,5.6,1.7,2.6,136.4,8.8,238.2,213.5,1.1,281.7,177.8,4.8,457.7,43.9,164.2,18.0,77.0,3894.2
2022-07-25,,195.2,2.6,37.7,125.0,6.9,97.1,,,119.9,11.9,324.2,202.1,31.2,46.1,31.1,188.5,71.9,,201.4,450.0,2.4,5.9,1.4,2.7,124.1,9.2,260.4,215.9,1.5,315.7,194.7,5.1,442.6,46.0,171.2,18.1,75.2,4060.7999999999993
2022-07-26,,185.3,2.4,37.7,125.7,7.1,98.3,,,121.3,12.1,326.8,216.5,32.2,47.5,32.1,195.0,73.6,,207.3,460.6,2.5,6.0,1.7,2.6,125.7,9.3,279.2,206.7,1.6,313.5,182.1,4.4,449.6,45.9,181.5,18.1,75.5,4114.2
2022-07-27,,186.9,2.5,39.6,115.4,7.0,99.5,,,123.6,12.3,313.2,220.6,33.0,47.0,31.8,195.5,73.7,,212.3,459.7,2.6,6.1,1.7,2.7,129.8,8.6,283.5,212.4,1.6,308.8,195.1,5.5,458.0,46.1,191.3,17.9,76.5,4149.299999999999
2022-07-28,,193.5,2.5,39.1,122.0,6.8,105.0,,,119.3,12.3,328.8,207.7,33.4,43.0,31.7,182.5,73.9,,218.8,466.3,2.7,5.8,1.7,2.6,134.6,9.7,269.3,202.1,1.6,314.2,206.9,5.6,451.0,47.4,192.4,18.0,75.0,4154.700000000001
2022-07-29,,202.9,2.6,41.8,127.8,6.6,107.6,,,114.4,12.3,340.7,185.4,30.6,49.3,30.2,186.7,75.7,,222.8,463.5,2.7,5.7,1.8,2.7,132.7,9.8,252.5,211.6,1.6,324.9,210.7,5.8,443.8,42.5,195.9,18.1,75.3,4166.599999999999
2022-07-30,,204.3,2.4,40.7,130.5,5.9,109.0,,,107.1,13.0,347.2,168.8,30.1,49.2,30.5,171.9,75.6,,224.1,468.4,2.7,5.9,1.8,2.7,134.9,9.8,237.3,227.4,1.4,318.7,211.5,5.6,423.4,44.5,195.0,20.3,75.6,4124.7
2022-07-31,,198.5,2.5,34.4,119.3,5.1,115.5,,,98.4,11.8,336.6,152.4,27.5,44.4,32.8,155.4,68.6,,228.1,452.1,2.7,5.9,1.7,2.8,139.4,9.0,191.8,230.8,1.0,287.0,218.9,5.3,418.8,40.6,183.6,20.0,74.2,3943.0
2022-08-01,,196.9,2.5,35.3,119.0,5.9,117.9,,,113.0,12.5,346.7,172.9,28.3,46.9,32.3,169.2,69.8,,238.2,479.0,2.7,6.1,1.7,2.7,137.6,9.7,217.0,235.0,1.5,303.3,216.6,5.2,446.1,43.4,182.4,17.6,72.6,4113.7
2022-08-02,,191.5,2.5,39.8,116.9,6.5,120.0,,,121.3,12.6,355.5,198.1,31.9,50.6,31.1,156.8,67.2,,240.7,493.4,2.6,5.9,1.8,2.6,138.3,9.6,262.0,246.6,1.5,308.9,209.3,5.6,463.0,45.3,190.3,18.4,73.3,4248.400000000001
2022-08-03,,185.3,2.4,40.4,131.3,6.8,121.2,,,125.9,12.7,357.5,213.0,33.0,53.4,29.9,162.3,66.9,,238.1,495.1,2.6,6.0,1.6,2.6,142.1,9.5,282.2,254.8,1.6,295.4,200.5,5.6,463.5,44.4,187.0,18.4,72.6,4292.800000000001
2022-08-04,,187.8,2.6,42.8,128.3,6.5,115.7,,,122.9,12.1,364.6,206.8,32.9,53.6,29.9,160.2,65.4,,234.9,483.8,2.7,5.9,1.7,2.8,142.0,9.1,274.0,251.9,1.5,289.8,194.8,5.6,463.9,44.2,189.0,18.6,71.1,4247.1
2022-08-05,,183.4,2.6,43.7,139.3,6.5,119.7,,,117.5,12.5,350.7,191.4,33.4,49.2,32.6,159.2,64.9,,237.1,466.1,2.6,6.2,1.7,2.8,139.0,9.0,268.4,244.7,1.6,286.9,193.8,5.4,463.2,43.5,197.9,18.7,72.9,4195.799999999999
2022-08-06,,171.2,2.3,43.2,137.7,6.4,113.5,,,115.2,12.4,345.9,193.4,33.3,49.3,33.8,150.3,66.0,,239.8,465.5,2.7,6.1,1.8,2.7,127.5,9.1,268.5,245.6,1.4,282.6,197.0,5.5,484.8,45.1,191.2,19.0,74.1,4171.7
2022-08-07,,168.4,2.2,43.1,136.0,5.7,105.3,,,104.9,11.1,328.7,177.4,31.4,50.2,33.6,156.6,61.6,,225.1,442.9,2.7,5.8,1.8,2.7,127.3,8.5,270.4,248.3,1.1,269.3,181.3,5.5,423.6,40.9,179.0,19.4,73.6,3971.9
2022-08-08,,169.6,2.4,38.3,137.0,7.0,102.4,,,114.4,11.6,345.4,197.5,31.6,50.8,32.8,160.4,67.7,,231.8,446.0,2.6,6.1,1.8,3.0,124.2,9.2,276.4,243.3,1.4,302.8,157.6,6.0,466.2,46.8,184.7,19.3,74.6,4100.0
2022-08-09,,172.0,2.4,43.2,117.6,7.3,96.5,,,123.7,11.7,342.4,220.6,33.5,53.1,27.0,151.4,70.5,,228.6,434.1,2.7,5.9,1.8,2.9,126.7,9.5,302.8,256.2,1.5,322.3,153.0,5.5,476.9,49.3,167.8,19.2,69.8,4137.099999999999
2022-08-10,,178.3,2.6,41.6,115.7,7.1,85.0,,,131.4,11.1,334.2,228.1,34.9,52.2,28.4,159.6,72.2,,217.7,442.9,2.7,5.9,1.7,2.7,127.8,9.7,310.5,257.5,1.5,331.9,161.1,5.3,481.2,49.1,155.3,19.3,71.0,4164.900000000001
2022-08-11,,188.6,2.7,47.6,121.2,6.1,81.8,,,113.9,12.1,271.5,207.0,24.5,43.3,29.4,172.3,72.7,,201.1,419.4,2.7,6.2,1.8,2.9,127.5,9.9,289.0,239.5,1.6,338.6,186.7,5.4,445.1,40.6,165.3,18.6,69.2,3990.9000000000005
2022-08-12,,201.1,2.7,47.6,133.5,6.6,83.6,,,119.9,12.4,296.4,214.0,32.5,47.1,29.8,179.0,73.7,,195.0,427.9,2.8,6.0,1.7,2.8,127.3,10.0,289.0,236.2,1.6,350.4,203.4,5.4,468.4,45.5,175.3,19.0,71.7,4144.799999999999
2022-08-13,,200.6,2.5,43.9,137.6,6.8,84.1,,,119.7,12.5,314.5,228.6,33.4,50.4,31.0,164.7,74.5,,195.6,433.0,2.7,5.8,1.7,2.8,125.1,9.9,312.4,214.9,1.4,349.1,202.6,5.2,495.5,47.9,180.6,18.8,71.6,4208.599999999999
2022-08-14,,193.2,2.4,39.6,107.4,6.2,82.6,,,112.6,11.1,310.9,212.4,30.5,50.6,26.0,156.1,67.8,,194.4,423.6,2.6,6.1,1.8,2.6,124.5,9.1,314.3,225.0,1.0,318.0,182.7,5.2,457.3,45.8,152.4,19.2,66.6,3988.2000000000003
2022-08-15,,192.2,2.5,36.0,100.5,5.4,73.0,,,96.7,10.9,295.3,182.0,26.3,43.8,25.4,158.2,70.3,,174.3,382.7,2.6,6.2,1.9,2.6,120.8,8.2,252.1,218.4,0.9,307.4,162.2,5.6,406.3,39.7,149.6,18.0,67.2,3666.1
2022-08-16,,201.9,2.5,41.2,132.6,6.4,81.1,,,109.3,12.2,312.4,193.8,27.6,47.2,31.2,180.7,76.0,,169.8,422.5,2.7,6.2,1.7,2.9,125.8,8.2,277.1,206.9,1.4,343.9,186.7,5.6,397.4,44.8,177.5,16.8,72.9,3951.8999999999996
2022-08-17,,210.0,2.7,45.7,137.6,6.8,91.2,,,113.3,12.6,301.8,205.6,30.6,48.6,33.5,211.8,78.3,,199.0,446.2,2.8,6.3,1.8,2.9,129.8,9.2,293.7,188.4,1.6,353.7,204.7,5.8,482.2,48.3,197.7,18.6,74.5,4224.9
2022-08-18,,211.6,2.6,47.2,143.4,7.0,100.4,,,119.9,12.7,287.8,221.6,31.4,51.1,33.6,219.0,79.3,,213.5,454.9,2.6,5.9,1.7,2.8,138.3,9.5,302.7,204.1,1.6,343.3,220.4,5.6,510.4,49.4,205.6,19.0,75.1,4362.6
2022-08-19,,209.0,2.7,45.6,129.6,6.3,104.3,,,118.2,12.5,262.2,226.8,32.8,53.7,31.3,226.9,79.1,,227.5,456.1,2.5,5.6,1.7,2.8,130.0,9.2,311.3,225.0,1.5,349.2,221.8,5.2,547.4,47.8,164.9,19.2,71.4,4368.400000000001
2022-08-20,,211.9,2.7,45.7,108.1,6.1,94.3,,,119.4,12.6,278.6,227.8,32.1,50.4,18.9,205.8,78.5,,195.1,461.9,2.8,5.8,1.7,2.8,124.4,9.5,305.8,237.3,1.3,332.0,223.5,5.2,466.3,43.3,152.4,19.2,65.6,4176.3
2022-08-21,,215.3,2.5,44.7,120.1,5.8,89.3,,,117.8,11.2,289.3,220.1,25.9,50.5,25.4,184.8,70.9,,172.7,446.7,2.6,5.8,1.6,2.7,125.3,9.0,308.4,237.2,1.1,312.0,212.1,5.5,463.2,43.2,166.1,18.8,70.0,4104.4
2022-08-22,,221.3,2.6,45.3,134.2,7.0,97.6,,,128.2,12.1,314.2,239.1,30.0,52.7,31.3,195.7,72.5,,157.7,465.5,2.7,5.8,1.8,2.7,126.8,9.1,320.1,233.8,1.6,316.7,226.9,5.6,492.9,48.2,187.9,18.3,73.7,4309.1
2022-08-23,,229.4,2.5,43.1,129.7,7.3,105.8,,,126.3,12.5,320.0,236.8,30.6,53.7,32.3,202.3,70.5,,175.3,478.8,2.7,5.7,1.7,2.8,128.5,9.1,322.3,206.8,1.6,324.7,232.1,5.2,498.3,49.3,182.2,18.6,75.0,4351.3
2022-08-24,,219.7,2.7,46.8,126.3,7.1,106.6,,,122.6,11.6,308.3,234.7,32.6,48.9,32.4,208.4,69.5,,196.4,491.0,2.8,5.9,1.8,2.9,123.1,9.1,306.8,213.9,1.6,324.0,233.8,5.4,480.1,46.7,172.9,18.4,73.6,4316.499999999999
2022-08-25,,208.8,2.5,45.5,123.8,6.9,98.5,,,121.5,13.6,311.8,230.5,32.8,49.7,30.3,204.2,70.5,,201.4,501.2,2.7,6.0,1.7,2.8,121.7,9.1,292.1,221.2,1.7,319.1,223.5,5.8,485.8,49.0,178.4,19.0,74.4,4295.5
2022-08-26,,200.6,2.7,47.1,132.0,7.1,106.3,,,125.9,12.7,326.2,237.1,33.0,51.9,31.7,218.4,71.9,,210.9,506.9,2.8,6.1,1.7,2.7,124.2,9.2,300.0,235.4,1.7,306.9,225.5,6.0,498.2,50.3,191.5,18.9,74.7,4406.299999999999
2022-08-27,,200.3,2.5,43.5,132.4,6.8,107.7,,,122.8,12.6,332.8,240.9,34.0,50.5,32.9,199.8,70.8,,215.4,507.3,2.7,6.4,1.7,2.7,123.6,8.9,290.2,238.9,1.5,288.7,220.7,5.0,508.4,49.1,193.7,18.9,75.7,4377.9
2022-08-28,,192.1,2.3,38.8,117.8,6.2,109.1,,,116.5,11.3,336.2,231.9,31.2,52.5,32.1,165.5,65.3,,211.9,508.4,2.6,6.3,1.6,2.6,126.6,8.4,290.5,249.0,1.2,262.8,215.6,5.2,491.3,46.8,176.8,18.9,72.3,4234.8
2022-08-29,,191.9,2.2,39.8,126.4,6.8,103.5,,,124.8,12.1,357.8,235.5,31.4,52.2,32.3,180.3,71.9,,210.7,527.9,2.7,6.3,1.7,2.7,125.7,9.0,294.3,257.6,1.6,286.9,209.3,5.9,488.6,46.1,191.6,18.6,73.6,4357.4
2022-08-30,,195.5,2.5,40.9,130.7,7.0,109.1,,,124.6,12.1,376.9,244.3,34.1,51.5,32.9,180.9,72.0,,220.1,527.9,2.8,6.0,1.8,2.8,126.0,9.1,303.4,278.3,1.7,298.9,195.0,6.0,495.6,48.6,201.0,17.4,76.4,4461.400000000001
2022-08-31,,196.1,2.4,39.1,128.4,7.2,113.0,,,127.6,10.6,372.5,247.2,33.7,53.0,32.0,159.8,71.6,,229.7,488.5,2.8,6.2,1.8,2.7,127.3,8.1,307.5,279.5,1.5,274.3,206.3,6.5,514.1,49.0,203.0,17.2,71.7,4417.6
2022-09-01,,199.9,2.6,38.2,121.2,7.3,113.6,,,132.8,10.1,373.2,251.0,33.7,54.1,32.3,164.3,70.9,,223.5,463.3,2.7,5.9,1.8,2.9,137.1,8.3,290.6,286.2,1.4,275.8,215.3,5.9,499.7,48.4,201.6,15.9,72.6,4389.599999999999
2022-09-02,,198.6,2.6,39.6,125.6,7.2,117.1,,,133.9,11.5,387.5,251.6,34.0,52.1,31.4,172.6,71.3,,221.7,489.8,2.8,6.0,1.8,2.9,143.4,8.3,305.3,287.9,1.6,282.0,226.5,5.5,481.8,46.5,199.7,17.2,73.3,4468.0
2022-09-03,,206.4,2.2,38.7,122.3,6.5,112.2,,,128.5,11.8,401.1,255.3,32.8,49.9,30.3,179.9,73.5,,229.8,507.0,2.7,5.9,1.8,2.7,134.8,8.8,312.4,298.5,1.4,287.2,236.1,5.4,500.0,46.5,191.4,17.7,74.0,4543.3
2022-09-04,,206.4,2.2,37.2,128.5,6.1,103.7,,,124.0,10.9,384.1,237.4,29.4,46.6,32.6,162.2,70.0,,219.5,470.7,2.7,5.6,1.6,2.6,131.2,8.6,320.6,293.4,1.2,271.6,220.4,4.4,512.1,42.9,179.7,17.1,72.7,4387.1
2022-09-05,,208.0,2.2,37.8,129.6,6.9,108.1,,,131.8,12.3,405.9,248.7,32.1,47.0,32.7,168.6,74.2,,221.3,475.9,2.8,5.9,1.6,2.6,131.4,8.9,311.1,299.3,1.6,290.8,226.8,5.3,510.9,46.3,194.9,16.6,71.6,4499.100000000001
2022-09-06,,205.9,2.2,40.4,131.3,6.9,113.8,,,133.2,12.6,414.5,250.2,33.8,48.7,32.1,163.7,70.9,,225.6,484.5,2.7,5.8,1.6,2.6,131.3,9.0,296.3,306.3,1.6,304.9,223.4,5.8,525.4,47.7,190.4,15.0,71.5,4539.700000000002
2022-09-07,,196.7,2.2,41.2,131.2,6.9,113.8,,,134.1,12.4,422.2,256.8,34.6,49.3,34.9,161.5,67.9,,238.1,480.5,2.7,5.7,1.7,2.7,128.7,8.8,308.7,312.6,1.6,298.6,214.9,5.5,532.6,48.5,194.8,14.9,74.7,4570.4
2022-09-08,,180.4,2.3,42.7,129.7,7.0,116.9,,,136.8,12.7,425.6,256.0,35.8,51.8,31.6,162.4,60.5,,238.5,470.2,2.7,5.7,1.6,2.8,127.5,8.9,306.2,321.2,1.7,290.8,195.0,5.9,532.0,48.3,192.3,14.2,73.2,4517.8
2022-09-09,,178.9,2.2,42.7,132.6,7.1,117.7,,,139.0,12.8,395.7,257.9,36.2,52.2,32.0,162.4,64.7,,246.4,445.8,2.8,6.0,1.6,2.9,125.6,9.0,306.1,328.9,1.7,295.9,179.7,4.9,534.1,49.0,200.2,14.7,73.9,4490.5
2022-09-10,,171.3,2.3,41.2,131.4,6.6,116.7,,,133.8,12.5,380.8,250.6,34.7,50.1,34.0,155.1,66.6,,243.8,456.7,2.7,6.0,1.7,2.8,122.1,9.1,305.9,326.6,1.5,299.8,163.0,4.6,537.8,47.0,190.6,14.0,74.1,4424.8
2022-09-11,,167.5,2.3,40.1,124.8,6.1,108.9,,,125.2,11.8,339.4,232.7,31.1,46.5,32.3,132.3,64.9,,239.4,446.2,2.6,6.1,1.3,2.4,122.6,8.5,299.5,309.7,1.1,279.3,146.5,4.6,522.1,44.2,162.6,13.6,72.7,4177.9
2022-09-12,,180.5,2.4,37.3,112.6,6.7,98.3,,,132.5,11.3,339.8,240.8,32.9,48.1,29.2,150.0,72.8,,233.4,453.1,2.6,5.5,1.4,2.4,126.0,8.9,295.7,302.7,1.6,311.4,157.1,5.0,508.1,48.0,155.5,13.5,73.5,4228.599999999999
2022-09-13,,190.0,2.4,37.4,109.0,6.6,98.6,,,127.5,12.0,335.3,230.9,35.1,48.5,29.1,161.0,73.7,,213.6,452.2,2.6,5.6,1.5,2.4,131.9,8.9,293.8,305.9,1.7,329.2,168.4,4.6,452.5,46.0,155.5,13.4,72.8,4188.1
2022-09-14,,195.8,2.5,40.1,105.8,6.3,104.2,,,121.6,11.7,326.8,228.7,35.3,52.0,30.2,163.5,75.0,,195.9,447.5,2.6,5.8,1.5,2.6,137.3,9.4,296.7,291.8,1.6,342.2,189.1,4.4,410.8,46.2,166.9,14.1,72.4,4166.7
2022-09-15,,198.8,2.4,40.6,105.7,5.8,108.8,,,112.5,12.6,325.0,209.3,34.4,53.9,30.5,168.7,76.1,,193.5,442.5,2.7,6.1,1.5,2.6,138.5,9.4,282.8,284.5,1.7,341.4,202.2,4.9,354.3,42.5,165.6,14.1,73.2,4077.3
2022-09-16,,204.1,2.4,40.6,111.7,5.5,113.2,,,98.5,12.4,327.1,191.7,35.2,49.2,32.3,174.2,76.5,,199.5,436.7,2.7,6.2,1.6,2.6,139.7,9.4,269.5,285.3,1.7,346.6,216.7,6.3,326.7,41.3,163.7,13.6,74.0,4046.3
2022-09-17,,210.3,2.4,39.4,110.9,5.5,104.9,,,98.0,12.3,329.6,194.2,34.4,48.4,33.6,180.1,76.2,,200.2,431.5,2.7,5.8,1.6,2.9,141.6,9.0,265.4,282.9,1.5,334.7,219.2,5.3,355.9,37.1,155.3,13.3,69.5,4042.1000000000004
2022-09-18,,208.5,2.4,41.7,114.7,5.1,106.7,,,99.3,11.3,327.5,190.1,32.7,49.6,31.5,172.0,71.1,,206.6,421.9,2.6,6.0,1.6,2.9,137.5,8.6,264.1,288.7,1.0,314.8,214.8,5.0,378.5,36.1,160.6,13.7,71.4,4026.9000000000005
2022-09-19,,200.1,2.5,43.2,116.8,5.9,98.6,,,111.5,11.3,356.0,213.3,34.9,49.0,31.4,191.2,76.7,,221.1,441.6,2.7,6.1,1.5,2.9,124.0,9.2,265.5,298.6,1.6,336.6,221.0,5.2,414.7,42.3,178.2,13.8,74.6,4230.599999999999
2022-09-20,,202.1,2.5,43.2,116.5,6.0,96.0,,,110.8,11.7,367.6,211.6,34.1,50.7,31.1,195.4,78.4,,218.3,446.2,2.8,6.1,1.4,2.9,123.2,9.4,278.5,302.1,1.7,343.7,201.0,5.6,411.2,44.7,177.4,13.7,75.9,4251.4
2022-09-21,,209.3,2.4,43.6,117.0,5.8,94.6,,,106.8,12.2,374.7,186.9,31.9,49.7,31.5,199.0,78.5,,204.1,444.3,2.7,6.2,1.6,2.8,135.9,9.7,273.1,295.1,1.7,350.6,206.2,5.4,379.3,43.8,179.8,13.1,74.7,4202.2
2022-09-22,,210.7,2.2,42.4,126.0,5.4,97.5,,,98.7,12.1,387.9,156.7,31.0,49.9,33.3,205.4,79.2,,195.6,443.7,2.8,5.9,1.6,2.8,138.0,10.0,239.9,282.5,1.7,351.8,205.9,5.7,354.9,43.7,186.6,13.3,73.9,4126.0
2022-09-23,,212.3,2.3,40.4,129.9,5.2,98.3,,,92.3,12.5,396.9,131.5,29.6,50.0,33.6,212.7,75.7,,192.6,444.6,2.8,6.1,1.6,2.8,137.3,9.8,209.2,259.1,1.8,352.3,214.7,5.3,359.4,41.2,189.1,13.4,75.1,4069.4
2022-09-24,,217.4,1.8,39.1,125.9,4.5,97.0,,,85.1,11.5,400.5,120.5,30.2,46.9,31.8,209.7,77.9,,195.0,450.2,2.7,6.3,1.6,2.9,145.2,9.8,157.6,248.8,1.7,358.0,224.7,4.8,344.6,38.8,188.4,13.5,73.5,3995.8
2022-09-25,,217.6,2.3,36.1,120.4,3.5,104.9,,,83.1,10.9,392.9,114.6,27.6,46.0,33.7,200.5,72.2,,201.4,455.3,2.6,6.2,1.5,2.6,145.5,9.1,118.6,244.5,1.5,329.8,226.3,5.0,347.1,33.6,182.9,13.5,71.8,3891.9999999999995
2022-09-26,,210.6,2.2,38.0,120.1,4.2,108.9,,,95.2,11.5,416.0,140.0,30.5,47.4,32.1,207.9,78.3,,214.5,473.1,2.7,5.9,1.6,2.7,138.9,9.3,139.4,261.4,1.7,331.4,233.3,5.5,374.3,33.4,188.1,13.4,72.3,4073.5
2022-09-27,,212.4,1.3,41.8,122.7,4.6,110.4,,,99.1,12.3,411.9,150.4,30.8,48.5,31.5,212.8,79.1,,224.7,478.5,2.8,5.9,1.5,2.6,125.5,9.4,156.1,269.1,1.7,331.3,213.3,5.3,393.7,41.3,191.7,14.2,74.9,4141.000000000001
2022-09-28,,209.3,1.9,41.6,127.0,4.8,105.0,,,103.0,12.4,413.8,156.2,31.6,49.3,30.7,216.3,79.3,,232.1,484.4,2.6,6.1,1.8,2.5,129.8,9.4,167.2,275.1,1.7,334.8,217.0,5.3,411.6,41.9,188.6,13.4,74.4,4210.200000000001
2022-09-29,,197.6,1.8,42.7,127.5,4.9,99.1,,,104.2,13.1,422.4,161.1,32.2,49.8,30.8,211.2,79.6,,232.6,481.5,2.8,6.2,1.6,2.6,124.5,9.2,178.9,278.9,1.5,333.1,195.5,5.7,420.9,42.2,187.5,14.8,73.4,4199.400000000001
2022-09-30,,187.2,1.9,44.6,128.5,5.1,102.4,,,106.2,12.9,424.0,167.6,32.5,54.4,33.0,190.1,79.1,,237.6,481.3,2.8,6.0,1.6,2.7,125.4,8.9,191.4,280.7,1.6,330.9,188.4,5.7,431.2,42.8,195.0,13.5,73.0,4218.0
2022-10-01,,175.4,1.9,45.7,131.9,5.0,107.7,,,103.3,13.3,420.4,169.2,31.2,53.5,34.1,162.6,76.5,,240.1,474.8,2.8,6.3,1.7,2.7,128.6,7.0,186.1,281.5,1.5,309.3,188.8,5.6,426.5,41.9,191.9,14.8,71.8,4141.900000000001
2022-10-02,,173.0,2.3,43.2,131.8,4.5,105.6,,,91.2,11.7,403.1,152.4,27.6,49.2,32.9,149.2,68.3,,236.7,462.0,2.7,5.6,1.6,2.7,130.9,7.4,192.8,270.8,1.1,283.9,192.2,4.8,415.4,36.4,160.3,15.0,71.7,3964.9
2022-10-03,,224.4,2.3,33.9,125.5,5.0,102.9,,,100.9,12.0,413.4,171.3,32.0,51.1,31.9,184.1,77.1,,239.2,490.3,2.5,5.7,1.6,2.6,137.4,9.1,187.9,279.4,1.1,344.3,264.0,4.6,429.0,41.8,147.5,14.4,68.8,4265.500000000001
2022-10-04,,186.3,2.2,33.3,98.1,5.1,102.0,,,104.8,12.2,416.8,179.8,33.1,52.1,30.2,160.2,73.7,,231.2,502.1,2.5,5.7,1.6,2.6,132.2,8.2,212.9,283.6,1.0,292.1,214.6,4.8,417.5,43.3,138.9,13.9,66.8,4092.6000000000004
2022-10-05,,177.1,2.3,28.9,100.1,4.6,98.3,,,96.2,11.4,393.5,165.2,29.5,52.1,27.6,154.4,75.0,,216.5,456.7,2.5,5.7,1.8,2.6,131.2,8.9,237.6,277.0,0.9,303.4,199.1,4.6,356.0,38.0,138.3,14.0,64.5,3897.5
2022-10-06,,166.4,1.8,34.4,111.6,4.9,99.8,,,97.2,12.0,418.4,171.1,32.4,50.6,30.6,163.1,76.6,,206.4,473.5,2.6,6.1,1.5,2.5,135.8,9.0,241.9,278.2,1.2,316.6,159.3,5.3,322.6,38.5,149.6,13.4,66.9,3927.1000000000004
2022-10-07,,170.3,2.2,37.4,115.4,4.8,99.1,,,91.5,11.9,410.0,164.3,34.5,52.5,31.6,171.0,75.7,,187.8,451.1,2.7,6.2,1.6,2.4,133.3,9.2,231.3,270.1,1.3,329.3,161.8,5.0,309.7,39.2,161.2,13.2,69.9,3886.2
2022-10-08,,171.6,2.1,34.7,118.0,4.5,99.4,,,78.7,11.7,402.4,140.4,34.5,51.0,32.4,175.1,74.6,,191.2,449.7,2.6,6.0,1.5,2.5,131.8,9.3,205.3,243.0,1.3,322.3,168.1,5.1,300.9,37.2,173.3,13.5,71.2,3794.8999999999996
2022-10-09,,168.8,2.1,31.8,122.3,4.0,101.5,,,68.4,11.5,383.7,117.9,32.0,52.5,32.8,170.5,69.3,,197.2,447.4,2.6,5.7,1.5,2.5,131.7,8.2,190.0,232.8,1.2,281.7,170.8,5.4,283.3,33.0,168.7,14.1,71.5,3645.6000000000004
2022-10-10,,166.4,2.0,33.2,116.2,4.4,100.8,,,72.9,12.2,401.6,126.9,33.1,48.2,33.6,171.3,75.6,,196.5,465.4,2.7,6.0,1.6,2.5,125.6,8.6,176.9,242.6,1.5,289.3,167.2,5.1,275.4,35.6,180.0,14.7,73.0,3696.2999999999997
2022-10-11,,171.0,2.2,31.9,106.3,4.0,97.3,,,76.8,12.4,412.3,131.8,30.8,46.3,31.6,171.6,77.8,,185.4,467.5,2.6,6.0,1.8,2.6,119.8,9.0,159.1,248.3,1.5,297.4,172.0,5.2,289.2,37.4,182.7,13.9,71.8,3705.6
2022-10-12,,176.0,2.3,31.7,102.5,3.9,96.7,,,79.4,12.5,410.6,138.5,33.2,46.6,30.0,173.5,77.9,,192.2,462.0,2.7,6.1,1.7,2.6,119.2,9.2,168.1,247.8,1.5,304.8,180.7,5.1,308.0,37.9,168.4,13.9,71.6,3746.5999999999995
2022-10-13,,177.4,2.2,33.4,110.1,3.8,97.4,,,78.2,12.3,416.1,139.3,32.7,48.7,30.6,165.7,77.6,,194.3,460.5,2.6,6.2,1.6,2.5,122.4,9.3,172.9,247.4,1.7,306.4,181.7,5.3,318.0,37.9,170.1,14.1,72.7,3781.100000000001
2022-10-14,,173.8,2.2,35.4,113.9,3.8,98.9,,,79.4,12.3,406.1,143.3,31.8,49.0,32.0,157.3,77.5,,190.5,452.5,2.6,6.3,1.6,2.5,121.1,9.2,172.1,247.4,1.6,309.2,176.9,5.4,318.9,37.0,174.6,13.5,73.8,3761.5
2022-10-15,,169.2,2.0,36.0,109.4,3.7,95.6,,,74.6,12.5,408.1,146.4,31.4,48.3,32.4,157.1,77.9,,188.2,446.9,2.6,5.9,1.7,2.3,120.7,9.3,169.9,248.7,1.5,293.9,156.1,5.6,316.0,37.1,175.0,11.3,74.2,3699.2999999999997
2022-10-16,,168.0,2.2,34.7,104.4,3.4,98.4,,,71.1,11.4,393.2,133.8,29.2,47.1,32.1,142.7,70.6,,187.5,441.9,2.6,5.9,1.5,2.3,125.4,8.3,162.1,245.0,1.1,275.1,147.8,5.3,305.2,33.3,163.2,11.8,70.6,3564.3
2022-10-17,,173.2,2.2,35.0,105.1,3.9,97.2,,,79.0,12.2,405.9,146.4,30.9,48.2,31.0,160.5,75.5,,199.2,465.0,2.6,6.0,1.5,2.3,122.8,8.9,159.2,247.0,1.6,290.2,161.7,5.6,315.7,38.1,165.3,12.2,72.4,3711.2000000000003
2022-10-18,,178.7,2.3,35.6,105.4,3.9,95.7,,,80.0,12.4,420.3,149.8,31.5,49.1,31.0,166.4,74.5,,204.2,464.2,2.5,6.2,1.6,2.4,121.5,9.0,152.8,250.9,1.7,302.8,169.2,5.3,320.5,38.0,172.0,13.1,73.6,3776.4
2022-10-19,,178.7,2.3,35.2,104.5,3.9,93.9,,,80.8,12.7,415.1,148.6,29.9,52.2,30.0,172.1,74.7,,204.8,474.0,2.6,6.0,1.7,2.5,117.1,9.2,150.6,251.6,1.7,304.3,171.4,5.4,322.6,38.0,171.3,12.6,73.6,3783.7999999999997
2022-10-20,,178.3,2.3,34.8,102.6,3.8,96.3,,,80.7,12.5,418.6,148.5,31.6,44.1,29.2,171.9,75.0,,205.7,472.0,2.6,6.4,1.8,2.4,118.1,9.1,147.9,256.9,1.6,298.1,170.3,5.3,326.7,38.3,167.3,14.3,71.5,3774.500000000001
2022-10-21,,181.1,2.3,34.1,101.6,3.8,94.9,,,81.6,12.2,405.8,148.2,30.9,51.4,30.8,166.8,74.6,,209.0,467.6,2.7,6.1,1.8,2.4,113.4,8.6,145.7,255.7,1.6,292.3,175.2,5.3,328.6,37.8,164.9,15.0,71.6,3753.5000000000005
2022-10-22,,178.1,2.2,33.2,101.0,3.5,94.2,,,76.2,11.7,380.3,142.7,30.3,52.1,31.0,157.0,74.5,,210.2,451.3,2.6,6.4,1.7,2.4,118.6,7.8,140.7,254.8,1.4,287.4,170.5,5.3,340.6,37.3,164.4,14.9,71.9,3685.1000000000004
2022-10-23,,177.5,2.2,30.8,99.8,3.1,92.6,,,67.7,10.9,343.1,122.8,26.9,53.4,31.6,145.1,69.5,,204.1,418.7,2.6,6.7,1.6,2.3,124.5,7.7,133.2,244.3,1.1,248.8,167.1,5.2,327.0,32.8,153.8,15.4,71.6,3470.3
2022-10-24,,172.5,2.0,23.5,103.5,2.9,86.0,,,61.0,9.0,296.6,106.8,20.0,52.4,31.6,152.1,72.1,,200.1,378.2,2.2,5.8,1.5,1.8,127.0,6.1,109.2,225.6,1.0,206.7,163.4,2.7,313.5,26.4,130.8,15.3,68.7,3194.4000000000005
2022-10-25,,181.0,2.1,20.0,96.3,2.9,81.9,,,59.7,11.8,276.9,96.1,18.9,51.1,30.9,159.7,75.7,,195.2,371.3,2.2,5.0,1.3,1.6,131.3,7.1,99.9,215.8,1.0,230.3,170.6,1.9,274.7,25.6,130.8,15.3,68.7,3129.4000000000005
2022-10-26,,189.8,2.2,25.8,95.6,3.2,87.1,,,61.8,10.7,272.5,109.0,25.1,51.6,28.8,164.2,76.9,,204.5,382.2,2.3,6.2,1.6,2.1,134.7,8.2,115.0,232.4,1.1,275.7,179.7,3.4,284.7,28.1,146.5,15.2,68.2,3314.7
2022-10-27,,195.9,2.2,27.7,92.6,3.4,88.1,,,68.0,11.1,337.0,124.7,28.7,49.7,27.8,173.9,78.0,,211.5,412.3,2.4,6.4,1.6,2.2,126.5,8.9,129.6,248.9,1.2,292.6,181.3,3.6,290.0,32.3,143.2,14.9,69.1,3510.7
2022-10-28,,193.2,2.2,29.1,91.3,3.4,88.9,,,71.1,11.4,327.9,131.7,30.8,52.5,28.1,183.9,79.1,,221.3,433.4,2.5,6.7,1.5,2.2,115.8,9.0,131.5,260.1,1.4,305.0,184.4,4.1,300.9,34.4,143.1,15.7,69.0,3592.4
2022-10-29,,191.9,2.3,29.6,90.1,3.5,89.5,,,68.8,11.3,336.6,132.2,31.8,51.8,29.8,183.9,78.5,,229.1,444.5,2.5,6.7,1.5,2.2,111.0,9.2,129.0,264.6,1.4,292.8,178.4,4.0,303.2,35.4,139.6,14.9,69.0,3596.8999999999996
2022-10-30,,188.6,2.5,28.7,87.1,3.1,89.0,,,64.2,10.4,336.7,118.3,29.9,52.0,28.7,168.2,71.4,,233.6,441.5,2.5,6.4,1.4,2.0,105.4,7.8,119.2,265.6,1.3,211.3,172.2,4.5,297.1,33.7,133.2,15.6,69.4,3427.7999999999997
2022-10-31,,192.4,2.1,27.6,84.6,3.4,89.2,,,69.2,10.9,354.5,126.6,31.4,51.1,28.7,187.2,75.7,,237.9,464.4,2.6,6.4,1.7,2.1,107.9,8.1,123.0,268.0,1.6,290.5,177.5,5.0,314.1,34.8,139.7,15.3,69.0,3629.7999999999997
2022-11-01,,179.9,2.1,29.5,88.2,3.4,89.3,,,71.3,11.3,359.7,131.4,31.8,53.6,29.2,174.8,76.8,,242.9,469.6,2.6,6.5,1.7,2.0,114.2,8.2,127.4,272.8,1.6,295.0,173.1,5.1,299.1,35.7,148.2,14.8,68.0,3646.6
2022-11-02,,179.1,2.2,30.5,87.8,3.5,89.9,,,72.3,11.8,364.4,132.1,32.8,53.2,28.9,182.3,76.9,,254.4,480.5,2.7,6.5,1.7,2.3,116.7,8.1,130.0,276.6,1.6,284.5,171.6,4.9,302.4,36.1,148.9,15.3,67.5,3686.2000000000003
2022-11-03,,181.6,2.1,30.0,87.4,3.5,89.6,,,72.4,12.3,372.7,129.8,32.3,53.1,30.6,185.2,75.5,,263.3,483.2,2.6,6.4,1.8,2.3,108.6,8.2,128.1,281.3,1.7,279.4,174.3,4.7,304.2,36.0,143.0,16.0,69.2,3699.2000000000003
2022-11-04,,183.7,2.3,30.1,88.2,3.5,90.1,,,73.5,12.4,382.5,130.7,32.5,53.4,30.9,188.4,75.8,,271.1,487.9,2.7,6.5,1.8,2.0,106.2,8.3,130.3,285.9,1.6,284.3,177.0,4.5,306.9,36.0,141.6,14.5,69.0,3742.8
2022-11-05,,187.6,2.3,29.8,87.5,3.4,89.7,,,71.6,12.7,388.5,132.1,32.1,51.3,28.1,189.9,74.8,,276.7,493.5,2.6,6.5,1.8,2.0,113.0,7.9,127.3,286.1,1.5,273.3,174.0,4.6,304.8,35.4,139.8,15.7,70.6,3745.1
2022-11-06,,185.0,2.3,27.6,88.4,3.1,88.3,,,68.7,11.7,376.7,120.2,28.8,41.9,29.0,177.7,67.0,,278.1,486.0,2.5,6.6,1.7,2.0,109.4,7.3,113.9,286.4,1.2,249.5,166.2,4.5,297.6,33.7,125.9,16.3,68.3,3599.0999999999995
2022-11-07,,188.7,2.2,27.7,88.9,3.4,88.2,,,74.0,12.2,391.3,128.0,31.1,48.4,28.0,196.6,74.2,,281.8,508.4,2.6,6.6,1.6,2.0,111.6,8.6,126.0,285.3,1.6,275.3,172.5,4.5,303.3,35.0,134.5,16.7,69.0,3755.2000000000003
2022-11-08,,192.3,2.0,28.7,85.5,3.3,87.7,,,69.7,12.8,394.5,128.5,31.7,54.9,28.2,203.9,76.0,,288.9,521.1,2.7,6.8,1.8,2.2,110.7,8.9,123.2,282.3,1.7,285.9,174.2,4.4,303.7,36.0,133.9,16.4,70.7,3802.4
2022-11-09,,190.9,2.0,28.9,82.8,3.4,87.8,,,72.9,12.6,393.5,127.4,32.2,53.8,27.7,207.4,77.2,,292.0,525.1,2.7,6.7,1.8,2.1,111.9,8.7,125.4,283.1,1.6,294.9,171.5,4.2,307.3,36.6,134.2,15.4,69.1,3822.0
2022-11-10,,188.5,1.8,28.8,85.5,3.4,86.5,,,73.3,12.7,400.5,130.4,31.5,54.8,28.7,207.8,78.0,,294.0,523.3,2.8,6.5,1.8,2.1,103.1,9.3,124.5,289.2,1.5,294.7,169.4,4.1,308.1,36.8,133.8,16.5,70.6,3831.5999999999995
2022-11-11,,185.8,2.0,27.7,85.3,3.3,86.0,,,74.8,12.6,401.0,129.4,32.9,56.0,28.2,203.7,76.3,,298.2,519.8,2.8,6.3,1.8,2.2,97.8,8.9,124.2,286.2,1.6,273.2,168.7,3.9,305.4,36.5,132.2,16.0,71.4,3789.4000000000005
2022-11-12,,174.2,2.0,28.5,81.1,3.2,86.4,,,65.0,12.0,402.1,124.5,28.3,56.0,27.8,189.4,72.6,,297.3,521.6,2.7,6.7,1.8,2.3,103.1,9.3,123.3,289.4,1.6,258.3,164.6,3.9,298.0,35.7,128.9,16.0,71.0,3715.600000000001
2022-11-13,,177.1,2.1,26.2,78.9,3.0,86.3,,,61.1,11.5,383.0,110.0,29.4,53.6,29.2,168.3,67.2,,293.8,507.4,2.7,6.4,1.8,2.1,95.2,9.2,113.3,286.0,1.4,230.3,163.3,3.8,286.4,33.1,115.7,16.8,70.0,3551.2000000000003
2022-11-14,,180.9,2.3,25.9,79.2,3.3,84.3,,,67.2,11.8,398.3,124.2,32.2,51.9,27.5,197.0,73.3,,295.4,526.4,2.7,6.5,1.5,2.1,96.0,9.2,117.8,288.1,1.7,259.3,169.5,3.9,290.5,35.5,119.5,16.3,69.7,3697.6000000000004
2022-11-15,,181.8,2.3,26.8,77.8,3.4,85.5,,,68.3,13.1,401.6,128.2,32.3,53.7,29.3,209.5,75.1,,299.4,536.0,2.8,6.7,1.5,2.1,90.9,9.2,120.8,292.9,1.8,271.3,169.8,3.8,295.7,36.4,122.5,17.6,69.8,3766.8
2022-11-16,,181.8,2.3,27.2,78.3,3.3,84.6,,,67.2,12.6,397.7,130.7,33.2,54.7,26.9,211.6,76.2,,301.6,535.5,2.9,6.5,1.9,2.3,93.8,9.3,124.3,293.0,1.8,281.1,168.7,3.3,296.6,36.8,124.2,17.6,70.8,3787.4
2022-11-17,,184.4,2.2,27.3,77.7,3.3,81.7,,,67.0,12.5,397.7,131.5,32.9,54.4,26.8,213.1,77.0,,304.5,533.7,2.9,6.5,1.9,2.2,94.0,8.9,124.5,299.1,1.8,283.6,166.6,3.9,295.4,36.4,123.8,17.4,69.5,3792.8
2022-11-18,,184.2,2.2,26.6,79.1,3.3,85.7,,,66.7,12.2,401.5,131.3,33.4,55.9,26.4,216.0,76.1,,305.1,522.3,2.9,6.5,2.0,2.2,91.8,8.5,124.6,297.7,1.8,292.7,168.5,3.8,298.7,37.0,123.8,17.5,69.7,3804.4
2022-11-19,,184.0,2.3,26.4,78.9,3.3,83.8,,,62.5,11.5,394.1,129.8,33.1,55.5,27.4,213.9,74.1,,305.6,518.6,2.9,6.7,1.9,2.1,94.6,8.5,128.0,297.7,1.6,281.0,162.0,3.9,300.0,36.4,121.0,15.3,69.1,3764.2
2022-11-20,,180.9,2.2,24.5,76.7,3.0,83.4,,,60.6,10.4,379.9,118.1,30.8,56.1,27.4,199.0,67.6,,304.2,498.6,2.9,6.4,1.8,2.1,95.1,7.8,119.8,290.8,1.3,256.4,156.1,3.8,295.1,35.5,111.7,16.8,68.4,3620.5000000000005
2022-11-21,,176.1,2.2,26.0,77.3,3.2,83.6,,,64.0,10.5,398.2,127.7,32.8,55.4,27.1,214.5,73.6,,304.1,510.5,2.8,6.7,1.8,2.1,98.3,8.0,124.5,299.0,1.7,283.1,162.9,3.9,301.0,35.9,120.0,17.3,67.9,3749.9000000000005
2022-11-22,,178.4,2.1,26.3,79.2,3.3,85.1,,,66.0,11.0,397.5,131.6,33.1,56.0,27.3,214.3,74.7,,305.4,522.7,2.9,6.7,1.8,2.2,97.3,8.6,128.9,299.4,1.8,291.5,166.7,3.9,304.5,36.7,122.6,17.1,70.2,3803.7999999999997
2022-11-23,,174.6,2.3,26.5,80.5,3.4,86.0,,,65.2,11.5,390.6,133.9,33.9,56.7,27.3,207.3,74.5,,309.5,530.9,2.9,6.8,1.9,2.2,102.2,8.6,131.1,293.7,1.8,301.5,170.7,3.8,305.4,37.9,122.2,17.2,70.0,3821.6
2022-11-24,,178.5,2.2,26.8,78.5,3.4,86.8,,,65.7,13.2,400.5,135.0,33.2,55.1,27.0,199.0,74.8,,309.4,531.8,2.9,6.8,1.9,2.2,101.0,8.6,135.7,298.0,1.8,303.9,172.9,3.8,307.7,37.7,121.9,16.5,69.6,3841.2000000000003
2022-11-25,,182.2,2.2,26.7,82.6,3.4,86.4,,,68.0,13.6,398.0,134.9,33.4,56.9,25.9,206.2,75.9,,309.4,537.5,2.9,6.9,1.8,2.2,100.8,8.9,138.2,303.4,1.8,312.5,174.7,3.8,305.3,38.4,121.6,16.9,69.0,3878.6
2022-11-26,,184.2,2.2,26.4,78.6,3.3,85.7,,,63.1,12.2,395.0,134.7,33.6,55.7,27.6,204.4,76.9,,308.3,539.7,2.9,7.0,1.9,2.2,103.9,8.9,136.3,301.3,1.7,312.0,170.8,4.4,300.4,37.2,120.2,17.7,69.8,3857.5
2022-11-27,,181.4,2.1,24.7,78.4,3.0,86.2,,,61.0,11.1,380.1,122.2,31.7,55.9,26.9,192.7,69.9,,305.6,526.7,2.9,6.9,1.8,2.0,104.3,8.4,128.7,301.4,1.4,279.3,163.5,3.8,296.0,34.4,111.4,17.6,66.6,3716.2
2022-11-28,,183.8,2.2,25.3,77.0,3.3,86.1,,,65.0,12.1,392.4,129.7,33.1,56.5,27.3,211.6,74.7,,305.6,538.8,2.9,7.0,1.9,2.3,98.9,8.4,134.2,301.3,1.7,298.3,170.8,3.9,298.6,36.7,117.4,17.5,68.0,3821.2000000000007
2022-11-29,,184.6,2.2,26.2,78.1,3.4,87.2,,,65.2,12.2,393.8,135.7,33.4,56.9,27.2,198.3,76.0,,309.7,538.6,2.9,6.7,1.9,2.2,93.8,8.3,135.2,305.4,1.8,303.3,171.0,4.2,301.6,37.4,119.7,17.8,69.5,3838.7999999999997
2022-12-01,,191.2,2.5,26.4,76.8,3.4,87.8,,,66.5,13.0,378.4,134.6,33.8,55.9,26.0,218.5,76.9,,308.4,529.3,2.8,6.7,1.8,2.2,93.5,8.7,135.3,302.3,1.8,303.1,175.8,4.1,292.3,37.0,117.5,17.0,67.0,3824.899999999999
2022-12-03,,193.7,2.0,25.8,76.7,3.4,85.8,,,65.4,13.4,395.7,135.3,33.6,56.2,26.3,219.0,78.4,,309.2,541.9,2.9,6.7,1.9,2.4,95.8,8.8,137.3,304.1,1.6,306.2,180.6,3.9,288.9,37.1,114.1,17.6,71.7,3870.4
2022-12-04,,190.9,1.9,25.2,78.2,3.1,87.3,,,59.8,12.4,377.1,119.2,31.3,55.4,27.3,206.1,70.1,,307.6,536.1,2.6,6.7,1.7,2.1,103.8,7.5,135.8,299.6,1.4,264.0,175.0,3.6,292.3,34.8,105.3,18.1,69.5,3738.9
2022-12-05,,193.6,2.2,25.1,77.6,3.4,87.0,,,65.3,13.0,378.5,133.0,33.2,57.2,29.7,224.3,76.0,,308.2,547.1,2.9,6.9,1.8,2.3,100.8,7.9,135.9,297.8,1.7,287.1,180.3,3.7,296.7,37.0,114.4,17.6,67.8,3843.8
2022-12-06,,189.4,2.2,25.2,79.7,3.4,88.1,,,67.1,12.6,389.6,137.6,34.4,57.7,27.4,224.2,77.7,,310.2,554.6,3.0,6.9,1.9,2.4,94.9,8.1,140.3,305.6,1.8,297.4,183.4,3.7,301.7,38.0,120.6,17.2,68.7,3904.4
2022-12-07,,183.2,2.3,26.3,79.1,3.5,88.7,,,67.9,13.0,389.6,139.2,34.7,57.2,27.7,223.9,77.6,,308.3,554.7,3.0,6.8,1.9,2.3,93.5,7.9,143.2,305.0,1.9,295.1,184.9,3.8,302.5,38.6,122.1,17.8,69.9,3904.8000000000006
2022-12-08,,183.1,2.4,26.1,78.1,3.5,89.6,,,67.4,12.5,389.1,138.9,34.9,58.1,26.3,219.6,75.8,,307.3,546.4,3.1,7.0,1.8,2.3,90.5,7.0,141.9,302.7,1.8,283.1,183.6,3.7,302.8,37.2,121.6,18.0,69.6,3864.500000000001
2022-12-09,,170.0,2.4,26.5,80.0,3.6,90.9,,,68.6,12.3,384.4,140.2,34.3,58.1,27.3,214.5,74.1,,309.3,521.8,3.1,7.1,1.8,2.3,91.5,6.5,145.0,308.5,1.9,252.1,184.7,3.7,308.0,38.8,119.6,17.4,70.3,3807.8
2022-12-10,,149.5,2.4,26.1,80.2,3.5,90.6,,,64.5,12.3,381.1,141.1,34.3,57.1,27.3,193.6,71.0,,311.1,521.6,3.2,7.1,1.9,2.3,93.1,6.3,144.1,301.3,1.7,236.3,178.1,3.6,307.4,38.8,119.3,17.7,71.1,3727.6000000000004
2022-12-11,,147.4,2.3,24.1,81.7,3.2,91.9,,,62.8,12.4,368.5,127.5,30.7,56.5,28.4,152.3,64.0,,308.4,513.4,3.1,6.8,1.9,2.2,95.3,7.0,139.1,300.8,1.4,239.5,170.8,3.6,301.1,35.8,113.4,17.4,69.1,3609.8999999999996
2022-12-12,,155.8,2.3,25.5,80.6,3.4,92.6,,,65.8,13.0,391.2,138.3,33.8,58.1,26.8,166.0,68.4,,311.0,532.8,3.1,6.8,1.8,2.3,94.8,7.7,137.7,303.2,1.8,261.6,178.1,3.6,308.0,38.1,119.9,17.7,69.1,3747.8000000000006
2022-12-13,,159.5,2.3,25.7,81.4,3.5,95.1,,,67.1,13.1,398.3,142.7,34.4,58.4,26.6,169.3,70.5,,301.0,550.2,3.1,6.4,1.8,2.2,93.1,8.2,141.2,307.9,1.9,270.9,185.9,3.7,311.4,41.2,124.2,17.7,69.0,3816.7
2022-12-14,,165.4,2.3,25.8,82.1,3.6,96.5,,,69.7,12.8,394.4,144.1,35.4,58.7,28.0,172.8,71.5,,304.0,551.6,3.3,7.0,1.9,2.3,93.6,8.3,139.9,311.2,1.9,278.5,192.5,3.7,312.2,40.6,126.7,15.9,68.8,3855.1
2022-12-15,,166.8,2.3,25.7,79.7,3.5,98.4,,,67.7,13.6,395.9,142.7,34.4,58.0,27.4,179.3,71.5,,298.7,547.3,3.3,7.0,1.9,2.4,94.7,8.6,137.0,303.8,1.9,282.8,198.8,3.8,316.5,40.8,124.6,17.8,69.6,3856.2
2022-12-16,,173.5,2.3,25.6,83.9,3.7,99.4,,,71.2,13.0,400.6,145.5,32.8,59.2,27.7,185.0,71.0,,305.6,552.6,3.3,7.0,1.9,2.4,93.1,8.5,134.8,301.1,1.9,293.3,203.8,3.8,314.0,40.6,124.5,17.7,70.4,3902.4000000000005
2022-12-17,,176.5,2.4,25.4,83.8,3.7,99.4,,,67.4,13.3,405.8,143.2,34.7,58.2,28.1,192.5,72.5,,312.7,559.0,3.3,7.0,1.9,2.4,92.6,8.8,137.4,306.6,1.8,285.4,205.3,3.7,320.7,40.3,123.2,17.8,71.1,3936.0
2022-12-18,,170.8,2.4,23.5,84.9,3.4,98.7,,,66.5,12.0,387.5,131.6,32.7,58.7,29.4,176.2,66.7,,311.9,532.6,3.3,6.9,1.9,2.3,91.0,7.9,131.0,313.0,1.5,268.9,200.8,3.5,316.6,37.9,122.0,18.1,70.0,3813.0000000000005
2022-12-19,,173.9,2.3,24.9,83.3,3.7,98.6,,,68.8,11.6,394.1,139.2,33.7,58.1,29.2,199.8,73.9,,315.3,544.4,3.3,6.8,2.0,2.4,96.1,8.5,133.9,306.3,1.9,294.3,206.4,3.6,314.3,38.7,121.8,18.0,69.2,3908.1000000000004
2022-12-20,,178.3,2.4,24.9,85.0,3.9,100.5,,,70.4,12.7,405.6,140.7,34.3,58.7,28.7,208.5,76.3,,320.2,551.2,3.2,7.0,2.0,2.4,97.0,8.6,125.0,311.9,2.0,302.4,208.2,3.7,302.7,41.3,120.7,17.6,71.1,3968.4
2022-12-21,,181.5,2.4,25.4,82.8,4.0,100.6,,,72.8,12.6,396.1,148.0,34.9,58.7,29.2,212.0,78.3,,324.5,556.9,3.3,6.7,1.9,2.4,94.5,8.6,137.8,310.9,2.0,310.0,211.0,3.7,319.2,41.1,120.7,17.3,72.1,4023.9999999999995
2022-12-22,,183.0,2.5,25.5,81.7,4.1,101.9,,,73.7,13.3,395.9,148.2,35.4,59.8,27.5,218.3,77.1,,325.2,557.9,3.4,7.0,2.0,2.2,92.1,8.5,142.8,309.9,1.9,314.1,213.7,3.7,325.9,41.4,124.0,15.6,71.3,4050.3999999999996
2022-12-23,,182.6,2.4,25.8,86.1,4.2,103.1,,,75.9,12.2,394.8,145.4,35.9,60.6,28.5,222.6,75.8,,326.5,551.1,3.4,7.0,2.0,2.4,91.7,8.4,145.6,302.2,1.9,301.7,217.3,3.8,332.4,41.6,124.5,16.3,71.2,4046.6000000000004
2022-12-24,,184.2,2.4,25.7,83.1,4.2,101.5,,,73.3,13.1,389.4,145.3,35.8,61.2,26.7,216.3,74.2,,326.0,539.9,3.4,7.4,2.1,2.4,93.1,8.6,148.6,304.6,1.8,319.3,217.8,3.8,327.8,41.6,123.5,16.7,73.6,4038.0000000000005
2022-12-25,,175.9,2.3,23.7,85.6,4.2,101.5,,,72.3,11.4,373.0,132.5,33.4,61.6,28.1,196.8,67.1,,322.1,521.9,3.3,7.0,1.9,2.3,101.5,7.9,139.1,301.0,1.5,268.3,214.3,3.6,326.9,40.5,115.2,15.8,70.3,3872.3
2022-12-26,,179.2,2.4,25.4,86.2,4.5,101.4,,,78.8,12.8,383.1,141.8,35.3,61.9,27.6,203.9,76.3,,324.2,533.0,3.4,7.2,1.8,2.3,101.8,8.6,144.4,304.0,1.8,276.3,220.8,3.7,330.7,41.1,120.2,16.0,71.6,3972.7
2022-12-27,,187.0,2.3,25.2,85.8,3.9,103.5,,,80.9,13.4,385.1,143.6,35.8,62.0,27.4,209.8,78.9,,324.9,550.4,3.0,7.3,2.0,2.1,94.9,8.7,145.6,310.7,1.9,286.4,225.6,3.6,336.8,43.5,122.4,17.2,69.4,4040.8999999999996
2022-12-27,,187.0,2.3,25.2,85.8,3.9,103.5,,,80.9,13.4,385.1,143.6,35.8,62.0,27.4,209.8,78.9,,324.9,550.4,3.0,7.3,2.0,2.1,94.9,8.7,145.6,310.7,1.9,286.4,225.6,3.6,336.8,43.5,122.4,17.2,69.4,4040.8999999999996
2022-12-28,,192.6,2.4,25.9,86.3,4.5,102.9,,,80.3,14.2,381.9,144.6,36.2,62.5,28.4,219.6,80.1,,324.5,554.2,3.3,7.3,2.0,2.3,95.2,8.7,142.9,309.0,1.9,292.5,230.8,3.6,342.4,43.4,124.3,16.4,71.4,4078.4
2022-12-29,,198.4,2.4,26.0,89.8,4.6,103.3,,,78.8,14.5,391.7,142.7,36.5,61.0,27.0,223.2,80.5,,325.1,548.7,3.4,7.4,2.0,2.3,95.7,7.9,139.6,308.2,1.9,303.3,231.7,3.7,346.8,45.3,123.8,15.9,72.1,4104.099999999999
2022-12-30,,200.4,2.5,26.7,92.0,4.7,104.1,,,79.0,14.4,390.8,141.6,35.5,56.7,29.7,228.9,79.2,,327.1,549.4,3.5,7.5,2.1,2.2,96.4,8.9,143.2,312.1,2.0,303.5,235.0,3.8,348.5,45.1,123.1,16.1,72.0,4127.700000000001
2022-12-31,,199.7,2.6,26.2,90.6,4.0,103.4,,,73.9,14.0,382.5,138.4,35.7,62.0,30.3,227.7,76.6,,325.6,537.4,3.6,7.7,2.2,2.3,96.3,8.6,144.4,311.8,1.9,301.6,232.1,3.8,340.6,42.5,122.6,16.8,72.8,4081.4
2023-01-01,,190.8,2.6,24.5,91.3,4.1,99.8,,,73.7,12.1,356.9,125.2,34.0,63.0,28.5,214.6,69.0,,310.2,506.8,3.4,7.2,2.1,2.0,89.5,7.8,140.0,304.9,1.6,269.0,222.3,3.7,332.7,41.3,111.9,17.1,71.3,3871.899999999999
2023-01-02,,195.6,2.5,24.5,89.0,4.8,100.9,,,78.2,12.5,376.7,139.2,34.2,61.7,27.2,225.3,75.2,,312.4,532.5,3.1,7.1,2.0,1.9,93.7,8.2,141.2,299.4,2.0,298.4,229.2,3.6,340.9,42.5,120.6,16.3,70.3,4010.2999999999997
2023-01-03,,198.4,2.6,25.8,95.5,4.8,103.2,,,81.4,14.7,380.4,147.6,34.7,63.7,30.0,229.2,75.8,,319.3,541.4,3.6,7.4,2.1,2.0,98.0,8.5,150.5,305.2,2.0,308.5,233.1,3.8,354.9,44.1,119.8,16.8,72.9,4121.3
2023-01-04,,197.9,2.6,25.9,97.6,5.0,99.3,,,85.6,14.4,374.9,153.2,35.9,62.5,29.3,231.6,75.7,,313.4,522.2,3.6,7.5,2.1,2.1,92.6,8.6,158.0,299.6,2.0,314.2,234.5,3.8,373.1,45.1,124.3,16.8,75.3,4130.300000000001
2023-01-05,,197.1,2.6,26.3,99.1,5.2,100.2,,,85.6,14.4,382.3,150.5,36.2,62.1,30.3,229.7,75.7,,317.1,548.7,3.5,7.3,2.0,2.1,91.7,8.5,154.6,295.1,2.1,314.0,232.4,4.0,374.8,45.0,126.8,16.3,74.7,4158.500000000001
2023-01-06,,197.3,2.4,26.2,102.4,5.4,100.4,,,88.0,14.1,388.0,151.9,37.0,62.6,29.2,233.7,75.6,,317.0,546.5,3.4,6.8,2.0,2.1,89.1,8.6,146.5,294.1,2.0,316.6,225.9,3.8,378.6,44.4,127.8,15.2,72.8,4158.000000000001
2023-01-07,,196.7,2.3,26.0,101.7,5.2,100.0,,,84.6,14.0,398.2,150.1,36.3,63.8,29.1,229.7,76.1,,317.5,543.9,3.4,7.3,2.1,2.2,88.9,8.6,156.6,303.1,1.9,307.2,225.7,4.1,363.8,43.7,130.2,16.3,73.8,4154.700000000001
2023-01-08,,185.4,2.5,25.0,101.3,4.8,98.8,,,81.5,12.1,386.2,137.2,32.8,62.1,29.2,214.9,70.3,,320.3,522.2,3.3,7.3,2.0,2.2,89.9,7.8,152.7,315.5,1.6,283.7,221.2,3.9,371.4,43.7,118.7,17.6,74.6,4043.2000000000003
2023-01-09,,190.0,2.5,26.2,94.2,5.3,103.6,,,88.7,13.0,391.0,147.4,35.1,63.0,27.9,230.1,77.5,,322.1,532.0,3.3,7.2,2.1,2.1,86.1,8.2,154.5,299.9,1.7,296.4,226.9,4.4,374.3,42.6,129.7,17.6,73.5,4120.2
2023-01-10,,195.3,2.7,26.7,98.7,5.3,105.9,,,88.1,12.3,397.5,151.3,35.4,63.6,29.0,236.9,77.0,,329.3,543.4,3.2,7.2,2.1,2.0,87.7,8.0,153.6,296.3,2.0,302.5,228.5,3.8,380.1,42.0,131.9,13.9,73.0,4177.0
2023-01-11,,196.3,2.7,25.2,101.5,5.4,102.7,,,89.0,12.8,386.1,152.4,36.9,63.3,30.1,236.4,75.6,,326.1,544.1,3.1,7.2,2.1,1.9,89.0,8.5,158.0,309.8,2.0,311.1,227.2,4.0,378.6,42.7,131.5,13.8,75.4,4193.1
2023-01-12,,199.6,2.8,26.3,100.5,4.7,105.1,,,84.7,12.7,396.0,150.8,35.4,62.6,29.2,240.8,75.0,,325.4,549.3,3.4,7.4,2.2,2.1,93.6,8.5,152.1,301.9,2.0,312.2,232.6,4.4,361.2,42.7,132.0,14.3,75.1,4189.2
2023-01-13,,199.3,2.6,26.4,101.8,4.5,106.7,,,83.2,13.6,391.3,148.3,34.8,59.0,28.2,249.2,74.0,,328.0,547.0,3.4,7.3,2.1,2.1,101.1,8.6,146.7,282.8,2.0,311.2,234.5,3.9,350.9,43.0,133.9,15.2,75.0,4162.2
2023-01-14,,192.5,2.8,25.7,95.0,4.6,103.6,,,78.6,13.5,292.1,147.3,33.9,56.0,28.7,241.8,72.7,,323.9,541.4,3.4,7.5,2.2,2.1,96.2,8.3,148.0,297.9,1.9,294.5,227.9,3.5,355.2,43.6,134.6,15.6,74.0,4009.0999999999995
2023-01-15,,181.5,2.6,24.0,96.1,4.2,104.8,,,78.9,11.8,313.9,132.9,31.9,63.1,29.8,226.0,66.9,,314.1,521.8,3.3,7.2,2.1,2.2,99.2,6.9,144.4,297.4,1.7,244.2,218.0,3.4,347.8,42.0,120.5,16.2,72.0,3870.8999999999996
2023-01-16,,179.4,2.6,24.2,93.5,4.6,104.8,,,84.0,12.6,368.0,146.2,34.9,63.6,28.6,237.2,74.8,,317.2,534.9,3.5,7.3,2.1,2.2,101.7,6.5,158.1,301.3,2.1,233.5,224.3,3.8,358.8,44.2,129.7,16.1,72.8,4018.5
2023-01-17,,190.6,2.8,26.2,96.4,4.7,105.3,,,84.7,14.0,382.9,150.8,35.3,64.0,28.4,244.9,76.8,,324.2,545.8,3.5,7.3,2.3,2.1,92.0,6.6,163.0,301.0,2.1,251.1,230.7,3.9,363.1,45.4,135.1,15.9,74.4,4117.6
2023-01-18,,195.2,2.8,26.3,96.7,4.9,105.4,,,85.5,14.2,376.7,152.2,36.9,64.8,29.6,242.6,76.5,,326.3,548.4,3.6,7.5,2.3,2.1,91.2,7.0,162.2,306.4,2.0,285.5,235.1,3.9,370.0,45.4,136.8,16.7,73.8,4176.5
2023-01-19,,200.4,2.7,26.6,95.6,4.6,105.7,,,82.5,14.0,388.7,149.6,35.5,64.7,29.6,242.4,75.5,,322.5,549.0,3.5,7.4,2.3,2.1,91.9,8.1,157.3,301.3,2.1,298.9,236.6,4.0,362.4,45.6,136.1,15.6,74.9,4180.1
2023-01-20,,202.2,2.5,26.9,96.4,4.9,106.7,,,81.3,13.9,391.1,139.5,36.8,65.4,28.9,249.7,74.3,,326.2,547.5,3.6,7.4,2.3,2.1,96.2,8.3,151.2,302.6,2.1,309.0,236.6,3.9,354.2,42.4,136.9,17.4,74.6,4185.4
2023-01-21,,202.0,2.4,26.9,91.2,4.4,106.8,,,75.9,13.6,386.6,142.4,35.4,63.1,29.8,247.2,73.7,,316.1,548.9,3.5,7.3,2.2,2.1,100.7,8.4,150.8,307.4,2.0,305.2,233.7,3.9,338.9,43.5,136.4,17.6,75.0,4145.1
2023-01-22,,200.4,2.4,26.1,93.4,3.9,106.7,,,73.0,12.6,368.3,129.0,33.0,63.9,28.5,228.8,68.2,,308.3,530.1,3.4,7.1,2.2,2.2,97.3,7.8,148.4,307.3,1.7,290.3,228.9,3.8,328.9,40.5,127.5,17.2,74.3,4004.7
2023-01-23,,201.0,2.4,26.5,90.3,4.2,106.4,,,74.6,12.6,379.5,136.8,33.9,64.6,29.2,247.1,75.8,,304.9,544.5,3.5,7.3,2.0,2.2,103.0,7.5,151.9,306.3,2.0,304.9,240.4,3.8,319.6,42.7,133.7,17.0,74.1,4095.8999999999996
2023-01-24,,204.2,2.3,26.8,90.8,4.5,108.2,,,74.8,12.7,385.1,139.7,35.1,64.9,29.8,250.1,76.3,,301.7,551.4,3.4,7.2,2.0,2.1,111.6,8.2,146.0,306.2,2.0,300.9,220.6,3.9,296.9,42.4,139.0,17.1,74.6,4082.6999999999994
2023-01-25,,203.0,2.7,27.5,88.7,4.4,109.7,,,76.1,13.4,375.3,142.7,33.4,67.3,28.7,251.6,75.3,,276.6,547.9,3.5,7.1,2.2,2.1,109.1,8.5,141.3,305.8,2.0,312.7,227.1,4.1,299.4,42.3,142.7,16.9,74.7,4066.2999999999997
2023-01-26,,201.9,2.6,27.8,90.4,4.0,108.5,,,64.8,11.8,353.8,123.8,28.1,63.5,29.7,233.1,72.4,,258.3,492.8,3.3,6.8,2.1,2.1,102.9,7.6,128.3,298.9,1.5,287.0,232.9,4.0,303.8,35.5,130.1,16.1,73.0,3838.3
2023-01-27,,204.1,2.5,26.3,87.6,4.2,109.9,,,75.5,13.7,365.7,139.0,31.7,63.7,29.3,241.9,76.0,,272.5,527.6,3.3,6.9,2.1,2.2,105.0,8.2,143.3,300.5,1.9,305.9,234.1,3.8,306.6,40.6,135.4,15.2,73.6,3997.9999999999995
2023-01-28,,205.3,2.6,26.6,86.4,3.9,111.3,,,74.0,12.8,373.9,143.5,34.4,63.5,28.3,242.8,75.8,,281.1,545.6,3.3,7.1,2.1,2.1,104.1,8.4,144.2,301.1,1.9,316.0,232.7,3.8,311.1,42.5,135.4,14.9,74.4,4057.2000000000003
2023-01-29,,204.7,2.5,25.9,86.9,4.0,110.3,,,70.9,14.4,346.8,119.0,33.1,64.3,28.5,229.3,69.1,,286.3,540.4,3.1,6.9,2.1,2.1,104.4,8.0,137.4,252.1,1.5,293.6,235.6,3.7,301.1,41.0,127.6,15.5,73.7,3885.6
2023-01-30,,207.7,2.2,26.7,86.8,4.1,110.8,,,76.4,12.7,358.8,114.2,33.1,55.5,27.3,247.4,75.5,,272.5,553.3,3.2,6.8,2.0,2.2,103.1,8.4,131.1,236.4,1.9,310.5,234.7,3.9,288.6,40.7,135.2,17.1,74.5,3905.6
2023-01-31,,210.5,2.3,27.0,86.9,3.9,108.9,,,77.1,13.3,364.7,133.0,33.2,59.7,29.2,257.7,78.5,,277.7,565.1,3.2,6.8,2.0,2.1,103.0,8.5,140.0,261.0,1.9,315.6,240.1,3.9,304.2,41.8,140.5,17.3,76.2,4037.3
2023-02-01,,206.8,2.5,26.7,86.7,4.0,107.2,,,75.9,14.4,360.4,134.5,32.8,63.2,29.2,252.0,79.1,,285.6,560.0,3.2,7.0,2.0,2.1,103.9,8.5,144.1,271.1,1.8,304.2,238.5,4.0,311.1,40.7,139.4,17.5,74.5,4034.4
2023-02-02,,210.2,2.2,26.6,89.7,3.8,105.9,,,74.8,14.1,369.7,137.2,33.6,64.4,25.6,252.5,79.4,,284.0,561.6,3.1,6.8,2.0,2.1,101.8,8.2,145.9,280.2,1.8,302.7,241.6,3.9,314.9,41.4,146.7,17.4,73.9,4070.1
2023-02-03,,212.1,2.5,26.2,91.3,3.8,107.9,,,75.5,14.5,375.9,142.1,34.1,63.8,27.2,258.6,78.4,,288.9,559.9,3.1,6.8,2.0,2.1,97.1,8.4,147.8,283.2,1.9,299.4,245.9,3.9,323.1,42.5,146.7,17.8,72.8,4107.8
2023-02-04,,212.2,2.3,26.0,90.3,3.5,107.3,,,69.7,14.6,379.4,141.1,33.0,62.2,27.3,257.6,78.3,,292.9,561.5,2.8,7.0,2.0,2.1,98.2,8.3,142.5,287.0,1.7,292.7,235.6,3.9,318.6,41.5,143.1,16.8,73.8,4077.4
2023-02-05,,208.1,2.3,25.3,89.6,3.3,107.1,,,66.7,13.6,365.6,129.3,30.5,61.7,28.7,245.0,72.4,,294.6,548.4,3.0,7.0,1.9,2.1,98.1,7.7,144.8,286.7,1.5,268.1,234.9,3.7,315.7,38.9,133.7,17.4,73.8,3970.5999999999995
2023-02-06,,214.0,2.4,26.5,90.0,3.6,108.8,,,67.4,14.0,378.9,142.4,33.1,59.7,27.4,265.1,78.6,,298.2,565.0,3.1,7.2,2.0,2.2,100.3,8.4,144.9,293.9,1.9,297.8,233.8,3.9,320.5,40.9,144.5,16.4,73.8,4110.9
2023-02-07,,217.2,2.4,25.9,89.9,3.6,110.0,,,69.4,14.3,384.6,146.5,33.0,60.2,26.9,269.0,78.8,,301.5,572.5,3.1,7.2,2.1,2.1,99.4,8.5,146.8,296.5,1.9,307.4,234.1,4.1,326.5,41.4,144.9,16.8,74.7,4164.300000000001
2023-02-08,,219.0,2.7,25.9,89.1,3.6,112.0,,,70.0,13.0,384.5,148.6,34.5,61.4,27.3,271.9,79.7,,307.4,574.8,3.1,7.2,2.1,2.0,113.3,8.6,150.7,298.3,1.5,316.8,236.9,3.9,327.7,42.2,149.5,15.8,75.1,4221.3
2023-02-09,,219.7,2.8,26.5,88.1,3.6,112.6,,,67.6,13.6,389.9,148.4,33.5,60.9,28.0,271.9,81.3,,307.5,573.4,3.1,7.3,2.0,2.0,110.8,8.7,153.2,301.4,1.8,317.3,235.1,3.9,328.8,41.8,148.9,17.8,75.0,4229.299999999999
2023-02-10,,219.8,2.8,27.0,89.9,3.6,111.5,,,68.6,13.9,388.1,146.3,33.7,54.2,28.1,271.5,81.3,,308.6,549.1,3.1,7.2,2.1,2.1,100.3,8.7,151.2,305.9,1.9,318.5,250.8,3.9,329.6,41.1,147.8,18.4,73.9,4205.500000000001
2023-02-11,,216.8,2.8,25.9,88.5,3.4,111.8,,,65.6,14.1,389.9,143.1,33.7,61.8,27.1,269.4,79.2,,308.4,541.7,3.0,7.0,2.1,2.1,103.7,8.9,145.2,300.1,1.7,323.7,258.8,3.8,328.9,40.2,149.5,18.3,74.4,4195.500000000001
2023-02-12,,218.8,2.5,25.5,84.3,3.3,112.2,,,64.3,12.8,376.0,127.9,31.6,59.6,28.1,251.1,72.1,,305.1,526.4,2.9,6.7,1.9,2.1,110.6,8.2,147.9,303.6,1.6,288.4,270.4,3.8,308.5,36.7,144.0,17.7,74.1,4069.9
2023-02-13,,220.0,2.6,26.0,84.3,3.6,111.4,,,67.4,13.8,387.8,133.9,33.1,61.3,28.1,267.4,78.7,,307.1,542.9,3.0,6.9,2.0,2.1,105.0,8.5,147.2,302.6,1.9,314.9,274.6,3.7,299.7,40.1,147.0,18.4,74.8,4161.999999999999
2023-02-14,,223.1,2.5,26.8,88.0,3.7,111.2,,,66.9,14.1,387.6,141.8,33.3,60.4,28.3,272.6,80.2,,310.0,555.6,3.0,7.0,2.0,2.1,103.7,8.7,144.5,295.3,1.9,324.1,278.7,3.8,315.3,40.9,142.8,17.2,75.7,4213.800000000001
2023-02-15,,222.3,2.6,26.0,88.2,3.6,111.8,,,69.1,13.8,391.4,146.4,33.1,59.9,27.0,272.2,80.8,,308.9,557.4,2.8,7.1,2.0,1.9,104.4,8.8,146.2,304.8,1.9,326.8,281.2,3.6,331.5,41.0,142.1,18.2,75.6,4255.6
2023-02-16,,221.9,2.5,26.9,87.6,3.5,113.5,,,67.9,13.2,401.1,147.8,31.5,59.5,27.8,264.9,80.9,,306.4,558.5,2.9,6.9,2.0,2.1,104.9,8.8,154.7,301.8,1.9,333.8,279.7,3.5,330.6,38.0,145.6,18.3,75.8,4267.8
2023-02-17,,225.5,2.4,27.1,90.3,3.6,114.1,,,67.6,13.4,410.0,147.5,32.2,60.1,28.4,273.5,80.9,,304.8,563.7,2.9,6.9,1.9,2.2,105.6,8.7,156.2,304.4,1.9,337.2,289.8,3.7,330.7,38.3,146.1,19.0,75.7,4317.0999999999985
2023-02-18,,222.9,2.2,26.4,86.9,3.3,111.4,,,64.3,13.1,395.4,143.1,29.6,60.1,27.2,275.6,78.5,,298.0,563.0,3.0,6.5,1.9,2.2,107.8,8.7,165.9,308.5,1.9,328.8,286.8,3.9,320.3,38.5,143.7,18.2,75.9,4262.899999999999
2023-02-19,,217.7,2.3,25.8,84.5,3.0,112.4,,,61.8,12.7,391.0,129.0,27.2,56.9,28.4,258.5,73.3,,298.3,546.9,2.8,6.4,1.6,2.0,106.6,8.1,156.3,307.5,1.9,304.7,286.3,3.8,313.5,36.9,137.7,18.1,75.1,4138.5
2023-02-20,,224.3,2.4,27.0,87.4,3.4,112.9,,,66.4,13.5,408.7,140.3,30.1,56.8,28.3,274.8,82.4,,299.6,568.1,2.9,6.8,1.9,2.1,119.5,8.6,154.6,297.0,2.1,328.1,282.1,3.9,325.4,39.2,145.7,18.4,75.7,4281.1
2023-02-21,,227.7,2.4,26.5,90.0,3.4,114.6,,,68.1,14.2,409.4,143.9,30.1,56.2,27.7,281.2,85.3,,302.9,577.0,2.9,6.9,1.8,2.1,120.2,8.9,147.7,292.1,2.2,331.6,280.0,4.0,329.5,39.0,153.2,17.8,76.3,4318.0
2023-02-22,,228.3,2.3,24.7,88.2,3.4,115.5,,,67.9,14.4,403.2,143.2,32.8,58.5,28.3,282.4,84.9,,302.0,578.5,2.9,6.6,1.8,2.0,110.0,8.2,147.3,304.1,2.1,339.1,287.1,4.0,328.1,39.1,154.7,18.0,75.0,4330.1
2023-02-23,,228.0,2.4,23.9,90.1,3.3,116.0,,,67.0,14.2,409.6,140.0,32.3,57.7,25.9,276.6,83.2,,299.5,574.5,2.8,6.6,1.6,2.2,111.5,9.0,155.8,306.3,2.1,338.3,289.6,4.0,322.3,38.8,155.4,17.8,76.0,4325.500000000001
2023-02-24,,231.4,2.4,26.3,92.6,3.4,117.5,,,68.8,14.5,411.9,140.8,33.0,58.5,28.6,284.0,83.2,,299.4,570.3,2.8,6.7,1.8,2.2,112.9,9.8,152.7,295.3,2.0,342.5,292.8,4.2,321.9,39.1,160.9,18.1,75.3,4348.799999999999
2023-02-25,,231.5,2.4,26.5,89.4,3.2,116.6,,,64.9,14.2,407.3,140.2,31.9,56.9,30.0,281.2,83.0,,298.4,570.8,2.9,6.8,1.8,2.2,114.7,9.2,155.2,292.2,2.0,343.1,291.0,4.1,324.4,38.0,159.1,18.1,75.8,4330.400000000001
2023-02-26,,225.8,2.5,25.5,90.0,3.1,117.6,,,63.1,13.4,393.9,128.6,28.5,54.9,29.5,262.5,75.8,,292.8,554.5,2.8,6.5,1.6,2.2,105.1,8.5,155.8,306.6,1.9,309.7,290.0,3.9,318.9,38.0,150.7,18.4,75.4,4198.2
2023-02-27,,229.9,2.5,25.8,83.4,3.4,117.7,,,67.7,14.4,410.0,140.0,32.6,56.0,28.7,273.7,81.3,,294.7,573.5,2.8,6.3,1.9,2.2,108.6,8.7,148.7,296.8,2.0,335.5,294.8,4.1,332.0,38.0,159.9,18.4,74.0,4310.799999999999
2023-02-28,,230.0,2.7,26.3,88.5,3.4,118.2,,,68.8,14.6,412.6,134.9,33.9,57.8,26.9,280.3,82.2,,295.9,577.9,2.9,6.6,1.8,2.3,109.1,9.0,143.8,299.9,1.8,342.7,292.2,4.1,334.7,38.9,157.7,17.2,72.6,4333.100000000001
2023-03-01,,227.1,2.5,27.1,92.6,3.4,118.3,,,68.6,14.8,408.9,128.6,34.2,57.0,27.3,285.0,84.9,,294.2,572.3,2.9,6.6,1.8,2.3,111.3,9.0,129.9,301.0,1.8,349.7,296.0,4.1,334.1,38.3,159.2,17.3,72.8,4325.500000000001
2023-03-02,,225.6,2.4,26.5,93.5,3.3,120.3,,,69.3,14.4,418.2,136.4,33.5,56.1,27.9,279.0,85.6,,292.1,579.6,2.9,6.5,1.8,2.3,111.0,9.1,136.0,300.1,1.8,346.7,295.8,3.9,354.5,37.9,164.7,17.8,72.4,4370.0
2023-03-03,,228.6,2.2,27.8,95.6,3.4,120.2,,,70.5,14.8,422.1,144.1,33.8,57.0,27.9,277.8,84.2,,290.5,583.5,2.8,5.8,1.7,2.2,114.6,9.1,144.2,303.3,1.8,334.1,303.4,3.9,347.9,38.6,163.8,17.3,73.5,4393.099999999999
2023-03-04,,228.4,2.4,27.9,94.4,3.3,117.6,,,66.7,13.5,425.0,141.0,33.5,56.8,29.2,277.7,83.6,,282.4,586.6,2.9,5.9,1.8,2.3,124.6,9.0,147.2,280.7,1.6,353.0,298.0,4.0,340.9,38.8,167.4,15.9,75.8,4381.200000000001
2023-03-05,,223.8,2.4,26.2,93.9,3.0,119.5,,,62.4,12.4,406.0,132.8,31.3,55.5,29.1,269.0,78.4,,256.9,568.0,2.8,5.7,1.7,2.3,121.4,8.4,154.3,270.7,1.4,321.5,293.1,4.1,328.5,37.7,162.4,17.2,73.9,4218.6
2023-03-06,,229.7,2.8,26.8,93.4,3.3,120.8,,,68.2,13.1,390.4,143.1,32.2,55.2,28.0,283.6,84.9,,252.4,562.8,2.8,6.2,1.7,2.2,108.9,8.8,153.0,273.0,1.7,343.9,296.9,4.6,337.7,37.7,167.8,16.4,75.9,4270.3
2023-03-07,,231.2,2.6,27.2,91.7,3.3,117.2,,,65.3,12.3,351.9,138.4,31.4,57.2,29.4,280.4,86.3,,226.6,454.0,2.7,6.6,1.8,2.9,111.5,8.8,163.0,236.0,1.7,354.9,288.8,4.0,339.5,36.5,153.3,17.4,75.0,4050.1
2023-03-08,,222.1,2.2,24.4,81.6,2.8,97.8,,,51.2,11.9,301.6,113.0,22.4,55.0,26.5,278.9,85.8,,216.2,504.9,2.6,6.4,1.6,2.3,108.4,8.2,167.0,232.9,1.2,345.3,286.6,4.0,322.9,26.5,143.1,17.9,65.6,3871.4000000000005
2023-03-09,,223.8,2.4,26.8,85.6,3.2,105.8,,,61.0,13.0,345.2,118.4,30.3,52.9,25.8,281.6,87.7,,215.5,550.6,2.6,6.3,1.7,2.2,109.9,8.7,148.0,249.0,1.5,347.1,291.9,4.0,297.5,31.2,152.3,17.6,69.0,4004.7
2023-03-10,,226.1,2.5,28.6,90.2,3.4,114.1,,,69.9,13.5,390.6,138.1,31.5,55.8,27.7,288.7,88.4,,237.9,566.6,2.7,6.5,1.7,2.3,108.7,9.3,153.7,262.9,1.6,362.3,291.9,4.1,321.8,36.7,157.0,18.3,69.6,4224.8
2023-03-11,,222.7,2.6,28.3,92.9,3.3,116.6,,,68.1,13.1,401.2,144.2,31.5,54.6,25.6,284.3,87.4,,246.8,574.1,2.7,6.6,1.8,2.3,114.8,9.2,163.0,267.9,1.3,358.0,288.4,3.9,331.9,38.5,154.2,17.8,70.4,4271.1
2023-03-12,,223.2,2.2,27.6,96.4,3.1,118.5,,,65.5,12.1,391.7,132.4,29.7,52.5,27.1,261.3,81.6,,246.2,560.3,2.6,6.6,1.8,2.3,122.6,8.5,152.7,265.7,0.6,330.5,290.8,3.9,334.7,37.3,154.8,17.6,71.8,4176.6
2023-03-13,,228.5,2.4,29.0,97.5,3.5,119.9,,,70.6,14.0,408.9,142.6,31.2,54.1,28.3,286.4,90.3,,249.2,577.3,2.7,6.6,1.8,2.4,118.9,9.2,160.8,267.9,0.8,354.5,292.8,4.3,341.8,39.1,170.3,17.8,73.8,4340.400000000001
2023-03-14,,231.8,2.4,28.9,99.8,3.4,120.5,,,75.8,14.2,409.7,147.8,31.3,54.7,27.2,296.5,92.1,,244.5,579.3,2.7,6.5,1.8,2.4,109.8,9.4,156.5,271.4,0.8,365.6,299.2,4.0,342.3,40.1,175.2,18.0,74.9,4381.7
2023-03-15,,233.2,2.3,25.6,99.2,3.6,120.2,,,76.8,0.0,402.6,145.1,33.0,53.2,27.4,295.5,90.8,,236.5,579.3,2.4,5.9,1.6,2.2,111.5,9.5,154.4,264.9,0.8,375.8,295.9,4.1,348.9,40.1,177.3,18.4,75.1,4354.6
2023-03-16,,230.3,2.5,24.4,98.8,3.6,118.5,,,77.4,13.9,406.0,140.0,32.4,53.2,27.2,280.8,88.0,,225.0,530.1,2.6,5.5,1.6,2.2,111.2,9.2,149.8,253.4,1.1,366.7,274.9,4.2,329.0,40.4,171.3,19.1,72.9,4208.799999999999
2023-03-17,,196.5,2.6,27.7,93.9,3.6,116.8,,,75.7,13.4,410.3,135.4,33.5,54.5,27.4,266.4,89.1,,221.6,528.6,2.6,6.3,1.8,2.3,112.2,9.5,126.6,226.3,1.7,362.9,222.0,4.0,285.6,39.4,144.8,19.7,73.7,3980.000000000001
2023-03-18,,190.8,2.3,27.1,92.9,3.4,96.0,,,68.9,13.9,389.1,121.7,33.7,52.2,24.9,260.6,88.4,,204.0,517.9,2.8,6.1,1.8,2.4,101.3,9.6,119.9,225.8,1.5,353.2,223.5,4.9,234.9,38.1,148.2,18.9,71.6,3793.9000000000005
2023-03-19,,167.5,2.7,24.9,76.2,3.0,91.1,,,64.5,12.9,354.5,108.9,31.2,53.9,24.4,239.6,80.6,,193.3,498.3,2.7,6.2,1.8,2.2,96.8,8.8,117.5,216.5,1.3,305.4,187.8,3.3,246.6,36.8,123.4,18.1,70.6,3513.8999999999996
2023-03-20,,183.4,2.7,23.8,75.1,3.2,90.2,,,67.8,13.7,375.3,111.9,32.1,54.2,22.9,267.7,88.2,,191.0,531.3,2.6,6.4,1.8,2.2,97.4,8.2,121.0,203.2,1.7,326.4,225.2,3.3,272.2,38.1,132.2,18.7,73.1,3709.2000000000007
2023-03-21,,194.5,2.7,25.0,79.1,3.2,97.9,,,65.2,13.7,386.8,115.7,32.8,55.8,26.6,281.8,88.5,,199.7,544.4,2.8,6.6,1.8,2.4,103.1,8.6,122.7,205.9,1.8,340.3,244.2,3.3,269.4,37.8,140.0,16.3,74.6,3836.6000000000004
2023-03-22,,197.5,2.7,24.8,76.7,3.3,99.6,,,69.1,13.3,386.9,122.1,33.8,56.9,27.0,268.9,88.6,,212.1,536.5,2.9,6.6,1.8,2.4,105.9,9.3,129.3,209.7,1.7,353.0,258.1,3.7,287.9,39.7,147.4,17.6,73.2,3914.9
2023-03-23,,199.6,2.7,26.1,87.3,3.2,106.6,,,69.5,14.6,388.9,122.1,33.1,57.7,27.6,281.0,90.8,,216.9,553.8,2.9,6.7,1.8,2.4,110.9,9.6,128.1,213.5,1.7,355.4,264.9,3.7,293.5,39.1,157.0,19.3,74.9,4011.9
2023-03-24,,208.2,2.6,27.5,93.2,3.4,112.9,,,70.7,14.0,386.5,118.6,34.3,56.7,29.6,289.0,90.8,,222.0,562.0,2.8,6.9,1.7,2.3,116.0,9.9,121.4,211.6,1.8,353.8,277.8,3.9,305.9,39.0,165.2,18.0,75.2,4080.3000000000006
2023-03-25,,211.8,2.6,27.8,95.6,3.2,114.5,,,67.0,13.7,394.0,114.1,32.9,53.8,29.4,288.8,89.2,,225.8,559.8,2.8,6.9,1.8,2.3,118.7,9.7,115.9,212.1,1.6,352.4,277.6,3.9,296.0,37.8,174.5,18.3,76.1,4077.2000000000007
2023-03-26,,210.4,2.7,25.9,95.6,2.9,109.0,,,65.4,10.5,382.7,105.3,30.4,55.7,28.9,274.4,82.7,,220.9,527.5,2.7,6.5,1.7,2.3,115.6,9.4,112.8,215.7,1.1,324.9,270.2,3.8,299.4,36.5,165.1,18.0,75.6,3935.8
2023-03-27,,218.6,2.6,26.4,96.9,3.2,107.9,,,69.6,14.4,403.3,118.7,33.1,57.5,29.4,290.5,89.4,,225.2,561.2,2.3,6.2,1.7,2.1,117.2,9.6,122.6,221.4,1.5,349.3,277.1,4.9,309.0,37.4,164.2,17.5,76.1,4112.4
2023-03-28,,225.3,2.5,27.6,100.4,3.3,111.5,,,67.5,13.0,409.0,123.4,33.2,57.7,30.5,296.5,91.8,,230.8,573.0,2.6,5.5,1.7,2.2,120.4,9.7,124.9,226.7,1.6,367.9,288.6,4.1,318.4,38.5,178.0,18.4,75.5,4226.300000000001
2023-03-29,,229.3,2.4,27.4,101.6,3.5,117.7,,,73.8,13.2,404.8,124.9,34.0,57.5,30.6,300.5,93.1,,235.4,571.1,2.7,5.6,1.8,2.2,116.2,9.7,127.4,227.4,1.7,372.2,285.9,3.6,325.7,38.6,187.7,18.3,76.6,4268.600000000001
2023-03-31,,226.3,2.8,28.9,93.6,3.4,105.8,,,69.7,12.4,390.3,106.7,33.6,56.4,27.5,295.3,90.6,,217.5,562.6,2.6,5.7,1.7,2.2,105.5,9.1,121.0,188.9,1.6,369.2,296.4,3.4,272.3,34.5,161.0,18.0,73.5,4033.0
2023-04-01,,220.4,2.3,26.9,86.9,3.2,101.0,,,66.3,14.2,389.2,108.3,31.5,55.0,24.8,288.9,89.6,,219.8,545.3,2.7,5.6,1.8,1.8,97.6,9.1,116.9,198.1,1.5,365.5,287.7,3.7,273.9,35.5,133.4,18.2,66.6,3934.8999999999996
2023-04-02,,211.5,2.3,23.2,93.2,2.9,111.3,,,64.0,11.4,379.6,98.2,28.3,55.5,28.8,271.0,82.6,,226.1,540.7,2.6,5.2,1.6,1.9,109.4,9.2,112.9,200.5,1.2,333.9,279.1,3.5,286.8,33.6,131.1,18.4,70.8,3873.7
2023-04-03,,219.2,2.6,23.8,95.3,3.3,116.4,,,70.1,13.9,403.6,114.2,29.5,56.8,29.5,291.8,89.1,,234.7,567.8,2.7,4.8,1.7,2.1,106.5,9.8,113.9,212.3,1.5,357.4,285.5,3.6,303.6,36.8,156.0,17.6,76.0,4096.799999999999
2023-04-04,,225.1,2.8,26.1,103.9,3.2,119.2,,,70.6,13.0,415.7,118.1,31.2,56.5,31.1,288.6,86.5,,235.8,580.9,2.8,4.9,1.8,2.1,106.3,9.7,121.8,210.4,1.6,370.4,271.7,4.1,307.3,38.1,183.1,17.3,75.5,4181.200000000001
2023-04-05,,227.4,2.6,27.1,101.5,3.1,118.3,,,73.6,13.8,414.6,124.6,31.9,58.3,31.4,292.9,86.8,,238.5,560.1,2.8,5.3,1.8,2.1,111.2,9.6,119.8,220.0,1.6,370.3,270.3,4.3,315.1,38.0,190.0,17.1,74.0,4204.500000000002
2023-04-06,,233.1,2.5,28.5,102.9,3.1,120.4,,,74.1,13.8,421.0,124.5,31.9,55.0,30.2,294.9,89.1,,240.4,555.6,2.7,5.1,1.9,2.1,107.3,10.1,123.7,219.4,1.6,378.4,270.0,4.4,320.2,38.4,191.5,17.3,73.0,4231.7
2023-04-07,,233.5,2.4,30.2,105.1,3.3,116.2,,,74.0,13.9,428.5,128.6,32.3,56.3,31.0,277.1,83.3,,239.0,522.8,2.7,4.9,1.6,2.1,108.5,9.8,129.3,229.3,1.6,379.0,265.3,5.3,329.3,39.3,200.3,16.6,75.7,4222.6
2023-04-08,,225.0,2.5,31.2,109.0,3.3,110.2,,,71.8,14.9,431.7,131.3,31.6,56.2,32.3,274.6,87.9,,235.6,543.7,2.7,5.2,1.8,2.0,107.8,9.0,130.4,231.6,1.5,378.8,254.2,4.7,337.2,37.6,204.3,17.6,76.9,4240.799999999999
2023-04-09,,226.9,2.6,30.6,110.7,3.1,117.5,,,70.7,14.3,420.8,115.0,29.5,55.5,32.1,268.4,82.5,,232.9,534.1,2.5,5.1,1.7,2.0,117.0,9.1,123.2,231.2,1.2,347.9,253.6,4.4,336.9,36.4,194.3,17.8,75.8,4151.0
2023-04-10,,232.3,2.7,31.1,108.9,3.6,120.9,,,77.5,14.8,441.2,125.6,31.0,55.1,33.3,293.4,90.2,,243.2,563.9,2.6,5.0,1.8,2.0,113.7,9.9,137.1,236.5,1.4,373.6,259.0,5.1,344.9,37.0,210.4,18.4,77.6,4348.800000000001
2023-04-11,,236.0,2.5,33.1,113.4,3.6,124.7,,,80.1,15.8,448.0,136.0,31.5,55.3,33.9,297.7,95.7,,252.6,557.9,2.7,5.1,1.9,2.1,117.7,9.9,142.1,245.4,1.5,389.0,262.5,5.4,355.1,38.8,215.0,18.1,77.5,4452.500000000001
2023-04-12,,240.9,2.6,33.8,115.9,4.0,125.4,,,85.4,15.5,442.7,141.5,32.2,55.1,34.4,301.2,98.7,,258.4,598.3,2.7,5.3,1.9,2.1,117.7,10.0,147.6,249.9,1.6,390.9,262.9,5.5,375.2,39.6,215.3,19.8,75.8,4555.0
2023-04-13,,244.1,2.6,34.2,117.9,4.2,126.5,,,88.3,15.9,451.2,142.4,31.9,55.0,33.3,304.8,100.6,,262.5,601.8,2.8,5.4,2.0,2.2,120.8,10.2,147.7,248.5,1.6,392.4,260.7,5.6,374.3,40.7,220.0,18.2,77.2,4592.5
2023-04-14,,244.8,2.4,33.5,124.5,4.2,128.5,,,88.7,15.2,450.9,147.3,31.9,54.2,33.5,299.3,100.3,,266.9,575.9,2.5,5.2,1.8,2.1,123.4,9.6,152.1,252.9,1.5,377.2,249.8,5.5,401.7,41.1,225.0,17.9,78.4,4594.0
2023-04-15,,241.3,2.3,32.5,125.6,4.4,126.6,,,91.4,15.5,451.5,146.5,27.6,52.7,34.9,289.1,93.3,,264.5,542.4,2.7,5.3,1.9,2.2,134.0,10.1,154.2,259.7,1.5,385.9,231.5,6.0,410.9,41.3,231.3,18.4,77.8,4560.799999999999
2023-04-16,,241.8,2.3,34.5,125.6,4.2,127.5,,,90.7,14.4,434.1,139.9,27.4,53.4,35.4,282.2,90.8,,258.1,537.6,2.7,5.3,1.9,2.5,133.7,9.1,143.6,260.6,1.1,367.0,235.3,6.0,406.1,39.0,225.9,19.6,77.4,4480.4
2023-04-17,,244.4,2.6,35.6,127.2,4.9,128.1,,,101.1,15.0,456.1,155.4,31.5,57.5,35.2,301.3,100.6,,266.2,584.9,2.8,5.3,2.0,2.4,128.8,9.5,159.7,281.3,1.6,380.5,250.6,6.4,425.5,42.4,234.8,17.7,77.1,4721.2
2023-04-18,,246.4,2.6,37.7,131.9,5.2,129.7,,,109.1,16.6,461.7,164.8,31.8,50.3,32.9,305.6,103.1,,269.5,602.6,2.7,5.3,2.0,2.4,139.7,10.2,160.5,277.0,1.6,404.0,251.3,6.6,439.7,43.9,245.7,17.4,79.3,4836.299999999999
2023-04-19,,246.5,2.4,32.9,127.7,4.8,129.8,,,107.1,15.8,458.1,153.6,29.3,58.2,35.9,307.8,103.3,,266.2,606.7,2.9,4.8,2.0,3.0,141.7,10.3,135.6,271.4,1.6,409.4,251.7,6.3,435.8,42.2,242.1,18.1,80.6,4791.5
2023-04-20,,247.8,2.3,29.1,127.4,4.8,123.7,,,103.9,15.7,459.9,161.0,28.9,57.5,35.9,309.5,102.6,,247.8,596.5,2.0,4.4,2.0,2.2,124.8,10.5,141.7,273.5,1.4,415.4,242.5,6.5,443.2,44.3,237.9,19.2,80.9,4752.399999999999
2023-04-21,,241.3,2.4,27.8,122.7,4.8,110.7,,,98.8,16.1,452.4,157.3,29.2,59.3,35.1,298.1,99.5,,239.5,581.9,1.4,5.0,1.3,2.3,111.0,10.6,138.6,274.2,1.3,405.4,219.2,3.2,420.3,42.8,220.4,19.5,79.3,4578.499999999999
2023-04-22,,228.7,2.2,26.6,102.4,4.6,104.6,,,89.3,14.9,439.3,150.9,30.3,59.0,31.8,278.4,94.2,,250.3,563.4,2.1,5.1,1.5,2.0,111.0,10.8,139.9,262.9,0.9,394.0,200.4,3.7,418.1,43.0,189.2,18.2,76.9,4396.400000000001
2023-04-23,,211.8,2.1,22.1,111.4,4.6,95.7,,,81.1,13.0,416.5,125.4,27.9,55.7,32.0,267.0,88.7,,229.3,549.1,2.2,4.9,1.6,1.8,106.5,10.0,131.9,247.2,0.9,344.9,189.4,4.4,359.0,38.9,170.8,17.5,74.4,4084.2
2023-04-24,,220.2,2.2,26.5,98.3,4.5,101.8,,,86.2,13.3,440.3,149.9,30.0,55.7,29.5,294.1,96.2,,230.6,582.7,2.4,5.0,1.8,2.0,115.8,9.9,147.8,259.6,1.3,359.5,197.9,4.9,334.6,40.9,164.5,18.1,73.7,4246.799999999999
2023-04-25,,228.4,2.1,30.7,105.4,4.3,102.0,,,87.7,15.9,445.6,155.4,31.7,54.6,30.5,287.6,92.5,,241.2,590.0,2.6,5.1,1.8,2.3,108.1,9.9,149.7,269.7,1.5,370.5,188.1,5.5,360.2,42.9,172.6,17.8,76.6,4335.000000000002
2023-04-26,,227.0,2.2,33.1,116.4,4.5,103.9,,,92.4,15.1,444.2,162.3,31.3,55.3,32.1,284.4,88.7,,231.5,579.9,2.7,5.2,1.8,2.3,109.9,9.8,162.5,268.8,1.5,369.3,159.4,5.7,401.5,44.2,189.6,17.2,77.3,4378.2
2023-04-27,,232.9,2.8,33.4,114.8,4.5,107.2,,,94.1,15.3,447.3,159.3,30.0,52.5,32.8,289.5,90.1,,210.8,551.1,2.6,5.1,1.9,2.4,119.9,9.9,153.1,265.1,1.5,374.6,177.9,4.9,406.8,43.2,182.0,19.2,77.9,4360.9
2023-04-28,,234.4,2.7,31.9,119.2,4.7,100.5,,,93.8,15.5,444.0,160.7,31.2,57.0,31.6,287.8,91.9,,211.2,527.1,2.6,5.2,2.0,2.4,117.3,10.0,161.0,257.7,1.5,384.2,180.0,5.0,406.5,44.2,178.3,17.6,77.4,4343.3
2023-04-29,,222.7,2.5,29.8,122.0,4.5,97.6,,,89.3,15.6,410.6,161.5,31.1,59.0,33.4,275.0,86.8,,195.0,515.2,2.8,5.2,1.9,2.4,115.5,9.9,155.5,231.1,1.3,370.7,169.4,5.5,409.9,45.1,186.8,17.7,77.1,4204.599999999999
2023-04-30,,210.6,2.5,28.3,105.2,3.9,89.5,,,81.6,14.2,377.5,135.5,28.9,57.8,31.7,229.1,86.0,,178.1,484.2,2.5,5.2,1.8,2.5,118.6,8.8,140.6,213.6,1.0,345.1,157.7,5.2,343.4,37.5,159.4,17.5,74.4,3823.4
2023-05-01,,176.1,2.6,27.8,95.6,4.0,84.6,,,76.6,13.7,386.8,129.6,27.9,56.4,31.3,223.7,82.0,,176.0,483.4,2.7,5.4,1.9,2.4,109.0,7.9,142.2,211.0,1.0,298.3,137.9,5.8,293.1,34.3,144.7,16.4,70.8,3604.7000000000003
2023-05-02,,183.1,2.4,29.0,97.7,3.7,87.2,,,74.5,14.8,391.1,130.4,29.2,56.1,31.1,230.3,85.4,,176.1,510.8,2.7,5.5,1.8,2.4,108.6,8.5,139.1,217.5,1.5,299.0,152.8,5.8,300.2,36.7,160.2,16.6,72.5,3707.3
2023-05-03,,188.6,2.5,30.6,110.5,3.7,87.9,,,74.7,15.6,388.3,129.5,28.4,55.9,29.3,242.4,87.0,,184.1,512.2,2.7,5.3,1.8,2.4,105.9,8.8,140.1,222.2,1.6,313.6,160.4,5.6,308.1,37.2,181.2,17.0,73.7,3804.1000000000004
2023-05-04,,193.0,2.3,30.4,103.3,3.8,94.0,,,74.1,15.0,399.0,132.7,28.5,55.3,29.4,251.2,90.0,,189.6,512.1,2.3,5.2,1.8,2.0,108.0,8.8,143.1,235.9,1.6,314.2,167.1,5.2,303.9,38.0,174.6,15.8,74.1,3851.4
2023-05-05,,193.2,2.5,32.0,111.9,3.8,99.3,,,79.0,15.2,409.5,146.1,29.7,56.5,31.5,253.1,90.7,,202.0,507.1,2.2,5.1,1.9,2.4,111.8,9.1,148.7,252.1,1.6,314.9,171.5,5.2,352.8,40.6,178.8,17.7,78.0,4003.1999999999994
2023-05-06,,194.8,2.0,32.8,116.8,4.0,102.4,,,81.3,15.2,412.1,150.0,29.9,52.3,32.0,249.8,89.7,,214.7,541.7,2.2,5.6,1.9,2.5,113.3,9.3,158.0,263.9,1.4,307.0,169.5,5.8,371.7,41.2,195.0,17.6,76.5,4109.400000000001
2023-05-07,,190.3,2.3,33.3,123.1,4.2,102.6,,,82.1,13.7,403.3,138.6,25.5,51.9,33.4,222.8,81.6,,221.0,526.2,2.2,5.5,1.8,2.4,118.9,8.7,136.3,262.2,1.1,279.5,162.6,5.6,381.5,38.9,195.0,17.9,77.7,3997.9
2023-05-08,,200.7,2.5,31.6,124.7,4.5,107.4,,,91.7,15.2,430.4,159.8,29.1,50.2,34.3,229.3,91.3,,231.0,553.0,2.4,5.3,1.9,2.5,123.2,9.3,158.9,272.9,1.4,305.4,176.0,5.8,389.6,41.9,211.8,18.8,77.0,4235.700000000001
2023-05-09,,209.0,2.4,36.4,128.4,4.6,108.2,,,93.9,15.6,440.5,169.1,29.8,56.4,34.5,216.9,92.5,,240.7,559.4,2.5,4.8,2.0,2.5,123.8,9.8,166.7,289.3,1.5,320.1,181.3,6.6,419.5,42.4,225.3,17.0,77.6,4376.400000000001
2023-05-10,,218.3,2.2,35.8,125.9,4.6,107.3,,,95.2,15.4,437.1,171.7,31.1,56.7,35.5,197.9,93.8,,244.0,573.4,2.4,5.0,2.0,2.4,121.2,10.3,172.3,271.2,1.5,337.9,184.8,6.4,430.8,43.2,229.2,17.2,77.0,4406.099999999999
2023-05-11,,219.6,2.5,36.2,129.3,4.9,106.6,,,99.8,15.9,447.0,178.3,30.2,55.9,35.6,218.4,92.7,,250.7,587.2,2.5,4.8,1.9,2.5,123.2,10.1,179.2,294.7,1.5,344.0,186.7,6.2,431.1,44.2,225.3,16.8,77.9,4508.599999999999
2023-05-12,,224.5,2.3,36.4,132.7,5.1,106.5,,,103.9,16.1,440.3,184.5,30.5,57.8,36.2,220.3,93.0,,258.4,588.0,2.5,4.9,1.8,2.5,122.6,10.3,186.3,301.2,1.5,351.3,185.9,6.3,459.2,45.8,222.7,16.0,78.2,4580.9
2023-05-13,,224.0,2.5,37.7,137.5,5.1,105.7,,,104.4,15.9,441.6,187.5,29.0,56.8,37.7,219.4,93.3,,263.7,585.7,2.4,5.2,1.8,2.6,121.0,10.7,191.3,299.0,1.4,361.1,184.4,5.9,479.6,46.8,216.4,16.7,80.1,4619.2
2023-05-14,,226.3,2.4,31.3,132.9,5.1,104.2,,,106.9,15.3,424.9,168.8,26.4,53.3,38.3,214.1,87.1,,258.7,567.6,2.0,4.9,1.3,2.2,130.1,10.1,169.3,278.6,1.1,337.2,179.6,4.2,470.1,43.9,196.7,16.7,77.8,4433.2
2023-05-15,,237.5,2.5,31.3,108.4,5.6,107.5,,,115.4,15.8,445.7,181.5,29.5,55.7,34.4,245.9,96.5,,255.7,591.3,2.1,4.9,1.6,2.3,136.0,10.8,193.2,272.7,1.4,372.9,190.4,4.8,476.4,46.9,182.2,17.6,75.1,4596.000000000001
2023-05-16,,245.1,2.6,27.0,130.3,5.8,108.6,,,117.7,15.5,444.4,182.2,31.1,55.4,33.8,263.6,98.0,,262.4,591.1,2.2,4.4,1.6,2.4,118.5,11.1,198.0,276.9,1.0,384.9,195.9,5.2,479.0,48.4,185.1,17.8,77.5,4669.299999999999
2023-05-17,,249.0,2.7,26.6,121.9,6.0,109.0,,,118.6,14.5,439.4,198.3,31.4,54.4,34.5,274.4,99.4,,261.4,594.6,2.2,4.6,1.5,2.3,120.6,11.3,202.8,310.4,1.5,396.7,198.0,4.2,492.5,48.2,205.1,19.3,77.7,4777.8
2023-05-18,,251.0,2.7,30.0,107.7,5.0,108.8,,,110.8,16.2,446.2,153.0,30.5,55.8,34.5,283.5,98.2,,265.4,596.7,2.3,4.8,1.7,2.4,132.8,11.6,144.4,287.3,1.4,397.1,200.8,3.6,442.2,37.9,178.9,19.0,76.3,4585.0
2023-05-19,,247.9,2.7,31.9,126.0,5.6,106.0,,,111.9,16.0,443.6,188.1,32.3,57.6,35.3,286.2,98.2,,271.7,593.5,2.4,4.7,1.7,2.4,125.6,11.0,187.4,307.8,1.4,391.3,204.1,4.8,486.7,47.9,177.0,18.4,78.5,4752.899999999999
2023-05-20,,235.8,2.3,31.8,132.0,5.8,104.2,,,110.9,16.5,447.8,193.4,31.7,56.0,36.6,287.5,96.9,,271.2,596.0,2.2,4.8,1.7,2.4,121.5,11.1,197.3,318.0,1.3,387.7,195.5,5.2,501.3,48.7,191.4,17.7,78.4,4787.7
2023-05-21,,225.7,2.4,27.2,131.7,5.5,105.3,,,110.2,12.5,422.7,184.0,28.7,55.8,36.6,243.3,86.9,,255.9,579.3,2.3,4.5,1.8,2.5,119.4,10.5,212.0,315.0,1.1,350.1,181.2,4.9,501.7,46.1,200.4,17.3,73.2,4602.0
2023-05-22,,233.0,2.6,30.9,130.3,6.5,106.6,,,129.9,15.0,446.3,203.4,30.8,56.7,32.7,236.5,88.6,,256.4,590.0,2.3,4.5,1.8,2.5,118.2,10.8,214.4,327.3,1.5,360.7,179.1,4.9,521.7,49.8,201.3,17.0,76.0,4735.1
2023-05-23,,233.3,2.6,34.0,106.8,6.9,109.0,,,135.0,14.8,453.7,205.4,31.4,57.0,34.0,246.1,91.5,,266.8,594.7,2.5,4.6,1.9,2.5,120.1,10.7,233.4,330.9,1.5,382.9,193.3,4.3,507.1,48.0,195.2,17.3,74.9,4799.6
2023-05-24,,243.0,2.5,32.3,110.7,6.0,107.7,,,119.1,15.8,451.1,175.5,29.7,52.1,36.0,242.8,94.6,,268.3,600.8,2.4,4.9,1.9,2.6,126.3,10.8,180.0,277.0,1.4,384.3,194.7,4.0,453.1,35.2,181.4,18.9,76.7,4588.8
2023-05-25,,235.8,2.5,36.3,109.8,5.0,108.9,,,111.5,16.0,445.9,161.6,24.7,52.0,30.7,245.8,94.0,,262.1,592.7,2.4,5.0,1.8,2.6,120.0,11.0,153.8,225.0,1.5,385.4,193.7,5.0,441.6,40.9,189.5,18.9,71.1,4448.200000000001
2023-05-26,,237.2,2.6,30.1,103.5,5.0,106.9,,,103.8,17.0,439.6,161.1,29.3,54.7,27.3,253.7,92.7,,239.2,587.9,2.2,4.9,1.7,2.5,124.2,10.7,160.6,195.1,1.5,375.5,195.0,5.0,391.7,43.5,161.6,17.5,65.3,4294.199999999999
2023-05-27,,244.2,2.5,31.3,101.9,4.8,97.8,,,97.4,15.3,432.4,143.0,30.3,55.2,29.0,259.8,92.1,,251.4,586.9,2.4,5.3,1.8,2.4,113.6,10.8,158.7,230.7,1.8,369.8,198.2,4.5,371.2,44.3,171.6,17.6,71.9,4296.900000000001
2023-05-28,,233.8,2.6,34.0,122.2,4.7,97.9,,,98.0,13.6,409.5,146.8,26.4,55.9,32.5,246.6,87.5,,230.0,568.1,2.3,5.2,1.8,2.5,116.0,10.4,161.2,213.8,1.7,345.2,191.7,4.8,399.3,42.4,172.6,18.9,74.3,4218.700000000001
2023-05-29,,233.9,2.6,37.7,127.4,5.2,106.0,,,99.0,16.1,388.0,154.4,28.0,53.6,33.7,265.6,94.4,,213.3,583.7,2.4,5.2,1.8,2.6,121.6,11.1,158.4,204.7,1.9,374.3,201.6,5.7,434.2,45.8,204.9,19.1,74.3,4357.2
2023-05-30,,219.5,2.8,42.6,131.4,4.8,108.5,,,97.7,15.6,397.0,146.0,27.8,56.2,37.4,245.3,93.4,,237.0,594.1,2.5,5.1,1.8,2.5,123.1,10.6,152.1,205.2,2.0,380.3,185.6,6.4,438.7,46.6,223.0,17.3,76.7,4381.900000000001
2023-05-31,,222.7,2.9,45.2,137.7,4.4,109.7,,,92.4,16.1,422.0,141.9,27.3,53.0,36.4,243.1,93.0,,239.3,600.3,2.4,5.2,1.9,2.6,131.5,10.0,139.5,219.7,2.0,374.6,191.4,6.6,457.4,46.5,227.1,18.3,75.7,4441.199999999999
2023-06-01,,233.9,2.6,45.1,133.0,4.3,107.7,,,88.6,14.4,435.1,141.6,26.7,52.6,36.0,234.9,91.8,,253.4,587.7,2.5,4.9,1.9,2.7,132.9,11.2,133.7,216.3,2.0,389.4,198.6,6.6,457.0,45.6,228.9,17.2,73.9,4458.3
2023-06-02,,243.0,2.6,43.5,133.4,4.4,107.9,,,94.0,15.8,443.2,149.9,27.9,53.5,37.2,241.6,93.1,,259.0,593.2,2.5,4.6,1.9,2.8,129.7,11.0,139.3,239.8,2.0,386.1,203.6,6.6,473.6,45.2,233.9,15.6,74.0,4560.700000000002
2023-06-03,,253.7,2.8,44.4,137.7,4.5,106.8,,,98.0,14.8,450.9,162.2,28.4,52.0,38.0,250.9,93.6,,254.2,601.1,2.6,4.7,2.1,3.0,124.7,11.4,150.7,250.8,1.4,388.0,205.8,6.6,496.6,47.5,236.2,16.9,75.5,4663.8
2023-06-04,,238.8,2.7,40.1,140.5,4.6,104.9,,,97.6,15.2,385.6,150.9,26.2,50.5,38.9,231.9,84.8,,234.0,545.5,2.6,4.8,1.9,2.9,121.0,10.6,155.0,214.4,1.9,356.8,188.1,6.1,476.3,44.2,222.3,16.9,74.8,4335.600000000001
2023-06-05,,235.0,2.9,43.2,144.2,5.5,104.6,,,110.0,16.0,430.8,177.6,29.1,51.7,36.6,257.9,92.1,,251.7,559.5,2.6,4.7,1.8,2.8,124.5,10.0,178.9,253.2,2.0,378.2,193.3,6.6,494.5,47.4,232.4,18.8,75.7,4621.300000000001
2023-06-06,,244.4,2.9,46.3,145.1,5.3,105.9,,,113.7,16.2,440.5,179.8,29.5,51.5,36.4,262.0,91.3,,256.0,597.6,2.3,4.4,1.8,3.0,129.3,9.6,177.3,251.0,1.5,371.5,203.4,7.0,503.9,47.9,237.6,17.1,76.2,4715.2
2023-06-07,,245.6,3.1,47.6,146.2,5.5,107.2,,,116.1,16.4,450.2,189.1,30.4,46.8,37.3,263.3,87.4,,253.8,604.1,2.1,4.7,1.9,3.0,133.8,10.1,174.2,264.5,1.4,353.9,204.5,7.0,519.4,48.8,238.4,17.0,76.6,4757.5
2023-06-08,,242.1,2.9,47.4,148.5,5.7,111.1,,,121.2,17.1,460.0,200.2,31.8,50.5,38.2,264.8,82.2,,253.7,601.2,2.2,4.5,1.9,3.0,132.1,10.6,188.5,287.8,1.5,380.9,203.2,5.8,527.8,50.2,243.1,17.2,75.9,4860.999999999999
2023-06-09,,249.8,2.9,40.7,145.7,6.1,111.7,,,126.4,16.0,462.3,208.3,32.6,50.1,37.3,256.1,80.5,,251.2,626.3,2.3,4.7,1.8,2.9,133.1,11.1,208.8,295.8,1.5,389.0,204.5,5.4,535.9,51.7,218.9,17.1,78.1,4912.799999999999
2023-06-10,,244.6,2.9,38.6,146.0,6.2,111.2,,,126.2,14.5,455.5,199.6,31.7,49.4,37.7,238.5,77.8,,257.6,614.4,2.3,4.9,1.6,2.8,136.6,11.0,204.2,309.3,1.5,382.7,197.1,4.9,542.4,52.9,198.9,17.6,79.2,4848.6
2023-06-11,,241.6,2.5,33.3,144.3,5.5,109.2,,,119.1,13.5,416.5,182.2,27.7,50.7,37.6,221.5,72.7,,253.0,585.6,2.2,5.6,1.8,2.6,122.7,10.4,175.2,304.0,1.1,352.4,188.4,4.5,531.5,48.6,205.8,18.7,78.0,4615.000000000001
2023-06-12,,251.7,2.7,37.1,133.8,6.6,112.4,,,135.2,14.3,374.1,212.0,30.6,58.8,37.4,245.2,77.2,,261.7,610.0,2.3,5.1,1.8,2.6,122.0,10.5,207.1,325.1,1.4,376.0,205.2,4.9,554.8,52.6,204.4,18.0,76.9,4816.9000000000015
2023-06-13,,250.7,2.9,39.5,139.0,6.9,111.9,,,143.6,15.0,397.1,226.6,29.7,53.4,37.3,256.3,76.8,,264.5,615.2,2.4,4.8,1.9,2.7,116.0,10.8,220.3,332.2,1.5,374.0,212.8,5.3,551.2,53.5,217.7,17.4,78.3,4914.7
2023-06-14,,254.6,2.4,36.8,127.5,6.5,110.4,,,142.6,15.2,367.4,222.9,30.4,51.7,36.1,261.1,78.9,,257.8,611.2,2.1,4.9,1.7,2.6,120.7,10.9,205.5,331.5,1.4,379.1,217.3,5.1,532.9,52.8,225.8,17.9,79.9,4851.500000000001
2023-06-15,,257.9,2.5,27.1,123.5,5.9,111.9,,,138.5,15.3,321.3,222.8,31.3,52.2,38.1,271.7,81.7,,261.5,613.4,2.2,4.2,1.7,2.5,120.1,11.0,177.8,315.4,1.4,394.7,219.3,4.1,523.2,53.7,238.5,17.8,79.6,4789.8
2023-06-16,,263.8,2.7,27.4,135.0,6.4,117.0,,,136.8,15.3,276.5,223.8,32.5,53.9,41.7,276.6,83.8,,265.2,604.2,2.2,4.1,1.4,2.3,130.2,10.9,219.4,292.3,1.6,405.6,225.2,3.9,544.5,53.9,238.4,19.3,79.7,4843.5
2023-06-17,,261.0,2.3,26.5,148.3,6.6,117.8,,,132.1,15.0,296.3,230.1,33.0,52.7,43.3,274.3,81.9,,257.8,613.8,2.2,4.4,1.7,2.3,130.2,11.3,240.4,254.8,1.2,383.2,224.6,3.7,568.5,55.8,227.6,19.4,80.1,4850.699999999999
2023-06-18,,251.5,2.5,25.4,146.6,6.2,118.0,,,126.7,13.1,312.3,208.5,30.2,50.5,40.4,259.4,73.0,,247.0,599.3,2.1,4.4,1.6,2.3,127.5,9.6,244.7,203.6,0.9,345.6,210.7,3.7,543.4,48.6,206.7,17.8,78.2,4607.1
2023-06-19,,243.9,2.5,27.9,139.1,6.9,120.6,,,125.2,14.3,364.0,216.6,31.3,48.2,37.7,269.1,81.3,,242.2,627.3,2.4,4.5,1.6,2.3,118.2,9.2,264.1,221.3,1.3,341.1,221.2,4.0,541.4,52.5,197.2,17.3,78.6,4722.3
2023-06-20,,235.7,2.7,30.8,133.8,7.4,120.4,,,128.7,15.2,385.6,230.3,32.7,52.8,37.0,253.5,82.6,,243.3,633.4,2.3,4.6,1.6,2.6,123.8,9.3,291.6,247.5,1.2,345.7,230.1,4.5,498.2,52.5,206.8,18.3,76.2,4789.600000000001
2023-06-21,,222.1,2.5,30.2,135.5,7.7,114.5,,,132.4,15.6,396.5,238.4,34.3,53.9,35.8,246.2,81.5,,239.2,636.1,2.4,4.7,1.6,2.7,125.0,9.5,333.1,272.7,1.4,345.4,222.0,4.9,484.4,53.7,208.4,17.7,75.6,4834.599999999999
2023-06-22,,215.6,2.6,31.9,137.2,7.9,105.8,,,137.3,15.4,412.0,237.9,34.2,54.7,34.4,241.6,81.6,,244.7,626.6,2.3,4.7,1.6,2.7,116.7,9.9,333.5,289.3,1.4,351.9,204.2,5.3,513.2,55.6,211.0,18.1,75.9,4866.0
2023-06-23,,211.6,2.7,36.9,136.0,7.5,99.7,,,143.3,14.4,416.3,249.6,33.7,55.8,36.7,241.7,82.1,,231.1,613.4,2.4,4.8,1.8,2.7,110.3,10.2,339.8,303.1,1.5,356.9,198.1,5.6,528.3,53.4,214.2,17.7,78.3,4888.7
2023-06-24,,206.6,2.6,41.6,142.5,6.7,102.5,,,136.4,14.0,410.9,251.2,32.8,54.5,35.9,221.8,82.5,,215.0,564.2,2.6,4.8,1.9,2.7,106.8,10.2,343.5,311.9,1.3,361.6,179.5,5.5,498.1,51.1,209.8,18.0,78.1,4756.6
2023-06-25,,197.4,2.9,40.3,138.6,5.5,90.4,,,106.7,12.1,374.0,176.0,28.0,50.5,33.3,204.6,73.9,,211.3,512.9,2.4,4.9,1.8,2.7,112.4,9.6,300.3,265.4,0.9,336.3,170.1,9.5,424.6,40.9,192.8,18.1,75.3,4272.599999999999
2023-06-26,,202.0,3.0,42.1,129.6,5.8,87.1,,,114.1,13.4,374.6,193.9,29.9,43.7,32.6,219.1,77.0,,203.4,523.6,2.5,5.6,1.8,2.9,99.8,10.0,260.7,259.1,1.3,358.2,182.8,5.6,462.7,44.9,190.4,17.9,73.0,4320.100000000001
2023-06-27,,216.9,2.9,40.5,119.9,6.0,85.0,,,119.6,13.7,367.8,213.8,31.7,51.8,30.7,234.8,74.4,,201.1,512.6,2.4,5.4,1.7,2.8,106.3,10.4,291.8,260.5,1.3,366.1,186.3,5.2,470.6,47.5,184.1,17.9,74.5,4403.499999999999
2023-06-28,,229.1,2.9,40.7,115.0,6.2,86.7,,,122.5,12.4,357.0,211.1,34.6,52.8,31.1,235.8,74.1,,205.7,502.6,2.5,5.4,1.8,2.8,110.5,10.4,297.9,259.1,1.3,367.5,187.6,4.8,470.4,46.0,164.9,19.6,73.7,4392.7
2023-06-29,,235.5,2.9,40.8,104.3,6.0,93.6,,,115.6,12.6,346.3,209.5,34.2,53.1,31.7,228.6,71.4,,202.1,488.5,2.5,5.5,1.8,2.8,116.1,10.4,308.6,252.5,1.2,372.5,188.4,4.7,450.9,46.3,176.3,19.2,74.5,4356.5
2023-06-30,,233.0,2.7,40.5,97.7,6.4,100.8,,,118.2,13.8,333.6,221.5,36.0,52.5,33.6,218.6,76.2,,201.5,487.4,2.5,5.3,1.8,2.9,98.6,10.5,311.6,249.2,1.3,374.3,199.1,4.6,396.1,45.8,190.7,19.2,76.1,4310.900000000001
2023-07-01,,240.0,2.8,39.9,109.7,6.2,105.3,,,117.1,12.4,325.3,227.3,34.9,52.4,33.8,224.9,78.5,,204.5,494.1,2.6,5.1,1.9,2.7,123.5,10.4,309.4,255.1,1.2,376.9,209.8,4.6,415.4,44.1,190.3,17.7,75.1,4399.400000000001
2023-07-02,,239.1,2.6,37.9,109.7,6.2,109.7,,,116.8,11.3,323.1,223.8,30.7,53.8,34.2,211.4,71.7,,208.9,495.5,2.5,4.9,1.9,2.7,137.9,9.0,306.7,260.8,1.0,337.2,205.0,5.0,428.4,41.8,190.5,19.0,74.0,4358.0999999999985
2023-07-03,,226.7,2.7,38.4,116.3,7.3,113.8,,,136.9,12.3,355.6,249.2,35.7,52.5,34.2,222.6,72.0,,225.5,524.5,2.6,4.7,1.9,2.8,128.9,9.3,300.4,276.8,1.4,346.2,221.4,5.8,485.4,46.7,202.0,17.8,74.5,4599.3
2023-07-04,,213.7,2.6,41.5,119.7,6.8,116.8,,,139.5,12.8,378.6,250.5,34.1,49.7,35.5,219.1,68.8,,234.0,535.6,2.7,5.4,1.9,2.7,125.0,8.1,309.9,296.6,1.3,339.1,230.0,6.0,493.3,47.4,218.1,17.9,76.1,4686.499999999998
2023-07-05,,207.7,2.8,44.6,118.0,6.1,115.2,,,134.4,12.1,384.0,240.2,33.8,48.7,36.7,212.0,66.2,,232.8,520.3,2.7,5.3,1.8,2.8,117.9,9.2,230.4,301.4,1.5,342.8,212.3,5.1,490.9,48.3,220.1,17.7,74.9,4546.6
2023-07-06,,201.3,2.6,41.8,132.1,6.2,106.4,,,123.5,12.1,367.8,224.7,33.1,49.6,36.0,203.1,68.8,,229.4,508.2,2.4,5.0,1.5,2.6,117.2,9.5,213.1,274.8,1.4,345.1,217.4,5.7,458.0,42.4,207.3,17.3,73.5,4387.2
2023-07-07,,207.7,2.6,42.8,128.5,6.4,100.0,,,125.0,12.2,363.3,233.4,35.0,50.3,35.3,203.7,71.3,,219.1,503.9,2.6,5.2,1.6,2.8,120.2,10.1,239.1,260.1,1.3,358.4,218.0,5.5,464.3,43.9,194.3,16.4,73.3,4403.8
2023-07-08,,209.4,2.4,43.7,133.6,5.2,99.9,,,111.3,12.3,350.5,196.1,33.5,48.1,35.9,203.1,70.8,,224.6,495.1,2.5,5.2,1.8,2.9,119.2,10.2,190.0,240.5,1.2,360.6,216.9,5.5,433.6,42.8,189.8,17.8,73.7,4235.7
2023-07-09,,217.1,2.5,42.6,139.6,3.9,102.4,,,101.4,11.6,321.0,148.6,30.3,43.9,36.5,188.3,67.3,,217.9,485.7,2.3,5.0,1.8,2.9,122.8,9.6,150.4,234.5,1.0,331.6,215.9,5.4,422.0,36.1,199.5,17.4,71.1,4034.1
2023-07-10,,219.3,2.7,41.9,142.3,4.0,111.0,,,107.9,12.5,342.0,162.3,23.0,46.8,39.5,215.0,76.3,,224.7,514.9,2.3,4.9,1.7,2.9,124.3,9.5,172.2,238.8,1.4,343.1,235.1,5.7,449.3,39.1,220.2,17.7,75.1,4274.299999999998
2023-07-11,,216.1,2.7,42.2,137.6,4.9,108.0,,,110.2,12.8,352.7,178.1,24.2,52.1,39.9,219.0,78.3,,227.6,523.2,2.6,5.1,2.0,3.0,123.4,9.6,216.7,254.9,1.5,328.4,226.8,5.4,457.9,36.8,214.9,17.8,77.0,4359.1
2023-07-12,,213.6,2.6,40.3,137.5,5.6,111.9,,,119.6,13.3,351.7,197.4,27.3,52.3,39.6,221.7,78.5,,231.0,520.6,2.3,4.9,1.9,2.9,127.2,9.6,266.6,270.7,1.5,338.7,232.2,5.9,466.8,36.9,220.4,20.0,76.0,4494.999999999999
2023-07-13,,207.1,2.6,41.4,135.7,5.7,116.2,,,123.9,13.1,367.5,206.5,29.1,59.0,40.7,220.5,77.9,,232.6,524.0,2.4,5.2,1.9,2.7,132.8,10.0,278.0,283.1,1.5,336.3,244.1,5.8,462.6,36.5,224.8,19.8,77.0,4574.499999999999
2023-07-14,,212.4,2.6,40.9,128.3,6.3,120.1,,,123.4,12.9,378.4,215.4,31.5,53.2,38.9,222.7,76.5,,226.7,524.3,2.6,4.9,1.8,2.9,120.5,10.1,295.0,270.8,1.3,349.5,260.1,5.7,475.5,40.0,220.7,17.5,76.5,4616.299999999999
2023-07-15,,216.3,2.6,43.9,132.4,6.5,112.1,,,120.5,13.1,371.6,219.3,33.0,52.1,36.9,222.9,77.8,,226.9,520.7,2.7,5.1,1.7,2.9,109.4,10.5,303.8,286.5,1.1,355.5,251.2,5.7,459.4,40.8,211.7,17.7,76.0,4596.399999999999
2023-07-16,,211.3,2.8,39.9,135.5,6.0,103.0,,,113.8,12.2,356.2,192.9,29.9,51.5,35.5,202.9,73.2,,220.3,489.1,2.4,5.0,1.7,2.8,121.7,9.7,276.6,275.2,0.8,337.4,239.7,5.8,470.0,39.5,187.1,18.1,74.5,4388.7
2023-07-17,,209.5,2.7,38.2,140.1,7.2,98.1,,,127.2,12.9,380.7,218.9,33.0,53.2,34.8,215.6,79.4,,226.7,499.1,2.6,5.4,1.8,2.7,123.4,10.0,299.2,275.6,1.2,357.0,246.1,5.7,502.4,45.3,201.2,18.4,74.3,4594.799999999999
2023-07-18,,199.8,2.8,43.7,145.2,7.1,100.3,,,127.3,12.5,389.3,218.9,32.8,52.5,36.9,207.0,80.0,,232.0,495.4,2.7,5.5,1.9,2.9,116.9,10.3,308.5,285.0,1.2,365.9,210.6,5.8,509.9,44.0,215.0,18.7,76.0,4610.199999999999
2023-07-19,,193.7,3.0,46.7,148.6,7.0,105.8,,,130.2,11.9,378.9,215.8,32.8,46.3,36.5,201.6,78.3,,242.9,478.4,2.7,5.3,1.8,3.0,118.4,10.1,286.7,280.4,1.2,368.6,189.9,6.0,531.7,45.1,222.1,17.0,76.2,4570.299999999999
2023-07-20,,191.3,2.7,47.1,153.4,7.5,108.2,,,140.6,11.9,364.8,235.6,33.3,50.8,36.0,195.9,88.0,,253.5,482.3,2.6,5.8,1.9,2.8,113.3,10.0,300.8,283.6,1.3,363.5,175.2,6.2,557.4,46.4,228.2,18.7,76.9,4643.3
2023-07-21,,195.0,2.9,41.4,151.6,7.9,105.0,,,149.4,12.0,364.3,252.5,36.0,51.9,36.1,202.4,80.6,,252.1,481.8,2.7,5.6,1.8,3.0,114.3,10.1,319.3,291.7,1.1,374.9,165.4,5.9,569.4,49.5,222.1,20.2,75.8,4701.699999999999
2023-07-22,,197.0,2.6,44.0,148.0,6.4,103.7,,,142.8,11.9,366.8,239.0,33.3,49.8,36.6,193.6,75.9,,235.5,473.8,2.7,5.5,1.9,2.8,117.4,10.1,261.2,281.2,1.1,373.3,184.4,6.2,552.0,48.3,212.0,18.5,74.9,4560.099999999999
2023-07-23,,191.3,2.4,41.0,152.4,6.2,101.2,,,136.2,10.8,339.3,225.2,26.6,49.8,36.1,170.5,67.1,,241.5,463.5,2.7,5.3,1.6,2.6,131.0,9.2,265.8,277.9,0.7,336.8,203.4,6.0,548.9,45.0,206.4,20.2,74.6,4444.1
2023-07-24,,190.0,2.7,41.1,154.1,7.1,105.4,,,146.4,11.7,352.6,253.9,33.6,52.5,37.5,177.9,70.7,,256.2,478.5,2.6,5.4,1.7,2.9,135.5,9.4,293.6,286.6,1.3,337.9,200.7,6.4,577.5,47.9,223.6,20.2,76.8,4647.2
2023-07-25,,178.5,2.8,44.7,156.6,7.2,111.6,,,147.3,12.3,360.2,253.4,36.1,51.2,39.6,172.3,72.1,,261.5,487.0,2.7,5.3,1.8,2.9,127.7,9.6,282.7,284.7,1.1,336.0,172.8,5.6,563.0,49.1,215.5,19.3,78.0,4598.4
2023-07-26,,170.5,2.8,45.4,160.0,6.4,116.5,,,128.0,11.5,359.8,203.2,34.1,50.0,39.3,170.4,71.6,,263.3,481.9,2.7,5.4,1.8,2.9,136.9,9.5,270.5,276.4,1.3,339.2,170.1,6.4,513.2,46.7,218.9,20.5,79.4,4462.699999999999
2023-07-27,,171.2,2.6,45.4,160.4,6.7,115.5,,,128.4,11.8,367.6,216.2,34.9,47.9,39.7,166.3,71.3,,264.3,466.1,2.6,5.4,1.9,2.9,134.4,9.9,283.7,260.2,1.3,349.5,142.9,6.2,532.9,47.3,219.8,19.3,76.9,4459.499999999999
2023-07-28,,184.6,2.4,43.8,161.3,6.5,110.3,,,125.0,12.3,360.9,203.8,36.3,51.5,40.9,175.3,73.8,,253.9,458.8,2.9,5.5,1.9,3.0,130.9,10.6,261.4,249.4,1.1,366.8,169.1,6.1,524.1,47.0,225.9,20.4,78.6,4451.2
2023-07-29,,194.7,2.7,43.2,134.1,6.3,104.2,,,112.7,12.4,344.2,199.1,35.6,49.4,33.8,173.6,75.6,,242.2,457.5,2.8,5.6,2.0,3.1,124.2,10.7,273.7,234.2,1.1,376.3,197.4,6.0,469.8,46.0,224.3,19.0,71.7,4335.1
2023-07-30,,199.3,2.9,43.0,144.7,6.0,105.8,,,113.4,11.5,327.1,197.1,32.9,50.0,36.6,166.3,70.7,,244.0,451.0,2.8,5.4,1.7,2.6,131.9,9.8,269.1,243.9,0.8,355.7,210.1,6.2,500.7,42.9,218.1,19.0,74.7,4342.3
2023-07-31,,207.2,3.0,46.0,151.3,7.1,112.6,,,131.6,12.6,347.3,226.5,35.3,51.7,39.8,196.8,78.8,,252.3,474.4,2.8,5.2,1.9,2.1,125.7,10.5,298.2,259.8,1.2,378.8,215.1,5.8,529.7,47.4,226.6,20.4,76.5,4627.400000000001
2023-08-01,,208.8,3.0,48.1,148.3,7.6,108.7,,,136.0,12.8,346.8,246.7,36.4,52.6,36.9,201.4,80.7,,248.8,480.1,2.6,5.3,1.8,2.9,114.0,10.5,327.3,279.1,1.3,391.9,211.2,6.0,546.0,49.2,209.2,18.2,74.5,4700.0
2023-08-02,,211.4,3.0,47.2,121.0,7.8,90.9,,,139.3,12.6,344.5,246.0,35.9,51.7,30.6,204.5,82.0,,233.1,489.5,2.7,5.2,1.9,2.9,98.3,10.4,332.9,302.2,0.9,392.7,226.2,5.3,511.6,47.7,184.0,17.0,68.7,4607.199999999999
2023-08-03,,217.4,2.9,43.9,134.0,7.8,75.2,,,137.7,12.8,351.1,237.3,36.1,51.9,34.7,212.9,83.1,,207.0,489.3,2.6,5.5,1.8,2.9,115.4,10.6,320.3,290.1,1.1,388.4,235.1,5.1,507.2,47.8,201.1,18.8,71.7,4606.500000000001
2023-08-04,,227.1,3.0,43.3,143.3,7.3,84.8,,,133.9,13.0,362.2,236.2,36.3,52.5,38.0,225.3,83.1,,203.2,488.8,2.6,5.5,1.8,2.8,118.8,10.8,313.0,295.6,1.3,393.8,246.2,5.2,479.3,47.5,212.8,20.6,73.9,4658.400000000001
2023-08-05,,234.5,2.8,43.0,145.3,7.1,88.2,,,127.1,13.2,368.6,235.2,36.7,52.6,35.9,226.5,81.8,,208.3,493.8,2.5,5.7,1.8,2.9,113.4,9.6,302.9,301.1,1.2,386.5,252.6,5.2,490.1,47.4,211.7,20.8,73.3,4674.900000000001
2023-08-06,,232.7,2.9,40.7,138.3,6.3,95.3,,,123.9,12.0,350.6,225.3,33.2,49.9,35.4,212.2,75.6,,211.3,482.5,2.4,5.7,1.6,2.9,122.1,10.2,316.6,301.9,0.7,367.5,249.0,4.4,453.8,40.3,190.6,19.7,71.8,4533.499999999999
2023-08-07,,239.1,2.9,40.3,120.3,7.1,100.0,,,128.8,13.4,381.0,237.7,34.4,49.9,33.8,235.8,83.2,,222.1,515.7,2.5,5.1,1.6,2.7,120.2,10.7,312.6,308.7,1.0,385.7,258.5,4.7,460.4,44.6,185.8,19.4,72.1,4687.3
2023-08-08,,236.8,2.9,42.2,121.6,7.1,108.2,,,129.5,13.7,394.1,249.0,35.6,52.2,35.1,242.6,84.2,,236.1,536.7,2.3,5.2,1.8,2.8,119.2,10.7,321.9,316.7,1.1,389.7,259.7,4.6,488.5,45.7,182.0,19.1,70.0,4814.400000000001
2023-08-09,,235.6,3.0,42.3,107.1,7.3,113.3,,,129.4,13.3,395.2,253.0,36.6,53.6,36.0,249.3,83.2,,248.0,540.0,2.6,5.2,1.8,2.9,118.9,10.2,320.2,324.7,1.1,381.5,260.2,5.2,501.9,45.6,195.9,18.5,73.1,4862.200000000001
2023-08-10,,236.4,3.0,44.2,123.0,7.1,115.0,,,132.0,13.6,401.7,253.4,36.5,51.3,35.5,252.7,85.2,,258.7,544.2,2.5,5.3,1.8,2.8,124.7,9.7,317.7,326.4,1.3,358.5,262.8,5.4,505.2,45.0,204.4,18.1,74.9,4906.9
2023-08-11,,231.0,3.0,45.0,137.6,6.9,122.5,,,134.8,13.9,408.6,249.9,34.8,51.6,36.3,254.2,85.7,,265.5,548.0,2.5,5.3,1.9,3.1,122.7,9.7,319.1,330.4,1.3,352.1,272.6,5.5,530.2,46.0,205.8,18.9,75.0,4978.200000000001
2023-08-12,,225.5,2.9,43.6,134.3,6.6,126.7,,,129.3,13.3,409.9,258.2,34.9,52.5,39.1,258.2,84.4,,270.5,554.5,2.5,5.2,2.1,3.0,120.8,9.4,323.5,345.6,1.3,338.5,267.2,5.3,544.5,47.1,200.5,19.5,74.5,5001.200000000001
2023-08-13,,229.9,2.7,40.2,135.4,6.3,132.2,,,122.8,12.6,396.1,249.5,31.8,51.6,39.0,245.9,77.7,,266.2,545.1,2.6,5.5,1.8,2.8,120.7,9.5,329.1,347.2,1.2,316.4,274.4,5.4,529.7,43.6,184.7,20.3,73.3,4896.100000000001
2023-08-14,,233.6,3.0,42.7,141.7,6.6,128.1,,,128.9,13.4,422.3,247.5,29.9,47.9,39.7,268.2,83.4,,269.2,551.2,2.7,5.4,2.0,2.9,111.8,9.8,324.1,341.3,1.2,333.2,271.9,5.2,521.5,39.9,191.3,18.3,74.6,4959.899999999999
2023-08-15,,232.5,2.9,42.7,148.9,6.0,130.1,,,112.7,12.1,401.5,229.8,24.9,50.5,38.9,258.0,79.7,,265.8,507.3,3.0,5.3,1.7,2.9,118.0,8.7,305.4,341.5,0.7,313.8,255.6,5.5,558.6,36.9,194.9,19.6,73.1,4827.8
2023-08-16,,235.6,3.0,42.4,148.3,7.3,130.7,,,134.4,13.2,427.4,250.2,30.5,51.4,39.3,271.2,83.9,,277.7,552.2,2.5,5.4,1.7,2.9,116.5,8.6,305.6,332.8,1.2,347.9,265.2,5.5,543.8,43.9,210.6,20.2,74.9,5031.0999999999985
2023-08-17,,237.1,3.1,45.7,137.3,7.6,127.2,,,139.1,13.3,441.9,262.1,33.9,52.2,36.4,282.1,86.5,,274.3,564.9,2.7,5.2,1.9,3.0,111.1,9.9,314.2,342.8,1.2,366.7,268.6,5.0,552.7,46.0,208.2,18.8,73.3,5122.399999999999
2023-08-18,,231.6,3.1,46.7,142.8,7.7,114.6,,,144.3,13.4,447.6,273.1,35.3,52.2,36.7,280.1,86.8,,255.8,558.7,2.7,5.0,1.9,2.8,109.4,9.9,315.3,351.8,1.2,374.5,254.1,6.1,547.5,46.2,202.6,15.6,75.1,5098.7
2023-08-19,,224.8,2.8,44.8,143.0,7.4,106.8,,,138.9,13.1,458.7,254.2,35.6,52.2,38.1,257.4,83.3,,237.9,540.3,2.8,5.1,2.0,2.8,115.9,9.9,328.4,343.3,1.1,363.8,210.6,6.1,537.2,49.4,205.4,15.4,75.4,4960.400000000001
2023-08-20,,225.3,2.8,43.6,150.0,6.6,109.2,,,132.8,12.0,426.8,246.6,31.0,51.4,38.9,236.3,76.7,,235.8,518.9,2.7,5.6,1.9,3.0,115.2,9.6,323.4,325.2,0.8,344.9,209.7,5.8,548.1,46.5,199.7,18.6,73.9,4824.500000000001
2023-08-21,,227.1,3.0,42.2,148.6,7.6,114.5,,,147.8,13.3,431.7,256.3,34.3,53.6,38.5,260.6,84.9,,246.4,542.7,2.7,5.3,2.0,2.7,106.0,10.0,318.3,325.1,1.2,367.7,234.3,6.2,528.7,45.6,218.4,17.8,75.9,4966.9
2023-08-22,,233.4,2.8,38.7,135.4,7.4,120.9,,,147.9,13.6,444.2,259.0,40.7,53.0,36.6,260.1,87.9,,251.6,551.3,2.5,5.1,2.0,2.8,112.7,10.4,322.8,341.1,1.3,373.4,252.8,5.8,504.2,43.1,223.8,20.6,76.2,5031.700000000001
2023-08-23,,236.5,2.8,39.9,136.5,6.0,123.0,,,129.7,13.8,445.3,232.4,31.3,51.6,38.7,291.0,89.3,,241.3,554.3,2.6,5.3,1.7,2.9,111.4,10.5,331.5,331.4,1.3,383.3,258.9,5.6,397.7,43.4,208.4,19.2,74.1,4898.799999999999
2023-08-24,,237.4,2.9,39.6,128.8,6.0,121.6,,,122.6,14.0,450.0,230.5,36.5,49.7,36.4,295.6,88.6,,244.8,566.7,2.6,5.8,1.8,2.7,110.2,10.5,320.0,333.6,1.3,380.7,265.4,5.8,411.2,44.0,194.9,18.8,75.1,4902.500000000001
2023-08-25,,243.6,2.8,40.7,124.6,6.7,120.4,,,125.5,13.6,451.1,238.3,29.8,49.5,37.9,295.5,88.6,,255.2,560.8,2.6,5.6,1.8,2.9,111.5,10.7,317.4,337.6,1.1,385.4,275.7,5.2,430.3,45.4,182.9,18.6,74.7,4940.000000000001
2023-08-26,,231.7,2.8,38.8,123.2,6.4,125.5,,,123.3,14.1,463.3,242.9,33.3,47.7,36.3,283.7,87.3,,266.6,554.9,2.5,5.2,2.0,2.9,113.7,10.7,290.8,341.4,1.2,389.8,257.9,4.9,465.1,47.1,180.2,18.8,76.7,4938.9
2023-08-27,,225.8,2.7,36.1,134.5,6.0,129.4,,,119.1,12.1,444.8,230.4,31.9,49.5,39.9,272.0,82.0,,271.6,538.3,2.5,5.4,2.0,2.8,132.3,9.8,304.1,342.4,0.7,349.9,256.6,4.6,485.1,45.2,186.3,18.8,74.4,4872.7
2023-08-28,,238.1,2.7,35.9,142.2,6.0,133.5,,,128.4,13.1,463.7,236.9,33.1,47.5,41.1,289.4,84.4,,282.0,561.7,2.7,5.2,2.1,2.9,134.6,9.8,272.2,349.8,1.0,365.4,258.8,5.2,503.9,46.0,209.5,19.7,75.9,5050.099999999999
2023-08-29,,242.5,2.7,40.5,142.6,6.3,133.1,,,132.8,13.8,470.5,240.7,34.7,49.2,40.5,284.7,76.9,,289.5,566.7,2.8,5.6,1.9,3.0,123.3,10.3,286.9,348.5,1.2,366.8,266.5,5.9,512.9,45.9,221.3,19.0,73.9,5109.7
2023-08-30,,240.4,3.1,43.0,146.6,6.5,132.0,,,130.7,13.3,431.4,240.7,34.3,50.9,37.3,278.3,80.3,,294.3,565.7,2.8,5.2,1.9,3.1,117.3,10.3,287.3,335.3,1.3,351.0,273.4,6.3,534.5,44.3,229.0,20.5,77.6,5073.099999999999
2023-08-31,,231.6,3.0,45.1,154.3,7.0,130.8,,,132.3,13.6,460.5,242.7,35.7,51.8,35.9,268.3,84.1,,297.4,566.7,2.8,5.3,1.8,2.9,124.8,9.4,294.3,338.1,1.3,344.7,278.2,6.2,541.0,44.3,227.3,20.1,78.0,5125.3
2023-09-01,,244.6,3.1,44.3,149.6,7.5,129.6,,,138.1,14.2,500.7,253.5,35.9,53.8,36.3,257.0,87.3,,299.9,591.4,2.6,5.3,1.8,3.1,130.5,9.7,287.1,333.0,1.3,346.0,279.4,6.2,559.2,45.6,220.3,18.3,78.2,5219.200000000001
2023-09-02,,238.7,3.0,42.5,139.4,7.3,132.9,,,135.1,14.2,511.6,250.8,36.3,53.7,38.5,253.3,85.1,,302.0,596.2,2.5,4.8,1.9,3.0,120.1,9.8,287.1,361.4,1.2,330.6,271.2,6.3,569.0,46.0,226.6,18.9,77.7,5224.299999999999
2023-09-03,,205.7,3.0,45.8,150.1,6.6,121.4,,,128.6,12.8,499.6,251.4,33.3,52.9,36.8,230.2,76.3,,315.3,566.9,2.5,5.1,1.7,3.0,105.5,9.0,304.6,369.6,1.0,304.9,202.3,4.7,580.0,46.8,210.5,19.0,74.5,5025.900000000001
2023-09-04,,205.4,3.2,48.9,134.6,7.3,109.2,,,135.8,13.8,507.4,262.6,35.6,52.7,35.8,221.8,81.3,,320.3,566.2,2.8,5.2,2.0,3.3,105.5,9.9,317.7,371.6,1.4,326.8,191.6,6.2,559.9,49.6,199.2,16.5,73.7,5029.2
2023-09-05,,199.7,3.2,48.0,143.0,7.3,108.8,,,141.3,14.0,506.6,263.1,34.9,48.8,36.1,223.3,80.2,,298.0,579.3,2.8,5.1,2.1,3.3,105.7,9.7,310.6,365.2,1.4,333.3,170.9,6.2,559.8,49.4,200.9,18.5,73.6,4999.900000000001
2023-09-06,,201.0,3.1,48.1,133.8,7.3,109.3,,,138.6,14.0,485.9,261.2,35.8,51.9,35.8,219.6,78.7,,258.3,584.6,2.8,5.2,1.8,3.1,108.5,9.4,330.6,350.6,1.3,339.8,173.8,6.0,527.8,51.4,208.6,18.4,74.2,4925.400000000001
2023-09-07,,204.0,2.9,46.9,135.0,6.8,106.4,,,130.1,13.8,410.9,256.2,35.9,52.4,35.7,223.3,77.3,,247.6,536.8,2.6,5.0,1.6,2.7,105.5,9.1,333.8,346.4,1.2,336.9,183.9,5.4,522.6,51.0,201.6,18.2,75.0,4769.8
2023-09-08,,209.0,3.0,44.1,123.5,7.5,105.3,,,127.0,13.8,400.8,254.7,36.0,52.4,34.6,233.3,77.5,,235.0,511.2,2.5,5.4,2.0,2.9,117.4,9.9,340.0,345.8,1.3,341.1,196.4,6.0,467.5,46.8,189.6,18.1,73.6,4680.999999999999
2023-09-09,,221.6,2.9,46.2,124.8,6.9,109.2,,,113.1,13.6,423.9,241.9,35.0,48.6,34.2,228.8,77.0,,231.3,510.6,2.7,5.7,2.0,2.9,122.6,10.2,338.9,340.8,1.1,352.2,203.3,5.9,396.6,47.0,196.9,18.0,76.4,4638.399999999999
2023-09-10,,216.0,3.2,43.6,139.9,6.0,112.5,,,96.6,13.1,423.3,201.7,32.9,51.2,40.0,218.5,70.2,,226.5,495.7,2.7,5.6,1.8,2.9,133.9,9.4,338.1,335.0,0.8,325.9,195.0,5.8,366.3,38.1,199.3,17.5,76.9,4490.3
2023-09-11,,213.4,3.1,44.3,152.0,6.9,116.0,,,107.1,13.7,462.2,222.2,36.2,51.3,37.9,245.3,75.8,,234.4,525.0,2.7,5.3,1.9,2.9,134.9,9.8,325.9,335.8,1.2,352.2,202.4,6.1,387.8,42.5,218.4,17.2,81.3,4720.3
2023-09-12,,220.1,3.1,45.0,154.6,7.4,116.1,,,116.3,14.2,475.1,234.1,36.5,49.3,41.7,252.6,78.6,,240.0,540.1,2.8,5.1,1.8,3.1,123.3,9.9,322.8,338.4,1.3,354.4,228.0,6.2,429.3,46.8,214.5,17.3,80.6,4856.300000000001
2023-09-13,,223.3,3.2,45.2,149.9,7.6,101.8,,,126.9,14.1,480.4,244.1,36.6,50.4,41.6,258.3,81.2,,241.1,558.1,2.8,5.4,2.0,2.9,113.3,9.9,314.0,331.4,1.5,361.5,244.0,5.9,465.4,48.8,207.6,17.7,80.9,4924.699999999999
2023-09-14,,226.4,3.0,48.9,147.5,7.6,93.8,,,137.7,14.3,472.7,256.2,37.1,50.5,38.9,263.4,79.8,,237.8,544.0,2.7,5.6,1.8,3.0,108.9,10.1,315.7,323.2,1.4,361.1,241.5,5.9,496.9,49.9,200.4,17.8,77.2,4928.9
2023-09-15,,230.9,3.0,50.0,147.9,6.6,92.8,,,131.3,14.5,461.8,236.5,35.0,47.2,39.1,262.1,78.8,,223.1,527.2,2.8,5.6,1.7,2.5,116.2,10.1,276.5,307.7,1.4,365.2,245.0,6.1,476.3,45.8,203.3,18.0,77.4,4795.500000000001
2023-09-16,,230.3,2.9,49.1,152.5,6.2,96.5,,,121.1,14.2,440.9,217.1,35.1,49.0,40.2,254.4,78.9,,193.9,519.8,2.7,6.0,1.8,2.5,113.4,10.1,268.5,275.9,1.3,348.7,254.2,6.4,459.3,45.8,211.6,18.5,79.2,4654.200000000001
2023-09-17,,226.5,3.1,47.1,152.9,6.0,93.7,,,108.2,13.9,369.0,177.5,30.4,47.7,37.9,231.9,70.5,,191.3,508.6,2.8,5.6,1.7,3.0,122.4,8.4,196.0,235.3,0.9,314.3,259.1,5.9,429.2,39.5,205.8,18.7,75.4,4284.200000000001
2023-09-18,,226.9,3.0,42.8,152.2,6.0,101.2,,,114.8,13.0,339.6,190.9,30.3,48.0,36.4,226.6,76.9,,219.8,530.2,2.5,5.8,1.7,2.7,129.1,8.4,190.5,239.1,1.2,306.5,276.7,5.1,460.9,45.2,192.7,18.5,76.0,4366.0
2023-09-19,,233.7,3.1,41.9,149.7,6.4,109.3,,,124.5,11.6,336.0,201.6,31.8,46.6,36.2,236.5,78.2,,238.5,505.5,2.5,5.8,1.7,2.7,122.3,9.5,192.0,242.8,1.3,321.6,286.7,4.8,496.0,48.0,185.7,17.9,77.4,4453.4
2023-09-20,,235.4,3.0,37.3,145.8,6.6,106.4,,,130.9,11.1,350.0,210.5,34.0,48.5,32.6,255.8,80.5,,247.7,541.1,2.5,5.9,1.9,2.6,112.2,9.7,208.5,267.6,1.3,342.3,295.4,5.1,502.9,48.7,186.1,20.1,77.8,4611.6
2023-09-21,,227.1,2.8,36.7,127.1,6.8,103.3,,,135.9,12.4,350.6,229.0,34.5,49.9,30.3,263.1,81.4,,249.3,539.2,2.4,5.8,2.0,2.9,110.6,10.1,242.3,282.0,1.2,348.2,264.1,5.1,513.1,48.3,179.6,18.6,74.8,4636.299999999999
2023-09-22,,218.3,2.8,38.1,108.7,6.5,93.6,,,136.0,13.3,364.9,229.6,35.2,48.0,29.4,262.3,80.9,,245.5,507.3,2.5,5.6,1.7,2.7,116.3,10.4,264.1,287.3,1.3,346.4,228.5,5.2,497.8,47.4,180.7,17.6,73.9,4556.0
2023-09-23,,213.8,2.8,39.5,96.1,5.4,94.0,,,124.9,12.6,374.6,212.0,34.4,46.8,30.4,247.1,79.3,,245.7,482.1,2.7,5.6,1.9,2.9,119.6,10.7,207.7,290.9,1.2,351.6,221.5,4.8,470.5,46.5,182.4,19.6,75.5,4403.2
2023-09-24,,204.1,2.7,39.5,102.8,4.8,95.1,,,111.6,12.1,368.3,183.3,31.5,46.1,32.0,222.3,72.5,,248.2,469.6,2.8,5.6,1.6,2.7,119.7,9.8,184.2,279.6,0.9,319.4,217.0,5.1,456.0,41.3,167.5,18.7,74.9,4198.100000000001
2023-09-25,,208.8,2.9,39.4,112.6,5.6,98.6,,,118.1,13.1,379.9,194.3,33.8,43.1,32.7,235.8,80.1,,249.4,480.5,2.8,5.8,1.8,2.9,121.5,10.2,202.0,281.6,1.3,331.6,220.5,5.6,468.8,44.5,181.9,19.5,75.2,4351.7
2023-09-26,,214.0,3.1,42.4,126.4,5.8,100.5,,,122.4,13.8,388.4,210.9,34.3,47.9,34.1,233.1,81.9,,256.4,481.4,2.8,5.8,1.8,3.0,122.7,9.8,233.2,287.6,1.4,341.9,230.9,6.5,490.4,47.1,196.6,17.6,76.7,4518.000000000001
2023-09-27,,213.8,3.1,45.5,137.1,5.7,102.5,,,120.5,13.1,389.0,213.5,35.3,45.6,33.2,237.0,81.1,,261.8,486.6,2.9,5.8,1.8,3.2,124.0,10.0,239.1,289.8,1.4,345.8,239.0,5.9,495.5,47.4,210.5,18.3,77.9,4586.499999999999
2023-09-28,,218.5,3.0,47.2,142.5,5.4,104.3,,,112.9,13.8,373.4,210.0,35.2,46.5,32.7,236.7,77.8,,263.8,470.4,2.8,5.7,1.8,3.0,124.1,10.3,244.2,288.5,1.4,348.2,239.5,5.0,499.9,47.4,218.4,18.9,74.3,4572.900000000001
2023-09-29,,210.5,3.0,48.5,147.3,5.7,106.2,,,114.7,13.5,382.2,209.6,34.7,46.4,34.4,221.0,75.9,,260.2,478.8,2.5,5.6,1.8,2.9,126.3,10.2,256.4,289.7,1.4,344.6,235.2,6.1,505.1,47.0,208.6,18.6,74.7,4572.7
2023-09-30,,208.7,3.1,45.6,114.4,5.4,102.5,,,111.6,13.0,403.3,208.9,34.3,48.4,30.0,225.5,74.2,,258.6,482.8,2.7,5.7,1.8,3.0,119.9,10.5,263.2,291.4,1.3,344.0,230.0,6.0,493.2,47.7,179.6,17.7,73.3,4506.999999999999
2023-10-01,,204.4,3.0,41.0,117.2,4.9,101.5,,,102.9,11.8,399.3,186.2,30.6,48.0,28.4,203.0,67.6,,255.3,470.9,2.6,6.0,1.6,2.9,119.5,9.4,239.0,287.2,1.0,317.4,239.7,5.3,468.0,44.2,168.5,18.0,66.7,4317.000000000001
2023-10-02,,207.3,3.0,42.2,111.4,4.5,100.4,,,89.5,10.3,399.5,173.5,27.4,46.1,29.7,214.4,71.0,,254.3,481.6,2.8,5.8,1.8,3.0,119.0,8.9,230.6,284.2,0.9,302.7,235.2,5.8,436.5,39.4,172.0,19.5,68.1,4245.2
2023-10-03,,217.1,3.0,41.1,112.9,5.0,97.7,,,98.3,11.4,427.9,191.4,32.4,45.2,29.8,247.0,76.5,,255.2,506.1,2.8,5.7,1.7,3.0,117.0,10.0,218.9,289.5,1.3,355.7,249.5,5.5,421.2,42.0,172.6,19.3,68.5,4426.6
2023-10-04,,222.7,3.1,39.9,105.7,5.1,99.4,,,101.4,13.7,423.8,195.6,34.1,48.0,30.0,264.2,79.6,,258.9,520.4,2.8,5.8,1.9,2.9,118.6,10.2,217.9,291.7,0.9,373.0,269.0,5.0,425.7,44.5,169.4,18.0,69.1,4517.799999999999
2023-10-05,,228.4,3.1,37.9,103.2,5.0,104.9,,,100.9,14.1,417.8,195.9,34.3,47.2,30.4,265.7,81.4,,263.7,528.1,2.8,5.7,1.9,3.0,121.7,10.3,221.0,295.1,0.8,369.2,278.0,5.0,432.0,43.8,172.2,18.5,69.5,4558.4
2023-10-06,,235.2,3.0,32.6,113.7,5.0,109.7,,,102.6,14.0,431.0,197.4,34.8,48.1,31.4,256.7,82.0,,272.1,540.3,2.7,5.3,2.0,2.6,127.8,10.2,223.1,302.2,0.9,374.5,284.2,4.8,440.9,44.2,180.0,20.0,70.8,4651.600000000001
2023-10-07,,240.5,3.0,34.7,122.4,4.8,109.8,,,103.8,14.1,420.6,201.8,35.0,48.1,34.2,245.1,82.0,,275.3,551.1,2.6,5.7,2.1,2.7,130.8,10.2,215.4,304.0,0.9,365.2,286.9,5.2,437.3,44.5,185.7,19.1,72.0,4662.5
2023-10-08,,238.8,2.7,34.0,126.7,4.4,114.9,,,105.0,13.0,408.3,191.1,30.8,48.8,31.9,247.2,77.3,,277.2,549.2,2.6,5.8,1.6,2.6,130.2,9.6,227.2,304.9,0.7,337.2,277.4,5.2,450.3,40.7,185.4,17.9,72.8,4618.200000000001
2023-10-09,,242.3,2.5,34.6,126.1,5.2,116.9,,,114.6,14.5,413.1,204.2,34.8,46.3,34.1,256.5,84.1,,284.2,582.8,2.6,5.4,1.9,2.7,123.8,10.2,214.8,307.5,0.9,354.9,278.4,5.3,447.7,43.8,201.8,18.0,73.0,4735.0
2023-10-10,,228.8,2.6,38.5,125.5,5.0,118.8,,,115.2,13.0,409.0,205.2,32.1,39.2,34.3,255.7,85.1,,290.4,603.5,2.8,5.2,1.9,2.8,124.1,10.2,198.0,309.1,1.0,360.6,281.1,4.9,474.0,44.1,205.4,17.9,73.1,4763.9
2023-10-11,,235.1,2.8,40.2,132.3,4.7,120.0,,,108.7,12.7,414.2,201.8,32.9,47.4,34.7,254.4,83.6,,293.0,610.3,2.9,5.4,1.9,2.7,119.7,10.6,208.6,304.0,1.1,358.4,272.8,5.8,467.1,44.0,208.2,16.6,74.1,4778.799999999999
2023-10-12,,237.9,2.7,40.2,132.9,4.6,119.8,,,101.7,14.9,427.2,198.9,34.2,48.4,35.0,247.3,81.4,,291.5,607.2,2.9,5.2,1.9,2.7,114.8,10.8,207.2,307.6,1.1,353.3,284.6,5.8,450.2,42.9,208.8,15.8,71.3,4758.699999999999
2023-10-13,,238.7,2.7,38.4,132.7,4.5,121.2,,,104.4,14.8,425.8,199.2,34.1,48.1,33.6,252.8,79.9,,294.3,612.3,2.8,5.4,1.9,2.6,115.6,10.5,197.5,311.3,1.0,357.8,293.8,5.6,451.9,42.9,204.7,15.0,69.6,4773.400000000001
2023-10-14,,236.4,2.8,38.0,129.3,4.3,120.8,,,102.8,14.7,426.5,198.4,33.7,45.4,32.9,259.8,79.0,,297.5,610.8,2.8,5.5,1.9,2.8,113.3,10.2,189.7,303.4,1.0,349.9,289.7,5.6,436.9,42.4,199.9,15.6,72.2,4721.5
2023-10-15,,239.6,2.6,35.4,126.6,3.8,119.1,,,96.1,13.5,407.7,173.7,29.9,43.7,33.2,246.6,72.1,,294.7,597.0,2.6,5.5,1.9,2.7,111.7,9.9,148.2,303.3,0.9,300.2,283.4,5.1,430.2,37.7,184.2,15.6,71.3,4494.599999999999
2023-10-16,,241.6,2.6,35.2,129.2,3.8,118.9,,,95.0,14.0,389.6,155.1,30.1,47.6,32.7,266.2,79.5,,283.9,605.5,2.5,5.4,1.9,2.4,112.6,9.8,128.3,277.8,1.1,321.7,286.2,5.3,366.9,32.4,196.9,15.5,72.0,4414.799999999999
2023-10-17,,244.7,2.5,36.7,113.9,3.7,120.1,,,81.7,14.3,422.5,146.2,32.9,47.8,32.2,267.0,80.7,,286.7,618.7,2.7,5.7,1.9,2.6,116.4,10.0,133.9,266.2,1.2,320.0,283.6,6.0,300.2,37.2,199.1,15.1,72.4,4372.4
2023-10-18,,246.8,2.5,37.2,113.5,3.6,117.8,,,80.7,14.4,418.2,158.2,33.0,48.0,31.7,269.8,82.2,,295.3,626.4,2.7,5.7,1.8,2.7,120.1,10.2,143.3,275.7,1.2,332.6,281.6,5.6,335.3,37.8,190.8,17.5,72.0,4461.900000000001
2023-10-19,,247.3,2.6,37.3,112.8,3.6,117.3,,,79.7,15.0,431.5,159.4,32.9,47.6,32.5,276.6,82.6,,299.8,626.2,2.7,5.6,1.8,2.7,116.7,10.2,146.0,276.6,1.2,340.5,283.1,5.5,342.0,38.4,188.5,19.7,71.3,4502.900000000001
2023-10-20,,247.2,2.7,35.8,111.3,3.6,116.2,,,79.7,14.9,427.2,161.0,33.5,50.3,32.8,277.3,82.3,,301.3,615.6,2.7,5.8,2.1,2.7,108.3,9.5,148.2,284.2,1.1,348.4,284.4,5.4,345.9,39.1,176.7,19.6,71.9,4493.799999999999
2023-10-21,,242.3,2.7,34.9,109.2,3.5,112.5,,,76.4,15.1,436.2,161.4,33.7,49.8,31.7,274.4,82.7,,305.1,607.4,2.7,5.8,2.0,2.6,108.3,9.9,149.3,288.8,1.1,345.2,263.3,5.4,345.9,38.6,158.8,18.0,71.2,4441.4
2023-10-22,,233.6,2.6,30.3,105.8,3.1,110.2,,,73.0,13.6,422.8,145.6,32.0,51.2,30.3,259.6,75.1,,302.5,599.8,2.7,5.8,1.8,2.5,104.6,9.2,138.7,282.3,0.9,321.7,279.0,5.5,336.6,36.9,148.0,18.0,68.1,4298.200000000001
2023-10-23,,229.8,2.3,28.1,100.4,3.5,108.3,,,76.9,13.9,426.4,150.9,32.6,50.4,29.8,253.4,75.4,,298.9,607.6,2.5,5.9,1.8,2.4,102.1,8.3,142.5,285.5,0.8,300.4,264.5,5.3,342.2,37.9,143.6,18.1,66.8,4263.6
2023-10-24,,228.6,2.4,25.4,99.8,3.1,103.9,,,69.9,12.0,408.3,136.0,28.6,51.0,28.5,248.2,78.1,,295.7,551.8,2.6,5.9,1.8,2.4,107.3,9.4,122.5,281.6,0.7,326.5,260.1,4.9,348.7,33.8,140.2,18.1,64.9,4141.899999999999
2023-10-25,,236.3,2.5,28.8,98.2,3.5,104.2,,,77.6,14.4,419.3,149.0,32.2,49.1,29.9,270.9,81.9,,296.5,589.0,2.6,6.0,1.8,2.3,109.3,10.2,134.4,291.2,0.8,354.9,253.0,4.6,339.4,36.7,152.5,18.3,69.7,4313.4000000000015
2023-10-26,,241.9,2.5,32.3,101.0,3.6,103.5,,,79.2,14.3,439.6,156.4,33.3,51.0,31.8,282.3,83.1,,303.8,607.7,2.5,5.9,1.8,2.4,113.7,10.2,143.6,295.7,1.0,363.7,251.3,4.8,346.1,38.4,165.4,18.6,71.2,4448.900000000001
2023-10-27,,245.1,2.4,33.6,100.0,3.5,104.1,,,79.4,14.4,434.2,155.0,33.6,52.0,30.7,286.9,83.5,,306.8,598.8,2.5,5.9,1.8,2.4,104.3,10.3,142.1,298.1,1.1,367.9,246.7,5.0,345.0,39.3,166.7,19.7,70.6,4438.999999999999
2023-10-28,,241.0,2.5,34.1,100.2,3.5,101.5,,,73.9,13.8,430.9,152.4,33.3,51.6,31.3,283.4,82.7,,308.0,591.1,2.6,5.9,1.9,2.5,102.4,10.3,145.5,299.3,1.1,365.5,243.8,4.8,338.6,39.2,160.1,19.8,71.4,4395.4
2023-10-29,,235.7,2.7,30.5,99.1,3.2,100.9,,,73.6,13.3,421.3,139.1,31.2,51.0,31.2,271.0,74.5,,306.3,580.2,2.6,5.7,1.8,2.5,97.5,9.5,132.0,300.0,1.0,323.7,238.0,4.5,331.5,36.4,148.6,17.5,71.7,4233.6
2023-10-30,,233.1,2.9,30.6,98.9,3.5,102.0,,,79.7,14.0,430.2,150.8,32.9,51.1,31.4,273.4,79.3,,312.4,597.1,2.6,6.0,1.9,2.5,101.4,9.9,139.3,309.0,1.2,322.4,238.7,4.6,339.7,37.8,155.9,18.4,72.3,4331.8
2023-10-31,,231.7,2.6,32.1,98.7,3.6,97.3,,,80.9,13.8,432.5,155.0,33.3,48.2,31.6,271.6,80.8,,315.5,603.3,2.6,6.0,1.9,2.4,103.0,9.2,144.2,312.5,1.2,332.4,238.5,5.0,350.6,39.3,163.0,18.2,71.3,4378.700000000001
2023-11-01,,230.5,2.6,33.3,98.7,3.5,99.8,,,81.5,14.2,424.2,150.0,33.4,52.3,31.6,253.6,80.9,,315.2,599.1,2.6,5.9,1.9,2.4,104.4,8.9,142.7,314.6,1.1,335.7,233.6,5.1,348.6,38.7,170.9,17.7,71.4,4354.799999999999
2023-11-02,,230.1,2.7,32.7,100.9,3.5,99.8,,,80.9,14.0,436.3,147.9,32.7,49.8,29.1,271.7,81.4,,318.0,598.3,2.6,6.0,1.9,2.4,105.0,8.9,139.5,313.6,1.1,331.8,229.6,5.2,346.5,37.1,175.2,17.8,70.5,4368.799999999999
2023-11-03,,226.7,2.7,32.8,100.8,3.5,99.8,,,81.4,14.3,435.5,149.2,33.3,52.1,28.6,275.4,80.9,,320.8,599.3,2.6,6.1,1.9,2.5,105.9,9.0,141.6,313.6,1.2,322.1,228.7,5.2,348.2,39.5,174.5,16.4,69.9,4370.5
2023-11-04,,223.9,2.4,31.2,96.2,3.5,96.8,,,76.2,14.8,436.7,145.1,33.2,50.8,30.6,266.7,78.6,,322.3,603.6,2.6,6.3,1.8,2.3,102.6,8.8,140.5,316.8,1.2,300.5,226.4,5.0,344.2,39.5,166.7,18.6,68.9,4310.000000000001
2023-11-05,,214.2,2.6,26.5,93.4,3.2,95.9,,,72.5,13.7,427.9,129.7,30.7,52.6,31.0,239.0,71.5,,321.2,578.5,2.6,6.1,1.9,2.3,103.6,8.2,128.5,313.5,1.1,270.9,209.7,4.7,331.2,35.7,152.3,19.0,68.3,4107.499999999999
2023-11-06,,207.4,2.7,27.1,91.1,3.5,94.0,,,77.3,14.5,436.0,139.7,32.7,51.7,29.8,233.2,78.4,,323.9,594.2,2.6,6.5,1.9,2.4,104.8,9.1,135.2,315.8,1.3,301.8,210.2,4.4,331.5,38.6,153.7,18.8,70.9,4191.099999999999
2023-11-07,,206.8,2.4,29.0,88.3,3.6,92.5,,,77.9,14.4,435.4,143.3,33.3,52.7,29.5,220.2,80.7,,328.8,599.1,2.5,6.3,1.8,2.2,104.3,9.3,136.4,324.0,1.3,304.8,204.2,4.4,335.7,39.6,151.9,19.8,69.9,4201.0
2023-11-08,,207.1,2.5,29.9,86.9,3.6,91.1,,,77.9,13.0,431.3,143.6,34.7,52.9,30.1,223.2,79.5,,331.1,603.6,2.5,6.6,1.8,2.3,111.0,9.2,139.3,320.2,1.3,302.6,198.6,4.2,334.3,39.8,149.6,20.1,68.9,4199.400000000001
2023-11-09,,202.8,2.6,29.6,86.0,3.6,93.0,,,77.7,14.0,432.6,142.1,35.0,49.7,30.0,206.1,78.7,,333.3,595.8,2.7,6.4,1.9,2.3,109.9,9.2,137.4,313.8,1.4,301.6,202.3,4.2,333.8,39.9,150.0,17.9,67.1,4159.799999999999
2023-11-10,,204.5,2.8,29.4,90.3,3.6,93.6,,,75.8,14.2,420.0,132.8,34.4,46.2,30.7,210.4,78.3,,335.9,584.3,2.7,6.2,1.9,2.3,101.8,8.9,126.7,304.3,1.4,299.7,208.4,4.2,335.3,40.7,149.9,18.9,70.5,4116.0999999999985
2023-11-11,,202.2,2.7,29.6,88.9,3.2,91.7,,,68.6,13.9,364.0,120.8,30.7,53.3,30.3,205.6,79.2,,332.4,566.3,2.7,6.3,1.9,2.3,97.3,8.5,123.2,291.8,1.3,265.0,204.8,4.2,328.0,36.1,147.1,19.9,71.0,3939.0
2023-11-12,,198.0,2.7,26.9,90.5,3.0,86.1,,,59.6,11.2,299.5,95.7,23.3,53.0,32.7,195.9,72.5,,317.2,511.5,2.7,5.9,1.8,2.3,98.2,6.3,95.6,270.8,1.1,212.3,198.9,4.3,316.8,28.6,132.6,19.0,70.7,3581.9000000000005
2023-11-13,,199.9,2.7,25.6,87.3,2.9,79.7,,,55.9,12.8,282.3,87.6,20.5,52.7,29.7,199.1,78.8,,300.5,498.9,2.7,6.0,1.9,2.3,98.1,6.9,85.5,256.5,1.0,224.9,201.7,4.4,282.6,27.0,128.9,18.3,68.9,3466.6000000000004
2023-11-14,,208.8,2.7,26.7,87.9,3.3,83.5,,,60.3,13.7,267.3,103.3,26.2,51.4,29.7,209.6,80.2,,310.9,507.8,2.6,6.3,1.9,2.4,96.5,7.4,115.8,272.2,1.0,250.0,208.8,4.5,294.2,30.5,133.5,18.5,69.4,3624.2999999999997
2023-11-15,,209.0,2.5,28.4,86.9,3.4,84.7,,,63.7,13.4,297.3,116.5,30.6,53.1,30.5,229.5,81.7,,316.5,509.9,2.7,6.3,2.0,2.3,95.3,7.8,126.8,282.3,1.1,272.9,209.8,4.8,293.4,32.4,130.3,19.6,69.9,3756.5000000000005
2023-11-16,,215.8,2.5,28.4,86.3,3.4,84.3,,,66.4,12.7,325.5,125.2,32.2,51.6,30.0,242.0,83.2,,321.7,533.8,2.7,6.2,1.9,2.3,95.4,7.9,129.4,291.3,1.2,292.3,209.1,4.5,300.6,34.9,134.0,19.9,70.1,3891.5
2023-11-17,,221.0,2.8,25.4,89.9,3.4,83.5,,,68.7,13.9,343.1,131.2,33.7,51.5,31.1,252.3,84.5,,313.5,546.3,2.5,5.8,1.3,2.1,98.4,8.7,132.2,296.4,1.3,310.8,214.7,2.0,311.0,36.2,138.1,18.6,69.6,3989.4000000000005
2023-11-18,,223.1,2.6,26.2,88.8,3.3,86.5,,,66.1,14.1,360.7,131.3,33.6,52.0,30.4,258.7,84.6,,322.1,554.8,2.5,6.0,1.6,1.9,100.0,8.5,131.1,296.8,1.3,314.9,211.7,2.4,314.6,37.3,141.3,18.8,70.0,4044.0999999999995
2023-11-19,,220.2,2.6,26.5,82.0,3.1,85.7,,,62.8,13.4,357.0,119.7,31.5,52.9,29.8,235.5,77.0,,330.6,545.7,2.6,6.1,1.6,2.2,98.5,8.1,121.9,291.7,1.2,287.6,206.9,3.1,310.6,35.2,128.9,19.2,69.3,3913.6
2023-11-20,,218.9,2.6,26.7,80.2,3.4,88.3,,,66.3,14.5,376.7,129.9,32.9,52.3,29.4,253.8,82.5,,331.2,568.7,2.6,5.8,1.7,2.3,99.6,8.6,126.3,295.5,1.3,308.0,211.6,4.1,325.5,37.1,134.2,19.9,69.2,4054.9
2023-11-21,,210.3,2.7,28.1,80.9,3.4,89.2,,,69.7,14.7,393.7,135.4,33.5,51.9,28.7,262.2,83.8,,334.8,577.1,2.7,6.3,2.0,2.3,98.2,9.3,132.5,302.8,1.4,317.3,211.3,4.2,309.0,38.6,138.0,20.1,69.8,4110.099999999999
2023-11-22,,207.2,2.7,27.5,84.8,3.6,89.6,,,71.1,14.7,391.0,139.4,34.5,51.0,30.1,260.0,82.2,,333.8,578.0,2.6,6.3,2.0,2.2,93.9,9.1,139.6,301.2,1.5,305.0,213.3,4.1,308.6,39.4,136.3,18.4,71.5,4100.500000000001
2023-11-23,,203.5,2.6,28.1,83.8,3.4,90.8,,,71.6,15.4,397.4,138.7,33.3,51.7,29.7,259.2,81.6,,334.8,582.2,2.7,6.3,1.9,2.3,94.8,9.1,135.2,302.4,1.5,297.9,202.8,4.0,304.2,39.1,136.2,19.3,71.3,4082.8
2023-11-24,,201.4,2.7,28.1,83.5,3.6,89.6,,,70.8,15.3,395.3,140.1,34.7,53.3,30.6,256.5,82.2,,331.8,583.1,2.8,6.2,1.9,2.4,95.1,9.1,141.6,306.4,1.5,303.3,194.6,4.0,298.6,39.5,135.0,17.9,71.8,4078.8000000000006
2023-11-25,,200.3,2.8,27.7,80.8,3.4,89.7,,,68.8,15.0,398.1,141.0,34.7,54.9,29.8,246.3,80.9,,330.0,583.4,2.7,6.4,2.0,2.3,95.4,8.3,142.2,274.6,1.5,294.2,196.5,3.9,300.0,39.2,134.8,17.9,68.4,4022.6
2023-11-26,,198.6,2.8,25.8,85.3,3.2,89.3,,,67.2,13.6,318.2,126.9,32.4,55.0,29.7,225.1,75.1,,306.7,547.1,2.7,6.3,1.8,2.2,95.0,8.2,133.8,264.7,1.2,259.9,193.8,3.8,295.7,36.6,123.1,17.7,70.9,3762.8000000000006
2023-11-27,,199.1,2.8,25.9,80.8,3.4,88.8,,,68.4,14.2,301.0,133.8,33.7,55.2,30.7,249.7,81.7,,224.1,488.3,2.8,6.4,1.8,2.3,93.2,8.7,133.7,234.9,1.5,283.0,197.0,4.0,293.3,39.0,127.4,17.2,71.1,3642.6000000000004
2023-11-28,,201.8,2.4,27.5,82.1,3.5,85.0,,,69.8,14.6,315.6,135.0,33.9,54.9,31.0,252.4,84.6,,227.0,505.7,2.7,6.5,1.9,2.3,99.0,8.9,137.8,248.1,1.6,298.3,198.9,4.0,289.1,40.2,131.9,17.3,70.6,3730.3000000000006
2023-11-29,,203.6,2.8,26.9,82.5,3.5,84.7,,,70.0,14.3,318.9,139.9,34.5,55.1,30.5,250.9,85.5,,238.6,484.4,2.7,6.6,1.9,2.4,107.8,8.8,142.8,262.0,1.5,299.0,198.7,4.1,298.5,39.3,135.4,17.6,74.0,3772.6
2023-11-30,,199.6,2.9,26.5,84.3,3.5,87.2,,,69.5,15.4,335.2,136.6,34.1,54.9,30.3,249.8,85.3,,214.1,479.7,2.9,6.6,2.0,2.4,107.2,8.3,130.2,266.5,1.6,294.3,183.0,3.9,280.4,39.2,134.9,17.9,71.3,3705.7000000000003
2023-12-01,,200.8,2.8,27.5,83.1,3.6,88.5,,,71.0,14.6,351.6,136.4,34.5,55.4,30.2,254.7,84.9,,207.6,477.4,3.0,6.5,1.9,2.5,100.9,8.6,137.6,272.2,1.5,300.7,200.7,3.9,291.1,39.1,133.4,18.4,70.7,3760.8
2023-12-02,,194.8,2.8,27.2,83.6,3.5,79.8,,,66.5,14.1,353.6,136.3,34.1,54.8,30.4,248.8,84.7,,214.4,482.6,2.9,6.5,1.8,2.4,96.1,8.6,136.5,276.2,1.3,294.1,206.5,4.0,295.3,38.8,134.0,19.5,70.3,3750.5000000000005
2023-12-03,,178.6,2.9,25.5,82.2,3.2,88.9,,,66.9,12.4,364.6,122.8,32.0,55.4,29.8,228.8,77.9,,216.0,465.2,2.7,6.3,1.8,2.4,95.2,7.6,129.3,266.3,1.4,262.0,194.3,4.1,286.8,35.9,126.1,19.8,67.9,3606.0
2023-12-04,,158.5,2.8,26.1,81.5,3.5,,,,69.4,13.5,361.9,134.8,34.3,56.3,28.6,243.5,84.2,,209.8,503.9,3.0,6.3,1.9,2.3,94.0,7.9,137.3,261.0,1.7,237.2,194.0,4.3,275.6,38.1,132.8,,68.6,3629.6000000000004
2023-12-05,,129.3,2.9,27.3,82.2,3.6,82.6,,,70.0,13.9,364.2,142.6,34.4,56.0,28.9,248.6,85.2,,217.0,506.0,3.0,6.4,1.9,2.3,91.3,8.5,141.2,269.0,1.7,258.9,172.8,4.0,285.5,38.6,134.5,18.5,69.7,3647.3000000000006
2023-12-06,,143.5,2.9,27.6,82.1,3.6,81.8,,,69.5,14.0,361.7,144.1,35.4,55.6,25.9,255.4,85.5,,219.2,505.5,3.0,6.3,2.0,2.4,89.0,8.7,142.2,275.1,1.6,295.2,173.4,4.0,294.4,39.5,131.5,20.0,64.8,3711.4
2023-12-07,,167.9,2.8,26.6,70.0,3.5,80.4,,,68.6,13.6,375.2,144.3,35.3,55.6,25.0,258.9,85.9,,217.6,499.0,2.9,6.6,2.1,2.3,97.1,8.8,141.4,279.2,1.8,316.2,185.8,3.7,288.7,40.7,127.6,19.8,65.6,3765.5999999999995
2023-12-08,,173.8,2.4,25.4,78.7,3.6,84.4,,,71.2,13.6,382.0,145.4,35.9,56.9,28.4,257.9,84.8,,228.0,497.0,2.9,6.7,1.9,2.6,95.2,9.0,138.6,286.6,1.6,315.6,188.3,4.2,297.7,40.7,129.0,18.8,67.9,3821.4
2023-12-09,,173.1,2.3,26.8,77.5,3.5,85.4,,,67.1,14.2,387.0,145.0,35.8,56.2,29.0,247.0,83.2,,239.1,498.0,2.8,6.6,1.8,2.4,88.5,8.9,141.4,287.3,1.6,311.0,188.9,3.9,294.6,40.4,128.5,17.9,67.9,3809.3000000000006
2023-12-10,,171.5,2.8,25.2,77.5,3.3,84.5,,,64.9,13.5,380.8,129.5,33.6,56.3,29.1,230.5,76.4,,246.3,490.8,3.0,6.5,2.0,2.5,90.0,8.0,135.7,285.6,1.4,281.2,191.8,3.7,292.2,37.3,118.1,19.6,67.3,3706.0999999999995
2023-12-11,,178.6,2.7,26.5,78.2,3.7,84.6,,,71.3,14.2,392.3,142.1,35.4,55.8,27.5,252.2,83.9,,258.4,518.4,2.9,6.5,2.0,2.3,90.2,7.8,138.2,292.8,1.7,307.5,200.2,3.8,301.6,40.3,129.2,18.0,68.1,3883.1000000000004
2023-12-12,,182.5,2.9,25.5,79.6,3.8,86.4,,,70.7,14.3,393.2,145.5,37.4,56.4,28.4,254.2,84.3,,270.6,533.2,3.0,6.4,2.0,2.3,102.0,8.8,140.7,290.6,1.7,315.4,208.0,3.9,305.5,42.0,132.1,18.0,70.5,3966.7
2023-12-13,,185.8,2.6,26.3,79.2,3.8,87.6,,,70.3,14.0,391.7,149.6,37.8,56.3,29.7,256.1,82.9,,280.3,546.7,2.9,6.6,1.9,2.3,100.4,8.8,141.6,298.3,1.7,317.7,213.0,3.9,313.9,42.3,130.8,18.6,70.9,4021.2000000000007
2023-12-14,,188.5,2.6,26.4,79.3,3.8,88.3,,,68.3,13.2,397.4,149.3,37.3,56.4,28.4,256.0,82.2,,288.9,544.5,2.9,6.3,2.0,2.3,102.0,8.5,148.3,306.1,1.8,319.2,216.1,4.0,315.8,40.0,132.6,20.1,69.7,4053.6000000000004
2023-12-15,,186.6,2.9,26.1,81.2,3.9,87.5,,,70.7,14.0,399.8,149.1,38.2,57.4,28.2,259.4,83.3,,297.9,534.4,2.9,6.5,1.9,2.3,92.0,8.8,147.9,312.9,1.8,317.3,218.2,4.1,324.1,43.9,133.0,19.9,69.8,4072.9
2023-12-16,,184.9,2.9,26.4,82.8,3.8,86.7,,,70.5,13.6,403.0,148.1,37.2,58.6,28.2,256.8,83.2,,304.0,536.6,3.1,6.4,2.1,2.4,88.0,8.7,147.8,309.5,1.8,295.8,217.4,3.8,321.5,43.2,131.3,18.8,70.1,4043.8000000000006
2023-12-17,,184.7,2.7,25.6,84.3,3.6,87.1,,,68.7,10.1,378.9,135.0,35.1,58.5,29.3,235.2,75.3,,308.4,518.2,2.9,6.4,1.9,2.4,86.5,8.0,147.9,308.8,1.5,270.6,210.8,3.7,325.7,37.7,117.6,19.7,70.7,3907.6
2023-12-18,,188.6,2.9,25.7,84.0,4.0,87.8,,,71.2,10.7,390.3,146.2,37.2,60.5,31.2,251.7,77.8,,315.3,529.1,3.2,6.5,2.3,2.6,88.2,8.3,147.2,314.9,1.7,280.1,213.2,3.7,331.9,42.7,125.5,20.2,69.6,4020.2999999999997
2023-12-19,,193.3,3.0,25.7,85.5,4.1,93.4,,,73.1,12.5,390.6,152.0,37.5,59.5,30.7,256.6,80.2,,320.6,537.3,3.2,6.5,2.3,2.6,99.5,8.6,148.3,319.0,1.8,292.1,219.3,3.9,337.2,44.0,133.2,18.3,69.8,4107.9
2023-12-20,,195.4,2.9,26.7,85.6,4.3,90.8,,,74.6,13.6,384.1,152.8,37.7,60.6,31.2,260.6,83.7,,322.6,541.9,3.2,6.6,2.0,2.4,95.7,8.4,147.9,319.7,1.9,303.4,221.7,3.9,339.9,44.4,135.0,17.1,72.5,4139.2
2023-12-21,,195.6,3.1,24.8,85.7,4.1,92.3,,,74.1,14.2,387.2,151.5,37.8,60.3,30.8,263.3,83.9,,327.2,550.3,3.2,6.5,2.1,2.5,92.0,8.4,147.2,317.9,1.9,301.2,222.4,3.9,341.3,44.0,134.3,18.6,72.8,4151.4
2023-12-22,,194.3,2.9,26.6,86.3,4.2,93.6,,,75.9,13.7,399.8,152.3,37.1,60.1,30.4,271.0,84.7,,328.5,556.4,3.0,6.3,2.0,2.4,87.8,8.8,145.3,320.6,1.9,308.8,219.5,3.9,342.0,44.2,134.9,20.5,72.8,4187.5
2023-12-23,,195.6,3.0,26.6,85.4,3.9,93.8,,,71.7,13.8,397.3,150.3,38.3,59.4,30.9,261.6,82.8,,326.5,549.3,3.2,6.4,2.1,2.4,89.6,8.5,143.4,319.6,1.9,310.0,220.8,3.9,328.2,43.6,133.9,19.2,73.2,4144.599999999999
2023-12-24,,193.8,2.7,25.3,86.4,3.7,93.2,,,68.9,12.5,391.6,133.4,35.0,60.8,30.3,241.6,74.3,,324.3,528.0,3.1,6.6,2.0,2.5,102.4,8.1,139.8,314.0,1.6,279.2,221.5,3.8,327.6,40.1,124.9,19.1,71.8,4017.5
2023-12-25,,196.9,2.7,25.9,87.0,3.7,97.2,,,71.1,12.2,390.9,141.2,36.4,61.7,33.0,254.0,75.2,,324.5,535.5,3.1,6.2,1.9,2.2,89.9,8.1,139.6,317.7,1.7,288.4,223.6,3.8,327.9,42.0,126.7,18.9,72.6,4067.6
2023-12-26,,198.8,3.0,26.4,88.6,4.0,96.4,,,73.8,13.2,396.1,147.1,37.8,61.1,31.9,265.9,81.2,,323.7,555.1,3.2,6.2,1.8,2.2,98.7,8.6,139.0,325.2,1.8,308.6,228.6,3.9,317.7,42.9,132.3,18.6,72.5,4160.799999999999
2023-12-27,,202.8,3.1,26.3,89.6,4.1,97.2,,,76.7,13.4,391.4,147.3,38.2,60.5,31.5,263.6,82.8,,328.2,557.8,3.2,6.3,2.1,2.4,105.2,8.8,139.9,321.7,1.7,320.7,231.7,3.9,326.2,42.8,136.5,18.7,72.1,4203.099999999999
2023-12-28,,205.1,3.0,26.5,88.4,4.1,97.6,,,76.5,13.4,401.6,145.5,37.9,61.5,30.3,266.1,84.4,,327.1,556.0,3.1,6.2,2.1,2.4,107.2,8.9,139.3,322.8,1.7,326.4,231.1,3.8,334.1,42.3,137.1,18.9,72.8,4229.900000000001
2023-12-29,,205.2,2.9,26.6,89.8,4.2,97.1,,,80.0,13.6,399.7,146.7,38.4,61.2,31.2,269.0,85.7,,329.6,561.5,3.1,6.1,2.0,2.4,106.2,9.0,142.5,319.0,1.7,325.4,234.5,3.9,345.3,41.1,136.1,19.4,73.0,4258.1
2023-12-30,,205.3,2.9,26.6,89.9,3.9,98.6,,,75.2,13.8,400.1,145.6,37.8,60.5,31.9,269.2,84.8,,327.4,554.5,3.0,6.3,2.1,2.4,99.6,8.9,145.1,318.5,1.8,319.3,231.8,4.0,346.5,42.9,134.6,19.5,72.1,4231.1
2023-12-31,,202.0,2.6,25.6,93.7,4.2,98.9,,,73.0,12.7,389.4,134.7,34.8,63.5,32.7,254.0,77.3,,323.6,526.6,3.2,6.5,2.1,2.4,100.4,8.1,144.5,311.3,1.5,298.8,226.0,3.9,342.7,41.4,125.7,17.9,73.0,4101.999999999999
2024-01-01,,196.8,2.8,24.8,93.7,4.7,96.7,,,79.6,12.8,380.2,142.4,35.8,64.4,31.6,261.6,84.1,,320.4,527.0,2.8,6.0,1.8,2.3,87.7,7.9,148.6,312.7,1.5,303.6,223.1,3.7,344.5,41.9,125.3,17.3,70.6,4101.1
2024-01-02,,199.6,2.9,25.8,86.9,4.7,96.3,,,80.1,13.5,366.0,150.7,35.6,64.4,30.4,271.1,85.2,,316.4,548.7,3.1,6.2,1.9,2.3,88.6,8.7,148.5,309.1,1.8,325.5,231.2,3.9,347.8,42.1,132.0,19.1,69.2,4162.2
2024-01-03,,202.5,2.9,26.5,86.8,4.7,98.8,,,84.9,13.9,384.5,156.9,36.9,63.1,30.8,271.5,85.8,,307.3,557.1,3.2,6.3,2.1,2.4,87.8,8.6,154.1,322.4,1.9,336.7,237.8,3.8,345.1,42.7,135.8,18.5,70.5,4239.1
2024-01-04,,202.9,2.8,27.3,91.1,4.8,101.6,,,87.6,13.8,398.4,159.3,37.5,62.9,31.1,262.8,83.6,,303.9,564.6,3.0,6.4,2.1,2.3,87.1,8.5,150.3,317.8,1.9,332.7,237.8,4.4,342.6,43.5,139.6,17.2,70.8,4248.7
2024-01-05,,202.1,2.6,26.0,93.1,5.0,103.4,,,90.4,14.5,399.7,163.3,38.9,63.7,30.8,261.7,81.0,,291.5,557.2,3.0,6.4,2.1,2.3,88.1,8.8,156.0,317.2,2.0,326.0,242.3,4.1,356.3,45.3,142.3,18.6,71.5,4262.400000000001
2024-01-06,,203.3,2.8,26.3,88.5,4.7,102.5,,,85.5,14.3,401.5,160.6,38.0,65.7,30.9,257.4,81.8,,272.4,560.0,3.2,6.3,2.2,2.4,86.6,8.5,162.8,325.2,1.9,320.1,239.5,3.9,356.9,45.9,141.4,17.6,70.9,4236.5999999999985
2024-01-07,,197.9,2.9,25.4,91.0,4.7,102.1,,,81.7,13.1,391.3,148.6,34.4,64.4,30.7,228.7,75.2,,272.4,543.9,3.2,6.4,2.0,2.3,89.3,7.7,154.1,320.6,1.7,290.3,233.6,3.6,351.3,42.9,129.9,17.6,71.6,4080.6
2024-01-08,,195.7,3.0,26.7,91.4,5.3,103.4,,,88.4,12.0,405.4,157.5,35.9,64.4,30.8,245.2,80.9,,276.2,553.5,3.1,6.3,2.1,2.3,88.2,7.6,157.4,319.8,2.0,291.6,240.7,3.6,358.8,44.9,138.3,17.9,72.3,4177.300000000002
2024-01-09,,198.4,2.7,26.6,92.8,5.5,105.1,,,91.3,14.6,407.6,164.4,37.3,64.9,28.0,247.3,81.6,,274.8,568.3,3.3,6.5,2.3,2.3,90.4,8.3,158.9,319.7,2.0,287.6,245.7,4.1,356.0,46.5,144.6,19.2,71.6,4225.9000000000015
2024-01-10,,204.5,2.9,28.1,92.1,5.6,106.5,,,92.9,14.7,406.2,165.4,38.2,65.9,31.1,252.6,79.5,,280.3,560.0,3.1,6.6,2.2,2.3,94.9,8.5,162.3,327.3,2.0,295.5,245.5,4.0,365.7,47.1,142.2,18.5,71.2,4271.000000000001
2024-01-11,,210.0,2.8,27.9,96.2,5.7,107.1,,,92.7,14.2,420.4,166.3,38.0,65.7,33.5,258.4,81.3,,281.4,563.2,3.2,6.5,2.3,2.4,94.6,8.6,167.4,321.9,2.1,302.9,246.2,4.0,371.5,47.7,142.4,17.8,71.8,4323.699999999999
2024-01-12,,211.9,2.7,26.0,99.1,5.7,107.6,,,95.4,11.9,426.1,166.1,37.7,66.2,31.7,261.8,80.8,,289.4,576.4,3.1,6.6,2.3,2.3,96.3,8.6,168.6,330.4,2.0,311.4,251.8,3.9,377.6,48.8,145.0,16.8,71.8,4388.8
2024-01-13,,209.0,2.6,25.8,96.3,5.1,106.7,,,87.3,14.0,420.7,164.9,37.0,65.2,31.4,269.1,78.9,,297.2,579.3,3.0,6.4,2.3,2.3,94.2,8.8,161.0,326.0,1.8,309.2,249.8,4.0,371.8,47.0,140.9,18.4,73.6,4356.400000000001
2024-01-14,,205.3,2.4,26.6,99.8,4.9,106.6,,,85.8,12.7,325.4,146.6,34.4,66.7,31.7,258.7,74.6,,300.1,562.6,3.0,6.3,2.2,2.4,96.1,7.7,152.6,320.8,1.5,285.2,242.1,4.1,372.1,42.2,139.9,20.3,73.2,4157.500000000001
2024-01-15,,194.5,2.4,24.0,102.9,5.4,106.4,,,90.1,13.1,361.8,159.9,36.3,65.9,31.2,263.4,81.8,,302.2,564.8,3.0,6.2,2.2,2.2,101.9,7.0,158.9,322.6,1.8,245.7,236.6,4.0,379.3,44.9,140.1,20.1,71.6,4197.799999999999
2024-01-16,,190.5,2.4,25.0,100.0,5.4,107.1,,,91.9,12.6,405.6,167.5,37.6,65.6,31.6,277.5,82.3,,308.7,572.6,3.1,6.4,1.8,2.3,98.8,5.9,164.6,328.7,2.0,242.5,242.4,4.0,370.6,46.5,144.4,19.0,70.1,4281.400000000001
2024-01-17,,196.1,2.9,26.1,100.8,5.0,108.1,,,93.0,13.2,413.2,167.4,37.0,62.1,31.0,279.5,82.3,,316.1,573.7,3.1,6.5,2.3,2.3,97.6,6.2,161.6,328.7,2.1,268.3,249.1,4.0,389.4,47.4,147.4,18.8,69.6,4356.9000000000015
2024-01-18,,205.1,2.9,26.9,102.2,5.0,103.8,,,91.9,13.0,411.4,165.7,37.6,63.7,31.4,282.9,82.2,,319.2,573.8,3.1,6.3,2.3,2.2,93.6,7.6,159.2,328.5,2.0,305.7,255.1,4.0,401.1,47.0,143.2,19.3,69.2,4413.2
2024-01-19,,212.9,3.1,27.0,103.9,5.5,104.1,,,97.0,13.5,417.3,163.8,36.9,63.1,33.8,284.2,83.7,,318.0,570.3,3.1,6.3,2.4,2.2,95.9,8.4,163.8,330.4,2.0,324.4,257.5,3.9,410.3,47.1,146.1,18.3,72.3,4477.799999999999
2024-01-20,,210.4,3.0,27.0,99.2,5.1,103.5,,,90.7,12.7,418.7,164.4,38.3,64.4,31.2,281.6,84.8,,318.0,572.1,3.1,6.4,2.3,2.2,95.0,8.8,167.2,335.8,1.9,317.8,254.5,4.1,403.8,48.2,149.8,18.9,71.7,4461.700000000001
2024-01-21,,211.3,3.0,26.3,103.4,5.1,98.2,,,87.5,11.2,397.0,151.1,36.2,66.0,31.6,267.1,78.2,,319.6,556.9,3.0,6.2,2.2,2.1,92.3,8.1,168.0,327.9,1.6,302.2,250.8,3.9,391.3,46.6,142.5,19.7,71.0,4333.0
2024-01-22,,219.2,3.2,27.2,100.6,5.6,101.2,,,90.6,12.1,372.3,159.3,37.2,65.9,31.4,280.5,86.4,,323.8,562.4,3.1,6.4,2.3,2.2,91.2,8.4,165.3,321.9,1.9,327.3,255.6,4.0,417.3,46.2,149.7,19.5,69.8,4413.9
2024-01-23,,220.8,3.0,27.0,95.7,5.7,102.5,,,91.4,13.0,400.2,165.5,37.4,63.7,32.2,286.3,87.5,,325.3,572.5,3.0,6.4,2.3,2.2,92.9,8.9,168.2,322.3,2.0,328.0,255.8,4.1,385.3,47.2,150.0,18.2,70.6,4441.0
2024-01-24,,211.9,2.4,27.2,102.7,5.9,97.0,,,92.0,11.5,409.2,162.7,39.3,64.7,30.4,290.1,86.3,,328.0,569.0,3.0,6.5,2.3,2.3,91.3,8.9,161.1,325.1,2.0,337.8,255.2,4.0,391.3,47.7,148.2,19.3,70.2,4451.4
2024-01-25,,225.8,3.0,26.7,98.8,5.5,97.6,,,92.0,11.5,414.1,164.4,37.8,63.2,31.5,289.9,85.4,,324.1,567.4,3.1,6.5,2.3,2.2,91.6,8.8,172.5,330.9,2.0,340.7,256.4,3.9,391.8,47.8,148.5,19.5,70.7,4483.099999999999
2024-01-26,,209.3,3.2,26.2,103.1,4.7,98.9,,,78.7,10.8,387.0,147.5,33.5,66.8,32.5,273.0,79.6,,329.0,517.4,3.0,6.5,2.4,2.4,98.2,8.0,164.8,328.6,1.7,307.8,250.7,3.9,405.9,42.5,136.9,18.4,69.0,4291.399999999999
2024-01-27,,221.0,3.2,26.3,99.9,4.5,100.5,,,79.4,11.8,399.2,152.2,35.6,63.9,33.3,273.3,80.6,,326.4,553.1,3.2,6.6,2.5,2.4,101.5,8.9,161.2,328.8,1.8,325.3,250.3,3.9,373.7,46.6,143.4,18.7,71.3,4356.8
2024-01-28,,218.9,3.1,26.6,100.4,4.4,103.5,,,81.5,11.4,400.5,150.3,35.2,64.2,31.6,262.9,75.1,,327.5,562.0,3.1,6.4,2.4,2.3,98.2,8.7,155.2,328.2,1.7,312.6,246.2,3.8,376.5,45.8,142.7,18.9,71.9,4328.700000000001
2024-01-29,,221.6,3.2,27.4,97.1,4.8,105.4,,,85.4,13.1,411.5,157.5,36.8,63.4,30.1,282.8,82.8,,327.6,582.1,3.2,6.5,2.3,2.2,109.3,8.7,150.8,330.9,2.0,333.2,250.8,4.1,371.9,45.8,150.2,18.8,72.0,4440.499999999999
2024-01-30,,222.5,3.1,26.8,95.5,4.7,108.4,,,86.8,13.3,411.6,156.6,37.1,63.2,30.7,291.2,84.5,,323.4,587.8,3.2,6.5,2.4,2.2,107.3,8.9,156.5,329.2,2.1,337.3,252.8,4.1,363.4,45.5,151.9,19.7,74.6,4460.1
2024-01-31,,221.5,3.1,26.8,94.2,4.9,109.7,,,88.7,12.8,407.9,144.6,36.9,59.0,31.3,293.0,85.8,,323.9,586.0,3.1,6.8,2.5,2.2,98.7,9.2,140.0,325.0,2.1,354.8,254.8,4.0,351.6,47.0,154.2,18.4,71.0,4420.7
2024-02-01,,225.3,3.1,27.3,94.3,4.9,109.4,,,84.7,12.4,413.5,132.4,33.4,45.1,31.0,293.4,85.6,,320.1,573.5,3.2,6.7,2.4,2.6,95.1,9.0,136.2,319.8,2.1,360.2,256.8,3.5,314.6,38.1,146.6,18.0,70.4,4319.599999999999
2024-02-02,,227.8,2.9,27.0,92.3,4.7,111.4,,,87.3,12.0,415.8,146.4,35.3,60.2,30.8,296.6,86.9,,324.0,573.5,2.8,6.6,2.3,2.3,101.3,9.1,144.5,324.5,2.1,363.3,262.1,3.8,337.3,44.7,145.2,19.0,70.4,4421.1
2024-02-03,,229.8,3.0,26.0,89.6,4.6,110.1,,,80.7,12.2,413.8,142.7,37.9,64.7,31.5,294.6,87.0,,320.0,572.9,2.7,6.4,2.1,2.3,98.6,9.2,148.5,320.8,1.9,348.3,262.2,3.9,334.3,45.7,146.1,19.9,72.5,4392.0
2024-02-04,,224.4,3.2,26.7,92.9,4.4,111.3,,,75.7,11.3,395.7,121.6,34.9,63.2,30.2,275.2,80.0,,313.3,568.1,3.2,7.0,2.4,2.4,94.7,8.6,136.9,287.3,1.7,319.3,251.8,3.0,312.1,42.7,136.7,19.5,70.3,4176.099999999999
2024-02-05,,227.5,3.2,27.2,85.7,4.9,114.0,,,79.6,12.7,413.5,139.3,35.9,64.6,29.3,294.3,87.3,,301.0,593.4,3.0,6.9,2.4,2.3,98.2,9.0,143.8,288.1,2.1,345.1,259.7,3.5,294.1,43.7,148.5,19.1,70.3,4298.0
2024-02-06,,233.2,3.0,27.6,93.0,4.6,115.1,,,79.5,14.5,414.0,144.9,37.1,63.3,30.8,301.4,86.9,,313.0,608.7,2.9,6.7,2.3,2.1,96.0,9.2,148.1,307.3,2.0,350.3,268.0,3.9,318.3,45.1,155.1,16.1,71.2,4421.3
2024-02-07,,233.7,3.2,28.1,89.9,4.7,118.3,,,82.3,13.2,405.2,147.4,38.3,62.7,30.8,301.1,87.8,,312.3,611.2,2.7,6.6,2.5,2.2,95.2,9.1,152.7,313.0,2.1,354.0,274.5,4.0,319.1,44.4,154.1,20.4,70.0,4443.0
2024-02-08,,232.2,3.3,27.8,91.3,4.5,119.4,,,80.9,13.3,404.8,144.7,36.1,62.4,30.7,306.1,88.8,,312.3,604.7,2.9,6.6,2.0,2.3,97.6,9.3,156.7,316.1,2.1,356.1,277.2,4.3,314.1,44.1,152.8,18.7,69.3,4441.800000000001
2024-02-09,,228.7,3.0,27.9,95.3,4.4,117.8,,,79.9,13.3,409.6,150.1,36.8,60.9,31.6,308.1,88.0,,311.7,595.5,3.1,6.4,2.3,2.3,94.9,9.4,156.3,316.2,2.0,361.2,278.1,3.6,328.9,44.5,153.1,20.3,72.0,4463.000000000001
2024-02-10,,224.4,3.1,27.8,93.8,4.1,120.2,,,74.8,13.2,406.7,152.0,35.6,58.7,31.3,301.0,87.0,,311.4,587.2,3.0,6.4,2.0,2.1,94.0,9.3,162.6,323.7,2.0,357.6,276.8,3.4,328.3,41.6,152.7,18.6,70.6,4432.599999999999
2024-02-11,,223.0,3.1,27.1,94.0,3.7,115.8,,,71.9,12.7,383.0,140.3,33.4,57.4,30.6,284.9,79.5,,306.1,566.1,2.9,6.4,2.0,2.4,93.7,8.6,154.3,322.2,1.6,322.0,264.5,3.7,326.5,41.0,141.3,19.5,71.3,4260.899999999999
2024-02-12,,222.5,3.1,28.0,93.9,4.2,106.0,,,75.4,13.5,396.5,148.7,35.7,59.0,30.8,301.6,86.1,,309.2,584.6,3.2,6.2,2.2,2.4,93.4,8.9,158.8,322.8,1.9,331.9,270.7,3.8,328.5,43.0,149.4,19.5,71.1,4361.799999999999
2024-02-13,,223.7,3.0,28.1,87.8,4.1,113.8,,,76.6,12.8,407.4,154.8,36.0,59.1,27.2,306.6,85.2,,298.6,593.6,3.1,6.3,2.2,2.4,98.6,9.2,164.4,327.6,1.7,360.9,278.1,3.9,317.8,44.2,154.6,18.6,70.8,4428.3
2024-02-14,,224.3,3.0,28.3,84.9,4.0,116.4,,,76.4,12.9,393.6,157.4,36.3,58.0,29.0,309.8,90.3,,297.2,598.5,2.9,6.6,2.4,2.4,108.7,9.5,164.5,324.3,1.9,361.7,278.8,3.8,320.9,43.6,145.9,18.4,72.0,4434.199999999999
2024-02-15,,226.6,3.1,27.6,87.2,3.8,118.8,,,74.1,13.7,404.7,155.2,35.0,58.2,28.2,309.1,90.1,,293.1,599.1,2.9,6.6,2.3,2.5,110.0,9.5,163.5,325.4,2.0,365.4,276.0,4.0,323.7,42.5,147.1,18.1,70.3,4444.900000000001
2024-02-16,,228.0,3.0,28.0,86.2,3.9,120.2,,,74.9,13.9,410.6,157.4,35.3,58.0,29.3,305.7,90.3,,294.1,603.0,3.0,6.4,2.1,2.4,109.2,9.5,162.6,327.1,2.0,367.2,276.0,4.2,330.6,43.1,152.3,18.8,70.4,4474.299999999999
2024-02-17,,226.1,3.0,27.5,86.4,3.7,121.2,,,68.6,13.4,417.0,153.3,34.7,58.1,29.1,302.2,90.9,,294.6,599.4,3.0,6.5,2.3,2.5,111.3,9.5,160.4,324.3,1.9,361.6,273.7,4.1,329.5,41.9,153.1,19.9,67.5,4447.8
2024-02-18,,217.9,3.0,26.1,84.3,3.5,122.5,,,67.0,14.0,394.5,138.0,33.1,57.5,29.5,291.0,84.9,,292.2,582.5,2.9,6.5,2.2,2.2,111.5,8.6,139.0,311.3,1.7,331.7,266.9,3.7,320.6,38.7,140.3,20.2,70.1,4264.299999999999
2024-02-19,,225.8,3.1,28.0,85.4,3.6,124.3,,,70.5,14.1,405.4,135.1,33.8,51.2,29.8,308.6,92.5,,289.5,598.5,3.0,6.6,2.1,2.5,113.4,8.9,124.1,302.3,2.0,355.0,277.4,3.8,310.5,41.1,151.2,17.4,71.1,4336.700000000001
2024-02-20,,230.9,3.1,27.3,84.9,3.6,125.3,,,71.4,13.4,415.9,135.9,33.2,53.5,30.1,312.5,93.7,,294.8,605.1,3.1,6.7,2.1,2.5,114.8,9.1,137.6,314.8,2.0,371.9,282.4,3.9,307.6,40.2,157.7,17.7,70.1,4424.0
2024-02-21,,232.1,2.9,27.5,79.3,3.7,124.5,,,73.3,12.8,410.7,144.7,35.2,54.6,30.1,312.8,95.2,,290.4,605.3,2.9,6.5,2.0,2.2,115.6,9.6,150.5,312.4,2.0,373.9,283.6,4.4,297.2,41.7,160.2,18.5,70.0,4434.499999999999
2024-02-22,,236.1,3.1,27.3,80.9,3.6,125.7,,,72.4,12.8,411.0,149.6,35.4,55.9,30.0,311.1,95.0,,284.3,601.9,2.7,6.7,2.0,2.3,112.4,9.7,163.0,316.1,2.1,382.6,283.1,3.8,309.2,42.1,160.3,17.4,71.2,4468.400000000001
2024-02-23,,238.8,3.1,27.4,87.0,3.6,126.9,,,74.3,13.2,408.1,156.4,36.8,56.6,30.0,316.0,92.9,,284.6,599.4,3.0,6.4,2.2,2.4,112.0,9.8,170.0,320.1,1.9,389.1,288.3,3.4,329.2,42.3,156.2,18.3,71.6,4526.699999999998
2024-02-24,,238.0,3.1,27.7,85.0,3.6,124.1,,,70.2,11.9,404.0,159.3,36.3,51.6,30.8,314.0,91.4,,290.8,588.7,3.1,6.3,2.1,2.5,113.0,9.8,176.0,318.7,1.9,385.1,289.5,4.0,325.4,42.3,156.5,18.4,71.5,4501.9000000000015
2024-02-25,,232.0,3.1,27.2,86.2,3.3,124.7,,,67.9,11.8,382.3,144.9,34.3,55.5,30.4,296.6,84.5,,286.7,570.0,3.2,6.6,2.0,2.5,109.3,9.2,181.2,314.2,1.7,344.5,275.3,3.6,322.1,40.0,140.4,19.0,72.2,4332.3
2024-02-26,,232.9,2.9,30.8,87.2,3.6,128.0,,,71.0,12.5,398.2,153.7,36.2,56.0,34.4,309.3,91.7,,282.5,589.1,3.1,6.4,2.1,2.5,110.0,9.5,174.4,313.5,2.0,366.2,277.3,3.4,324.0,42.1,145.2,19.8,71.5,4437.3
2024-02-27,,237.1,3.0,28.6,88.9,3.8,122.2,,,71.5,13.3,414.6,150.7,37.2,56.1,34.1,318.8,95.0,,255.5,596.7,3.1,6.6,2.0,2.6,107.6,9.8,168.1,310.6,2.0,376.7,283.0,3.6,318.8,43.7,154.3,20.1,70.5,4455.300000000002
2024-02-28,,237.5,3.2,28.4,89.1,3.7,120.3,,,71.5,13.5,412.0,149.5,36.7,55.4,32.7,319.5,96.2,,246.9,601.1,3.2,6.5,2.0,2.5,108.6,9.7,160.9,315.2,2.0,377.6,286.8,4.0,320.3,42.1,155.3,18.2,71.5,4449.099999999999
2024-02-29,,237.2,3.2,28.5,89.3,3.5,125.3,,,72.0,14.0,423.5,148.5,35.1,55.1,32.8,320.9,96.7,,260.7,610.7,3.1,6.3,1.9,2.5,111.5,9.7,158.4,317.8,2.1,378.4,289.8,3.7,327.7,41.4,162.2,19.2,70.5,4508.4
2024-03-01,,236.4,3.1,28.6,91.3,3.7,125.0,,,73.0,14.5,426.5,141.5,35.4,54.4,33.8,322.4,96.0,,245.9,604.8,3.1,6.2,2.0,2.4,105.6,9.4,141.3,298.8,2.0,383.5,291.4,4.0,328.1,42.0,161.5,20.1,68.7,4450.3
2024-03-02,,236.1,3.2,28.6,91.7,3.6,128.2,,,68.1,13.9,406.2,121.0,30.1,50.2,34.1,317.8,94.1,,218.7,596.1,3.2,6.1,2.6,2.6,116.4,9.5,122.1,250.0,1.8,383.1,290.2,3.8,269.7,39.5,160.4,18.9,70.6,4237.300000000001
2024-03-03,,233.7,3.2,26.7,80.4,3.5,125.9,,,66.7,12.6,361.5,113.0,26.8,48.9,33.4,303.6,87.1,,213.5,569.1,3.2,6.2,1.9,2.5,116.7,8.9,120.8,275.7,1.5,350.6,285.4,3.2,253.6,35.2,150.6,20.3,67.8,4057.6
2024-03-04,,227.1,3.1,28.2,81.8,3.6,128.4,,,63.0,12.9,380.4,132.3,31.4,58.6,32.0,323.1,96.3,,226.6,582.5,3.0,6.3,2.4,2.5,117.6,9.4,138.3,291.8,1.6,377.9,293.2,3.9,281.8,38.1,150.2,18.6,69.1,4261.299999999999
2024-03-05,,239.2,3.1,27.3,82.0,3.7,129.8,,,69.8,13.0,387.6,141.1,33.4,60.0,33.6,325.7,98.2,,235.4,591.0,3.0,6.2,2.3,2.3,118.5,9.6,146.9,298.3,1.9,388.7,297.3,4.0,290.8,41.4,159.3,18.0,70.8,4378.0
2024-03-06,,240.4,2.9,28.0,86.5,3.7,129.7,,,71.2,13.2,388.1,142.8,33.8,59.5,36.0,323.9,97.3,,242.8,591.2,3.1,6.1,1.9,2.3,122.4,9.6,149.2,302.4,1.9,393.2,298.4,3.9,287.0,40.7,162.0,18.6,68.0,4406.0
2024-03-07,,242.0,2.8,28.4,87.1,3.6,127.7,,,68.4,13.0,403.6,144.1,33.5,59.2,35.1,326.1,97.1,,245.3,596.4,3.1,6.1,1.8,2.1,133.9,9.7,152.2,302.3,1.9,395.3,303.8,3.9,289.3,40.3,160.6,19.5,71.6,4456.000000000001
2024-03-08,,240.5,2.9,29.5,90.3,3.4,129.4,,,70.6,14.7,389.3,143.5,32.3,52.6,34.3,328.9,95.6,,250.2,593.7,3.1,6.1,1.8,2.1,129.4,9.5,159.7,301.7,2.0,394.2,305.2,4.1,292.0,39.1,163.0,18.4,71.3,4447.000000000001
2024-03-09,,239.0,2.8,28.0,89.2,3.3,130.2,,,66.0,13.3,402.1,141.3,31.4,56.6,33.7,322.7,96.7,,250.9,597.2,3.3,6.5,2.1,2.2,129.8,10.0,157.9,299.8,2.0,390.9,298.6,4.1,299.4,38.8,164.9,17.0,71.6,4445.4000000000015
2024-03-10,,236.0,2.6,26.9,93.0,3.2,131.7,,,64.3,12.8,403.3,128.5,29.1,56.1,34.4,307.3,91.4,,249.7,585.8,3.0,6.1,2.0,2.2,134.0,9.0,150.1,290.1,1.5,359.6,293.3,3.6,298.8,37.2,155.0,19.0,72.2,4336.7
2024-03-11,,241.4,2.3,28.6,93.1,3.4,135.4,,,69.3,15.0,423.2,140.8,30.5,56.7,34.9,325.5,100.2,,259.2,609.9,3.0,5.0,2.0,2.3,133.7,9.4,147.4,294.3,1.8,386.6,300.2,4.0,316.9,39.3,164.1,20.4,70.6,4515.0
2024-03-12,,243.2,2.9,29.6,92.8,3.4,136.6,,,69.7,15.3,429.2,145.8,30.7,57.4,36.0,328.7,101.3,,263.4,624.9,3.0,6.0,2.0,2.2,125.9,9.6,155.0,307.6,1.8,398.4,306.8,4.3,331.8,40.0,175.2,18.2,71.8,4615.700000000001
2024-03-13,,245.6,2.9,29.6,97.2,3.6,136.7,,,70.8,15.2,422.1,143.1,32.6,57.1,36.5,330.5,101.9,,265.4,623.3,3.0,6.2,1.9,2.4,133.3,9.6,147.8,297.3,1.8,402.3,311.0,4.3,338.6,40.8,182.5,19.6,72.2,4634.199999999999
2024-03-14,,245.5,2.9,29.8,99.8,3.5,138.9,,,70.7,14.6,432.0,142.5,32.0,54.6,39.0,329.1,101.6,,267.5,619.1,3.1,6.1,2.0,2.3,125.4,9.4,157.1,298.2,1.8,406.8,310.6,4.3,345.6,40.5,189.0,20.5,72.3,4663.000000000002
2024-03-15,,245.6,2.8,29.7,104.7,3.5,139.2,,,71.3,14.9,432.1,146.2,34.0,57.4,39.1,329.7,101.2,,267.7,613.1,3.1,5.9,1.9,2.3,127.3,9.9,172.1,299.9,1.8,409.3,308.4,4.1,353.2,41.3,183.2,20.2,72.9,4693.7
2024-03-16,,245.7,2.7,30.8,102.6,3.4,133.5,,,67.6,14.4,433.2,148.7,32.0,57.3,37.0,322.4,100.4,,264.1,609.1,3.1,5.8,1.9,2.4,124.4,10.2,175.2,296.1,1.7,404.5,297.1,4.4,355.4,41.4,183.1,19.2,71.7,4647.699999999999
2024-03-17,,236.7,2.9,29.0,103.2,3.1,133.5,,,65.1,12.4,415.4,136.1,27.1,57.2,34.7,309.5,92.3,,252.9,587.8,3.0,5.8,1.7,2.4,119.8,9.3,178.8,290.4,1.5,370.4,268.1,4.0,361.2,38.1,158.4,19.2,69.9,4445.5999999999985
2024-03-18,,239.9,2.2,31.0,102.1,3.4,117.5,,,69.5,14.1,434.6,149.1,30.5,55.5,34.4,327.7,100.1,,256.0,608.3,3.1,5.9,2.3,2.4,126.1,9.8,177.5,292.5,1.7,393.2,278.8,4.6,366.8,40.3,176.8,19.3,70.9,4593.3
2024-03-19,,238.8,3.0,31.5,98.9,3.4,99.7,,,71.9,14.7,440.4,152.3,31.7,56.7,33.1,326.4,100.6,,253.6,610.9,3.1,6.1,2.0,2.4,121.7,10.1,176.1,294.1,1.7,403.6,277.4,4.0,370.1,41.0,177.2,20.4,71.4,4595.900000000001
2024-03-20,,225.9,3.0,27.2,69.4,3.5,95.5,,,74.8,14.6,435.6,151.9,33.2,54.9,31.4,328.1,101.2,,254.1,607.3,2.9,6.1,2.0,2.3,102.9,9.9,184.7,295.6,1.4,407.9,271.2,4.0,352.3,41.3,144.3,18.6,70.4,4475.0
2024-03-21,,225.9,3.1,27.6,80.2,3.5,113.7,,,72.9,15.9,444.5,147.1,32.3,54.4,33.6,323.8,101.0,,254.6,616.0,3.1,6.4,2.3,2.4,107.1,10.2,162.3,292.5,1.7,405.2,277.0,4.4,344.4,41.4,139.2,18.9,70.1,4484.599999999999
2024-03-22,,230.7,2.8,27.3,86.9,3.7,120.2,,,76.2,15.7,444.0,144.8,31.2,54.5,35.9,331.4,101.6,,257.1,625.1,3.1,6.2,2.0,2.3,127.1,10.0,157.9,292.8,1.8,406.4,285.8,3.9,361.5,42.3,146.7,19.3,70.6,4574.900000000001
2024-03-23,,234.1,2.7,28.1,87.0,3.4,125.1,,,72.6,14.7,442.5,144.2,31.4,56.1,34.9,324.0,100.8,,258.3,624.7,3.0,6.3,1.9,2.1,129.3,10.3,164.3,289.8,1.6,402.1,287.1,3.8,363.5,40.8,159.2,18.2,71.9,4585.9000000000015
2024-03-24,,229.7,2.9,25.8,89.7,3.2,125.7,,,66.3,14.5,401.0,121.1,29.7,54.3,36.2,309.2,95.2,,256.4,607.8,3.0,5.9,1.7,2.2,118.0,9.4,141.2,269.3,1.4,368.0,279.7,3.4,352.6,35.8,164.9,18.8,70.4,4359.2
2024-03-25,,226.7,3.4,25.3,87.3,2.8,108.2,,,55.7,13.7,328.3,100.0,21.8,52.8,33.9,318.1,101.7,,240.9,561.0,3.1,5.9,1.9,2.4,113.3,8.9,124.9,239.3,1.4,373.5,272.9,3.9,330.2,26.7,151.9,19.4,63.3,4059.600000000001
2024-03-26,,231.2,2.6,22.5,89.6,3.5,114.1,,,67.9,14.7,391.8,118.4,25.9,53.6,34.3,324.7,103.9,,248.9,614.3,2.8,5.4,1.9,2.2,111.3,9.4,134.1,261.9,1.5,390.8,282.2,4.1,337.4,33.2,151.8,20.0,65.6,4317.0
2024-03-27,,234.5,2.9,27.5,94.1,3.8,129.0,,,77.5,15.8,441.2,137.7,30.7,53.5,35.6,330.6,104.7,,261.9,636.8,3.0,6.1,2.0,2.3,123.7,10.0,148.2,280.9,1.7,403.3,286.5,4.7,362.4,39.1,184.4,18.4,70.5,4609.800000000001
2024-03-28,,238.4,2.7,29.6,99.7,3.9,137.2,,,82.2,16.1,459.8,148.1,31.4,51.4,37.7,328.9,103.8,,267.8,643.8,2.9,6.0,1.8,2.1,129.6,10.2,147.0,288.1,1.8,412.8,290.9,4.4,387.2,41.4,201.4,18.8,72.7,4747.3
2024-03-29,,241.5,3.0,31.4,106.6,4.0,139.8,,,84.3,16.0,463.1,149.8,31.3,54.0,39.1,330.9,97.2,,265.7,634.6,3.0,5.7,1.8,2.3,129.8,10.5,155.3,287.9,1.7,417.2,293.1,4.3,402.7,43.2,212.5,19.3,74.4,4802.8
2024-03-30,,241.0,2.8,32.7,111.0,3.8,142.1,,,84.8,15.9,456.6,142.8,26.0,51.2,39.0,327.4,101.6,,256.6,620.2,3.2,6.0,1.9,2.3,132.5,10.1,126.1,283.1,1.7,409.3,289.1,4.2,407.9,40.0,221.3,19.3,76.3,4735.0
2024-03-31,,236.1,2.7,24.7,110.4,3.5,140.0,,,82.3,16.0,428.3,129.4,26.5,50.5,32.9,309.1,96.3,,261.6,589.6,3.0,5.2,1.4,1.9,127.1,9.5,126.8,274.9,1.4,382.1,277.1,3.9,406.6,39.4,201.6,20.5,68.2,4533.699999999999
2024-04-01,,239.6,2.8,25.0,107.7,3.8,139.9,,,83.2,15.4,436.6,134.3,29.3,54.6,37.1,325.2,104.5,,260.9,613.8,3.0,4.5,2.4,1.5,125.4,10.2,138.0,263.5,1.6,408.4,281.2,3.9,376.8,39.4,216.7,18.5,71.7,4622.299999999999
2024-04-02,,243.2,2.9,29.6,110.6,3.8,140.7,,,82.5,16.4,446.7,139.5,30.3,54.0,37.7,332.3,106.8,,266.9,626.1,2.9,5.1,1.8,2.0,131.3,10.4,142.7,270.0,1.7,421.5,282.5,4.5,381.9,39.8,219.9,18.5,72.7,4722.8
2024-04-03,,244.3,2.3,31.5,112.7,4.0,140.0,,,85.4,15.9,444.8,146.0,31.0,53.7,38.3,334.3,107.9,,273.1,637.1,2.9,5.4,2.0,2.3,131.7,10.3,149.4,272.4,1.8,427.3,281.7,4.6,396.7,41.4,229.3,20.0,74.0,4800.5
2024-04-04,,244.9,3.0,31.8,118.0,4.1,143.4,,,89.0,15.6,459.9,150.5,32.0,52.9,37.7,334.1,107.0,,273.2,634.0,2.9,6.5,2.2,2.2,139.5,10.8,151.2,271.4,1.8,432.3,279.9,3.5,409.1,42.1,237.4,20.3,74.3,4864.099999999999
2024-04-05,,247.9,2.7,32.5,122.9,4.1,143.6,,,90.1,16.3,457.9,152.9,33.0,55.5,41.1,336.9,106.6,,275.6,633.4,2.8,5.3,2.0,2.2,141.0,10.5,157.1,269.2,1.8,432.8,281.2,8.9,416.0,43.7,242.5,19.0,74.7,4909.7
2024-04-06,,247.7,2.7,33.5,123.4,3.9,144.4,,,86.7,15.6,456.2,150.3,32.7,55.5,41.6,329.7,108.2,,275.6,633.6,2.9,5.2,1.9,2.1,141.4,11.0,156.0,266.0,1.8,429.0,276.0,6.0,413.6,41.6,246.6,20.5,74.5,4882.7
2024-04-07,,244.7,2.8,31.6,123.9,3.6,134.8,,,82.1,15.3,441.0,132.2,30.5,54.5,39.1,316.3,103.4,,264.4,612.7,2.3,5.5,1.5,2.1,128.9,10.3,148.8,262.4,1.6,400.8,267.5,5.1,396.0,39.1,207.3,20.2,73.0,4650.000000000001
2024-04-08,,236.8,3.0,35.4,122.4,4.1,120.4,,,88.6,15.9,465.9,147.9,33.1,54.5,36.7,331.7,110.2,,262.7,623.8,3.0,5.7,2.0,2.5,121.8,10.8,150.7,263.0,1.8,424.6,260.6,5.0,403.2,42.2,192.4,18.8,70.4,4716.999999999999
2024-04-09,,235.9,2.1,36.0,123.4,4.3,115.0,,,91.3,15.6,475.3,154.9,33.3,55.8,38.4,312.9,111.8,,255.3,603.7,3.1,5.7,1.8,2.1,120.2,10.7,155.4,271.4,1.7,426.5,244.2,5.3,416.0,44.1,196.4,18.6,71.8,4705.800000000001
2024-04-10,,234.4,1.9,36.0,126.4,4.4,125.2,,,92.2,15.7,470.7,156.5,32.8,55.8,40.2,320.2,104.4,,243.3,608.1,3.1,5.9,1.9,2.4,124.5,10.7,160.4,269.5,1.7,426.4,248.5,5.5,410.7,35.7,208.3,18.4,72.9,4720.599999999999
2024-04-11,,237.7,2.4,34.6,125.8,4.2,114.3,,,91.1,16.0,477.7,153.5,32.8,51.4,37.4,319.4,108.3,,241.0,584.1,3.1,5.9,2.0,2.4,114.3,10.9,155.3,260.2,1.6,427.3,242.2,5.4,419.4,43.8,187.5,18.4,73.3,4650.2
2024-04-12,,239.1,2.4,35.9,118.8,4.4,119.3,,,96.8,16.4,467.2,158.1,33.8,52.2,38.9,316.8,104.7,,238.7,583.4,3.1,5.8,1.9,2.4,116.2,10.7,160.1,264.4,1.6,422.1,241.4,6.1,417.4,43.7,192.7,16.9,71.7,4650.599999999999
2024-04-13,,235.4,2.3,35.1,128.2,4.4,120.7,,,90.8,16.2,464.7,150.4,32.9,51.3,39.2,301.3,98.8,,233.6,567.0,3.1,6.2,2.0,2.6,120.6,10.8,151.7,257.9,1.6,408.0,226.9,5.7,421.6,44.3,205.2,19.2,72.7,4577.9000000000015
2024-04-14,,236.2,2.6,33.5,132.6,3.9,125.8,,,83.5,13.8,448.6,131.8,28.7,49.4,40.2,287.4,92.6,,237.6,571.5,3.0,6.1,1.8,2.3,117.1,10.3,134.9,242.3,1.2,375.1,223.6,5.8,411.3,40.5,208.4,20.1,72.8,4440.800000000001
2024-04-15,,240.2,2.9,35.4,135.2,4.4,131.4,,,92.0,16.5,471.8,150.0,27.1,49.2,41.2,311.2,104.1,,257.4,615.3,3.1,6.0,2.0,2.7,129.3,10.7,147.6,263.1,1.4,405.9,237.5,6.2,435.7,43.9,230.8,20.3,73.8,4750.599999999999
2024-04-16,,244.1,2.4,32.3,134.1,4.5,134.2,,,94.0,16.6,478.3,156.8,29.7,49.9,41.7,324.1,108.5,,263.1,632.6,3.1,5.7,2.1,2.6,132.8,10.7,148.6,271.8,1.6,419.9,244.3,6.0,434.2,44.5,245.2,20.4,74.3,4860.700000000001
2024-04-17,,250.2,2.5,29.8,128.1,4.2,136.2,,,90.1,17.0,477.0,155.1,29.5,50.4,34.9,328.3,108.7,,268.7,639.0,2.8,5.4,1.7,2.0,132.3,11.1,155.6,268.4,1.6,431.3,245.5,5.6,410.5,44.8,249.6,19.3,71.1,4854.0
2024-04-18,,252.6,2.0,33.6,129.5,4.7,138.9,,,97.2,17.2,489.2,160.7,32.1,51.0,39.3,316.7,108.4,,273.8,635.0,2.9,5.5,1.5,2.3,139.7,11.0,158.5,268.1,1.6,436.7,243.0,3.5,420.5,43.9,246.9,18.9,74.0,4906.500000000001
2024-04-19,,253.6,2.0,32.0,130.1,4.8,139.4,,,104.3,17.2,491.8,166.7,30.8,48.5,38.7,298.6,108.4,,279.0,640.5,2.8,5.6,1.6,2.5,148.5,8.8,155.3,260.6,1.3,379.6,239.2,4.6,448.2,38.2,244.0,18.3,72.6,4864.100000000001
2024-04-20,,249.9,2.7,28.1,128.8,4.5,138.4,,,100.5,14.8,474.3,164.9,31.0,48.7,41.2,276.0,105.9,,279.1,629.3,2.8,5.7,1.8,2.0,140.0,10.6,151.4,276.9,1.4,415.3,221.4,4.6,458.5,43.5,251.8,18.7,73.9,4843.8
2024-04-21,,244.9,2.5,30.6,130.7,4.1,137.4,,,94.2,13.7,449.4,148.9,29.5,46.3,42.4,272.6,97.1,,276.0,596.8,2.5,5.6,1.7,1.7,131.8,10.5,144.4,270.7,1.2,400.1,210.6,5.9,451.2,43.3,243.1,20.1,73.3,4679.3
2024-04-22,,246.0,2.6,34.3,134.3,4.8,130.0,,,101.9,17.0,463.1,161.4,31.3,45.8,41.0,295.2,104.9,,264.3,611.7,3.0,5.6,1.6,2.4,130.5,10.8,159.3,273.9,1.6,423.8,217.4,6.0,471.0,45.3,247.0,18.1,74.3,4826.500000000001
2024-04-23,,245.8,2.5,36.5,132.1,4.6,130.0,,,101.7,15.8,466.6,159.7,31.8,45.2,43.5,307.8,106.4,,271.2,612.5,3.0,5.5,1.7,2.3,130.1,10.6,157.6,277.5,1.7,433.6,217.5,6.5,456.9,46.0,242.5,17.0,73.3,4842.700000000001
2024-04-24,,246.1,2.6,35.8,131.9,4.6,124.5,,,99.5,16.0,473.0,164.0,32.4,46.2,44.3,313.5,107.9,,277.2,608.2,2.4,5.3,2.1,2.2,128.9,10.8,161.0,282.9,1.7,436.7,221.5,6.7,461.9,46.8,245.2,17.7,71.9,4879.4
2024-04-25,,249.8,2.4,36.4,129.5,4.9,134.7,,,105.1,16.1,485.0,171.4,32.7,46.4,45.6,322.6,109.6,,284.6,622.6,2.1,5.4,2.0,2.1,128.4,11.0,167.9,292.0,1.6,436.3,225.6,6.8,475.8,46.7,251.2,16.5,74.2,4990.900000000001
2024-04-26,,252.1,2.3,36.8,139.5,5.2,137.4,,,108.8,16.2,483.2,173.6,32.9,46.2,46.9,304.7,104.8,,274.1,620.0,2.1,5.4,1.8,2.3,132.8,11.0,170.1,280.3,1.6,442.3,228.2,6.6,477.3,48.1,260.4,19.5,74.7,4995.600000000001
2024-04-27,,250.8,2.8,35.6,139.8,4.8,137.1,,,106.1,15.7,481.8,172.2,31.3,45.5,45.8,319.4,110.1,,277.8,627.4,2.5,5.4,1.7,2.3,132.6,11.1,163.3,280.4,1.4,435.1,227.8,5.8,496.8,48.0,258.2,19.9,73.6,5015.900000000001
2024-04-28,,246.3,2.3,29.3,141.4,4.3,128.9,,,100.1,15.2,457.8,161.1,30.5,49.2,44.9,309.9,104.8,,275.9,615.6,2.8,5.3,1.9,2.1,127.8,10.7,157.9,287.2,1.1,410.1,218.9,6.4,492.2,45.3,248.9,18.9,73.5,4873.5
